"FilingID","ReferenceID","SubreferenceID","Name of General Partner, etc."
"952739","167567","115875","ENHANCED INVESTMENT PRODUCTS (CAYMAN) LIMITED"
"953374","56238","11135","DIRECTORS - JOSEPH ZIOLKOWSKI, ROGER HANSON  AND RONAN GUILFOYLE"
"953374","56238","11134","POST STREET CAPITAL GP LLC"
"951639","166360","115600","TRP CO-INVESTMENT MANAGEMENT LLC"
"954296","43594","7899","CDH CHINA GROWTH CAPITAL HOLDINGS INVESTORS COMPANY LIMITED"
"954296","43595","7900","CDH III HOLDINGS COMPANY LIMITED"
"954296","43596","7901","CDH III HOLDINGS COMPANY LIMITED"
"954296","43597","7902","CDH IV FEEDER HOLDINGS COMPANY LIMITED"
"954296","51003","9805","CDH V FEEDER HOLDINGS COMPANY LIMITED"
"954296","59330","11966","LI GANG, STUART SCHONBERGER, WILLIAM HSU"
"954296","59330","11967","LI GANG, STUART SCHONBERGER, WILLIAM HSU"
"954261","58441","11827","WHITEHAVEN CREDIT OPPORTUNITIES GP, LLC- GENERAL PARTNER"
"954261","58441","24376","SCOTT RICHMAN-DIRECTOR"
"950258","52082","10050","HIP III GP L.P."
"950258","12382","2755","HIP GP L.P."
"950258","12652","2773","HIP II GP L.P."
"950258","52082","10049","HIP III G.P L.P."
"953689","55146","10883","RONIT CAPITAL INVESTMENTS LP"
"953689","55146","10882","RONIT CAPITAL (GP) LTD"
"953842","20940","4070","GRAEME FRANCIS COOPER"
"954359","43359","7838","EKLEKTIKOS CAPITAL MANAGEMENT LP"
"954359","43357","7836","CALEDONIAN TRUST (CAYMAN) LTD., AS TRUSTEE"
"954359","43359","7837","EKLEKITKOS CAPITAL MANAGEMENT LP"
"937068","166836","115719","ALAN GELMAN - MANAGER"
"937068","166836","115719","DAVID COHEN - MANAGER"
"937068","166836","115719","JONATHAN HALF- MANAGER"
"937068","166836","115719","JONATHAN KOLBER- MANAGER"
"937068","166836","115719","STEPHEN LEVEY- MANAGER"
"937068","166836","115720","DAVID COHEN - DIRECTOR"
"937068","166836","115720","JONATHAN HALF - DIRECTOR"
"937068","166836","115720","JONATHAN KOLBER - DIRECTOR"
"937068","166836","115720","STEPHEN LEVEY - DIRECTOR"
"937068","166836","115720","ALAN GELMAN - DIRECTOR"
"937068","166836","115721","DAVID COHEN - DIRECTOR"
"937068","166836","115721","JONATHAN HALF - DIRECTOR"
"937068","166836","115721","JONATHAN KOLBER - DIRECTOR"
"937068","166836","115721","STEPHEN LEVEY - DIRECTOR"
"952263","113239","115901","DAVID BREE"
"952263","113239","115901","JASON FITZGERALD"
"952263","113239","115901","KEVIN CAVANAUGH"
"952263","113239","115902","CORRIB ASSET MANAGEMENT, LLC"
"954777","55167","10884","SILVARIS (GP) LTD"
"954777","55167","10884","SILVARIS CAPITAL MANAGEMENT LP"
"954777","55167","10885","SILVARIS CAPITAL MANAGEMENT LP"
"954777","55167","10885","ANDREW GALLOWAY"
"954777","55167","10885","CHRISTOPHE PIERRE ALAUX"
"954777","55167","10885","PAUL KAJU"
"954777","55167","10885","RALPH WOODFORD"
"953110","37784","7590","G�VEA WEALTH MANAGEMENT LTD."
"953110","37784","7590","RICHARD CRAWSHAW"
"953110","37784","7590","CLIVE HARRIS"
"953110","37784","7591","GAVEA INVESTMENTS LTD"
"953110","34831","6460","GWM TOTAL LTD"
"953110","34831","6458","GAVEA INVESTMENTS LTD"
"953110","34831","6460","G�VEA WEALTH MANAGEMENT LTD"
"953110","50487","9443","GAVEA JUS BGL II GP LTD. (GP)"
"953110","50487","9445","GAVEA JUS BGL II GP LTD. (GP)"
"953110","61813","12528","GH HOLDINGS LTD"
"953110","61813","12528","RICHARD CRAWSHAW"
"953110","61813","12528","CLIVE HARRIS"
"953110","61813","12529","GH HOLDINGS LTD"
"951295","167432","115857","PHILIP DICKIE"
"951295","167432","115857","TAAVI DAVIES"
"951295","167432","115857","ZIV KATALAN"
"951295","167432","115858","IDALION FUND GP LIMITED"
"951295","167432","115857","IDALION LIMITED"
"956275","162212","109591","INDERJIT SINGH"
"956275","162212","109591","PHILIP HUGHES"
"956275","162212","109591","ANTHONY PASQUA"
"954020","167642","115891","ELEGANTREE MANAGING MEMBER LTD."
"954020","167642","115892","GARY WEE, PETER CHIN, STEPHEN CHANG"
"954020","167642","115893","GARY WEE, PETER CHIN, STEPHEN CHANG"
"954020","167645","115898","ELEGANTREE MANAGING MEMBER LTD."
"954020","167645","115899","GARY WEE, PETER CHIN, STEPHEN CHANG"
"954020","167645","115900","GARY WEE, PETER CHIN, STEPHEN CHANG"
"954020","66556","13607","ELEGANTREE MANAGING MEMBER LTD."
"954020","66556","13613","GARY WEE, PETER CHIN, STEPHEN CHANG"
"954020","66556","13609","GARY WEE, PETER CHIN, STEPHEN CHANG"
"954020","66558","13615","GARY WEE, PETER CHIN, STEPHEN CHANG"
"954020","66558","13616","GARY WEE, PETER CHIN, STEPHEN CHANG"
"954020","66558","13617","GARY WEE, PETER CHIN, STEPHEN CHANG"
"954020","66558","13614","ELEGANTREE MANAGING MEMBER LTD."
"954020","66559","13618","ELEGANTREE MANAGING MEMBER LTD."
"954020","66559","13619","GARY WEE, PETER CHIN, STEPHEN CHANG"
"954020","66559","13620","GARY WEE, PETER CHIN, STEPHEN CHANG"
"954020","66560","13621","ELEGANTREE MANAGING MEMBER LTD."
"954020","66560","13622","GARY WEE, PETER CHIN, STEPHEN CHANG"
"954020","66560","13623","GARY WEE, PETER CHIN, STEPHEN CHANG"
"954020","66560","13624","GARY WEE, PETER CHIN, STEPHEN CHANG"
"954020","66561","13625","GARY WEE, PETER CHIN, STEPHEN CHANG"
"954020","66562","13626","GARY WEE, PETER CHIN, STEPHEN CHANG"
"954020","66579","13630","GARY WEE, PETER CHIN"
"954020","66579","13631","BLACK FOREST GENERAL PARTNER LTD"
"954020","44147","7971","ELEGANTREE MANAGING MEMBER LTD."
"954020","44147","7972","GARY WEE, PETER CHIN, STEPHEN CHANG"
"954020","44147","7973","GARY WEE, PETER CHIN, STEPHEN CHANG"
"954020","44147","7974","GARY WEE, PETER CHIN, STEPHEN CHANG"
"954020","44150","7975","GARY WEE, PETER CHIN, STEPHEN CHANG"
"954020","43959","7959","GARY WEE, PETER CHIN, DAVID CRAMMOND"
"954020","43959","7960","CHAPELGATE GENERAL PARTNER LTD."
"954020","56590","11219","ELEGANTREE MANAGING MEMBER LTD."
"954020","56590","11220","GARY WEE, PETER CHIN, STEPHEN CHANG"
"954020","167654","115903","GARY WEE, PETER CHIN, STEPHEN CHANG"
"954020","56596","11229","ELEGANTREE MANAGING MEMBER LTD."
"954020","56596","11230","GARY WEE, PETER CHIN, STEPHEN CHANG"
"954020","56596","11231","GARY WEE, PETER CHIN, STEPHEN CHANG"
"954020","56596","11232","GARY WEE, PETER CHIN, STEPHEN CHANG"
"954020","56597","11233","ELEGANTREE MANAGING MEMBER LTD."
"954020","56597","11234","GARY WEE, PETER CHIN, STEPHEN CHANG"
"954020","56597","11235","GARY WEE, PETER CHIN, STEPHEN CHANG"
"954020","56597","11236","GARY WEE, PETER CHIN, STEPHEN CHANG"
"954020","56597","11237","GARY WEE, PETER CHIN, STEPHEN CHANG"
"954020","56599","11242","GARY WEE, PETER CHIN, STEPHEN CHANG"
"954020","56600","11243","ELEGANTREE MANAGING MEMBER LTD."
"954020","56600","11245","GARY WEE, PETER CHIN, STEPHEN CHANG"
"954020","56600","11246","GARY WEE, PETER CHIN, STEPHEN CHANG"
"954020","167644","115895","ELEGANTREE MANAGING MEMBER LTD."
"954020","167644","115896","GARY WEE, PETER CHIN, STEPHEN CHANG"
"954020","167644","115897","GARY WEE, PETER CHIN, STEPHEN CHANG"
"955891","43409","7853","POLAR SECURITIES INC."
"955891","43416","7858","POLAR SECURITIES INC."
"955891","43409","7851","POLAR SECURITIES INC."
"955891","43409","7852","POLAR FUND MANAGEMENT IV, LP"
"942686","167044","115785","VICTORIA PARRY, DARREN STAINROD, TIMOTHY SWEETING"
"942686","167044","115784","ROKOS GLOBAL MACRO (GP) LIMITED"
"956635","47027","8795","VINCI ZAFFERANO GP LIMITED"
"956504","65805","13439","DEUTSCHE BANK INTERNATIONAL LIMITED"
"956504","65827","13451","DEUTSCHE INTERNATIONAL CUSTODIAL SERVICES LIMITED"
"956504","65815","13442","DEUTSCHE INTERNATIONAL CUSTODIAL SERVICES LIMITED"
"956503","167870","115980","GENESIS CAPITAL PARTNERS LLC"
"956503","167870","115961","GENESIS CAPITAL PARTNERS LLC"
"955628","2655","1274","ROISIN ADDLESTONE"
"955628","2655","1274","RONAN GUILFOYLE"
"936703","165158","114567","CHRISTINA QI"
"936703","165158","114567","PAMELA ALDRIDGE"
"936703","165158","114567","JONATHAN WANG"
"936703","165158","114566","DOMEYARD PARTNERS, LLC"
"953341","38850","7160","AMP CAPITAL INVESTORS (LUXEMBOURG NO. 6) S.A.R.L."
"953341","38850","7162","AMP CAPITAL INVESTORS (LUXEMBOURG NO. 6) S.A.R.L."
"957005","24960","4620","ELMROCK HOLDINGS II, LLC"
"957005","24960","4623","DAVID ELLIMAN"
"957005","24960","4623","ROBERT MODEL"
"958131","2775","2988","AZENTUS GLOBAL OPPORTUNITIES GP LIMITED"
"958131","2775","2989","GRANT JACKSON, JAMES WALKER, JENIE FUNG"
"943885","166896","115736","BACH INVESTMENT ADVISORS LIMITED (INVESTMENT MANAGER)"
"943885","166896","115736","ROBERT ASPINALL (DIRECTOR)"
"943885","166896","115736","JONATHAN HERRICK (DIRECTOR)"
"943885","166896","115736","MIAODAN WU (DIRECTOR)"
"948497","167250","115827","GENEVIEVE KAHR, CARY MARR AND KARL O'REILLY"
"948497","167250","115826","AILANTHUS CAPITAL, LLC"
"959232","168225","116009","CQS AIGUILLE DU CHARDONNET, S.A.R.L."
"959415","27676","7134","ROBERT STRICKER, DIRECTOR"
"959415","27676","7134","KARLA BODDEN, DIRECTOR"
"959415","27184","6961","KARLA BODDEN, DIRECTOR"
"959415","27184","6961","JONATHAN CROWTHER, DIRECTOR"
"959415","27184","6961","GARY GLADSTEIN, DIRECTOR"
"959415","27184","6961","DENNIS HUNTER, DIRECTOR"
"959415","27184","7085","CQS US FEEDER FUNDS (GP) LLC"
"959415","27556","7127","KARLA BODDEN, DIRECTOR"
"959415","27556","7127","DENNIS HUNTER, DIRECTOR"
"959415","27676","7134","JONATHAN CROWTHER, DIRECTOR"
"959415","27676","7134","GARY GLADSTEIN, DIRECTOR"
"959415","27676","7134","DENNIS HUNTER, DIRECTOR"
"959415","27676","7136","CQS FEEDER FUNDS (GP) LLC"
"959415","27184","6961","CHRISTIAN BEHRING, DIRECTOR"
"959415","73736","39368","KARLA BODDEN, DIRECTOR"
"959415","73736","39368","JONATHAN CROWTHER, DIRECTOR"
"959415","73736","39368","GARY GLADSTEIN, DIRECTOR"
"959415","73736","39368","DENNIS HUNTER, DIRECTOR"
"959415","73736","39368","ALEX RIBAROFF, DIRECTOR"
"960226","55167","10884","SILVARIS (GP) LTD"
"960226","55167","10884","SILVARIS CAPITAL MANAGEMENT LP"
"960226","55167","10885","SILVARIS CAPITAL MANAGEMENT LP"
"960226","55167","10885","ANDREW GALLOWAY"
"960226","55167","10885","CHRISTOPHE PIERRE ALAUX"
"960226","55167","10885","PAUL KAJU"
"960226","55167","10885","RALPH WOODFORD"
"960404","166942","115786","RDC CAPITAL PARTNERS GP LP"
"944693","166914","115884","MARC TOWERS (DIRECTOR)"
"944693","166914","115884","JONG BEUM KIM (DIRECTOR)"
"944693","166914","115884","CHRISTOPHER DAY (DIRECTOR)"
"957254","167951","115965","EXCEL ALTA CAPITAL LIMTIED (MANAGER)"
"957254","167951","115965","WENYUAN ZHANG (DIRECTOR)"
"957254","167951","115965","TA-LUN HUANG (DIRECTOR)"
"957254","167951","115965","TERRENCE MICHAEL MCCARTHY (DIRECTOR)"
"950410","167329","115856","EVAN ERLANSON"
"950410","167329","115856","PATRICK HARRIGAN"
"950410","167329","115856","RICHARD COLES"
"950410","167329","115856","EVE CRESTANI"
"961518","23030","4360","HPEF6 GP LIMITED"
"957303","168015","116017","TAAVI DAVIES"
"957303","168015","116017","ARTHUR DZAGHGOUNI"
"957303","168015","116017","RICHARD COLES"
"960169","65805","13439","DEUTSCHE BANK INTERNATIONAL LIMITED"
"960169","65827","13451","DEUTSCHE INTERNATIONAL CUSTODIAL SERVICES LIMITED"
"960169","65815","13442","DEUTSCHE INTERNATIONAL CUSTODIAL SERVICES LIMITED"
"961596","43707","7920","ABRAAJ GENERAL PARTNER V LIMITED"
"961596","43711","7921","IGCF FEEDER FUND GENERAL PARTNER LIMITED"
"956694","167940","115970","CRAWFORD LAKE GP, LLC"
"956694","68440","115964","ISAAC MARKOWITZ"
"956694","68440","115964","JEFF SCHACHTER"
"956694","68440","115964","VICTOR MURRAY"
"956694","68440","13984","CRAWFORD LAKE GP, LLC"
"961997","165158","114567","CHRISTINA QI"
"961997","165158","114567","LIKAI LIN"
"961997","165158","114567","JONATHAN WANG"
"961997","165158","114566","DOMEYARD PARTNERS, LLC"
"948977","64763","13194","PETER TASKER"
"948977","64763","13194","RT. HON THE EARL OF CROMER"
"948977","64763","13194","V-NEE YEH"
"945321","166942","115786","RDC CAPITAL PARTNERS GP LP"
"945830","65182","13307","ROGER H. HANSON"
"945830","65182","13306","SQN PARTNERS (GP) LLC"
"945830","65182","13307","RONAN GUILFOYLE"
"949661","166942","115786","RDC CAPITAL PARTNERS GP LP"
"945841","167006","115771","FLORIN COURT CAPITAL (CAYMAN) LP, MANAGER"
"950181","167189","115807","VICTORIA PARRY - DIRECTOR"
"950181","167189","115807","TIMOTHY SWEETING - DIRECTOR"
"950181","167189","115807","KRISHNAN NARAYANAN - DIRECTOR"
"950181","167189","115808","SW7 US EQUITIES FUND I GP LIMITED - GENERAL PARTNER"
"950181","167191","115809","SW7 US EQUITIES FUND I GP LIMITED - GENERAL PARTNER"
"950181","167191","115810","VICTORIA PARRY - DIRECTOR"
"950181","167191","115810","TIMOTHY SWEETING - DIRECTOR"
"950181","167191","115810","KRISHNAN NARAYANAN - DIRECTOR"
"945839","73928","39376","PAG  SPECIAL SITUATIONS II FEEDER FUND MANAGEMENT LIMITED"
"945839","73932","39378","PAG ASIA LOAN II FEEDER MANAGEMENT LIMITED"
"945839","73932","39379","PAG ASIA LOAN II FEEDER II MANAGEMENT LIMITED"
"945839","50037","9258","PAG ASIA LOAN FEEDER II MANAGEMENT LIMITED"
"945839","50037","9257","PAG ASIA LOAN FEEDER MANAGEMENT LIMITED"
"945839","22136","9534","PACIFIC ALLIANCE FEEDER FUND IV MANAGEMENT LIMITED"
"945839","50352","9353","SCREP V MANAGEMENT, LLC"
"945839","50352","9352","SCREP V MANAGEMENT, LLC"
"945839","21571","9355","SCJREP IV MANAGEMENT, LLC"
"945839","21571","9357","SCJREP IV MANAGEMENT, LLC"
"945839","22136","4269","JOHN ALEXANDER"
"945839","22136","4270","JOHN ALEXANDER"
"945839","22136","4267","CHRISTOPHER GRADEL"
"945839","22136","4268","JOHN ALEXANDER"
"945839","22985","4347","PACIFIC ALLIANCE SPECIAL SITUATIONS FEEDER FUND MANAGEMENT LIMITED"
"945839","22994","4351","PACIFIC ALLIANCE-FF MANAGEMENT LIMITED"
"945839","23013","4354","PAG ASIA CAPITAL FEEDER GP I LIMITED"
"945839","22136","4267","JOHN ALEXANDER"
"945839","22136","4267","ANTHONY MILLER"
"945839","22136","4267","ROBERT CHRISTOPHER KNAPP"
"945839","22136","4267","RICHARD WEBB"
"945839","22136","4269","ROBERT KNAPP"
"945839","22136","4269","RICHARD WEBB"
"945839","22136","4269","CHRISTOPHER MARCUS GRADEL"
"945839","22136","4269","ANTHONY MILLER"
"945839","22136","4269","JON ROBERT LEWIS"
"945839","22136","4269","DEREK ROY CRANE"
"945839","22136","4270","ROBERT KNAPP"
"945839","22136","4270","RICHARD WEBB"
"945839","22136","4270","CHRISTOPHER MARCUS GRADEL"
"945839","22136","4270","ANTHONY MILLER"
"945839","22136","4270","JON ROBERT LEWIS"
"945839","22136","4270","DEREK ROY CRANE"
"945839","22136","4268","ROBERT KNAPP"
"945839","22136","4268","RICHARD WEBB"
"945839","22136","4268","CHRISTOPHER MARCUS GRADEL"
"945839","22136","4268","ANTHONY MILLER"
"945839","22136","4268","JON ROBERT LEWIS"
"945839","22136","4268","DEREK ROY CRANE"
"945839","60375","12193","SCREP V JAPAN MANAGEMENT, LLC"
"945839","60375","12194","SCREP V JAPAN MANAGEMENT B, LLC"
"945839","60376","12195","SCREP V JAPAN MANAGEMENT, LLC"
"945839","60377","12197","SCREP V JAPAN MANAGEMENT, LLC"
"948111","167177","115805","LAURENCE DENIHAN"
"948111","167177","115804","TAH CAPITAL GROUP, LLC"
"948111","167177","115805","JOEL CITRON"
"949947","65805","13439","DEUTSCHE BANK INTERNATIONAL LIMITED"
"949947","65827","13451","DEUTSCHE INTERNATIONAL CUSTODIAL SERVICES LIMITED"
"949947","65815","13442","DEUTSCHE INTERNATIONAL CUSTODIAL SERVICES LIMITED"
"950628","43359","7838","EKLEKTIKOS CAPITAL MANAGEMENT LP"
"950628","43357","7836","CALEDONIAN TRUST (CAYMAN) LTD., AS TRUSTEE"
"950628","43359","7837","EKLEKITKOS CAPITAL MANAGEMENT LP"
"950775","167357","115843","HONEYCOMB DEVELOPMENT, LLC"
"961511","22991","116026","J. PAUL DRAKE"
"961511","22991","116026","EDEL ANDERSEN"
"961511","22991","116026","MARK CALLON"
"961511","22991","4348","MARK CALLON"
"961511","22991","5499","J. PAUL DRAKE"
"961511","22991","5492","ICHIGO (CAYMAN) LIMITED"
"961511","22991","5499","EDEL ANDERSEN"
"961511","22991","4348","J. PAUL DRAKE"
"961511","22991","4348","EDEL ANDERSEN"
"961511","22991","5499","MARK CALLON"
"961511","22991","5501","J. PAUL DRAKE"
"961511","22991","5501","EDEL ANDERSEN"
"961511","22991","5501","MARK CALLON"
"961511","22991","5502","ICHIGO (CAYMAN) LIMITED"
"961511","22991","5503","ICHIGO (CAYMAN) LIMITED"
"961511","22991","5504","ICHIGO (CAYMAN) LIMITED"
"963188","64065","12999","DAVID LITTON"
"963188","64065","12999","GRANT JACKSON"
"963188","64065","12999","JAN JAAP SPIERING"
"948438","64827","13213","WILLIAM Y. YUN"
"948438","64827","13213","ALOK SETHI"
"948438","64827","13216","FRANKLIN TEMPLETON INSTITUTIONAL GP, LLC"
"948438","64827","13213","WILLIAM JACKSON"
"958890","168206","116010","SEALIGHT CAPITAL MANAGEMENT (CAYMAN) LTD"
"958562","167068","115792","ROBERT STEWART"
"958562","167068","115792","AQUILUS MANAGEMENT LTD"
"958562","167068","115792","ZOE HANSON"
"958562","167068","115792","NICOLAS VONG"
"958562","167068","115793","AQUILUS MANAGEMENT (CAYMAN) LTD"
"958562","167068","115793","AQUILUS MANAGEMENT LTD"
"960236","37647","6995","JAMES KEYES (DIRECTOR)"
"960236","37647","6995","JOSEPH KELLY (DIRECTOR)"
"960236","37647","6994","RHG ADVISORS, LLC  (GENERAL PARTNER)"
"962926","167432","115857","PHILIP DICKIE"
"962926","167432","115857","TAAVI DAVIES"
"962926","167432","115857","ZIV KATALAN"
"962926","167432","115858","IDALION FUND GP LIMITED"
"962926","167432","115857","IDALION LIMITED"
"953683","168284","116051","COPERNICUS CAPITAL MANAGEMENT LLC"
"953683","168284","116044","CRAIG SKALING, PAUL STEVENSON AND VICTOR MURRAY"
"953683","168284","116049","COPERNICUS CAPITAL MANAGEMENT, LLC"
"963255","158930","107527","WILLIAM JONES"
"963255","158930","107527","JIM KANDUNIAS"
"963255","158930","107527","JOHN LEWIS"
"963255","158930","107528","WILLIAM JONES"
"963255","158930","107528","JIM KANDUNIAS"
"963255","158930","107528","JOHN LEWIS"
"963279","55221","10903","TROVE CAPITAL LLC"
"963279","55221","10904","CHARLES SIMONIAN, MARK COOK, EBONY MILES-BERRY"
"951091","167006","115771","FLORIN COURT CAPITAL (CAYMAN) LP, MANAGER"
"947985","64110","13010","TREVOR ANGUS"
"947985","64110","13010","TODD GROOME"
"947985","64110","13009","CALIXTO GLOBAL INVESTORS GP, LLC"
"947985","64110","13010","GREGORY BENNETT"
"950022","167298","115834","NICHOLAS DANAHER"
"950022","167298","115833","DOMANDO GP LLC"
"950839","45579","8219","ORCHARD HILL CAPITAL MANAGEMENT LP"
"950839","45579","8220","ORCHARD HILL CAPITAL MANAGEMENT LP"
"950839","45579","8222","ORCHARD HILL CAPITAL MANAGEMENT LP"
"950839","45579","8222","MITCHELL VOGEL"
"950839","45579","8222","DON SEYMOUR"
"950839","45579","8222","DON EBANKS"
"950839","45579","8219","ORCHARD HILL DOMESTIC FUND GP LLC"
"950839","55706","10997","ORCHARD HILL CAPITAL MANAGEMENT LP"
"950839","55706","10997","ORCHARD HILL ASIAN OPPORTUNITY FUNDS GP LLC"
"950839","55706","10998","ORCHARD HILL ASIAN OPPORTUNITY FUNDS GP LLC"
"950839","55706","10998","ORCHARD HILL CAPITAL MANAGEMENT LP"
"950839","55706","10999","ORCHARD HILL CAPITAL MANAGEMENT LP"
"950839","55706","10999","MITCHELL VOGEL"
"950839","55706","10999","DON SEYMOUR"
"950839","55706","10999","DON EBANKS"
"950839","45579","8220","ORCHARD HILL DOMESTIC FUND GP LLC"
"952469","167104","115801","DAMIAN JURIC"
"952469","167104","115802","QUADRATURE PARTNER LIMITED"
"952469","167104","115801","ALAN TOOKER"
"952493","39708","7261","DALE B. CHAPPELL (DIRECTOR)"
"952493","39708","7261","JIM MATHESON (DIRECTOR)"
"952306","167519","115870","PETROLEUM EQUITY RHO GENERAL PARTNER, LP"
"963977","41582","7534","SW ASSET MANAGEMENT, LLC"
"963977","41582","7536","SW ASSET MANAGEMENT, LLC"
"964417","7525","2062","SPJS HOLDINGS, L.L.C."
"964417","7525","2062","STEEL PARTNERS JAPAN ASSET MANAGEMENT, L.P."
"964417","7525","2063","STEEL PARTNERS JAPAN ASSET MANAGEMENT, L.P."
"964417","7525","2063","CLAIRE A. WALTON"
"964417","7525","2063","RONAN GUILFOYLE"
"964417","7525","2063","DAVID BREE"
"964427","64792","13197","DIRECTOR:  GARY LINFORD"
"964427","64792","13197","DIRECTOR:  GRANT JACKSON"
"964427","64792","13197","DIRECTOR:  JAMES DINER"
"964427","64792","13197","GENERAL PARTNER:  DSAM CAYMAN GP LIMITED"
"964427","64792","13198","DIRECTOR:  GARY LINFORD"
"964427","64792","13198","DIRECTOR:  JAMES DINER"
"964427","64792","13198","DIRECTOR:  GRANT JACKSON"
"964427","43506","7878","DIRECTOR:  GARY LINFORD"
"964427","43506","7878","DIRECTOR:  JAMES DINER"
"964427","43506","7878","DIRECTOR:  GRANT JACKSON"
"964427","43506","7879","DIRECTOR:  GARY LINFORD"
"964427","43506","7879","DIRECTOR:  GRANT JACKSON"
"964427","43506","7879","DIRECTOR:  JAMES DINER"
"964427","43506","7879","GENERAL PARTNER:  DSAM CAYMAN GP LIMITED"
"961869","168593","116074","MARK AZZOPARDI"
"961869","168593","116074","MATTHEW GRECH"
"961869","168593","116074","CHRIS FINCKE"
"961869","168593","116073","MATTHEW GRECH"
"961869","168593","116073","MARK AZZOPARDI"
"961869","168593","116074","PORTSEA GP LIMITED"
"961869","168593","116073","CHRIS FINCKE"
"963826","120734","84461","GEMSSTOCK FUND GP LLC"
"963826","120734","95462","RONAN GUILFOYLE"
"963826","120734","95462","T. GLENN MITCHELL"
"963826","120734","95462","ALASDAIR BREACH"
"964082","168587","116068","RENYUAN GAO"
