"FilingID","ReferenceID","SubreferenceID","Foreign Regulatory Authority"
"964259","32857","7394","Other - CAYMAN ISLANDS MONETARY AUTHORITY (CIMA)"
"966526","46886","8491","Other - CIMA - CAYMAN ISLANDS MONETARY AUTHORITY"
"957540","168008","115976","Cayman Islands - Cayman Islands Monetary Authority"
"957540","168008","115977","Cayman Islands - Cayman Islands Monetary Authority"
"966897","64065","12999","Cayman Islands - Cayman Islands Monetary Authority"
"952946","65869","13463","Cayman Islands - Cayman Islands Monetary Authority"
"972396","167298","115834","Cayman Islands - Cayman Islands Monetary Authority"
"973089","66357","13569","Cayman Islands - Cayman Islands Monetary Authority"
"973089","66357","13570","Cayman Islands - Cayman Islands Monetary Authority"
"973090","54025","10604","Cayman Islands - Cayman Islands Monetary Authority"
"973090","54025","10603","Cayman Islands - Cayman Islands Monetary Authority"
"970139","54139","10614","Other - CAYMAN ISLANDS/CAYMAN ISLANDS MONETARY AUTHORITY"
"968336","57999","14079","Cayman Islands - Cayman Islands Monetary Authority"
"969617","68042","13933","Canada - Quebec, Financial Markets Authority"
"969617","68042","13933","Canada - Alberta Securities Commission"
"969617","68042","13933","Canada - Ontario Securities Commission"
"969617","68042","13933","Canada - Manitoba Securities Commission"
"969617","68042","13933","Canada - British Columbia Securities Commission"
"965056","52489","10166","Other - CAYMAN ISLANDS MONETARY AUTHORITY"
"965056","52489","116269","Cayman Islands - Cayman Islands Monetary Authority"
"970675","67550","13840","Cayman Islands - Cayman Islands Monetary Authority"
"970675","67552","13841","Cayman Islands - Cayman Islands Monetary Authority"
"965611","53420","10479","Other - CAYMAN ISLAND MONETARY AUTHORITY"
"970680","56426","11168","Other - CAYMAN ISLAND MONETARY AUTHORITY"
"960655","168821","116122","Cayman Islands - Cayman Islands Monetary Authority"
"967466","36158","6705","Other - CAYMAN ISLANDS MONETARY AUTHORITY CIMA"
"967466","36237","10561","Other - CAYMAN ISLANDS MONETARY AUTHORITY CIMA"
"968253","120654","83447","Cayman Islands - Cayman Islands Monetary Authority"
"970678","120360","83384","Cayman Islands - Cayman Islands Monetary Authority"
"970678","63934","12973","Cayman Islands - Cayman Islands Monetary Authority"
"970619","67966","13892","Cayman Islands - Cayman Islands Monetary Authority"
"965173","158916","107499","Cayman Islands - Cayman Islands Monetary Authority"
"974115","167567","115875","Cayman Islands - Cayman Islands Stock Exchange Authority"
"974117","68909","14094","Cayman Islands - Cayman Islands Monetary Authority"
"974117","68909","109582","Cayman Islands - Cayman Islands Monetary Authority"
"974758","56093","11107","Other - CAYMAN ISLANDS MONETARY AUTHORITY"
"969682","68041","13952","Cayman Islands - Cayman Islands Monetary Authority"
"969682","68041","13953","Cayman Islands - Cayman Islands Monetary Authority"
"973563","26207","4811","Cayman Islands - Cayman Islands Monetary Authority"
"973563","58580","11822","Cayman Islands - Cayman Islands Monetary Authority"
"983802","120734","95462","Cayman Islands - Cayman Islands Monetary Authority"
"998013","74161","43377","Other - FINANCIAL SERVICES COMMISSION - BARBADOS"
"998013","70373","17364","Guernsey - Guernsey Financial Services Commission"
"992841","41803","7683","Other - CAYMAN ISLANDS MONETARY AUTHORITY"
"995442","8771","2482","Other - CAYMAN ISLANDS MONETARY AUTHORITY"
"1000774","175203","117466","Mauritius, Republic of - Financial Services Commission"
"1003428","24841","4608","Cayman Islands - Cayman Islands Monetary Authority"
"997216","40596","7407","Other - CAYMAN ISLANDS - CAYMAN ISLANDS MONETARY AUTHORITY"
"1000014","170363","116629","Ireland -  Central Bank of Ireland"
"1000014","170363","116630","Ireland -  Central Bank of Ireland"
"982553","174279","117308","Guernsey - Guernsey Financial Services Commission"
"982553","174019","117313","Guernsey - Guernsey Financial Services Commission"
"982553","174310","117316","Guernsey - Guernsey Financial Services Commission"
"982553","174310","117315","Guernsey - Guernsey Financial Services Commission"
"982553","174265","117306","Guernsey - Guernsey Financial Services Commission"
"982553","174012","117302","Guernsey - Guernsey Financial Services Commission"
"982553","174154","117275","Guernsey - Guernsey Financial Services Commission"
"982553","174189","117284","Guernsey - Guernsey Financial Services Commission"
"982553","60506","117291","Guernsey - Guernsey Financial Services Commission"
"982553","69711","117294","Guernsey - Guernsey Financial Services Commission"
"982553","69711","117296","Guernsey - Guernsey Financial Services Commission"
"1006263","15536","4679","Other - CAYMAN ISLANDS MONETARY AUTHORITY"
"1006263","15536","4678","Other - CAYMAN ISLANDS MONETARY AUTHORITY"
"962595","168521","116046","Other - CAYMAN ISLANDS MONETARY AUTHORITY"
"962595","168521","116047","Other - CAYMAN ISLANDS MONETARY AUTHORITY"
"973430","48234","8854","Bermuda - Bermuda Monetary Authority"
"973430","25435","8863","Other - CAYMAN ISLANDS MONETARY AUTHORITY"
"986418","55797","11032","Other - CAYMAN ISLANDS MONETARY AUTHORITY"
"976325","45140","8861","Cayman Islands - Cayman Islands Monetary Authority"
"976325","45140","8136","Cayman Islands - Cayman Islands Monetary Authority"
"976325","169782","116461","Cayman Islands - Cayman Islands Monetary Authority"
"990224","65500","13364","Cayman Islands - Cayman Islands Monetary Authority"
"990224","65500","56378","Cayman Islands - Cayman Islands Monetary Authority"
"998750","24539","7540","Guernsey - Guernsey Financial Services Commission"
"998750","24533","4528","Guernsey - Guernsey Financial Services Commission"
"998750","24533","4529","Guernsey - Guernsey Financial Services Commission"
"998750","34048","6518","Guernsey - Guernsey Financial Services Commission"
"998750","34010","6605","Guernsey - Guernsey Financial Services Commission"
"998750","54999","10853","Guernsey - Guernsey Financial Services Commission"
"998750","24539","13098","Guernsey - Guernsey Financial Services Commission"
"998750","24533","13099","Guernsey - Guernsey Financial Services Commission"
"998750","24537","13100","Guernsey - Guernsey Financial Services Commission"
"998750","158920","107500","Guernsey - Guernsey Financial Services Commission"
"998750","55001","10854","Guernsey - Guernsey Financial Services Commission"
"998750","24526","7538","Guernsey - Guernsey Financial Services Commission"
"989059","59099","47376","Cayman Islands - Cayman Islands Monetary Authority"
"989059","59099","47378","Cayman Islands - Cayman Islands Monetary Authority"
"993802","52110","117109","United Kingdom - Financial Conduct Authority"
"1006327","1930","1139","British Virgin Islands - British Virgin Islands Financial Services Commission"
"1006327","1871","117729","Cayman Islands - Cayman Islands Monetary Authority"
"1006398","43902","8001","Jersey - Jersey Financial Services Commission"
"1006398","43902","8002","Jersey - Jersey Financial Services Commission"
"1004538","167519","115870","Jersey - Jersey Financial Services Commission"
"979561","54944","10839","British Virgin Islands - British Virgin Islands Financial Services Commission"
"979631","1380","1080","Other - CAYMAN ISLANDS - THE CAYMAN ISLANDS MONETARY AUTHORITY"
"980072","167951","115965","Cayman Islands - Cayman Islands Monetary Authority"
"992997","43792","7935","Other - CAYMAN ISLANDS MONETARY AUTHORITY"
"993307","57779","33364","Cayman Islands - Cayman Islands Monetary Authority"
"993307","57776","116942","Cayman Islands - Cayman Islands Monetary Authority"
"996856","47734","8730","Other - CAYMAN ISLANDS MONETARY AUTHORITY"
"996840","120357","83389","Cayman Islands - Cayman Islands Monetary Authority"
"980799","158996","107537","Other - MALTA FINANCIAL SERVICES AUTHORITY"
"980799","64674","13149","Other - MALTA FINANCIAL SERVICES AUTHORITY"
"990675","73736","39368","Other - CAYMAN ISLANDS MONETARY AUTHORITY"
"990675","27676","7134","Other - CAYMAN ISLANDS MONETARY AUTHORITY"
"990675","27184","6961","Other - CAYMAN ISLANDS MONETARY AUTHORITY"
"998662","168521","116046","Other - CAYMAN ISLANDS MONETARY AUTHORITY"
"998662","168521","116047","Other - CAYMAN ISLANDS MONETARY AUTHORITY"
"999863","174582","117361","Cayman Islands - Cayman Islands Monetary Authority"
"1001512","57562","11563","Cayman Islands - Cayman Islands Monetary Authority"
"993165","41998","7592","British Virgin Islands - British Virgin Islands Financial Services Commission"
"975301","66777","13717","Cayman Islands - Cayman Islands Monetary Authority"
"965582","18634","3883","Other - CAYMAN ISLANDS MONETARY AUTHORITY"
"984134","44680","13471","Jersey - Jersey Financial Services Commission"
"984134","44680","13470","Jersey - Jersey Financial Services Commission"
"1005388","36775","6815","Bermuda - Bermuda Monetary Authority"
"987953","167005","115769","Cayman Islands - Cayman Islands Monetary Authority"
"987953","167005","115770","Cayman Islands - Cayman Islands Monetary Authority"
"981208","26466","4861","Other - CAYMAN ISLANDS - CAYMAN ISLANDS MONETARY AUTHORITY"
"989621","69921","61371","Cayman Islands - Cayman Islands Monetary Authority"
"1004708","1930","1139","British Virgin Islands - British Virgin Islands Financial Services Commission"
"1004708","1871","117729","Cayman Islands - Cayman Islands Monetary Authority"
"996900","35794","7551","Other - CAYMAN ISLANDS MONETARY AUTHORITY"
"972118","169119","116157","Cayman Islands - Cayman Islands Monetary Authority"
"984695","27291","5037","Cayman Islands - Cayman Islands Monetary Authority"
"998817","31718","5777","Other - CAYMAN ISLANDS MONETARY AUTHORITY"
"989562","64560","13124","Cayman Islands - Cayman Islands Monetary Authority"
"993094","2775","2989","Other - CAYMAN ISLANDS MONETARY AUTHORITY"
"993094","2775","2988","Other - CAYMAN ISLANDS MONETARY AUTHORITY"
"968549","61813","12528","Cayman Islands - Cayman Islands Monetary Authority"
"968549","37784","7590","Other - CAYMAN - CAYMAN ISLANDS MONETARY AUTHORITY (CIMA)"
"981747","120317","83378","Cayman Islands - Cayman Islands Monetary Authority"
"995221","173110","117078","Jersey - Jersey Financial Services Commission"
"973250","39284","7204","Cayman Islands - Cayman Islands Monetary Authority"
"973250","36228","7192","Cayman Islands - Cayman Islands Monetary Authority"
"973250","39245","7202","Cayman Islands - Cayman Islands Monetary Authority"
"973250","39311","7207","Cayman Islands - Cayman Islands Monetary Authority"
"1005999","56367","11177","Other - CAYMAN ISLANDS MONETARY AUTHORITY"
"1000734","42323","7656","Mauritius, Republic of - Financial Services Commission"
"985702","43934","7958","Other - CAYMAN ISLANDS MONETARY AUTHORITY"
"972100","67279","13760","Cayman Islands - Cayman Islands Monetary Authority"
"980069","166896","115736","Cayman Islands - Cayman Islands Monetary Authority"
"967825","168855","116146","Cayman Islands - Cayman Islands Monetary Authority"
"967825","168855","116145","Other - DELAWARE REVISED UNIFORM LIMITED PARTNERSHIP ACT"
"966082","168706","116099","Cayman Islands - Cayman Islands Monetary Authority"
"966082","67296","13765","Cayman Islands - Cayman Islands Monetary Authority"
"966082","67296","13766","Cayman Islands - Cayman Islands Monetary Authority"
"966082","168706","116098","Cayman Islands - Cayman Islands Monetary Authority"
"1003282","43511","7881","Mauritius, Republic of - Financial Services Commission"
"988162","59631","12038","Jersey - Jersey Financial Services Commission"
"988162","59631","12039","Jersey - Jersey Financial Services Commission"
"988162","59631","117747","Jersey - Jersey Financial Services Commission"
"995253","65182","13307","Cayman Islands - Cayman Islands Monetary Authority"
"977058","30954","5655","Cayman Islands - Cayman Islands Monetary Authority"
"997684","5605","2395","Cayman Islands - Cayman Islands Monetary Authority"
"997684","5605","2398","Cayman Islands - Cayman Islands Monetary Authority"
"980464","30954","5655","Cayman Islands - Cayman Islands Monetary Authority"
"987189","56093","11107","Other - CAYMAN ISLANDS MONETARY AUTHORITY"
"987948","64763","13194","Cayman Islands - Cayman Islands Monetary Authority"
"962599","65805","13439","Jersey - Jersey Financial Services Commission"
"962599","65827","13451","Jersey - Jersey Financial Services Commission"
"975943","67715","13899","Cayman Islands - Cayman Islands Monetary Authority"
"974292","4729","1567","Cayman Islands - Cayman Islands Monetary Authority"
"970636","64136","13012","Cayman Islands - Cayman Islands Monetary Authority"
"964218","64553","13116","British Virgin Islands - British Virgin Islands Financial Services Commission"
"987173","56397","11151","Cayman Islands - Cayman Islands Monetary Authority"
"976328","169783","116462","Cayman Islands - Cayman Islands Monetary Authority"
"976328","67121","13748","Cayman Islands - Cayman Islands Monetary Authority"
"976328","67121","13749","Cayman Islands - Cayman Islands Monetary Authority"
"976328","169783","116522","Cayman Islands - Cayman Islands Monetary Authority"
"1004001","62966","12770","Cayman Islands - Cayman Islands Monetary Authority"
"1000094","174594","117362","Cayman Islands - Cayman Islands Monetary Authority"
"984376","65140","13295","Cayman Islands - Cayman Islands Monetary Authority"
"995220","15648","3202","Other - CAYMAN ISLANDS MONETARY AUTHORITY"
"979305","55167","10885","Other - CAYMAN ISLANDS MONETARY AUTHORITY"
"986637","171153","116746","Ireland -  Central Bank of Ireland"
"986637","171153","116746","United Kingdom - Financial Conduct Authority"
"986637","171153","116747","United Kingdom - Financial Conduct Authority"
"986637","171153","116747","Ireland -  Central Bank of Ireland"
"986637","171153","116748","United Kingdom - Financial Conduct Authority"
"986637","171153","116748","Ireland -  Central Bank of Ireland"
"986637","171153","116745","United Kingdom - Financial Conduct Authority"
"986637","171153","116745","Ireland -  Central Bank of Ireland"
"987939","56686","11261","Cayman Islands - Cayman Islands Monetary Authority"
"987357","53921","10568","Other - CAYMAN ISLANDS MONETARY AUTHORITY"
"978151","60632","12260","Cayman Islands - Cayman Islands Monetary Authority"
"1004505","58979","13896","Cayman Islands - Cayman Islands Monetary Authority"
"987183","167432","115857","Cayman Islands - Cayman Islands Monetary Authority"
"993453","27831","117010","Cayman Islands - Cayman Islands Monetary Authority"
"993453","27821","117011","Cayman Islands - Cayman Islands Monetary Authority"
"993453","27753","5114","Other - CAYMAN ISLANDS MONETARY AUTHORITY"
"993453","27753","5116","Other - CAYMAN ISLANDS MONETARY AUTHORITY"
"993453","27821","5121","Other - CAYMAN ISLANDS MONETARY AUTHORITY"
"993453","27831","5123","Other - CAYMAN ISLANDS MONETARY AUTHORITY"
"993453","27846","5127","Other - CAYMAN ISLANDS MONETARY AUTHORITY"
"993453","27846","5128","Other - CAYMAN ISLANDS MONETARY AUTHORITY"
"1001583","33862","6647","Cayman Islands - Cayman Islands Monetary Authority"
"1001583","52852","10266","Cayman Islands - Cayman Islands Monetary Authority"
"994451","29315","5507","Other - CAYMAN ISLANDS MONETARY AUTHORITY"
"994451","29315","5508","Other - CAYMAN ISLANDS MONETARY AUTHORITY"
"1004889","173770","117221","Cayman Islands - Cayman Islands Monetary Authority"
"976329","14910","3137","Cayman Islands - Cayman Islands Monetary Authority"
"976329","14910","3138","Cayman Islands - Cayman Islands Monetary Authority"
"976973","5332","1643","Other - CAYMAN ISLANDS - CAYMAN ISLANDS MONETARY AUTHORITY"
"976973","5332","1642","Other - CAYMAN ISLANDS - CAYMAN ISLANDS MONETARY AUTHORITY"
"976973","5354","1646","Other - CAYMAN ISLANDS - CAYMAN ISLANDS MONETARY AUTHORITY"
"976973","5354","10546","Other - CAYMAN ISLANDS - CAYMAN ISLANDS MONETARY AUTHORITY"
"993877","17542","4782","Cayman Islands - Cayman Islands Monetary Authority"
"990943","46018","8314","Ireland -  Central Bank of Ireland"
"979304","64136","13012","Cayman Islands - Cayman Islands Monetary Authority"
"973713","27006","4948","Other - CAYMAN ISLANDS/CAYMAN ISLANDS MONETARY AUTHORITY"
"982341","6853","1945","Other - CAYMAN ISLANDS MONETARY AUTHORITY"
"998599","22029","7547","Cayman Islands - Cayman Islands Stock Exchange Authority"
"985870","43629","7933","Cayman Islands - Cayman Islands Stock Exchange Authority"
"986291","18608","3662","British Virgin Islands - British Virgin Islands Financial Services Commission"
"986291","58578","11821","Cayman Islands - Cayman Islands Monetary Authority"
"997202","30955","5647","Cayman Islands - Cayman Islands Monetary Authority"
"995720","47253","8626","Other - CAYMAN ISLANDS MONETARY AUTHORITY"
"998774","20942","4074","Jersey - Jersey Financial Services Commission"
"998774","20296","3976","Jersey - Jersey Financial Services Commission"
"986365","77473","58366","Cayman Islands - Cayman Islands Monetary Authority"
"1004638","16005","3239","British Virgin Islands - British Virgin Islands Financial Services Commission"
"985977","57999","14079","Cayman Islands - Cayman Islands Monetary Authority"
"985612","12222","2744","Cayman Islands - Cayman Islands Monetary Authority"
"989219","43642","7916","Other - CAYMAN ISLANDS MONETARY AUTHORITY"
"974733","169784","116463","British Virgin Islands - British Virgin Islands Financial Services Commission"
"992967","53851","10601","Other - CAYMAN ISLANDS MONETARY AUTHORITY"
"992967","53851","10550","Cayman Islands - Cayman Islands Monetary Authority"
"994626","60410","12199","British Virgin Islands - British Virgin Islands Financial Services Commission"
"984728","45939","8300","Guernsey - Guernsey Financial Services Commission"
"984728","45953","8302","Guernsey - Guernsey Financial Services Commission"
"965575","65786","13435","Cayman Islands - Cayman Islands Monetary Authority"
"987946","56686","11261","Cayman Islands - Cayman Islands Monetary Authority"
"987368","67449","116764","Cayman Islands - Cayman Islands Monetary Authority"
"987368","67449","13806","Cayman Islands - Cayman Islands Monetary Authority"
"989084","168821","116122","Cayman Islands - Cayman Islands Monetary Authority"
"969517","65998","13502","Cayman Islands - Cayman Islands Monetary Authority"
"969517","65997","13500","Cayman Islands - Cayman Islands Monetary Authority"
"969517","68319","13962","Cayman Islands - Cayman Islands Monetary Authority"
"990810","171153","116746","Ireland -  Central Bank of Ireland"
"990810","171153","116746","United Kingdom - Financial Conduct Authority"
"990810","171153","116747","United Kingdom - Financial Conduct Authority"
"990810","171153","116747","Ireland -  Central Bank of Ireland"
"990810","171153","116748","United Kingdom - Financial Conduct Authority"
"990810","171153","116748","Ireland -  Central Bank of Ireland"
"990810","171153","116745","United Kingdom - Financial Conduct Authority"
"990810","171153","116745","Ireland -  Central Bank of Ireland"
"974370","65008","13270","Cayman Islands - Cayman Islands Monetary Authority"
"974370","65008","13269","Cayman Islands - Cayman Islands Monetary Authority"
"993268","38050","7057","Other - REGISTRAR OF LIMITED PARTNERSHIPS, CAYMAN ISLANDS"
"993268","38137","7061","Other - REGISTRAR OF LIMITED PARTNERSHIPS, CAYMAN ISLANDS"
"976684","165158","114567","British Virgin Islands - British Virgin Islands Financial Services Commission"
"1002968","17026","3386","Other - CAYMAN ISLANDS MONETARY AUTHORITY"
"1002968","17083","3391","Other - CAYMAN ISLANDS MONETARY AUTHORITY"
"1002968","17105","3395","Other - CAYMAN ISLANDS MONETARY AUTHORITY"
"1002968","17109","3396","Other - CAYMAN ISLANDS MONETARY AUTHORITY"
"1002968","17834","3515","Other - CAYMAN ISLANDS MONETARY AUTHORITY"
"996765","76643","51368","Cayman Islands - Cayman Islands Monetary Authority"
"996765","76643","51367","Cayman Islands - Cayman Islands Monetary Authority"
"987396","38836","7161","Cayman Islands - Cayman Islands Stock Exchange Authority"
"983100","167177","115805","Cayman Islands - Cayman Islands Monetary Authority"
"989934","167250","115827","Cayman Islands - Cayman Islands Monetary Authority"
"996206","54405","10707","Other - CAYMAN ISLANDS MONETARY AUTHORITY"
"996206","54406","10708","Other - CAYMAN ISLANDS MONETARY AUTHORITY"
"987824","61533","12472","Other - CAYMAN ISLANDS MONETARY AUTHORITY"
"987824","61533","12473","Other - CAYMAN ISLANDS MONETARY AUTHORITY"
"987824","44753","8080","Other - CAYMAN ISLANDS MONETARY AUTHORITY"
"987824","44753","8088","Other - CAYMAN ISLANDS MONETARY AUTHORITY"
"1003412","36083","6687","Other - CAYMAN ISLANDS MONETARY AUTHORITY"
"1003804","27006","4948","Other - CAYMAN ISLANDS/CAYMAN ISLANDS MONETARY AUTHORITY"
"997714","67550","13840","Cayman Islands - Cayman Islands Monetary Authority"
"997714","67552","13841","Cayman Islands - Cayman Islands Monetary Authority"
"997278","20793","4047","Other - CAYMAN ISLANDS MONETARY AUTHORITY"
"1000950","56123","11122","British Virgin Islands - British Virgin Islands Financial Services Commission"
"1002748","56123","11122","British Virgin Islands - British Virgin Islands Financial Services Commission"
"1001644","59330","11967","Cayman Islands - Cayman Islands Monetary Authority"
"1001173","175106","117455","Cayman Islands - Cayman Islands Monetary Authority"
"1001173","23675","4415","Cayman Islands - Cayman Islands Monetary Authority"
"1001173","23675","4416","Cayman Islands - Cayman Islands Monetary Authority"
"1001173","175106","117454","Cayman Islands - Cayman Islands Monetary Authority"
"976909","45518","8179","Cayman Islands - Cayman Islands Monetary Authority"
"982171","170367","116631","Guernsey - Guernsey Financial Services Commission"
"982171","57617","11579","Guernsey - Guernsey Financial Services Commission"
"982171","57618","11582","Guernsey - Guernsey Financial Services Commission"
"982171","170366","116628","Guernsey - Guernsey Financial Services Commission"
"983405","71228","29365","Guernsey - Guernsey Financial Services Commission"
"990281","48010","8805","Jersey - Jersey Financial Services Commission"
"986476","44777","8097","Other - CAYMAN ISLANDS MONETARY AUTHORITY"
"977848","170363","116630","Ireland -  Central Bank of Ireland"
"977848","170363","116629","Ireland -  Central Bank of Ireland"
"998353","45579","8220","Other - CAYMAN ISLANDS MONETARY AUTHORITY"
"998353","45579","8222","Other - CAYMAN ISLANDS MONETARY AUTHORITY"
"998353","55706","10998","Other - CAYMAN ISLANDS MONETARY AUTHORITY"
"998353","55706","10999","Other - CAYMAN ISLANDS MONETARY AUTHORITY"
"973138","35796","6627","Other - CAYMAN ISLANDS - CAYMAN ISLANDS MONETARY AUTHORITY"
"987915","47135","8575","Cayman Islands - Cayman Islands Stock Exchange Authority"
"981024","175879","117596","Cayman Islands - Cayman Islands Monetary Authority"
"981024","31181","5682","Other - CAYMAN ISLANDS MONETARY AUTHORITY"
"978918","19643","3864","Other - CAYMAN ISLANDS/CAYMAN ISLANDS MONETARY AUTHORITY"
"987864","171376","116786","Cayman Islands - Cayman Islands Monetary Authority"
"975572","3212","1355","Other - CAYMAN ISLANDS - MONETARY AUTHORITY"
"980056","64751","13192","Cayman Islands - Cayman Islands Monetary Authority"
"985026","67459","13812","Cayman Islands - Cayman Islands Monetary Authority"
"983104","170500","116671","Cayman Islands - Cayman Islands Monetary Authority"
"991011","120452","83410","Cayman Islands - Cayman Islands Monetary Authority"
"991011","120453","83412","Cayman Islands - Cayman Islands Monetary Authority"
"991011","120451","83411","Cayman Islands - Cayman Islands Monetary Authority"
"1001555","63976","12978","Cayman Islands - Cayman Islands Monetary Authority"
"975602","1084","1037","Other - CAYMAN ISLANDS MONETARY AUTHORITY"
"973487","162212","109591","Cayman Islands - Cayman Islands Monetary Authority"
"981866","46787","8472","Cayman Islands - Cayman Islands Monetary Authority"
"982211","3474","1378","Other - CAYMAN ISLANDS MONETARY AUTHORITY"
"982211","3474","1377","Other - CAYMAN ISLANDS MONETARY AUTHORITY"
"964650","58362","11770","Cayman Islands - Cayman Islands Monetary Authority"
"1004126","62966","12770","Cayman Islands - Cayman Islands Monetary Authority"
"959881","28213","5179","Other - NOT REGULATED"
"959881","28213","5180","Other - NOT REGULATED"
"959881","28167","5164","Other - NOT REGULATED"
"959881","28183","5170","Other - NOT REGULATED"
"974720","64915","13243","Cayman Islands - Cayman Islands Monetary Authority"
"971664","67002","13725","Cayman Islands - Cayman Islands Monetary Authority"
"998702","22682","6094","Other - CAYMAN ISLANDS-THE CAYMAN ISLANDS MONETARY AUTHORITY"
"990147","173007","117197","Cayman Islands - Cayman Islands Monetary Authority"
"982300","27061","4964","Cayman Islands - Cayman Islands Monetary Authority"
"979094","162245","109606","Cayman Islands - Cayman Islands Monetary Authority"
"988662","33858","6562","Cayman Islands - Cayman Islands Monetary Authority"
"996909","5752","1835","Other - CAYMAN ISLANDS MONETARY AUTHORITY"
"980053","45646","8241","Other - CAYMAN ISLANDS MONETARY AUTHORITY"
"980053","56951","11320","Cayman Islands - Cayman Islands Monetary Authority"
"980053","56951","11319","Cayman Islands - Cayman Islands Monetary Authority"
"980053","56951","11321","Cayman Islands - Cayman Islands Monetary Authority"
"980053","45646","8240","Other - CAYMAN ISLANDS MONETARY AUTHORITY"
"980053","56951","11401","Cayman Islands - Cayman Islands Monetary Authority"
"977485","60460","13797","Guernsey - Guernsey Financial Services Commission"
"978302","167006","115771","Cayman Islands - Cayman Islands Monetary Authority"
"989687","31241","5698","British Virgin Islands - British Virgin Islands Financial Services Commission"
"980065","41542","7529","Cayman Islands - Cayman Islands Monetary Authority"
"980065","62145","12622","Cayman Islands - Cayman Islands Monetary Authority"
"974198","44430","14101","Cayman Islands - Cayman Islands Monetary Authority"
"974198","44430","14102","Cayman Islands - Cayman Islands Monetary Authority"
"974198","44430","8019","Other - CAYMAN ISLANDS/CAYMAN ISLANDS MONETARY AUTHORITY"
"974198","44430","8022","Other - CAYMAN ISLANDS/CAYMAN ISLANDS MONETARY AUTHORITY"
"990931","66483","13592","Cayman Islands - Cayman Islands Monetary Authority"
"990931","66483","13591","Cayman Islands - Cayman Islands Monetary Authority"
"1001077","174964","117441","Other - CAYMAN ISLANDS/CAYMAN ISLANDS MONETARY AUTHORITY"
"1001238","42413","7684","British Virgin Islands - British Virgin Islands Financial Services Commission"
"1001238","50443","9436","British Virgin Islands - British Virgin Islands Financial Services Commission"
"984325","66509","13711","Cayman Islands - Cayman Islands Monetary Authority"
"984325","66510","13714","Cayman Islands - Cayman Islands Monetary Authority"
"982939","17011","3383","Other - CAYMAN ISLANDS MONETARY AUTHORITY"
"982939","17940","3536","Cayman Islands - Cayman Islands Monetary Authority"
"982939","58420","11781","Other - NONE"
"984967","43824","7941","Other - CAYMAN ISLANDS MONETARY AUTHORITY"
"981972","166346","116624","Cayman Islands - Cayman Islands Monetary Authority"
"989426","168521","116046","Other - CAYMAN ISLANDS MONETARY AUTHORITY"
"989426","168521","116047","Other - CAYMAN ISLANDS MONETARY AUTHORITY"
"978315","49897","9315","Other - CAYMAN ISLANDS - CAYMAN ISLANDS MONEATARY AUTHORITY"
"991292","64945","13254","Cayman Islands - Cayman Islands Monetary Authority"
"991292","75435","46394","Cayman Islands - Cayman Islands Monetary Authority"
"994254","53292","10438","Cayman Islands - Cayman Islands Monetary Authority"
"994254","53292","10439","Cayman Islands - Cayman Islands Monetary Authority"
"1002077","175429","117490","Cayman Islands - Cayman Islands Monetary Authority"
"992529","16925","3370","Other - CAYMAN ISLANDS MONETARY AUTHORITY"
"992529","16925","3371","Other - CAYMAN ISLANDS MONETARY AUTHORITY"
"992529","76319","48367","Other - CAYMAN ISLANDS MONETARY AUTHORITY"
"992614","65123","13287","Cayman Islands - Cayman Islands Monetary Authority"
"992614","65123","13288","Cayman Islands - Cayman Islands Monetary Authority"
"998772","175707","117551","Jersey - Jersey Financial Services Commission"
"998772","175707","117551","Cayman Islands - Cayman Islands Monetary Authority"
"998772","175707","117551","United Kingdom - Financial Conduct Authority"
"975610","158918","107497","Cayman Islands - Cayman Islands Monetary Authority"
"1002887","59797","12088","Other - CAYMAN ISLANDS / CAYMAN ISLANDS MONETARY AUTHORITY (CIMA)"
"986358","166836","115721","Cayman Islands - Cayman Islands Monetary Authority"
"986358","166836","115720","Cayman Islands - Cayman Islands Monetary Authority"
"1006397","15536","4679","Other - CAYMAN ISLANDS MONETARY AUTHORITY"
"1006397","15536","4678","Other - CAYMAN ISLANDS MONETARY AUTHORITY"
"996497","36622","6798","Mauritius, Republic of - Financial Services Commission"
"1002791","56492","11189","Other - CAYMAN ISLANDS MONETARY AUTHORITY"
"1002791","64008","12983","Cayman Islands - Cayman Islands Monetary Authority"
"1002791","64864","13218","Cayman Islands - Cayman Islands Monetary Authority"
"1002791","64008","12984","Cayman Islands - Cayman Islands Monetary Authority"
"1002791","56492","11190","Other - CAYMAN ISLANDS MONETARY AUTHORITY"
"1002791","55699","10996","Other - CAYMAN ISLANDS MONETARY AUTHORITY"
"1002791","64864","13217","Cayman Islands - Cayman Islands Monetary Authority"
"1002791","175654","117546","Cayman Islands - Cayman Islands Monetary Authority"
"1002791","175654","117547","Cayman Islands - Cayman Islands Monetary Authority"
"981164","28542","10575","Cayman Islands - Cayman Islands Stock Exchange Authority"
"985746","45518","8179","Cayman Islands - Cayman Islands Monetary Authority"
"993340","48903","8970","Other - CAYMAN ISLANDS MONETARY AUTHORITY"
"993340","48903","8971","Other - CAYMAN ISLANDS MONETARY AUTHORITY"
"993340","48903","8972","Mauritius, Republic of - Financial Services Commission"
"993340","48903","8972","India - Securities and Exchange Board of India"
"999499","41052","7471","Other - CAYMAN ISLANDS MONETARY AUTHORITY"
"992511","57335","11431","Cayman Islands - Cayman Islands Monetary Authority"
"1001351","32037","5862","Other - CAYMAN ISLANDS MONETARY AUTHORITY"
"1001351","32037","9877","Cayman Islands - Cayman Islands Monetary Authority"
"976009","41582","7534","Other - NONE"
"976009","41582","7536","Other - CAYMAN ISLANDS/CAYMAN ISLANDS MONETARY AUTHORITY"
"996241","63342","117236","Cayman Islands - Cayman Islands Monetary Authority"
"998713","25922","4775","Other - CAYMANS ISLANDS/CAYMAN ISLANDS MONETARY AUTHORTY"
"992622","64490","13277","Cayman Islands - Cayman Islands Monetary Authority"
"974118","174116","117265","Bermuda - Bermuda Monetary Authority"
"994093","57375","11583","Cayman Islands - Cayman Islands Monetary Authority"
"1005203","15921","3229","Other - CAYMAN ISLANDS MONETARY AUTHORITY"
"993590","29614","5513","Luxembourg, Grand Duchy of - Commission to Surveillance of the Finance Sector"
"991973","39015","7499","Other - CAYMAN ISLANDS MONETARY AUTHORITY"
"985537","168284","116051","Cayman Islands - Cayman Islands Monetary Authority"
"988809","68840","14078","Luxembourg, Grand Duchy of - Commission to Surveillance of the Finance Sector"
"988809","68847","14082","Luxembourg, Grand Duchy of - Commission to Surveillance of the Finance Sector"
"992468","172814","116980","Other - KINGDOM OF SAUDI ARABIA - CAPITAL MARKETS AUTHORITY"
"992468","172814","116980","Singapore - Monetary Authority of Singapore"
"992468","172929","117019","Other - KINGDOM OF SAUDI ARABIA - CAPITAL MARKETS AUTHORITY"
"992468","172929","117019","Singapore - Monetary Authority of Singapore"
"989420","57981","11703","Cayman Islands - Cayman Islands Monetary Authority"
"994734","172939","117023","Other - CAYMAN ISLANDS MONETARY AUTHORITY (CIMA)"
"994253","166914","115884","Cayman Islands - Cayman Islands Monetary Authority"
"1004340","46112","8329","Other - CAYMAN ISLANDS MONETARY AUTHORITY"
"997840","173770","117221","Cayman Islands - Cayman Islands Monetary Authority"
"976460","37553","6960","Other - GIBRALTAR - FINANCIAL SERVICES COMMISSION"
"976460","37579","6968","Guernsey - Guernsey Financial Services Commission"
"976460","170121","117554","Luxembourg, Grand Duchy of - Commission to Surveillance of the Finance Sector"
"976460","170121","117552","Jersey - Jersey Financial Services Commission"
"976460","170121","117553","Luxembourg, Grand Duchy of - Commission to Surveillance of the Finance Sector"
"979572","65932","13473","Cayman Islands - Cayman Islands Monetary Authority"
"995821","120369","83385","Singapore - Monetary Authority of Singapore"
"995821","120369","83385","Cayman Islands - Cayman Islands Monetary Authority"
"1004513","23768","4430","Other - CAYMAN ISLANDS MONETARY AUTHORITY"
"990929","14033","2985","Other - CAYMAN ISLANDS MONETARY AUTHORITY"
"990929","14033","3650","Other - CAYMAN ISLANDS MONETARY AUTHORITY"
"990929","172002","116854","Cayman Islands - Cayman Islands Monetary Authority"
"998843","38092","7054","Guernsey - Guernsey Financial Services Commission"
"993341","176108","117651","Cayman Islands - Cayman Islands Monetary Authority"
"993341","176165","117708","Cayman Islands - Cayman Islands Monetary Authority"
"993341","73928","39376","Other - CAYMAN ISLANDS MONETARY AUTHORITY"
"993341","73932","39378","Other - CAYMAN ISLANDS MONETARY AUTHORITY"
"993341","73932","39379","Other - CAYMAN ISLANDS MONETARY AUTHORITY"
"993341","50037","9257","Other - CAYMAN ISLANDS MONETARY AUTHORITY"
"993341","50037","9258","Other - CAYMAN ISLANDS MONETARY AUTHORITY"
"993341","22136","4267","Other - CAYMAN ISLANDS MONETARY AUTHORITY"
"993341","22136","4268","Other - CAYMAN ISLANDS MONETARY AUTHORITY"
"993341","22136","4269","Other - CAYMAN ISLANDS MONETARY AUTHORITY"
"993341","22136","4270","Other - CAYMAN ISLANDS MONETARY AUTHORITY"
"993341","22985","4347","Other - CAYMAN ISLANDS MONETARY AUTHORITY"
"993341","23013","4354","Other - CAYMAN ISLANDS MONETARY AUTHORITY"
"993341","22994","4351","Other - CAYMAN ISLANDS MONETARY AUTHORITY"
"993341","22136","9534","Other - CAYMAN ISLANDS MONETARY AUTHORITY"
"993402","64065","12999","Cayman Islands - Cayman Islands Monetary Authority"
