"FilingID","Primary Business","Business Name"
"946229","MINING OPERATOR",""
"950775","HONEYCOMB DEVELOPMENT, LLC SERVES AS THE GENERAL PARTNER OF HONEYCOMB ECONOMIC DEVELOPMENT FUND, L.P., WHICH ENGAGES PRIMARILY IN REAL ESTATE INVESTING.",""
"953198","WE MANAGE A LONG/SHORT EQUITY HEDGE FUND ON THE SCIENS MANAGED ACCOUNT PLATFORM.",""
"954134","REAL ESTATE LENDING; FINANCE AND INVESTMENTS; AND THE SALE (UNDER EXEMPTION) OF LOANS SECURED BY DEEDS OF TRUST",""
"952972","SERVING AS GENERAL PARTNER ORGANIZING AND MANAGING CALIFORNIA LIMITED PARTNERSHIPS",""
"959081","LENDING",""
"941187","FUND ADMINISTRATOR AND TRANSFER AGENT OUTSIDE THE U.S. (INCLUDING ACTIVITIES SUCH AS NET ASSET VALUE CALCULATIONS, REGISTRATION OF SUBSCRIPTIONS INTO INVESTMENT FUNDS AND PROCESS OF REDEMPTIONS)",""
"960428","RESEARCH SERVICES.",""
"958987","PROPERTY MANAGEMENT",""
"964414","MANAGEMENT SERVICES PROVIDED TO STEEL PARTNERS HOLDINGS L.P.",""
"960718","ABERDEEN GLOBAL SERVICES SA (AGS) PRIMARY BUSINESS IS COLLECTIVE PORTFOLIO MANAGEMENT OF UCITS FUNDS: THIS INCLUDES UCITS MARKETING AND DISTRIBUTION AND TRANSFER AGENCY SERVICES.",""
"963507","ABERDEEN GLOBAL SERVICES SA (AGS) PRIMARY BUSINESS IS COLLECTIVE PORTFOLIO MANAGEMENT OF UCITS FUNDS: THIS INCLUDES UCITS MARKETING AND DISTRIBUTION AND TRANSFER AGENCY SERVICES.",""
