"FilingID","ReferenceID","Name of Adviser","SEC File Number","CRD Number"
1026599,171337,"DMS OMS","802-106788",173927
1026599,171371,"DMS OMS","802-106788",173927
1026599,171153,"DMS OMS","802-106788",173927
1026599,171315,"KESTREL PARTNERS OR KESTREL INVESTMENT PARTNERS","801-99337",226573
1026599,171323,"DMS OMS","802-106788",173927
1026599,171339,"DMS OMS","802-106788",173927
1028907,8413,"SG HAMBROS FUND MANAGERS (JERSEY) LIMITED","",
1028907,8276,"SG HAMBROS FUND MANAGERS (JERSEY) LIMITED","",
1028907,7574,"SG HAMBROS FUND MANAGERS (JERSEY) LIMITED","",
1028907,8359,"SG HAMBROS FUND MANAGERS (JERSEY) LIMITED","",
1028907,7884,"SG HAMBROS FUND MANAGERS (JERSEY) LIMITED","",
1028907,7892,"SG HAMBROS FUND MANAGERS (JERSEY) LIMITED","",
1028907,8279,"SG HAMBROS FUND ADVISERS (JERSEY) LIMITED","",
1028907,7929,"SG HAMBROS FUND MANAGERS (JERSEY) LIMITED","",
1028907,8304,"SG HAMBROS FUND MANAGERS (JERSEY) LIMITED","",
1028907,8340,"SG HAMBROS FUND MANAGERS (JERSEY) LIMITED","",
1028907,8387,"SG HAMBROS FUND MANAGERS (JERSEY) LIMITED","",
1028907,8406,"SG HAMBROS FUND MANAGERS (JERSEY) LIMITED","",
1028907,8434,"SG HAMBROS FUND MANAGERS (JERSEY) LIMITED","",
1028907,49937,"SG HAMBROS FUND MANAGERS (JERSEY) LIMITED","",
1028907,49935,"SG HAMBROS FUND MANAGERS (JERSEY) LIMITED","",
1028907,58067,"SG HAMBROS FUND MANAGERS (JERSEY) LIMITED","",
1027552,61262,"WORTH VENTURE PARTNERS, LLC","",
1028898,8276,"SG HAMBROS FUND MANAGERS (JERSEY) LIMITED","",
1028898,8413,"SG HAMBROS FUND MANAGERS (JERSEY) LIMITED","",
1028898,7574,"SG HAMBROS FUND MANAGERS (JERSEY) LIMITED","",
1028898,8359,"SG HAMBROS FUND MANAGERS (JERSEY) LIMITED","",
1028898,7884,"SG HAMBROS FUND MANAGERS (JERSEY) LIMITED","",
1028898,7892,"SG HAMBROS FUND MANAGERS (JERSEY) LIMITED","",
1028898,8279,"SG HAMBROS FUND ADVISERS (JERSEY) LIMITED","",
1028898,7929,"SG HAMBROS FUND MANAGERS (JERSEY) LIMITED","",
1028898,8304,"SG HAMBROS FUND MANAGERS (JERSEY) LIMITED","",
1028898,8340,"SG HAMBROS FUND MANAGERS (JERSEY) LIMITED","",
1028898,8387,"SG HAMBROS FUND MANAGERS (JERSEY) LIMITED","",
1028898,8406,"SG HAMBROS FUND MANAGERS (JERSEY) LIMITED","",
1028898,8434,"SG HAMBROS FUND MANAGERS (JERSEY) LIMITED","",
1028898,49937,"SG HAMBROS FUND MANAGERS (JERSEY) LIMITED","",
1028898,49935,"SG HAMBROS FUND MANAGERS (JERSEY) LIMITED","",
1028898,58067,"SG HAMBROS FUND MANAGERS (JERSEY) LIMITED","",
1029171,170127,"PTQ CAPITAL LIMITED","",
1029171,170127,"THIRDROCK CAPITAL PRIVATE LIMITED","",
1033350,13337,"PINEBRIDGE ASIA PARTNERS G.P., L.L.C.","",
1033350,13317,"PINEBRIDGE ASIA PARTNERS II, LIMITED","",
1033350,13330,"PINEBRIDGE ASIA PARTNERS G.P., L.L.C.","",
1033350,61512,"PINEBRIDGE INVESTMENTS IRELAND LIMITED","",
1030551,178667,"NEUMANN ADVISORS","",
1031859,166251,"THE OBSERVATORY US INC.","",
1028888,15536,"SYLEBRA CAPITAL MANAGEMENT","",
1034062,15536,"SYLEBRA CAPITAL MANAGEMENT","",
1035547,179194,"ADVANTAGE PARTNERS (H.K.) LIMITED","",
1035547,179111,"ADVANTAGE PARTNERS (H.K.) LIMITED","",
1041613,57976,"RAIM LIMITED","",
1042302,58109,"RAIM LIMITED","",
