"FilingID","Full Legal Name","CIK Number"
1040770,"AMERICAN CAPITAL LTD.",817473
1048278,"CREDIT SUISSE GROUP AG",1159510
1050555,"CREDIT SUISSE GROUP AG",1159510
1057352,"HSBC HOLDINGS PLC",1089113
1050561,"XL GROUP PLC",875159
1044457,"THE PNC FINANCIAL SERVICES GROUP, INC.",713676
1052222,"AFFILIATED MANAGERS GROUP, INC.",1004434
1046528,"INVESTEC PLC",1354272
1049008,"RESOURCE AMERICA, INC.",83402
1043069,"SOFTBANK GROUP CORP",1065521
1046040,"CITIGROUP GLOBAL MARKETS HOLDINGS INC",20024
1046040,"CITIGROUP INC",831001
1043630,"JANUS CAPITAL GROUP INC",1065865
1057773,"HSBC HOLDINGS PLC",1089113
1048334,"CREDIT SUISSE GROUP AG",1159510
1051669,"FRANKLIN RESOURCES, INC.",38777
1044591,"DEUTSCHE BANK AG",948046
