"FilingID","Website"
1038085,"HTTP://WWW.VITRUVIANPARTNERS.COM"
1038434,"HTTP://WWW.STONEHEDGELP.COM"
1046698,"HTTP://WWW.TRIENTAM.COM"
1048108,"HTTPS://WWW.RBOIL.COM"
1048284,"HTTP://WWW.PRIMESTONECAPITAL.COM"
1048701,"HTTP://WWW.WESTFACECAPITAL.COM"
1043187,"HTTP://WWW.MSTCAPITAL.COM/"
1051458,"HTTP://WWW.PROSPECTVENTURES.COM"
1041101,"HTTP://WWW.HEALTHQUESTCAPITAL.COM/"
1044928,"HTTP://WWW.EXPANSIVE.VC"
1044225,"HTTP://BCPARTNERS.COM"
1039962,"HTTP://WWW.SVGCAPITAL.COM"
1046697,"HTTP://WWW.CLESSIDRASGR.IT"
1043583,"HTTPS://WWW.WESTBRIDGECAPITAL.CO.UK"
1048296,"HTTP://WWW.JETSTREAMCAPITAL.COM"
1050159,"HTTP://WWW.ALTAPARKCAPITAL.COM"
1050285,"HTTPS://WWW.RBOIL.COM"
1045829,"HTTP://WWW.PROCURITAS.COM"
1044182,"HTTP://WWW.MASECOASSETMANAGEMENT.COM"
1038844,"HTTP://WWW.JUMARMANAGEMENT.COM/"
1042534,"HTTP://WWW.EUROPACAPITAL.COM"
1044708,"HTTP://WWW.CRECIENTE-PARTNERS.COM/"
1050051,"HTTP://WWW.ARCUSINVEST.COM"
1050388,"HTTP://WWW.NEWARK.VC"
1050388,"HTTP://WWW.NEWARKVENTUREPARTNERS.COM"
1046971,"HTTP://PROOF.VC/"
1048220,"HTTP://WWW.IRONBRIDGE.COM.AU"
1048278,"HTTPS://WWW.AVENTICUM.COM"
1050942,"HTTP://WWW.ICONVENTURES.COM"
1046475,"HTTP://WWW.THEVRFUND.COM/"
1040180,"HTTP://WWW.ABRAAJ.COM"
1042779,"HTTP://WWW.PROCURITAS.COM"
1045861,"HTTPS://BROOKBAYCAPITAL.COM"
1047388,"HTTP://WWW.KINTAILCAPITAL.COM"
1047422,"HTTP://WWW.ORCHARDGROUP.COM"
1050555,"HTTPS://WWW.AVENTICUM.COM"
1052084,"HTTP://WWW.TASHTEGOLLC.COM"
1048068,"HTTP://WWW.SANTECAPITAL.COM"
1044007,"HTTP://WWW.UNION-PARK.COM"
1050256,"HTTPS://WWW.BREVANHOWARD.COM"
1047040,"HTTP://WWW.1KANSAI.COM"
1031422,"HTTP://WWW.CDHFUND.COM/EN/PRIVATE_EQUITY/INDEX.HTML"
1043205,"HTTP://WWW.VERDANECAPITAL.COM"
1036018,"HTTP://WWW.17CAPITAL.COM"
1046292,"HTTP://WWW.SNOWPARKCAP.COM/"
1048063,"HTTP://CORAZONCAP.COM/"
1044349,"HTTP://WWW.PANTONEQUITY.COM"
1044136,"HTTP://WWW.ESCHATONFUNDS.COM"
1026985,"HTTP://WWW.DPI-LLP.COM"
1044363,"HTTP://WWW.GRAPHENE.VC"
1047049,"HTTPS://WWW.VISIONBRAZIL.COM"
1042996,"HTTP://WWW.NEOIVYCAPITAL.COM/"
1033957,"HTTP://WWW.TRGPCAP.COM/"
1039785,"HTTP://SOUNDLINKPARTNERS.COM/"
1047992,"HTTP://WWW.DYTECHLAB.COM"
1048328,"HTTPS://WWW.RBOIL.COM"
1050336,"HTTP://WWW.HERMES-INVESTMENT.COM"
1051143,"HTTP://WWW.17CAPITAL.COM"
1048192,"HTTP://WWW.SANTEVENTURES.COM"
1047951,"HTTP://WWW.TECHSQUARETRADING.COM/"
1042991,"HTTP://WWW.TOKIOMARINEAM.CO.JP/"
1047823,"HTTP://WWW.MUDDYWATERSRESEARCH.COM"
1047823,"HTTP://WWW.MUDDYWATERSCAPITAL.COM (UNDER CONSTRUCTION)"
1045213,"HTTP://WWW.SEQUOIACAP.COM/US"
1046528,"HTTP://WWW.INVESTECASSETMANAGEMENT.COM"
1047400,"HTTPS://WWW.MONEY360.COM/"
1047836,"HTTP://BLOCKCHAIN.CAPITAL"
1047649,"HTTP://ATLASPRINCIPALS.COM"
1038352,"HTTP://ACUMEN.ORG"
1048859,"HTTP://WWW.BIGHORNASSET.COM"
1044545,"HTTP://WWW.VENTURE-SCIENCE.COM/"
1030630,"HTTP://WWW.PARAGONPARTNERS.IN"
1047588,"HTTP://WWW.SWIGELCAPITALMANAGEMENT.COM"
1048633,"HTTP://WWW.KINTAILCAPITAL.COM"
1049254,"HTTP://WWW.EVERSEPT.COM"
1048868,"HTTPS://WWW.REALTYMOGUL.COM (WEBSITE FOR REALTY MOGUL, CO., THE MANAGER OF RM MANAGER, LLC.)"
1039854,"HTTP://WWW.OPCAPITA.COM"
1043294,"HTTP://WWW.EXTRACTCAPITAL.COM"
1048224,"HTTP://XIOGROUP.COM"
1044593,"HTTP://WWW.CASINVESTMENTPARTNERS.COM"
1048860,"HTTP://WWW.MILITELLOCAPITAL.COM"
1050561,"HTTPS://WWW.NEWOCEANCAP.COM"
1042293,"HTTP://SAGEONEINVESTMENTS.COM/"
1044346,"HTTP://ARTEMISLP.COM"
1049869,"HTTPS://WWW.REALTYMOGUL.COM (WEBSITE FOR REALTY MOGUL, CO., THE MANAGER OF RM MANAGER, LLC.)"
1051509,"HTTP://SAASTRFUND.COM"
1045429,"HTTP://WWW.SAGILCAP.COM"
1049479,"HTTP://WWW.STONEHEDGELP.COM"
1037966,"HTTP://WWW.JABCAP.COM"
1049398,"HTTP://WWW.LLOYDSBANK.COM"
1049398,"HTTP://WWW.LLOYDSBANKCOMMERCIAL.COM/"
1046273,"HTTP://WWW.WORKING-CAP.COM"
1043984,"HTTP://WWW.M-CAM.COM/PRODUCTS"
1044529,"HTTP://WWW.SHOREPOINTSCAPITAL.COM"
1047963,"HTTP://WWW.GBFUND.ORG/"
1046132,"HTTP://WWW.CVASSETMANAGEMENT.COM"
1046130,"HTTP://WWW.FIRSTPATHWAY.COM/"
1042063,"HTTP://WWW.WINCREST.CAPITAL"
1049971,"HTTP://WWW.VANGUARDCANADA.CA"
1049792,"HTTP://WWW.1955.CAPITAL/"
1052205,"HTTP://RICHARDSONCAPITAL.COM"
1051899,"HTTP://BLUEBERRYVENTURES.VC/"
1044165,"HTTP://WWW.ANAVIOCAP.COM"
1044528,"HTTP://WWW.SHOREPOINTSCAPITAL.COM"
1044616,"HTTP://WWW.PILLARCOMPANIES.CO/"
1044707,"HTTPS://WWW.XFUND.COM"
1044783,"HTTP://WWW.APPOSITECAPITAL.COM"
1045608,"HTTP://WWW.VERDANECAPITAL.COM"
1045515,"HTTP://WWW.BARINGS.COM"
1039889,"HTTPS://WWW.THAYERVENTURES.COM"
1042507,"HTTP://WWW.ALITHION.COM/"
1043504,"HTTP://WWW.FORMICMGMT.COM/"
1043956,"HTTPS://SERVICES.INTRALINKS.COM/LOGIN/"
1043956,"HTTP://WWW.MONKSHILL.COM/"
1048429,"HTTP://WWW.SCIONASSET.COM"
1044217,"HTTP://WWW.GATERESIDENTIAL.COM"
1043951,"HTTP://ACRE.VC/"
1043919,"HTTP://WWW.MONEDA.CL"
1046113,"HTTPS://WWW.OMERSVENTURES.COM"
1043201,"HTTP://WHITESQUARECAPITAL.COM"
1047667,"HTTP://WWW.GRASSROOTSCAP.COM"
1045322,"HTTP://WWW.JUMARMANAGEMENT.COM/"
1043923,"HTTP://WWW.MONEDA.CL"
1045524,"HTTP://WWW.SANTECAPITAL.COM"
1042297,"HTTP://WWW.SCIPION-CAPITAL.COM/"
1046037,"HTTP://WWW.QUAEROCAPITAL.COM"
1045161,"HTTP://WWW.CLAIRVEST.COM"
1048869,"HTTP://WWW.BIGHORNASSET.COM"
1043630,"HTTP://WWW.LONGTAILALPHA.COM"
1046747,"HTTP://WWW.PIOLETCAPITAL.COM"
1032026,"HTTP://WWW.ATMOSCAPITAL.COM.BR/"
1044673,"HTTP://WWW.SANTEVENTURES.COM"
1046651,"HTTP://WWW.LLOYDSBANK.COM"
1046651,"HTTP://WWW.LLOYDSBANKCOMMERCIAL.COM/"
1047647,"HTTP://WWW.MUDDYWATERSRESEARCH.COM"
1047647,"HTTP://WWW.MUDDYWATERSCAPITAL.COM (UNDER CONSTRUCTION)"
1041095,"HTTP://BULLPENCAP.COM/"
1049227,"HTTP://WWW.NAVIGATIONCAPITAL.COM"
1041387,"HTTP://WWW.JABCAP.COM"
1043721,"HTTP://WWW.DEVELOPMICHIGAN.NET/"
1046250,"HTTP://WWW.ATLASINVEST.EU"
1047287,"HTTP://WWW.GALVANIZE.COM/VENTURE"
1047329,"HTTPS://WWW.THAYERVENTURES.COM"
1046034,"HTTP://WWW.GOODWATERCAP.COM"
1046699,"HTTP://WWW.TRIENTAM.COM"
1047153,"HTTP://WWW.ASTORIACAP.COM"
1045571,"HTTP://WWW.VENTURE51.COM/"
1046964,"HTTP://WWW.LVCPARTNERS.COM"
1046964,"HTTP://WWW.LONGUEVUECAPITAL.COM"
1047246,"HTTP://WWW.PROCURITAS.COM"
1043936,"HTTP://SAASTRFUND.COM"
1048027,"HTTP://WWW.QUANTGLOBALLLC.COM"
1049093,"HTTP://WWW.MENLOVC.COM"
1049093,"HTTP://WWW.MENLOVENTURES.COM"
1044961,"HTTP://WWW.LIGHTBOX.VC/"
1042058,"HTTP://LIGHTHOUSE-CANTON.COM"
1049591,"HTTP://WWW.AEWEUROPE.COM/EN/HOME.HTM"
1046403,"HTTP://WWW.FEDCAPPARTNERS.COM"
1043841,"HTTP://SERVICEPROVIDERCAPITAL.COM"
1048342,"HTTP://WWW.AXXONGROUP.COM.BR"
1043771,"HTTP://WWW.APAX.COM"
1049008,"HTTP://WWW.RESOURCEAMERICA.COM"
1045573,"HTTP://WWW.ALTAPARKCAPITAL.COM"
1039387,"HTTP://OLDWELLPARTNERS.COM"
1050152,"HTTP://ATLASPRINCIPALS.COM"
1039036,"HTTP://WWW.LOREMIPSUMPARTNERS.COM"
1045268,"HTTP://WWW.VENROCK.COM"
1047072,"HTTP://WWW.THEOREMLP.COM"
1037044,"HTTP://WWW.GNSECURITIES.COM"
1048719,"HTTP://WWW.WORKING-CAP.COM"
1044133,"HTTP://WWW.MAYFIELD.COM"
1044368,"HTTP://WWW.THEOPERANDGROUP.COM"
1050548,"HTTP://WWW.KHROMCAPITAL.COM"
1048334,"HTTPS://WWW.AVENTICUM.COM"
1048334,"HTTPS://WWW.AVENTICUMCAPITAL.COM"
1037826,"HTTP://DHALIONADVISORS.COM/"
1046031,"HTTP://WWW.MORPHEUS.COM"
1051220,"HTTP://TOWERHOUSEPARTNERS.COM"
1046024,"HTTP://WWW.KLINEHILL.COM/"
1045075,"HTTP://WWW.GLASSWING.VC"
1046503,"HTTP://WWW.ADVPARTNERS.COM/EN_US"
1050770,"HTTP://WWW.BENCHMARK.COM"
1048311,"HTTPS://WWW.WINTONCAPITAL.COM"
1055927,"HTTP://WWW.ICHIGOASSET.COM IS THE WEBSITE OF ICHIGO ASSET MANAGEMENT LTD."
1054265,"HTTP://WWW.ALPENGLOWCAP.COM"
1053317,"HTTPS://LONGWORTH.COM"
1050622,"HTTP://WWW.EVERSEPT.COM"
1049405,"HTTP://WWW.SLIFKAASSETMANAGEMENT.COM"
1048467,"HTTP://WWW.TOCCAP.COM/"
1047168,"HTTP://WWW.SELWOODAM.COM"
1051100,"HTTP://WWW.SEGANTII.COM"
1057874,"HTTP://WWW.LGT-ILS-PARTNERS.COM"
1056226,"HTTP://SUMMAEQUITY.COM/"
1058663,"HTTP://WWW.ALTAPARKCAPITAL.COM"
1051113,"HTTP://WWW.JUNGLE-VENTURES.COM"
1037134,"HTTP://WWW.ALPHAMUNDI.CH"
1045026,"HTTPS://THREALESTATE.COM"
1054808,"HTTP://STEAMBOATVC.COM"
1041955,"HTTP://LCMPARTNERS.EU/"
1055427,"HTTP://WWW.GMTPARTNERS.COM"
1052692,"HTTP://WWW.ZEBEDEECAPITAL.COM"
1057352,"HTTP://WWW.HSBCPRIVATEBANK.COM/INVEST/ALTERNATIVE-INVESTMENTS"
1039751,"HTTPS://WWW.AVANT.COM/"
1058256,"HTTP://WWW.OTTERCREEKMANAGEMENT.COM"
1054389,"HTTP://WWW.ICONVENTURES.COM"
1054457,"HTTPS://WWW.CANVASCAPITAL.COM.BR"
1057785,"HTTP://WWW.VICTORICAPITAL.COM"
1051938,"HTTP://WWW.ABERDEEN-ASSET.COM"
1041727,"HTTP://WWW.CP-IM.COM"
1041727,"HTTP://WWW.COALESCENCEPARTNERS.COM"
1041727,"HTTP://WWW.QINLINGCAPITAL.COM"
1041727,"HTTP://WWW.COALESCENCE-CAPITAL.COM"
1041727,"HTTP://WWW.COALESCENCECAP.COM"
1051170,"HTTP://EAGLEEQUITYHOLDINGS.COM"
1054407,"HTTPS://WWW.CANVASCAPITAL.COM.BR"
1055736,"HTTPS://WWW.DAGLLC.COM"
1058364,"HTTP://GENERALCATALYST.COM"
1054958,"HTTP://JOGCAPITAL.COM"
1045262,"HTTP://WWW.FEQUITY.COM"
1057456,"HTTP://WWW.QUESTACAPITAL.COM"
1054813,"HTTP://WWW.HALL-CAPITAL.COM"
1053725,"HTTP://WWW.VALARACAP.COM/"
1052717,"HTTP://TOWERHOUSEPARTNERS.COM"
1050950,"HTTP://PHOENICIANCAPITAL.COM/"
1040308,"HTTP://OFFROADCAPITALPARTNERS.COM/"
1054527,"HTTPS://WWW.CANVASCAPITAL.COM.BR"
1053680,"HTTP://STEAMBOATVC.COM/"
1040861,"HTTP://WWW.ZENSHINCAP.COM"
1052222,"HTTP://WWW.CAPULAGLOBAL.COM/"
1046487,"HTTP://WWW.KARMELCAP.COM"
1054427,"HTTP://WWW.ENIAC.VC"
1045844,"HTTP://WWW.PHASE4-PARTNERS.COM"
1055169,"HTTP://BLUEBERRYVENTURES.VC/"
1041958,"HTTP://SILVERSMITHCAPITAL.COM"
1051850,"HTTP://WWW.SENETCAPITAL.COM"
1055758,"HTTP://BRIDGESVENTURES.COM/"
1055758,"HTTP://BRIDGESVENTURES.COM/US"
1054870,"HTTP://WWW.GALENA-INVEST.COM"
1049074,"HTTP://CLEARCREEKCAPITAL.CO"
1054073,"HTTP://WWW.BARINGS.COM"
1051328,"HTTPS://BETAWORKS.COM/FUND/"
1058323,"HTTP://WWW.PINEBRIDGE.COM.HK/"
1055929,"HTTP://WWW.KEYTONEVC.COM"
1057031,"HTTP://WWW.CARDINALVC.COM"
1053988,"HTTPS://WWW.ATLAS-SQUARE.COM"
1058379,"HTTP://WWW.VERTEXONE.COM"
1058379,"HTTP://WWW.VERTEXONE.COM"
1055330,"HTTP://WWW.INFRASTRUCTURECAPITAL.COM.AU/"
1057581,"HTTP://WWW.SERONECAPITAL.COM/EN/"
1054845,"HTTP://WWW.DPI-LLP.COM"
1055505,"HTTPS://WWW.ANGELMD.CO/"
1055631,"HTTP://WWW.JUNGLE-VENTURES.COM"
1049750,"HTTP://WWW.QUANTEDGE.COM"
1056742,"HTTP://WWW.ALPHAEDISON.COM/"
1054600,"HTTPS://WWW.BARINGS.COM/"
1046040,"HTTPS://WWW.IVALDICAPITAL.COM"
1038120,"HTTP://WWW.XTIMBERS.COM/"
1052182,"HTTP://WWW.CORRIENTECAPITAL.COM"
1054884,"HTTPS://WWW.BARINGS.COM/"
1053271,"HTTP://WWW.OATV.COM"
1053561,"HTTP://WWW.COTACAPITAL.COM"
1056536,"HTTP://WWW.CIVICCAPITALGROUP.COM"
1048992,"HTTP://WWW.MONTERONEPARTNERS.COM"
1053778,"HTTP://WWW.VALAR.COM"
1053778,"HTTP://WWW.VALARVENTURES.COM"
1055664,"HTTPS://WWW.WINTONCAPITAL.COM"
1058394,"HTTP://WWW.TORQXCAPITAL.COM"
1053593,"HTTP://WWW.ADVENTPC.COM.AU"
1057691,"HTTP://WWW.XTIMBERS.COM/"
1057773,"HTTPS://WWW.ASSETMANAGEMENT.HSBC.COM/CA"
1058293,"HTTP://WWW.ARTHACAPITAL.COM"
1056081,"HTTP://WWW.SOUNDPOINTCAP.COM"
1056081,"HTTP://WWW.SOUNDPOINTCAP.COM"
1055346,"HTTP://WWW.SEGANTII.COM/"
1053741,"HTTP://WWW.ALPHAMUNDI.CH"
1047111,"HTTP://WWW.CEDARSTREETAM.COM/"
1054821,"HTTP://WWW.HALL-CAPITAL.COM"
1054825,"HTTP://WWW.HALL-CAPITAL.COM"
1046742,"HTTP://WWW.LINGERFELTCOMMONWEALTH.COM"
1054113,"HTTP://PTQCAP.COM/"
1055931,"HTTPS://DBAG.DE"
1054877,"HTTP://WWW.ABERDEEN-ASSET.COM"
1057589,"HTTP://INNOVATION.PARTNERS.ORG"
1049583,"HTTP://WWW.ARCUSINVEST.COM"
1057320,"HTTP://WWW.ARCUSINVEST.COM"
1056663,"HTTP://WWW.MARBLECAPITALLP.COM"
1051669,"HTTP://WWW.FRANKLINTEMPLETON.LU/"
1051669,"HTTPS://WWW.FRANKLINTEMPLETON.COM/"
1058563,"HTTP://WWW.TENFOLDCAPITAL.COM"
1052696,"HTTP://WWW.YARLUN.COM"
1058615,"HTTP://WWW.WYETREEAM.COM"
1057621,"HTTP://WWW.ABERDEENSVG.COM"
1058169,"HTTP://BRIDGESVENTURES.COM/"
1058169,"HTTP://BRIDGESVENTURES.COM/US"
1057855,"HTTP://WWW.LGTCP.COM"
1051108,"HTTP://WWW.COMPLUSAM.COM"
1053140,"HTTP://WWW.HERMES-INVESTMENT.COM"
1054859,"HTTP://WWW.DPI-LLP.COM"
1052787,"HTTPS://WWW.APERIOSPARTNERS.COM"
1049395,"HTTP://WWW.GLOBALSELECTIONADVISORS.COM"
1054531,"HTTPS://WWW.CANVASCAPITAL.COM.BR"
1056896,"HTTP://OSKIECAPITAL.COM/"
1056518,"HTTP://WWW.MADISON-INDIA.COM/"
1054526,"HTTPS://WWW.CANVASCAPITAL.COM.BR"
1057620,"HTTP://WWW.ABERDEENSVG.COM"
1056768,"HTTP://WWW.MADISON-INDIA.COM/"
