"FilingID","Fund Name","Fund ID","Adviser Name","Adviser SEC Number","Clients Solicited?"
1046863,"PROPHECY TRADING ADVISORS, LP",805-1434018557,"PROPHECY ASSET MANAGEMENT LP","801-75390","N"
1036493,"A-FCB-16-FUND, A SERIES OF ANGELLIST-NR-FUNDS, LLC",805-2364008138,"ANGELLIST ADVISORS","802-78135","N"
1036493,"A-TZN-42-FUND, A SERIES OF ANGELLIST-NR-FUNDS, LLC",805-3150712510,"ANGELLIST ADVISORS","802-78135","N"
1036493,"A-FRO-18-FUND, A SERIES OF ANGELLIST-NR-FUNDS, LLC",805-2524270473,"ANGELLIST ADVISORS","802-78135","N"
1036493,"A-STY-23-FUND, A SERIES OF ANGELLIST-NR-FUNDS, LLC",805-5433465158,"ANGELLIST ADVISORS","802-78135","N"
1036493,"NAVAL RAVIKANT AL FUND IV, LP",805-2571678157,"ANGELLIST ADVISORS","802-78135","N"
1036493,"A-FIZ-17-FUND, A SERIES OF ANGELLIST-NR-FUNDS, LLC",805-5329699418,"ANGELLIST ADVISORS","802-78135","N"
1054637,"ACM AMERICAS FIXED INCOME FUND",805-2981199287,"ACTINVER WEALTH MANAGEMENT, INC.","801-71135","Y"
1054637,"ACTIPLUUS, S.A. DE C.V., SOCIEDAD DE INVERSION EN INSTRUMENTOS DE DEUDA",805-3662019074,"OPERADORA ACTINVER","-","Y"
1054265,"WHITNEY CAPITAL SERIES FUND LLC",805-3974373214,"SCHONFELD STRATEGIC ADVISORS LLC","801-106963","N"
1043776,"ADP I LP",805-9233844091,"DEVELOPMENT PARTNERS INTERNATIONAL LLP","802-74686","N"
1043776,"AFRICAN DEVELOPMENT PARTNERS I, LLC",805-6752012701,"DEVELOPMENT PARTNERS INTERNATIONAL LLP","802-74686","N"
1040770,"PALOMA INTERNATIONAL LP",805-5315493818,"PALOMA PARTNERS MANAGEMENT COMPANY","801-72796","N"
1040900,"SNOW LAKE CHINA MASTER FUND, LTD.",805-6356388733,"SNOW LAKE CAPITAL LIMITED","802-75577","N"
1040900,"SNOW LAKE CHINA MASTER LONG FUND, LTD.",805-2936217051,"SNOW LAKE CAPITAL LIMITED","802-75577","N"
1053715,"COVALIS CAPITAL FUND LP",805-2150151221,"COVALIS CAPITAL LLP","802-107151","Y"
1053715,"COVALIS CAPITAL MASTER FUND LTD",805-8829676640,"COVALIS CAPITAL LLP","802-107151","N"
1053715,"COVALIS CAPITAL FUND LTD",805-4821928056,"COVALIS CAPITAL LLP","802-107151","Y"
1044759,"PRELUDE OPPORTUNITY FUND, LP",805-1637413029,"SPRINGBOK CAPITAL MANAGEMENT, LLC","801-73598","N"
1057874,"CROWN ALTERNATIVE INVESTMENTS SPC-LGT(KY) ILO FUND SEGREGATED PORTFOLIO",805-2536512572,"LGT CAPITAL PARTNERS (IRELAND) LIMITED","802-75610","N"
1057874,"CROWN ALTERNATIVE INVESTMENTS SPC-LGT (KY) ILS PLUS SEGREGATED PORTFOLIO",805-7716469487,"LGT CAPITAL PARTNERS (IRELAND) LIMITED","802-75610","N"
1044955,"BOOTHBAY ABSOLUTE RETURN STRATEGIES, LP",805-5663558974,"BOOTHBAY FUND MANAGEMENT","801-80018","N"
1057352,"SECONDARY CLUB DEAL II L.P.",805-4339165126,"HSBC ALTERNATIVE INVESTMENTS LIMITED","802-80518","N"
1057352,"THE REPUBLIC PRIVATE EQUITY TRUST",805-2988336948,"HSBC ALTERNATIVE INVESTMENTS LIMITED","802-80518","N"
1050256,"BREVAN HOWARD ASIA MASTER FUND LIMITED",805-4208028062,"BREVAN HOWARD CAPITAL MANAGEMENT, LP","801-74971","N"
1050256,"BREVAN HOWARD MASTER FUND LIMITED",805-8180846603,"BREVAN HOWARD CAPITAL MANAGEMENT, LP","802-74971","N"
1049558,"NR 1 SP, A SEGREGATED PORTFOLIO OF NORTH ROCK SPC",805-5517156357,"LIGHTHOUSE INVESTMENT PARTNERS, LLC","801-64978","N"
1049558,"MAP 208 SEGREGATED PORTFOLIO, A SEGREGATED PORTFOLIO OF LMA SPC",805-4944812942,"LIGHTHOUSE INVESTMENT PARTNERS, LLC","801-64978","N"
1042996,"BOOTHBAY ABSOLUTE RETURN STRATEGIES, LP",805-5663558974,"BOOTHBAY FUND MANAGEMENT","801-80018","N"
1055394,"PEMBERTON EUROPEAN MID-MARKET DEBT FUND I SCS, SICAV-FIS",805-4353823675,"PEMBERTON ASSET MANAGEMENT S.A","801-107832","N"
1055394,"PEMBERTON DEBT FUND SCS, SICAV-FIS",805-8250498092,"PEMBERTON ASSET MANAGEMENT S.A.","801-107832","N"
1051938,"ABERDEEN GLOBAL - INDIAN EQUITY FUND",805-4931719822,"ABERDEEN ASSET MANAGEMENT ASIA LIMITED","801-62020","N"
1043331,"ACM AMERICAS FIXED INCOME FUND",805-2981199287,"ACTINVER WEALTH MANAGEMENT, INC.","801-71135","Y"
1043331,"ACTIPLUUS, S.A. DE C.V., SOCIEDAD DE INVERSION EN INSTRUMENTOS DE DEUDA",805-3662019074,"OPERADORA ACTINVER","-","Y"
1045492,"PRELUDE OPPORTUNITY FUND, LP",805-1637413029,"SPRINGBOK CAPITAL MANAGEMENT, LLC","801-73598","N"
1050336,"THE ACCELERATOR FUND, LP",805-6749267868,"PACIFIC CURRENT GROUP","801-72415","N"
1039323,"WHITNEY CAPITAL SERIES FUND LLC - SERIES E2",805-2944688894,"SCHONFELD STRATEGIC ADVISORS LLC","801-106963","N"
1048938,"GOOD ENERGIES II LP",805-4693494502,"BREGAL INVESTMENTS, INC.","-","N"
1044205,"DEVELOP MICHIGAN REAL ESTATE FUND, LP",805-6817210356,"DEVELOP MICHIGAN, INC.","-","N"
1047992,"EMORY CAPITAL SERIES FUND LLC",805-6543531376,"SCHONFELD STRATEGIC ADVISORS LLC","801-106963","N"
1047992,"WHITNEY CAPITAL SERIES FUND LLC",805-3974373214,"SCHONFELD STRATEGIC ADVISORS LLC","801-106963","N"
1047992,"DUKE CAPITAL SERIES FUND LLC",805-8694674034,"SCHONFELD STRATEGIC ADVISORS LLC","801-106963","N"
1049856,"MAP 206 SEGREGATED PORTFOLIO, A SEGREGATED PORTFOLIO OF LMA SPC",805-3871156422,"LIGHTHOUSE INVESTMENT PARTNERS, LLC","801-64978","N"
1049856,"NR 1 SP, A SEGREGATED PORTFOLIO OF NORTH ROCK SPC",805-5517156357,"LIGHTHOUSE INVESTMENT PARTNERS, LLC","801-64978","N"
1048731,"BREGAL SAGEMOUNT II L.P.",805-7722113705,"BREGAL INVESTMENTS, INC.","-","N"
1048770,"BREGAL PARTNERS L.P.",805-7425074998,"BREGAL INVESTMENTS, INC.","-","N"
1048770,"BREGAL SAGEMOUNT I L.P.",805-9076921361,"BREGAL INVESTMENTS, INC.","-","N"
1048770,"BREGAL SAGEMOUNT DEBT INVESTMENT FUND L.P.",805-5157531414,"BREGAL INVESTMENTS, INC.","-","N"
1049906,"TO BE FORMED",805-9365335935,"N/A","-","N"
1057881,"WHITNEY CAPITAL SERIES FUND LLC",805-3974373214,"SCHONFELD STRATEGIC ADVISORS LLC","801-106963","N"
1042991,"TMAM-GO JAPAN ENGAGEMENT FUND",805-4613294791,"GO INVESTMENT PARTNERS LLP","801-68761","N"
1042991,"TMA / PATHWAY INVESTMENT COMPANY ONE",805-4205486355,"PATHWAY CAPITAL MANAGEMENT, LP","801-54251","N"
1042991,"TMA/PATHWAY PRIVATE EQUITY FUND II, L.P.",805-9929601941,"PATHWAY CAPITAL MANAGEMENT, LP","801-54251","N"
1042991,"TMA / PATHWAY PRIVATE EQUITY FUND III, LP",805-4649111226,"PATHWAY CAPITAL MANAGEMENT, LP","801-54251","N"
1042991,"TMA/PATHWAY PRIVATE EQUITY FUND IV, LP",805-5750077620,"PATHWAY CAPITAL MANAGEMENT, LP","801-54251","N"
1052222,"CROSS OCEAN EUR ESS FUND I L.P.",805-4277311933,"CROSS OCEAN ADVISER LLP","802-107174","N"
1052222,"CROSS OCEAN EUR ESS FUND I CAYMAN FEEDER L.P.",805-5733870305,"CROSS OCEAN ADVISER LLP","802-107174","N"
1052222,"CROSS OCEAN EUR ESS FUND I CO-INVESTMENT FEEDER L.P.",805-8224665175,"CROSS OCEAN ADVISER LLP","802-107174","N"
1052222,"CROSS OCEAN USD ESS FUND I L.P.",805-5688075900,"CROSS OCEAN ADVISER LLP","802-107174","N"
1052222,"CROSS OCEAN USD ESS FUND I CAYMAN FEEDER L.P.",805-4427352601,"CROSS OCEAN ADVISER LLP","802-107174","N"
1052222,"CROSS OCEAN USD ESS FUND I DELAWARE FEEDER L.P.",805-2290049844,"CROSS OCEAN ADVISER LLP","802-107174","N"
1048750,"BREGAL INVESTMENTS L.P.",805-4177890816,"BREGAL INVESTMENTS, INC.","-","N"
1048750,"BREGAL INVESTMENTS II L.P.",805-7319590080,"BREGAL INVESTMENTS, INC.","-","N"
1048750,"BREGAL INVESTMENTS III L.P.",805-6724814405,"BREGAL INVESTMENTS, INC.","-","N"
1048750,"BREGAL INVESTMENTS IV L.P.",805-5790603110,"BREGAL INVESTMENTS, INC.","-","N"
1048750,"BREGAL PRIVATE CAPITAL II L.P.",805-9585015808,"BREGAL INVESTMENTS, INC.","-","N"
1048750,"BREGAL PRIVATE CAPITAL L.P.",805-3392249132,"BREGAL INVESTMENTS, INC.","-","N"
1048750,"BREGAL PRIVATE EQUITY PARTNERS III L.P.",805-6719619765,"BREGAL INVESTMENTS, INC.","-","N"
1048750,"BREGAL PRIVATE EQUITY PARTNERS IV L.P.",805-4572894198,"BREGAL INVESTMENTS, INC.","-","N"
1042293,"LC INDIA MARKET NEUTRAL MASTER FUND",805-1155836594,"LIGHTHOUSE CANTON PTE LTD","802-108634","N"
1042293,"SAGEONE INDIA GROWTH MASTER FUND",805-3501263408,"LIGHTHOUSE CANTON PTE LTD","802-108634","N"
1048887,"RUSSELL GLOBAL SMALL CAP FUND",805-8429051390,"RUSSELL INVESTMENTS","801-17141","Y"
1024380,"IMSF (MAURITIUS) LIMITED - CLASS 2",805-8378378311,"RELIANCE ASSET MANAGEMENT (SINGAPORE) PTE. LTD.","802-80771","Y"
1052244,"CAPULA GLOBAL RELATIVE VALUE MASTER FUND LIMITED",805-2162872270,"CAPULA INVESTMENT MANAGEMENT LLP","802-75433","N"
1058323,"PINEBRIDGE GLOBAL EMERGING MARKETS PARTNERS II, L.P.",805-4970537226,"PINEBRIDGE INVESTMENTS LLC","801-18759","Y"
1055634,"PRELUDE OPPORTUNITY FUND, LP",805-1637413029,"SPRINGBOK CAPITAL MANAGEMENT, LLC","801-73598","N"
1042507,"COMPASS HTV LLC",805-7192318559,"MIO PARTNERS, INC.","801-41495","N"
1037966,"JABCAP EMEA MASTER FUND LIMITED",805-1526317005,"JABRE CAPITAL PARTNERS SA","802-74964","N"
1037966,"JABCAP MULTI STRATEGY MASTER FUND LIMITED",805-8392318311,"JABRE CAPITAL PARTNERS SA","802-74964","N"
1043804,"AFRICAN DEVELOPMENT PARTNERS II L.P.",805-5514244578,"DEVELOPMENT PARTNERS INTERNATIONAL LLP","802-74686","N"
1043804,"ADP II HOLDING 4 L.P.",805-1269148455,"DEVELOPMENT PARTNERS INTERNATIONAL LLP","802-74686","N"
1047135,"WHITNEY CAPITAL SERIES FUND LLC",805-3974373214,"SCHONFELD STRATEGIC ADVISORS LLC","801-106963","N"
1047135,"SCHONFELD FUNDAMENTAL EQUITY FUND LLC",805-9693867046,"SCHONFELD STRATEGIC ADVISORS LLC","801-106963","N"
1053700,"NR 1 SP, A SEGREGATED PORTFOLIO OF NORTH ROCK SPC",805-5517156357,"LIGHTHOUSE INVESTMENT PARTNERS, LLC","801-64978","N"
1053700,"MAP 207 SEGREGATED PORTFOLIO,  A SEGREGATED PORTFOLIO OF LMA SPC",805-7983612499,"LIGHTHOUSE INVESTMENT PARTNERS, LLC","801-64978","N"
1047667,"PROSPERO MICROFINANZAS FUND, L.P.",805-3103211656,"BOLIVIAN INVESTMENT MANAGEMENT LTD.","-","N"
1047667,"PROSPERO MICROFINANZAS FUND B, L.P.",805-1540302322,"BOLIVIAN INVESTMENT MANAGEMENT LTD.","-","N"
1047667,"CASPIAN IMPACT INVESTMENTS LTD",805-7517525346,"CASPIAN CAPITAL PARTNERS","-","N"
1047667,"INDIA FINANCIAL INCLUSION FUND",805-2235657521,"CASPIAN CAPITAL PARTNERS","-","N"
1046468,"NR 1 SP, A SEGREGATED PORTFOLIO OF NORTH ROCK SPC",805-5517156357,"LIGHTHOUSE INVESTMENT PARTNERS, LLC","801-64978","N"
1046468,"MAP 208 SEGREGATED PORTFOLIO, A SEGREGATED PORTFOLIO OF LMA SPC",805-4944812942,"LIGHTHOUSE INVESTMENT PARTNERS, LLC","801-64978","N"
1043923,"MONEDA LATIN AMERICAN SMALL CAPS FUND (CAYMAN), LTD.",805-7473494561,"MONEDA USA, INC.","801-74113","N"
1041907,"PEMBERTON EUROPEAN MID-MARKET DEBT FUND I SCS, SICAV-FIS",805-4353823675,"PEMBERTON ASSET MANAGEMENT S.A","801-107832","N"
1041907,"PEMBERTON DEBT FUND SCS, SICAV-FIS",805-8250498092,"PEMBERTON ASSET MANAGEMENT S.A.","801-107832","N"
1053123,"IK SMALL CAP FUND I",805-6078752733,"IK INVESTMENT PARTNERS LIMITED","802-74589","Y"
1056517,"INDIA CAPITAL FUND LIMITED",805-7646328011,"INDIA CAPITAL MANAGEMENT LIMITED","801-77056","N"
1056081,"INPOINT COMMERCIAL REAL ESTATE INCOME, INC",805-9978251584,"INLAND INPOINT ADVISOR, LLC","-","N"
1046250,"CARLYLE INTERNATIONAL ENERGY PARTNERS, LP",805-4423565791,"THE CARLYLE GROUP","801-52462","N"
1053967,"WILLIAM GREENLEAF ELIOT SEED FUND, LLC",805-4291341270,"WILLIAM GREENLEAF ELIOT SEED FUND MANAGER, LLC","-","N"
1054877,"ABERDEEN GLOBAL - INDIAN EQUITY FUND",805-4931719822,"ABERDEEN ASSET MANAGEMENT ASIA LIMITED","801-62020","N"
1045177,"THE SFP VALUE REALIZATION FUND L.P.",805-2748853792,"SYMPHONY FINANCIAL PARTNERS (SINGAPORE) PTE. LTD.","801-103475","N"
1056583,"MAP 173, A SEGREGATED PORTFOLIO OF LMA SPC",805-8546144252,"LIGHTHOUSE INVESTMENT PARTNERS, LLC","801-64978","N"
1047072,"CORBIN OPPORTUNITY FUND, LP",805-1470962946,"CORBIN CAPITAL PARTNERS, L.P.","801-63358","N"
1053140,"HERMES GLOBAL INVESTMENT FUNDS (CAYMAN) MASTER, SPC",805-4875733738,"HERMES INVESTMENT MANAGEMENT LIMITED","801-71218","Y"
1054851,"AFRICAN DEVELOPMENT PARTNERS II L.P.",805-5514244578,"DEVELOPMENT PARTNERS INTERNATIONAL LLP","802-74686","N"
1054851,"ADP II HOLDING 4 L.P.",805-1269148455,"DEVELOPMENT PARTNERS INTERNATIONAL LLP","802-74686","N"
1047965,"BREGAL PRIVATE CAPITAL L.P.",805-3392249132,"BREGAL INVESTMENTS, INC.","-","N"
1047965,"BREGAL INVESTMENTS II L.P.",805-7319590080,"BREGAL INVESTMENTS, INC.","-","N"
1047965,"BREGAL INVESTMENTS III L.P.",805-6724814405,"BREGAL INVESTMENTS, INC.","-","N"
1047965,"BREGAL INVESTMENTS IV L.P.",805-5790603110,"BREGAL INVESTMENTS, INC.","-","N"
1047965,"BREGAL INVESTMENTS L.P.",805-4177890816,"BREGAL INVESTMENTS, INC.","-","N"
1047965,"BREGAL PRIVATE CAPITAL II L.P.",805-9585015808,"BREGAL INVESTMENTS, INC.","-","N"
1047965,"BREGAL PRIVATE EQUITY PARTNERS III L.P.",805-6719619765,"BREGAL INVESTMENTS, INC.","-","N"
1047965,"BREGAL PRIVATE EQUITY PARTNERS IV L.P.",805-4572894198,"BREGAL INVESTMENTS, INC.","-","N"
1048787,"BREGAL SAGEMOUNT II-A L.P.",805-6296295887,"BREGAL INVESTMENTS, INC.","-","N"
1048787,"BREGAL SAGEMOUNT II-B L.P.",805-9356489366,"BREGAL INVESTMENTS, INC.","-","N"
1041937,"ADP I L.P.",805-9233844091,"DEVELOPMENT PARTNERS INTERNATIONAL LLP","802-74686","N"
1048719,"HIGH STREET PARTNERS, LTD.",805-7851194910,"WORKING CAPITAL MANAGEMENT","802-108695","N"
1048719,"WORKING CAPITAL PARTNERS, LTD.",805-5352520038,"WORKING CAPITAL MANAGEMENT","802-108695","N"
1055126,"MAP 198, A SEGREGATED PORTFOLIO OF LMA SPC",805-2499731210,"LIGHTHOUSE INVESTMENT PARTNERS, LLC","801-64978","N"
1057855,"CROWN ASIA-PACIFIC PRIVATE EQUITY II PLC",805-4058050815,"LGT CAPITAL PARTNERS (IRELAND) LIMITED","802-75610","N"
1057855,"CROWN EUROPE MIDDLE MARKET II PLC",805-6129566996,"LGT CAPITAL PARTNERS (IRELAND) LIMITED","802-75610","N"
1057855,"CROWN EUROPE SMALL BUYOUTS III PLC",805-3425095457,"LGT CAPITAL PARTNERS (IRELAND) LIMITED","802-75610","N"
1057855,"CROWN EUROPEAN BUYOUT OPPORTUNITIES II PLC",805-9191919392,"LGT CAPITAL PARTNERS (IRELAND) LIMITED","802-75610","N"
1057855,"CROWN GLOBAL SECONDARIES II PLC",805-6667894991,"LGT CAPITAL PARTNERS (IRELAND) LIMITED","802-75610","N"
1057855,"CROWN GLOBAL SECONDARIES III PLC",805-2702468607,"LGT CAPITAL PARTNERS (IRELAND) LIMITED","802-75610","N"
1057855,"CROWN PRIVATE EQUITY PLC",805-6223765525,"LGT CAPITAL PARTNERS (IRELAND) LIMITED","802-75610","Y"
1057855,"CROWN ALTERNATIVE INVESTMENTS SPC, CROWN MANAGED FUTURES SEGREGATED PORTFOLIO",805-1869497269,"LGT CAPITAL PARTNERS (IRELAND) LIMITED","802-75610","N"
1057855,"CROWN DISTRESSED CREDIT OPPORTUNITIES II PLC",805-3554412045,"LGT CAPITAL PARTNERS (IRELAND) LIMITED","802-75610","N"
1057855,"CROWN CO-INVESTMENT OPPORTUNITIES PLC",805-4428019798,"LGT CAPITAL PARTNERS (IRELAND) LIMITED","802-75610","N"
1057855,"CROWN GLOBAL OPPORTUNITIES VI PLC",805-1334698508,"LGT CAPITAL PARTNERS (IRELAND) LIMITED","802-75610","N"
1057855,"CROWN EUROPE MIDDLE MARKET III PLC",805-4037892466,"LGT CAPITAL PARTNERS (IRELAND) LIMITED","802-75610","N"
1057855,"CROWN ASIA-PACIFIC PRIVATE EQUITY III PLC",805-3911562086,"LGT CAPITAL PARTNERS (IRELAND) LIMITED","802-75610","N"
1057855,"CROWN GLOBAL SECONDARES IV PLC",805-3748713054,"LGT CAPITAL PARTNERS (IRELAND) LIMITED","802-75610","N"
1057855,"CROWN EUROPE SMALL BUYOUTS IV PLC",805-9558808827,"LGT CAPITAL PARTNERS (IRELAND) LIMITED","802-75610","N"
1057855,"CROWN SECONDARIES SPECIAL OPPORTUNITIES PLC",805-3719262638,"LGT CAPITAL PARTNERS (IRELAND) LIMITED","802-75610","N"
1057855,"CROWN DISTRESSTED CREDIT OPPORTUNITIES III PLC",805-2350263259,"LGT CAPITAL PARTNERS (IRELAND) LIMITED","802-75610","N"
1042729,"ROGER DICKEY, LP",805-5710106502,"ANGELLIST ADVISORS, LLC","801-78135","N"
1042729,"MARINE LAYER VENTURES, LP",805-7417538014,"ANGELLIST ADVISORS, LLC","801-78135","N"
1042729,"RICK MARINI I, LP",805-9059565513,"ANGELLIST ADVISORS, LLC","801-78135","N"
1042729,"OPEN SOURCE FUND, LP",805-7661494162,"ANGELLIST ADVISORS, LLC","801-78135","N"
1042729,"BUILD CAPITAL I, LP",805-2148343444,"ANGELLIST ADVISORS, LLC","801-78135","N"
1042729,"WEAVE CAPITAL, LP",805-2558305524,"ANGELLIST ADVISORS, LLC","801-78135","N"
1052250,"CAPULA GLOBAL RELATIVE VALUE MASTER FUND LIMITED",805-2162872270,"CAPULA INVESTMENT MANAGEMENT LLP","802-75433","N"
1052250,"CAPULA TAIL RISK MASTER FUND LIMITED",805-9956713521,"CAPULA INVESTMENT MANAGEMENT LLP","802-75433","N"
