"FilingID","ReferenceID","SubreferenceID","Foreign Regulatory Authority"
"1008763","5021","12988","Cayman Islands - Cayman Islands Monetary Authority"
"1008763","120585","83431","Cayman Islands - Cayman Islands Monetary Authority"
"1011012","169119","116157","Cayman Islands - Cayman Islands Monetary Authority"
"1011823","43409","7853","Other - CAYMAN ISLANDS MONETARY AUTHORITY"
"1011823","43416","7858","Other - CAYMAN ISLANDS MONETARY AUTHORITY"
"1011823","43409","7851","Other - CAYMAN ISLANDS MONETARY AUTHORITY"
"1008991","171186","116756","Cayman Islands - Cayman Islands Monetary Authority"
"1008991","171186","116757","Cayman Islands - Cayman Islands Monetary Authority"
"1008260","177187","117816","Cayman Islands - Cayman Islands Monetary Authority"
"1008260","177187","117817","Cayman Islands - Cayman Islands Monetary Authority"
"1012339","4128","1449","Cayman Islands - Cayman Islands Stock Exchange Authority"
"1012339","4128","1447","Cayman Islands - Cayman Islands Stock Exchange Authority"
"1012339","4128","1448","Cayman Islands - Cayman Islands Stock Exchange Authority"
"1006441","177081","117803","Cayman Islands - Cayman Islands Monetary Authority"
"1006441","43506","7878","Other - CAYMAN ISLANDS MONETARY AUTHORITY"
"1006441","64792","13198","Other - CAYMAN ISLANDS MONETARY AUTHORITY"
"1004963","40165","7340","Other - CAYMAN ISLANDS MONETARY AUTHORITY"
"1004963","63059","12784","Other - CAYMAN ISLANDS MONETARY AUTHORITY"
"1013558","55167","10885","Other - CAYMAN ISLANDS MONETARY AUTHORITY"
"1013786","44777","8097","Other - CAYMAN ISLANDS MONETARY AUTHORITY"
"1007834","65805","13439","Jersey - Jersey Financial Services Commission"
"1007834","65827","13451","Jersey - Jersey Financial Services Commission"
"1008255","57045","11357","Cayman Islands - Cayman Islands Monetary Authority"
"1008255","57045","11356","Cayman Islands - Cayman Islands Monetary Authority"
"1008255","57045","11358","Cayman Islands - Cayman Islands Monetary Authority"
"1008255","177186","117813","Cayman Islands - Cayman Islands Monetary Authority"
"1008255","177186","117814","Cayman Islands - Cayman Islands Monetary Authority"
"1008264","64136","13012","Cayman Islands - Cayman Islands Monetary Authority"
"1015140","47734","8730","Other - CAYMAN ISLANDS MONETARY AUTHORITY"
"1015151","55571","109574","Guernsey - Guernsey Financial Services Commission"
"1015165","55571","109574","Guernsey - Guernsey Financial Services Commission"
"1014500","59330","11967","Cayman Islands - Cayman Islands Monetary Authority"
"1015119","18608","3662","British Virgin Islands - British Virgin Islands Financial Services Commission"
"1015119","58578","11821","Cayman Islands - Cayman Islands Monetary Authority"
"1009785","64827","13213","Cayman Islands - Cayman Islands Monetary Authority"
"971036","13251","2840","Other - CAYMAN ISLAND MONETARY AUTHORITY"
"971036","13251","2842","Other - CAYMAN ISLAND MONETARY AUTHORITY"
"1007423","174582","117361","Cayman Islands - Cayman Islands Monetary Authority"
"1007405","68041","13952","Cayman Islands - Cayman Islands Monetary Authority"
"1007405","68041","13953","Cayman Islands - Cayman Islands Monetary Authority"
"1008254","57045","11357","Cayman Islands - Cayman Islands Monetary Authority"
"1008254","57045","11356","Cayman Islands - Cayman Islands Monetary Authority"
"1008254","57045","11358","Cayman Islands - Cayman Islands Monetary Authority"
"996710","72373","58365","Cayman Islands - Cayman Islands Monetary Authority"
"1004514","64578","13129","Jersey - Jersey Financial Services Commission"
"1004514","44417","13130","Jersey - Jersey Financial Services Commission"
"1004514","44418","13131","Jersey - Jersey Financial Services Commission"
"1004514","73211","33370","Jersey - Jersey Financial Services Commission"
"1004514","176363","117709","Jersey - Jersey Financial Services Commission"
"1006211","16342","3282","Ireland -  Central Bank of Ireland"
"980393","177121","117810","Cayman Islands - Cayman Islands Monetary Authority"
"1002905","44430","14102","Cayman Islands - Cayman Islands Monetary Authority"
"1002905","44430","8019","Other - CAYMAN ISLANDS/CAYMAN ISLANDS MONETARY AUTHORITY"
"1002905","44430","14101","Cayman Islands - Cayman Islands Monetary Authority"
"1002905","44430","8022","Other - CAYMAN ISLANDS/CAYMAN ISLANDS MONETARY AUTHORITY"
"999839","120717","83461","Cayman Islands - Cayman Islands Monetary Authority"
"1006350","57045","11357","Cayman Islands - Cayman Islands Monetary Authority"
"1006350","57045","11356","Cayman Islands - Cayman Islands Monetary Authority"
"1006350","57045","11358","Cayman Islands - Cayman Islands Monetary Authority"
"1006211","16342","3282","Other - IRISH FINANCIAL SERVICES REGULATORY AUTHORITY (IFSRA)"
"1006211","16387","3290","Other - IRISH FINANCIAL SERVICES REGULATORY AUTHORITY (IFSRA)"
"1006211","16387","3290","Ireland -  Central Bank of Ireland"
"986756","4550","3160","Other - CAYMAN ISLANDS MONETARY AUTHORITY"
"986756","15286","3167","Other - CAYMAN ISLANDS MONETARY AUTHORITY"
"986756","7145","1993","Other - CAYMAN ISLAND MONETARY AUTHORITY"
"1007732","43514","7887","Other - CAYMAN ISLANDS MONETARY AUTHORITY"
"1007732","43514","7885","Other - CAYMAN ISLANDS MONETARY AUTHORITY"
"1006213","63477","12864","Cayman Islands - Cayman Islands Monetary Authority"
"1010069","172814","116980","Other - KINGDOM OF SAUDI ARABIA - CAPITAL MARKETS AUTHORITY"
"1010069","172814","116980","Singapore - Monetary Authority of Singapore"
"1010069","172929","117019","Other - KINGDOM OF SAUDI ARABIA - CAPITAL MARKETS AUTHORITY"
"1010069","172929","117019","Singapore - Monetary Authority of Singapore"
"1010356","46018","8314","Ireland -  Central Bank of Ireland"
"1010019","177280","117829","Cayman Islands - Cayman Islands Monetary Authority"
"1002879","175709","117555","Cayman Islands - Cayman Islands Monetary Authority"
"1020288","158918","107497","Cayman Islands - Cayman Islands Monetary Authority"
"1024732","32066","5881","Other - CAYMAN ISLANDS MONETARY AUTHORITY"
"1024732","32066","5882","Other - CAYMAN ISLANDS MONETARY AUTHORITY"
"1024732","32149","5888","Other - CAYMAN ISLANDS MONETARY AUTHORITY"
"1024732","32149","5889","Other - CAYMAN ISLANDS MONETARY AUTHORITY"
"1024732","32066","5877","Other - CAYMAN ISLANDS MONETARY AUTHORITY"
"1024732","32066","5879","Other - CAYMAN ISLANDS MONETARY AUTHORITY"
"1024732","32066","5880","Other - CAYMAN ISLANDS MONETARY AUTHORITY"
"1024732","32149","13092","Cayman Islands - Cayman Islands Monetary Authority"
"1013592","57562","11563","Cayman Islands - Cayman Islands Monetary Authority"
"1026498","42206","7618","Mauritius, Republic of - Financial Services Commission"
"1026498","42237","7626","Mauritius, Republic of - Financial Services Commission"
"1020864","6853","1945","Other - CAYMAN ISLANDS MONETARY AUTHORITY"
"1024792","169119","116157","Cayman Islands - Cayman Islands Monetary Authority"
"1025277","19062","5329","Mauritius, Republic of - Financial Services Commission"
"1018230","177663","117886","Cayman Islands - Cayman Islands Monetary Authority"
"1016702","176108","117651","Cayman Islands - Cayman Islands Monetary Authority"
"1016702","176165","117708","Cayman Islands - Cayman Islands Monetary Authority"
"1016702","73928","39376","Other - CAYMAN ISLANDS MONETARY AUTHORITY"
"1016702","73932","39378","Other - CAYMAN ISLANDS MONETARY AUTHORITY"
"1016702","73932","39379","Other - CAYMAN ISLANDS MONETARY AUTHORITY"
"1016702","50037","9257","Other - CAYMAN ISLANDS MONETARY AUTHORITY"
"1016702","50037","9258","Other - CAYMAN ISLANDS MONETARY AUTHORITY"
"1016702","22136","4267","Other - CAYMAN ISLANDS MONETARY AUTHORITY"
"1016702","22136","4268","Other - CAYMAN ISLANDS MONETARY AUTHORITY"
"1016702","22136","4269","Other - CAYMAN ISLANDS MONETARY AUTHORITY"
"1016702","22136","4270","Other - CAYMAN ISLANDS MONETARY AUTHORITY"
"1016702","22985","4347","Other - CAYMAN ISLANDS MONETARY AUTHORITY"
"1016702","23013","4354","Other - CAYMAN ISLANDS MONETARY AUTHORITY"
"1016702","22994","4351","Other - CAYMAN ISLANDS MONETARY AUTHORITY"
"1016702","22136","9534","Other - CAYMAN ISLANDS MONETARY AUTHORITY"
"1016186","1084","1037","Other - CAYMAN ISLANDS MONETARY AUTHORITY"
"1018724","170363","116629","Ireland -  Central Bank of Ireland"
"1018724","170363","116630","Ireland -  Central Bank of Ireland"
"1017597","1084","1037","Other - CAYMAN ISLANDS MONETARY AUTHORITY"
"1021741","66483","13592","Cayman Islands - Cayman Islands Monetary Authority"
"1021741","66483","13591","Cayman Islands - Cayman Islands Monetary Authority"
"1021268","120357","83389","Cayman Islands - Cayman Islands Monetary Authority"
"1021434","177958","117948","Cayman Islands - Cayman Islands Monetary Authority"
"1018792","18813","3852","Other - CAYMAN ISLANDS MONETARY AUTHORITY"
"1020076","24539","7540","Guernsey - Guernsey Financial Services Commission"
"1020076","24533","4528","Guernsey - Guernsey Financial Services Commission"
"1020076","24533","4529","Guernsey - Guernsey Financial Services Commission"
"1020076","34048","6518","Guernsey - Guernsey Financial Services Commission"
"1020076","34010","6605","Guernsey - Guernsey Financial Services Commission"
"1020076","54999","10853","Guernsey - Guernsey Financial Services Commission"
"1020076","24539","13098","Guernsey - Guernsey Financial Services Commission"
"1020076","24533","13099","Guernsey - Guernsey Financial Services Commission"
"1020076","24537","13100","Guernsey - Guernsey Financial Services Commission"
"1020076","158920","107500","Guernsey - Guernsey Financial Services Commission"
"1020076","55001","10854","Guernsey - Guernsey Financial Services Commission"
"1022805","17577","3469","Other - CAYMAN ISLANDS - CAYMAN ISLANDS MONETARY AUTHORITY"
"1022805","17577","3474","United Kingdom - Financial Conduct Authority"
"1022805","17577","3474","Guernsey - Guernsey Financial Services Commission"
"1022805","17943","3537","Other - CAYMAN ISLANDS - CAYMAN ISLANDS MONETARY AUTHORITY"
"1022805","18748","3695","Other - CAYMAN ISLANDS - CAYMAN ISLANDS MONETARY AUTHORITY"
"1022805","157794","106473","Other - CAYMAN ISLANDS - CAYMAN ISLANDS MONETARY AUTHORITY"
"1023162","67449","116764","Cayman Islands - Cayman Islands Monetary Authority"
"1023162","67449","13806","Cayman Islands - Cayman Islands Monetary Authority"
"1025274","18092","5327","Mauritius, Republic of - Financial Services Commission"
"1016973","167050","115788","Other - N/A"
"1016973","167050","115787","Cayman Islands - Cayman Islands Monetary Authority"
"1026580","68661","14117","Cayman Islands - Cayman Islands Monetary Authority"
"1015137","67080","13741","Cayman Islands - Cayman Islands Monetary Authority"
"1015137","66787","13676","Cayman Islands - Cayman Islands Monetary Authority"
"1023294","167044","115784","Cayman Islands - Cayman Islands Monetary Authority"
"1023294","167044","115785","United Kingdom - Financial Conduct Authority"
"1023294","167044","115785","Cayman Islands - Cayman Islands Monetary Authority"
"1020193","57981","11703","Cayman Islands - Cayman Islands Monetary Authority"
"1020040","63667","12899","Cayman Islands - Cayman Islands Monetary Authority"
"1020040","63667","12900","Cayman Islands - Cayman Islands Monetary Authority"
"1023513","34655","6634","Other - CENTRAL BANK OF CYPRUS"
"1023513","34655","6432","Other - CAYMAN ISLANDS MONETARY AUTHORITY"
"1023513","36600","6963","Other - CAYMAN ISLANDS MONETARY AUTHORITY"
"1023513","36600","6965","Other - CENTRAL BANK OF CYPRUS"
"1024366","178175","117985","Cayman Islands - Cayman Islands Monetary Authority"
"1024366","7904","2107","Other - CAYMAN ISLANDS - CAYMAN ISLANDS MONETARY AUTHORITY"
"1026675","17011","3383","Other - CAYMAN ISLANDS MONETARY AUTHORITY"
"1026675","17940","3536","Cayman Islands - Cayman Islands Monetary Authority"
"1026675","58420","11781","Other - NONE"
"1021321","73736","39368","Other - CAYMAN ISLANDS MONETARY AUTHORITY"
"1021321","27676","7134","Other - CAYMAN ISLANDS MONETARY AUTHORITY"
"1021321","27184","6961","Other - CAYMAN ISLANDS MONETARY AUTHORITY"
"1023748","28213","5179","Other - NOT REGULATED"
"1023748","28213","5180","Other - NOT REGULATED"
"1023748","28167","5164","Other - NOT REGULATED"
"1023748","28183","5170","Other - NOT REGULATED"
"1024033","168593","116074","Other - N/A"
"1024033","168593","116073","Other - MALTA FINANCIAL SERVICES AUTHORITY (MFSA)"
"997986","40654","10856","Other - CAYMAN ISLANDS MONETARY AUTHORITY"
"1021013","162203","109585","Cayman Islands - Cayman Islands Monetary Authority"
"1021013","162198","109583","Cayman Islands - Cayman Islands Monetary Authority"
"1027133","177932","117941","Cayman Islands - Cayman Islands Monetary Authority"
"1021760","4128","1449","Cayman Islands - Cayman Islands Stock Exchange Authority"
"1021760","4128","1447","Cayman Islands - Cayman Islands Stock Exchange Authority"
"1021760","4128","1448","Cayman Islands - Cayman Islands Stock Exchange Authority"
"1016083","59330","11967","Cayman Islands - Cayman Islands Monetary Authority"
"1020943","12438","2762","Other - CAYMAN ISLANDS MONETARY AUTHORITY"
"1017733","67279","13760","Cayman Islands - Cayman Islands Monetary Authority"
"1021435","73736","39368","Other - CAYMAN ISLANDS MONETARY AUTHORITY"
"1021435","27676","7134","Other - CAYMAN ISLANDS MONETARY AUTHORITY"
"1021435","27184","6961","Other - CAYMAN ISLANDS MONETARY AUTHORITY"
"1024082","8724","2259","Other - CAYMAN ISLANDS MONETARY AUTHORITY"
"1024082","8693","2261","Other - CAYMAN ISLANDS MONETARY AUTHORITY"
"1022531","55146","10882","Other - CAYMAN ISLANDS MONETARY AUTHORITY"
"1022531","55146","10883","Other - CAYMAN ISLANDS MONETARY AUTHORITY"
"1026461","177771","117976","Cayman Islands - Cayman Islands Monetary Authority"
"1026492","68041","13952","Cayman Islands - Cayman Islands Monetary Authority"
"1026492","68041","13953","Cayman Islands - Cayman Islands Monetary Authority"
"1018944","171186","116756","Cayman Islands - Cayman Islands Monetary Authority"
"1018944","171186","116757","Cayman Islands - Cayman Islands Monetary Authority"
"1021764","157792","106471","Other - CAYMAN ISLANDS MONETARY AUTHORITY"
"1021764","46571","8416","Other - CAYMAN ISLANDS MONETARY AUTHORITY"
"1015798","31718","5777","Other - CAYMAN ISLANDS MONETARY AUTHORITY"
"1022295","57999","14079","Cayman Islands - Cayman Islands Monetary Authority"
"1021287","120360","83384","Cayman Islands - Cayman Islands Monetary Authority"
"1021287","63934","12973","Cayman Islands - Cayman Islands Monetary Authority"
"999016","54944","10839","British Virgin Islands - British Virgin Islands Financial Services Commission"
"1021580","20444","3980","Other - CAYMAN ISLANDS MONETARY AUTHORITY"
"1020857","177954","117969","Cayman Islands - Cayman Islands Monetary Authority"
"1020857","177954","117968","Cayman Islands - Cayman Islands Monetary Authority"
"1020149","177932","117941","Cayman Islands - Cayman Islands Monetary Authority"
"1026018","23059","4566","Other - CAYMAN ISLANDS MONETARY AUTHORITY"
"1020922","65182","13307","Cayman Islands - Cayman Islands Monetary Authority"
"1025535","167329","115856","Cayman Islands - Cayman Islands Monetary Authority"
"1018020","61813","12528","Cayman Islands - Cayman Islands Monetary Authority"
"1018020","37784","7590","Other - CAYMAN - CAYMAN ISLANDS MONETARY AUTHORITY (CIMA)"
"1025464","17011","3383","Other - CAYMAN ISLANDS MONETARY AUTHORITY"
"1025464","17940","3536","Cayman Islands - Cayman Islands Monetary Authority"
"1025464","58420","11781","Other - NONE"
"1026023","65453","13379","Cayman Islands - Cayman Islands Monetary Authority"
"1017495","15999","3238","Other - NOT REGULATED"
"1017495","177616","117872","Other - NOT REGULATED"
"1026776","43416","118037","Cayman Islands - Cayman Islands Monetary Authority"
"1026776","43416","118035","Cayman Islands - Cayman Islands Monetary Authority"
"1010408","3474","1378","Other - CAYMAN ISLANDS MONETARY AUTHORITY"
"1010408","3474","1377","Other - CAYMAN ISLANDS MONETARY AUTHORITY"
"1023141","54982","10851","Cayman Islands - Cayman Islands Monetary Authority"
"1021187","6853","1945","Other - CAYMAN ISLANDS MONETARY AUTHORITY"
"1019045","29331","5342","Other - CAYMAN ISLANDS/CAYMAN ISLANDS MONETARY AUTHORITY"
"1025000","158930","107528","Cayman Islands - Cayman Islands Monetary Authority"
"1023767","177958","117948","Cayman Islands - Cayman Islands Monetary Authority"
"1021452","55571","109574","Guernsey - Guernsey Financial Services Commission"
"1026963","178359","118026","Cayman Islands - Cayman Islands Monetary Authority"
"1026978","32066","5881","Other - CAYMAN ISLANDS MONETARY AUTHORITY"
"1026978","32066","5882","Other - CAYMAN ISLANDS MONETARY AUTHORITY"
"1026978","32149","5888","Other - CAYMAN ISLANDS MONETARY AUTHORITY"
"1026978","32149","5889","Other - CAYMAN ISLANDS MONETARY AUTHORITY"
"1026978","32066","5877","Other - CAYMAN ISLANDS MONETARY AUTHORITY"
"1026978","32066","5879","Other - CAYMAN ISLANDS MONETARY AUTHORITY"
"1026978","32066","5880","Other - CAYMAN ISLANDS MONETARY AUTHORITY"
"1026978","32149","13092","Cayman Islands - Cayman Islands Monetary Authority"
"1024797","5558","1679","Other - CAYMAN ISLANDS MONETARY AUTHORITY"
"1025791","33524","10833","Jersey - Jersey Financial Services Commission"
"1019687","53933","10576","Other - CAYMAN ISLANDS MONETARY AUTHORITY"
"1019687","14189","3008","Other - CAYMAN ISLANDS MONETARY AUTHORITY"
"1019687","14193","3009","Other - CAYMAN ISLANDS MONETARY AUTHORITY"
"1019687","14196","3010","Other - CAYMAN ISLANDS MONETARY AUTHORITY"
"1019687","14198","3011","Other - CAYMAN ISLANDS MONETARY AUTHORITY"
"1019687","14201","3012","Other - CAYMAN ISLANDS MONETARY AUTHORITY"
"1018756","51396","117922","Cayman Islands - Cayman Islands Monetary Authority"
"1019162","55146","10883","Other - CAYMAN ISLANDS MONETARY AUTHORITY"
"1019162","55146","10882","Other - CAYMAN ISLANDS MONETARY AUTHORITY"
"1025463","2655","1274","Other - CIMA, CAYMAN ISLANDS"
"1026311","178359","118026","Cayman Islands - Cayman Islands Monetary Authority"
"1021402","66136","13538","United Kingdom - Financial Conduct Authority"
"1021402","66184","13539","United Kingdom - Financial Conduct Authority"
"1017276","177771","117976","Cayman Islands - Cayman Islands Monetary Authority"
"1026904","58256","118039","Bermuda - Bermuda Monetary Authority"
"1019422","11123","2608","Other - CAYMAN ISLANDS - CAYMAN ISLANDS MONETARY AUTHORITY"
"1017057","177977","117952","Cayman Islands - Cayman Islands Monetary Authority"
"1017057","166658","117949","Cayman Islands - Cayman Islands Monetary Authority"
"1022273","90230","67364","Cayman Islands - Cayman Islands Monetary Authority"
"1017749","72373","58365","Cayman Islands - Cayman Islands Monetary Authority"
"1027040","14033","2985","Other - CAYMAN ISLANDS MONETARY AUTHORITY"
"1027040","14033","3650","Other - CAYMAN ISLANDS MONETARY AUTHORITY"
"1027040","172002","116854","Cayman Islands - Cayman Islands Monetary Authority"
