"FilingID","WEB_ADRS_NM"
"944418","HTTP://WWW.STEELHEADCM.COM/"
"953066","HTTP://WWW.ZENERGYVENTURES.COM"
"952739","HTTP://WWW.EIPALPHA.COM"
"953198","HTTP://WWW.FLOWPOINTCAPITAL.COM"
"948213","HTTP://SIGNUMINV.COM/"
"954296","HTTP://WWW.CDHFUND.COM/EN/PRIVATE_EQUITY/INDEX.HTML"
"950392","HTTP://WWW.LANTERANAM.COM"
"950392","HTTP://WWW.LANTERNCP.COM"
"952521","HTTP://WWW.TUATARACAPITAL.COM"
"953322","HTTPS://WWW.ANGELESEQUITY.COM"
"953322","HTTPS://WWW.ANGELESEQUITYPARTNERS.COM"
"950258","HTTP://WWW.HEADWAYCAP.COM"
"939894","HTTP://WWW.SCIPION-CAPITAL.COM/"
"953689","HTTP://WWW.RONITCAPITAL.COM"
"953842","HTTP://WWW.YARLUN.COM"
"951348","HTTP://WWW.EDGESTONE.COM"
"948466","HTTP://WWW.RWCPARTNERS.COM"
"949275","HTTP://WWW.GRANITEPOINT.COM"
"951639","HTTP://WWW.TRPFUND.COM/"
"950674","HTTP://WWW.STONEGOFF.COM/"
"954134","HTTP://WWW.WILSHIREFP.COM"
"954134","HTTP://WWW.WFPFUND.COM"
"954134","HTTP://WWW.WFPFUNDS.COM"
"954134","HTTP://WWW.WFPINCOMEFUND.COM"
"954134","HTTP://WWW.WFPOPPORTUNITYFUND.COM"
"954134","HTTP://WWW.WFPTRUSTDEED.COM"
"954134","HTTP://WWW.WFPTRUSTDEEDS.COM"
"954134","HTTP://WWW.WILSHIREFPWEALTH.COM"
"954134","HTTP://WWW.WILSHIRELENDER.COM"
"954134","HTTP://WWW.WILSHIRETRUSTDEED.COM"
"954134","HTTP://WWW.WILSHIRETRUSTDEEDS.COM"
"952996","HTTP://WWW.PERMIRA.COM/"
"951512","HTTP://WWW.TOCCAP.COM/"
"952691","HTTPS://WWW.PACIFICLAKE.COM"
"953731","HTTP://WWW.DBPE.COM"
"953731","HTTP://WWW.DB.COM"
"953775","HTTP://WWW.DEAM-SINGAPORE.COM"
"953775","HTTP://WWW.DB.COM"
"953775","HTTP://WWW.DBPE.COM"
"951709","HTTP://WWW.PANTONEQUITY.COM"
"954526","HTTP://MEYERBERGMAN.COM"
"951770","HTTP://ECLIPSE.VC"
"955230","HTTP://WWW.LANTERANAM.COM"
"955230","HTTP://WWW.LANTERNCP.COM"
"954777","HTTP://WWW.SILVARISCAPITAL.COM"
"954862","HTTP://WWW.LLOYDSBANK.COM"
"954862","HTTP://WWW.LLOYDSBANKCOMMERCIAL.COM/"
"955282","HTTPS://WWW.CHEYNECAPITAL.COM"
"953272","HTTPS://WWW.VEPARTNERS.COM"
"947966","HTTP://BLUEBERRYVENTURES.VC/"
"954907","HTTP://WWW.FINCHWOODCAPITAL.COM"
"954464","HTTP://WWW.STEELHEADCM.COM/"
"954527","HTTP://WWW.HTCAPITAL.HK"
"954529","HTTP://WWW.HTCAPITAL.HK"
"937068","HTTP://WWW.ION-AM.COM"
"954674","HTTP://WWW.NEWBURYVENTURES.COM"
"954674","HTTP://WWW.RISINGTIDEFUND.COM"
"952263","HTTP://WWW.CORRIBCAPITAL.COM"
"954768","HTTPS://WWW.CHEYNECAPITAL.COM"
"955692","HTTP://CONVERGEVP.COM/"
"953110","HTTP://WWW.GAVEAINVEST.COM.BR"
"951295","HTTP://WWW.IDALIONCAPITAL.COM"
"956275","HTTP://WWW.SNOWPARKCAP.COM/"
"956463","HTTP://WWW.AIRDRIEPARTNERS.COM"
"955195","HTTP://WWW.CRV.COM"
"953503","HTTP://WWW.SEQUOIACAP.COM/US"
"954785","HTTP://WWW.VALUEADVISORS.CO.KR"
"954825","HTTP://WWW.LSPVC.COM"
"956635","HTTPS://WWW.VZCAP.COM"
"956640","HTTP://WWW.VZCAP.COM"
"955628","HTTP://WWW.ONSLOW-CAPITAL.COM"
"953908","HTTP://WWW.LBOFRANCE.COM"
"944802","HTTP://WWW.ORCHARDVIEWCAPITAL.COM"
"955012","HTTPS://SERVICES.INTRALINKS.COM/LOGIN/"
"955012","HTTP://WWW.MONKSHILL.COM/"
"953380","HTTP://WWW.MARIEMONTCAPITAL.COM"
"956428","HTTP://WWW.MVM.COM"
"954153","HTTP://FEPFUND.COM"
"954020","HTTP://WWW.ORCHARDGROUP.COM"
"955891","HTTP://WWW.POLARSEC.COM/"
"951104","HTTP://HAUSERPRIVATEEQUITY.COM"
"954887","HTTPS://WWW.ANGELESEQUITY.COM"
"954887","HTTPS://WWW.ANGELESEQUITYPARTNERS.COM"
"956112","HTTP://WWW.BLACKEAGLEPARTNERS.COM"
"950419","HTTPS://WWW.ALISTAIRCAPITAL.COM"
"954608","HTTP://WWW.SAMUELCAPITAL.COM"
"952972","HTTP://WWW.THIRDWAVEVENTURES.COM"
"957289","HTTP://WWW.GROUSEROCK.COM"
"956182","HTTP://WWW.PANGAEAVENTURES.COM"
"957487","HTTP://SIGNUMINV.COM/"
"956503","HTTP://WWW.GENESISCAPPARTNERS.COM"
"956867","HTTP://WWW.DEAM-SINGAPORE.COM"
"956867","HTTP://WWW.DB.COM"
"956867","HTTP://WWW.DBPE.COM"
"956270","HTTP://WWW.GATEWOODCAPITAL.COM"
"936703","HTTP://WWW.DOMEYARD.COM"
"957381","HTTP://WWW.KINGSWAYCAP.COM"
"957434","HTTP://WWW.WORTHVENTURE.COM"
"957442","HTTPS://WWW.GARNETTHELFRICH.COM"
"951820","HTTP://WWW.VALAR.COM"
"951820","HTTP://WWW.VALARVENTURES.COM"
"957276","HTTP://WWW.ATTALUSCAPITAL.COM"
"953341","HTTP://WWW.AMPCAPITAL.COM"
"953341","HTTP://WWW.AMPCAPITAL.COM.AU"
"952525","HTTP://WWW.CARNELIANENERGY.COM"
"954723","HTTP://WWW.TCGROWTH.COM"
"956780","HTTP://WWW.DBPE.COM"
"956780","HTTP://WWW.DB.COM"
"950862","HTTP://WWW.MPMCAPITAL.COM"
"958297","HTTP://WWW.NAVIMED.COM"
"958429","HTTP://WWW.BREAKAWAYCAP.COM"
"958433","HTTP://WWW.BREAKAWAYCAP.COM"
"958418","HTTP://WWW.ADVENTPC.COM.AU"
"958131","HTTP://WWW.AZENTUSCAPITAL.COM"
"957524","HTTP://WWW.ELEPHANTVC.COM"
"958800","HTTP://ECLIPSE.VC"
"958842","HTTP://WWW.UOBAIP.COM/"
"950481","HTTP://WWW.WORLDVIEW.COM"
"950495","HTTPS://WWW.DECATHLONCAPITAL.COM"
"950512","HTTP://WWW.PEARL-ENERGY.COM"
"950516","HTTP://WWW.INTERWEST.COM/"
"950676","HTTPS://WWW.VERTEXVENTURES.COM"
"939628","HTTP://DMSOFFSHORE.COM/OFFICE/IRELAND/"
"949280","HTTPS://WWW.VISIONBRAZIL.COM"
"933192","HTTP://WWW.ABERDEEN-ASSET.COM"
"950927","HTTP://GETGREENSHOE.COM/"
"943731","HTTP://WWW.THECAPITALSTUDIO.COM"
"951091","HTTP://WWW.FLORINCOURT.COM"
"951091","HTTP://WWW.BRUMMER.SE"
"936151","HTTP://WWW.DUKESTREET.COM/"
"951094","HTTP://WWW.DUKESTREET.COM/"
"950963","HTTP://WWW.KEARNYVP.COM"
"951249","HTTP://WWW.PAPPASVENTURES.COM"
"951249","HTTP://WWW.PAPPAS-CAPITAL.COM"
"937111","HTTP://WWW.FUNDSMITHUS.COM"
"951271","HTTP://WWW.SAMENACAPITAL.COM/"
"951279","HTTP://WWW.SAMENACAPITAL.COM"
"951095","HTTP://BRITTONHILLPARTNERS.COM"
"950855","HTTPS://WWW.PEAKSPANCAPITAL.COM"
"950861","HTTP://WWW.HSBCPRIVATEBANK.COM/INVEST/ALTERNATIVE-INVESTMENTS"
"951289","HTTP://WWW.HSBCPRIVATEBANK.COM/INVEST/ALTERNATIVE-INVESTMENTS"
"951140","HTTP://WWW.LINDENGROVECAPITAL.COM"
"947970","HTTP://WWW.BAKERCAPITAL.COM"
"951656","HTTP://WWW.MULLERROAD.COM"
"947140","HTTP://WWW.BORONIACAPITAL.COM.AU"
"951096","HTTP://WWW.NEWFORESTS.COM.AU"
"951096","HTTP://WWW.FORESTCARBONPARTNERS.COM"
"951741","HTTP://LWIMPACT.COM/"
"951876","HTTP://TRITIUMPARTNERS.COM/"
"947985","HTTP://WWW.CALIXTOGLOBAL.COM"
"951490","HTTP://WWW.KAE-CAPITAL.COM"
"950871","HTTP://WWW.SHELTERCAP.COM"
"950839","HTTP://WWW.ORCHARDHILLCAPITAL.COM"
"950839","HTTP://WWW.OHCM.COM"
"952469","HTTPS://WWW.QUADRATURECAPITAL.COM"
"950422","HTTP://WWW.IRONBRIDGE.COM.AU"
"952575","HTTP://WWW.STARINFRAPARTNERS.COM"
"942634","HTTP://WWW.THEARDENTCOMPANIES.COM/"
"943523","HTTPS://WWW.ANGELESEQUITY.COM"
"943523","HTTPS://WWW.ANGELESEQUITYPARTNERS.COM"
"952102","HTTP://GHOCAPITAL.COM"
"953016","HTTP://BLUMBERGCAPITAL.COM"
"951008","HTTP://WWW.DUNROBINVENTURES.COM"
"946229","HTTP://WWW.PLINIANCAPITAL.COM"
"949542","HTTP://WWW.FORTPOINTCAPITAL.COM/"
"949493","HTTP://WWW.REMIGESVENTURES.COM"
"949081","HTTP://WWW.APEXVC.COM"
"945321","HTTP://WWW.RDCCAP.COM"
"949571","HTTP://WWW.HYDEPARKVP.COM/"
"945830","HTTP://WWW.SQNINVESTORS.COM"
"949661","HTTP://WWW.RDCCAP.COM"
"942031","HTTP://WWW.KAE-CAPITAL.COM"
"949787","HTTP://WWW.HOVDECAPITAL.COM"
"949561","HTTP://WWW.TRIDENTCYBERSECURITY.COM"
"946440","HTTP://WWW.WORTHVENTURE.COM"
"949800","HTTP://WWW.EASTSIDEPARTNERS.COM"
"949972","HTTP://WWW.HERMES-INVESTMENT.COM"
"948537","HTTP://WWW.ALTASPARTNERS.COM"
"944288","HTTP://WWW.KINGSWAYCAP.COM"
"945841","HTTP://WWW.FLORINCOURT.COM"
"945841","HTTP://WWW.BRUMMER.SE"
"946490","HTTP://WWW.BLACKROCK.COM"
"950181","HTTP://WWW.SW7GROUP.COM"
"945839","HTTP://WWW.PAGASIA.COM"
"948111","HTTP://WWW.TAHMANAGEMENT.COM"
"948111","HTTP://WWW.TENAVE.COM"
"950428","HTTP://WWW.CIM.COM.HK"
"948497","HTTP://WWW.AILANTHUSCAP.COM/"
"958853","HTTP://WWW.ABERDEEN-ASSET.COM"
"953102","HTTP://WWW.ALTASPARTNERS.COM"
"959114","HTTP://LONGWATEROPPORTUNITIES.COM"
"957632","HTTP://WWW.HRCO.COM"
"959232","HTTP://WWW.CQSCAPITAL.COM"
"959502","HTTP://FOUNDERCOLLECTIVE.COM"
"943688","HTTP://WWW.BRIGHTPATHCAPITALPARTNERS.COM"
"959598","HTTP://WWW.HCVEN.COM"
"958415","HTTP://WWW.SCIENSAM.COM"
"959134","HTTP://WWW.LEBARONBROWN.COM"
"959081","HTTPS://WWW.LGIRESEARCH.COM"
"956769","HTTP://WWW.MWAM.COM"
"959415","HTTP://WWW.CQSCAPITAL.COM"
"958046","HTTP://MORKCAPITAL.COM"
"959344","HTTP://WWW.INTERMEDE.CO.UK"
"960404","HTTP://WWW.RDCCAP.COM"
"944693","HTTP://WWW.THREE-STONES.COM"
"958174","HTTP://WWW.ARCUSINVEST.COM"
"956823","HTTP://WWW.VITRUVIANPARTNERS.COM"
"959544","HTTP://WWW.CHASMVENTURE.COM"
"950182","HTTP://WWW.SINEWAVE.VC"
"960226","HTTP://WWW.SILVARISCAPITAL.COM"
"957686","HTTP://WWW.BAYCITYCAPITAL.COM/"
"956720","HTTP://WWW.BLOOMFIELDCAPITAL.COM/"
"958926","HTTPS://WWW.CFM.FR/"
"957307","HTTP://WWW.STONEWATERCAP.COM"
"957254","HTTP://WWW.EXCEL-INVESTMENTS.COM/"
"957303","HTTP://WWW.ANAVIOCAP.COM"
"961560","HTTP://WWW.ABRAAJ.COM"
"950174","HTTP://WWW.MEYERBERGMAN.COM"
"960453","HTTP://DMSOFFSHORE.COM/OFFICE/IRELAND/"
"950410","HTTP://WWW.SERESAM.COM/"
"961596","HTTP://WWW.ABRAAJ.COM"
"961956","HTTP://PRAESIDIS.COM"
"956694","HTTP://WWW.CRAWFORDLAKECAPITAL.COM"
"961997","HTTP://WWW.DOMEYARD.COM"
"951946","HTTP://WWW.MORGENTHALER.COM"
"958966","HTTP://WWW.IMARA.COM"
"956959","HTTP://WWW.VOCECAPITAL.COM"
"961096","HTTP://WWW.STONEWATERCAP.COM"
"960386","HTTP://WWW.KESTERCAPITAL.COM"
"947198","HTTP://WWW.BOLDSTART.VC/"
"961518","HTTP://WWW.HEADLANDCP.COM"
"961521","HTTP://WWW.CARNELIANENERGY.COM"
"961226","HTTP://WWW.SAMENACAPITAL.COM/"
"962801","HTTP://WWW.DOMCAPLLC.COM"
"962808","HTTP://WWW.KEARNYVP.COM"
"964408","HTTP://SYMMETRYFUNDS.COM"
"964408","HTTP://SYMMETRYINVESTMENTADVISORS.COM"
"961816","HTTP://WWW.ROUNDABOUTAM.COM"
"955633","HTTP://WWW.PARAADVISORS.COM"
"956291","HTTP://WWW.ISLANDCAPITALFUNDS.COM"
"963577","HTTP://WWW.ABERDEENSVG.COM"
"963188","HTTP://WWW.BRUMMER.SE"
"953683","HTTP://WWW.COCAPLLC.COM"
"963249","HTTP://WWW.GLOBALSELECTIONADVISORS.COM"
"963826","HTTPS://WWW.GEMSSTOCK.FUND"
"964074","HTTP://WWW.BERKELEY.VC"
"957818","HTTP://STEAMBOATVC.COM"
"964306","HTTP://WWW.LANTERANAM.COM"
"964306","HTTP://WWW.LANTERNCP.COM"
"956082","HTTP://WWW.SALMONRIVERCAPITAL.COM"
"958715","HTTP://WWW.COMGEST.COM"
"962682","HTTPS://WWW.CFM.FR/"
"962468","HTTP://WWW.VIRGOCAPITAL.COM"
"964363","HTTP://WWW.INCEPTIONFUNDS.COM"
"961773","HTTP://WWW.HERMES-INVESTMENT.COM"
"958987","HTTP://WWW.ASCENTREA.COM"
"961770","HTTP://WWW.HERMES-INVESTMENT.COM"
"963507","HTTP://WWW.ABERDEEN-ASSET.COM"
"948438","HTTPS://WWW.FRANKLINTEMPLETON.COM/"
"948438","HTTP://WWW.FRANKLINTEMPLETON.LU/"
"958025","HTTP://IDGVV.COM.VN/EN/"
"961750","HTTP://WWW.ENERGYIMPACTPARTNERS.COM"
"962416","HTTP://WWW.LILLYASIAVENTURES.COM/EN/"
"954326","HTTP://WWW.GALENA-INVEST.COM"
"948017","HTTP://WWW.MDO-MANCO.COM/"
"962741","HTTP://WWW.MWAM.COM"
"960154","HTTP://WWW.CENTANAGROWTH.COM"
"962926","HTTP://WWW.IDALIONCAPITAL.COM"
"954602","HTTP://CORNERMARKETCAPITAL.COM"
"961511","HTTP://WWW.ICHIGOASSET.COM IS THE WEBSITE OF ICHIGO ASSET MANAGEMENT LTD."
"952911","HTTP://ACACIAPARTNERSLLC.COM/"
"954305","HTTP://WWW.GALENA-INVEST.COM"
"955014","HTTP://WWW.SEGANTII.COM"
"961534","HTTP://WWW.ABERDEENSVG.COM"
"964672","HTTPS://DBAG.DE"
"960213","HTTP://WWW.M7RE.CO.UK"
"962202","HTTP://WWW.CPIL.CO.UK/"
"963923","HTTP://WWW.STONEWORKCAPITAL.COM"
"962585","HTTP://WWW.BAYCITYCAPITAL.COM/"
"949707","HTTP://WWW.GRAPHENE.VC"
"958562","HTTP://WWW.ALATUS.CH"
"958562","HTTP://WWW.ALATUS-CAPITAL.CH"
"958562","HTTP://WWW.ALATUS-CAPITAL.COM"
"958562","HTTP://WWW.ALATUSCAPITAL.CH"
"958562","HTTP://WWW.ALATUSCAPITAL.COM"
"958562","HTTP://WWW.ALATUS-PARTNERS.COM"
"961869","HTTP://WWW.PORTSEA-ASSET.COM"
"954317","HTTP://WWW.GALENA-INVEST.COM"
"960718","HTTP://WWW.ABERDEEN-ASSET.COM"
"962646","HTTP://WWW.GREENVISORCAPITAL.COM"
"959741","HTTP://STEAMBOATVC.COM/"
