"FilingID","Individual Name","Firm or Organization Name","CRD Number","Effective Date","Termination Date","Street 1","Street 2","City","State","Country","Postal Code","Private Residence?","Description"
"949972","MATTHEWS, KATHYRN","","5763527","08/01/2009","","1 PORTSOKEN STREET","LLOYDS CHAMBERS","LONDON","","United Kingdom","E1 8HZ","N","DIRECTOR OF HERMES FUND MANAGERS LIMITED"
"949972","MCCLORY, WILLIAM","","5906622","08/18/2010","","1 PORTSOKEN STREET","LLOYDS CHAMBERS","LONDON","","United Kingdom","E1 8HZ","N","DIRECTOR OF HERMES FUND MANAGERS LIMITED"
"949972","SPENCER, PAUL","","5953870","06/07/2011","","1 PORTSOKEN STREET","LLOYDS CHAMBERS","LONDON","","United Kingdom","E1 8HZ","N","DIRECTOR AND CHAIRMAN OF HERMES FUND MANAGERS LIMITED"
"949972","WATSON, DAVID, KENNETH","","4780799","07/01/2011","","1 PORTSOKEN STREET","LLOYDS CHAMBERS","LONDON","","United Kingdom","E1 8HZ","N","DIRECTOR OF HERMES FUND MANAGERS LIMITED"
"949972","STEWART, DAVID, COLDWELLS","","5074363","03/30/2015","","1 PORTSOKEN STREET","LLOYDS CHAMBERS","LONDON","","United Kingdom","E1 8HZ","N","DIRECTOR OF HERMES FUND MANAGERS LIMITED"
"939628","SEYMOUR, DON, MARVIN","","5081604","02/02/2002","","DMS HOUSE","GENESIS CLOSE","GEORGETOWN","","Cayman Islands","","N","DON IS THE SON OF ELOISE SEYMOUR ONE OF THE ULTIMATE BENEFICIAL OWNERS AND ALONGSIDE OTHERS LISTED HEREIN CONTROLS THE STRATEGIC DIRECTION OF THE ENTITY"
"943731","OBRIEN, MICHAEL, NEIL","","4831160","02/11/2015","","601 1ST ST","","FENTON","MI","United States","48430","Y","100% OWNER OF LLC AND PRIMARY INVESTMENT ADVISOR."
"944802","EVANS, ERIC, DANIEL","","2777708","01/01/2015","","485 MADISON AVENUE","7TH FLOOR","NEW YORK","NY","United States","10022","N","INDIVIDUAL IS NON-MEMBER MANAGER OF GENERAL PARTNER (AN LLC) OF ORCHARD VIEW CAPITAL ADVISORS LP"
"960453","SEYMOUR, DON, MARVIN","","5081604","02/02/2002","","DMS HOUSE","GENESIS CLOSE","GEORGETOWN","","Cayman Islands","","N","DON IS THE SON OF ELOISE SEYMOUR ONE OF THE ULTIMATE BENEFICIAL OWNERS AND ALONGSIDE OTHERS LISTED HEREIN CONTROLS THE STRATEGIC DIRECTION OF THE ENTITY"
"961773","MATTHEWS, KATHYRN","","5763527","08/01/2009","","1 PORTSOKEN STREET","LLOYDS CHAMBERS","LONDON","","United Kingdom","E1 8HZ","N","DIRECTOR OF HERMES FUND MANAGERS LIMITED"
"961773","MCCLORY, WILLIAM","","5906622","08/18/2010","","1 PORTSOKEN STREET","LLOYDS CHAMBERS","LONDON","","United Kingdom","E1 8HZ","N","DIRECTOR OF HERMES FUND MANAGERS LIMITED"
"961773","SPENCER, PAUL","","5953870","06/07/2011","","1 PORTSOKEN STREET","LLOYDS CHAMBERS","LONDON","","United Kingdom","E1 8HZ","N","DIRECTOR AND CHAIRMAN OF HERMES FUND MANAGERS LIMITED"
"961773","WATSON, DAVID, KENNETH","","4780799","07/01/2011","","1 PORTSOKEN STREET","LLOYDS CHAMBERS","LONDON","","United Kingdom","E1 8HZ","N","DIRECTOR OF HERMES FUND MANAGERS LIMITED"
"961773","STEWART, DAVID, COLDWELLS","","5074363","03/30/2015","","1 PORTSOKEN STREET","LLOYDS CHAMBERS","LONDON","","United Kingdom","E1 8HZ","N","DIRECTOR OF HERMES FUND MANAGERS LIMITED"
"961770","MCCLORY, WILLIAM","","5906622","05/22/2013","","1 PORTSOKEN STREET","LLOYDS CHAMBERS","LONDON","","United Kingdom","E1 8HZ","N","DIRECTOR OF HERMES FUND MANAGERS LIMITED"
"961770","MATTHEWS, KATHYRN","","5763527","05/22/2013","","1 PORTSOKEN STREET","LLOYDS CHAMBERS","LONDON","","United Kingdom","E1 8HZ","N","DIRECTOR OF HERMES FUND MANAGERS LIMITED"
"961770","SPENCER, PAUL","","5953870","05/22/2013","","1 PORTSOKEN STREET","LLOYDS CHAMBERS","LONDON","","United Kingdom","E1 8HZ","N","DIRECTOR OF HERMES FUND MANAGERS LIMITED"
"961770","STEEL, HARRIET, ANNE","","6039040","05/22/2013","","1 PORTSOKEN STREET","LLOYDS CHAMBERS","LONDON","","United Kingdom","E1 8HZ","N","GROUP HEAD OF BUSINESS DEVELOPMENT AND DIRECTOR OF HERMES FUND MANAGERS"
"961770","WATSON, DAVID, KENNETH","","4780799","05/22/2013","","1 PORTSOKEN STREET","LLOYDS CHAMBERS","LONDON","","United Kingdom","E1 8HZ","N","DIRECTOR OF HERMES FUND MANAGERS LIMITED"
"961770","STEWART, DAVID, COLDWELLS","","5074363","03/30/2015","","1 PORTSOKEN STREET","LLOYDS CHAMBERS","LONDON","","United Kingdom","E1 8HZ","N","DIRECTOR OF HERMES FUND MANAGERS LIMITED"
"959598","LAWLOR, AUGUSTINE, (NMN)","","6047490","10/10/2002","","47 THORNDIKE ST","SUITE B1-1","CAMBRIDGE","MA","United States","02141","N","AUGUSTINE (NMN) LAWLOR IS A MEMBER OF HEALTHCARE MANAGEMENT VII LLC, HEALTHCARE MANAGEMENT VIII LLC AND HCV MANAGEMENT IX LLC."
"959598","MIRABELLI, CHRISTOPHER, KEVIN","","6047500","10/10/2002","","47 THORNDIKE ST","SUITE B1-1","CAMBRIDGE","MA","United States","02141","N","CHRISTOPHER KEVIN MIRABELLI IS A MEMBER OF HEALTHCARE MANAGEMENT VII LLC, HEALTHCARE MANAGEMENT VIII LLC AND HCV MANAGEMENT IX LLC."
"959598","ONSI, DOUGLAS, EUGENE","","6047502","05/24/2010","","47 THORNDIKE ST","SUITE B1-1","CAMBRIDGE","MA","United States","02141","N","DOUGLAS EUGENE ONSI IS A MEMBER OF HCV MANAGEMENT IX LLC."
"960474","DUPONT, BENJAMIN, FRANKLIN","","5700212","01/01/2011","","1105 N MARKET STREET","SUITE 1800","WILMINGTON","DE","United States","19801","N","MANAGES VENTURE COMPANIES FOR THE FUND"
"957060","","ALLIANZ ASSET MANAGEMENT AKTIENGESELLSCHAFT","","01/01/2003","","SEIDLSTRASSE, 24-24A","","MUNICH","","Germany","D-80335","N","ALLIANZ SE AND ALLIANZ FINANZBETEILIGUNGS GMBH ARE THE SOLE SHAREHOLDERS OF ALLIANZ ASSET MANAGEMENT AKTIENGESELLSCHAFT (""AAM AG"").  AAM AG IS THE FINANCIAL AND GOVERNANCE HOLDING COMPANY OF THE ASSET MANAGEMENT DIVISION OF ALLIANZ GROUP WHICH IS HEADED BY ALLIANZ SE, A DIVERSIFIED GLOBAL FINANCIAL INSTITUTION.  AAM AG MAY DEVELOP OR ASSIST WITH THE IMPLEMENTATION OF CERTAIN POLICIES, PROCEDURES AND OTHER BUSINESS DEALINGS AFFECTING ITS INVESTMENT ADVISER SUBSIDIARIES."
"957060","","ALLIANZ ASSET MANAGEMENT OF AMERICA HOLDINGS INC.","","01/01/2003","","650 NEWPORT CENTER DRIVE, SUITE 250","","NEWPORT BEACH","CA","United States","92660","N","ALLIANZ ASSET MANAGEMENT OF AMERICA HOLDINGS INC. (""AAMAH"") IS A HOLDING COMPANY AND IS THE MANAGING MEMBER OF ALLIANZ ASSET MANAGEMENT OF AMERICA LLC (""AAMA LLC"").  AS SUCH, AAMAH HAS THE SOLE AUTHORITY TO MANAGE AAMA LLC. AAMAH HAS DELEGATED SUCH AUTHORITY TO THE MANAGEMENT BOARD OF AAMA LLC."
"963577","","ABERDEEN SVG PRIVATE EQUITY MANGERS LIMITED","","05/21/2013","","BOW BELLS HOUSE","1 BREAD STREET","LONDON","","United Kingdom","EC4M9HH","N","100% DIRECT OWNER"
"963577","BRETT, JOHN, MICHAEL","","4742117","06/04/2013","06/30/2015","BOW BELLS HOUSE","1 BREAD STREET","LONDON","","United Kingdom","","N","DIRECTOR"
"963577","RICHARDS, ANNE, HELEN","","5071641","06/03/2013","","BOW BELLS HOUSE","1 BREAD STREET","LONDON","","United Kingdom","","N","DIRECTOR"
"963577","FORDHAM, LYNN, ROSANNE","","6040368","01/07/2008","06/30/2015","BOW BELLS HOUSE","1 BREAD STREET","LONDON","","United Kingdom","EC4M9HH","N","CHIEF EXECUTIVE OFFICER"
"963577","MORGAN, JONATHAN, WINDSOR","","6425412","11/12/2014","06/30/2015","BOW BELLS HOUSE","1 BREAD STREET","LONDON","","United Kingdom","","N","NON-EXECUTIVE DIRECTOR AND CHAIRMAN"
"963577","MACRAE, RODERICK, MCLEOD","","4392995","06/30/2015","","BOW BELLS HOUSE","1 BREAD STREET","LONDON","","United Kingdom","EC4M 9HH","N","DIRECTOR"
"963577","MCCAFFERY, ANDREW","","6594791","06/30/2015","","BOW BELLS HOUSE","1 BREAD STREET","LONDON","","United Kingdom","EC4M 9HH","N","DIRECTOR"
"963577","McDonald, Graham, John","","6594789","06/30/2015","","BOW BELLS HOUSE","1 BREAD STREET","LONDON","","United Kingdom","EC4M 9HH","N","DIRECTOR"
"961534","BRETT, JOHN, MICHAEL","","4742117","05/21/2013","06/30/2015","BOW BELLS HOUSE","1","LONDON","","United Kingdom","EC4M9HH","N","DIRECTOR"
"961534","FORDHAM, LYNN, ROSANNE","","6040368","01/07/2008","06/30/2015","BOW BELLS HOUSE","1 BREAD STREET","LONDON","","United Kingdom","EC4M9HH","N","CHIEF EXECUTIVE OFFICER"
"961534","MORGAN, JONATHAN, WINDSOR","","6425412","11/12/2014","06/30/2015","BOW BELLS HOUSE","1 BREAD STREET","LONDON","","United Kingdom","EC4M9HH","N","NON-EXECUTIVE DIRECTOR AND CHAIRMAN"
"961534","RICHARDS, ANNE, HELEN","","5071641","06/03/2014","","BOW BELLS HOUSE","1 BREAD STREET","LONDON","","United Kingdom","EC4M9HH","N","DIRECTOR"
"961534","","SVG CAPITAL PLC","","12/03/2007","06/30/2015","BOW BELLS HOUSE","1 BREAD STREET","LONDON","","United Kingdom","EC4M9HH","N","PREVIOUSLY THE 49.9% DIRECT OWNER"
"961534","","ABERDEEN ASSET MANAGEMENT PLC","","06/30/2015","","BOW BELLS HOUSE","1 BREAD STREET","LONDON","","United Kingdom","EC4M9HH","N","100% DIRECT OWNER"
"961534","McDonald, Graham, John","","6594789","06/30/2015","","BOW BELLS HOUSE","1 BREAD STREET","LONDON","","United Kingdom","EC4M 9HH","N","DIRECTOR"
"961534","MCCAFFERY, ANDREW","","6594791","06/30/2015","","BOW BELLS HOUSE","1 BREAD STREET","LONDON","","United Kingdom","EC4M 9HH","N","DIRECTOR"
"961534","MACRAE, RODERICK, MCLEOD","","4392995","06/30/2015","","BOW BELLS HOUSE","1 BREAD STREET","LONDON","","United Kingdom","EC4M 9HH","N","DIRECTOR"
