"FilingID","ReferenceID","SubreferenceID","Private Fund Name","Fund ID","State","Country","3(c)(1) Exclusion","3(c)(7) Exclusion"
"948977","64763","13194","PEDDER STREET ASIA ABSOLUTE RETURN FUND LIMITED","805-5410216716","","Cayman Islands","N","Y"
"945321","166942","115786","RDC CAPITAL PARTNERS FUND LP","805-3898885556","Delaware","United States","N","Y"
"945830","65182","13306","SQN INVESTORS FUND LP","805-9996892043","Delaware","United States","N","Y"
"945830","65182","13307","SQN INVESTORS OFFSHORE LTD","805-1112888417","","Cayman Islands","N","Y"
"949661","166942","115786","RDC CAPITAL PARTNERS FUND LP","805-3898885556","Delaware","United States","N","Y"
"945841","167006","115771","FLORIN COURT CAPITAL FUND","805-8910687846","","Cayman Islands","N","Y"
"950181","167189","115807","SW7 US EQUITIES FUND I LIMITED","805-8334538567","","Cayman Islands","Y","N"
"950181","167191","115810","SW7 US EQUITIES FUND I LIMITED","805-8334538567","","Cayman Islands","Y","N"
"950181","167191","115809","SW7 US EQUITIES FUND I LP","805-7259213423","Delaware","United States","Y","N"
"950181","167189","115808","SW7 US EQUITIES FUND I LP","805-7259213423","Delaware","United States","Y","N"
"945839","60377","12197","SCREP V JAPAN INSTITUTIONAL FEEDER G, L.P.","805-7625615767","","Cayman Islands","N","Y"
"945839","60376","12195","SCREP V JAPAN INSTITUTIONAL FEEDER C, L.P.","805-7172332107","","Cayman Islands","N","Y"
"945839","60375","12194","SCREP V JAPAN FEEDER B, L.P.","805-3312073702","","Cayman Islands","N","Y"
"945839","60375","12193","SCREP V JAPAN FEEDER A, L.P.","805-3878579359","","Cayman Islands","N","Y"
"945839","22136","9534","PACIFIC ALLIANCE ASIA OPPORTUNITY FEEDER FUND IV L.P.","805-3446083476","","Cayman Islands","N","Y"
"945839","22994","4351","PACIFIC ALLIANCE-FF FEEDER FUND, L.P.","805-1445493966","","Cayman Islands","N","Y"
"945839","23013","4354","PAG ASIA I FEEDER FUND LP","805-8114356887","","Cayman Islands","N","Y"
"945839","22985","4347","PACIFIC ALLIANCE SPECIAL SITUATIONS FEEDER FUND L.P.","805-2087714037","","Cayman Islands","N","Y"
"945839","22136","4270","PACIFIC ALLIANCE ASIA OPPORTUNITY FEEDER FUND III LIMITED","805-3299265325","","Cayman Islands","N","Y"
"945839","22136","4269","PACIFIC ALLIANCE ASIA OPPORTUNITY FEEDER FUND II LIMITED","805-4833591087","","Cayman Islands","N","Y"
"945839","22136","4268","PACIFIC ALLIANCE ASIA OPPORTUNITY FEEDER FUND LIMITED","805-3631386866","","Cayman Islands","N","Y"
"945839","22136","4267","PACIFIC ALLIANCE ASIA OPPORTUNITY FUND LIMITED","805-1261677471","","Cayman Islands","N","Y"
"945839","50037","9258","PAG ASIA LOAN FEEDER FUND II LP","805-8965402736","","Cayman Islands","N","Y"
"945839","50037","9257","PAG ASIA LOAN FEEDER FUND LP","805-4893849940","","Cayman Islands","N","Y"
"945839","21571","9357","SECURED CAPITAL JAPAN REAL ESTATE PARTNERS IV, L.P.","805-6210072598","Delaware","United States","N","Y"
"945839","21571","9355","SECURED CAPITAL JAPAN REAL ESTATE PARTNERS IV CAYMAN L.P.","805-9456759624","","Cayman Islands","N","Y"
"945839","50352","9353","SCREP V FEEDER B, L.P.","805-3844046057","","Cayman Islands","N","Y"
"945839","50352","9352","SCREP V FEEDER A, L.P.","805-5457241567","","Cayman Islands","N","Y"
"945839","73932","39379","PAG ASIA LOAN II FEEDER FUND II L.P.","805-8348551117","","Cayman Islands","N","Y"
"945839","73932","39378","PAG ASIA LOAN FEEDER FUND LP","805-7417060723","","Cayman Islands","N","Y"
"945839","73928","39376","PAG ASIA SPECIAL SITUATIONS II FEEDER FUND L.P.","805-9607667655","","Cayman Islands","N","Y"
"948111","167177","115804","TAH CORE FUND, LLC","805-3725419096","Delaware","United States","Y","N"
"948111","167177","115805","TAH CORE FUND (OFFSHORE), LTD.","805-8957240823","","Cayman Islands","N","Y"
"949947","65827","13451","LIQUIDALTS H2O FORCE 10 FEEDER FUND","805-5828069236","","Jersey","N","Y"
"949947","65815","13442","LIQUIDALTS OMEGA FEEDER FUND","805-4402578760","","Jersey","N","Y"
"949947","65805","13439","LIQUIDALTS TUDOR TENSOR FEEDER FUND","805-2311533065","","Jersey","N","Y"
"950628","43359","7837","EKLEKITIKOS RETURN INTERNATIONAL FUND LTD.","805-3927610082","","Cayman Islands","N","Y"
"950628","43359","7838","EKLEKTIKOS ABSOLUTE RETURN FUND LP","805-7110583660","Texas","United States","N","Y"
"950628","43357","7836","CITI GREENWICH STREET PARTNERS II OFFSHORE FUND","805-3562098082","","Cayman Islands","N","Y"
"950775","167357","115843","HONEYCOMB ECONOMIC DEVELOPMENT (CAYMAN) FUND, L.P.","805-1504288007","","Cayman Islands","Y","N"
"951091","167006","115771","FLORIN COURT CAPITAL FUND","805-8910687846","","Cayman Islands","N","Y"
"947985","64110","13010","CALIXTO GLOBAL OFFSHORE FUND, LTD","805-5337587070","","Cayman Islands","Y","N"
"947985","64110","13009","CALIXTO GLOBAL DOMESTIC FUND, LP","805-8343192151","Delaware","United States","Y","N"
"951949","58422","115859","JB INVESTMENTS OFFSHORE FUND II, LTD.","805-8200530755","","Cayman Islands","N","Y"
"950022","167298","115833","DOMANDO FUND LP","805-2182297219","Delaware","United States","N","Y"
"950022","167298","115834","DOMANDO FUND LTD","805-9321853983","","Cayman Islands","N","Y"
"950839","45579","8219","ORCHARD HILL DOMESTIC FUND LP","805-7833777161","Delaware","United States","N","Y"
"950839","55706","10999","ORCHARD HILL ASIAN OPPORTUNITY OFFSHORE FUND LTD.","805-6435198857","","Cayman Islands","N","Y"
"950839","55706","10998","ORCHARD HILL ASIAN OPPORTUNITY INTERMEDIATE FUND LP","805-9410254911","","Cayman Islands","N","Y"
"950839","55706","10997","ORCHARD HILL ASIAN OPPORTUNITY DOMESTIC FUND LP","805-3371800189","Delaware","United States","N","Y"
"950839","45579","8222","ORCHARD HILL OFFSHORE FUND LTD.","805-4583094379","","Cayman Islands","N","Y"
"950839","45579","8220","ORCHARD HILL INTERMEDIATE FUND LP","805-2375003780","","Cayman Islands","N","Y"
"952469","167104","115801","QUADRATURE CAPITAL VECTOR FUND LIMITED","805-2382882862","","Cayman Islands","Y","N"
"952469","167104","115802","QUADRATURE CAPITAL VECTOR FUND LP","805-4762365581","Delaware","United States","Y","N"
"952493","39708","7261","BLACK HORSE CAPITAL OFFSHORE LTD","805-2794771395","","Cayman Islands","Y","N"
"952535","58422","115859","JB INVESTMENTS OFFSHORE FUND II, LTD.","805-8200530755","","Cayman Islands","N","Y"
"952306","167519","115870","PETROLEUM EQUITY RHO (SPECIAL LIMITED PARTNER), LP","805-1700453038","","Jersey","Y","Y"
"950258","12652","2773","HIP II INTERNATIONAL L.P.","805-8408341840","","United Kingdom","N","Y"
"950258","12382","2755","HIP INTERNATIONAL L.P.","805-5105915710","","United Kingdom","N","Y"
"950258","52082","10050","HIP III GUERNSEY L.P. INC","805-9548817708","","Guernsey","N","Y"
"950258","52082","10049","HIP III INTERNATIONAL L.P.","805-9012001843","","United Kingdom","N","Y"
"952739","167567","115875","ENHANCED INDEX FUNDS (CAYMAN) LIMITED","805-6284644865","","Cayman Islands","Y","N"
"953689","55146","10882","RONIT GLOBAL OPPORTUNITIES FUND LP","805-4099512482","Delaware","United States","N","Y"
"953689","55146","10883","RONIT GLOBAL OPPORTUNITIES FUND LTD","805-1095637041","","Cayman Islands","N","Y"
"954261","58441","11827","WHITEHAVEN CREDIT OPPORTUNITIES FUND, LP","805-4209012447","Delaware","United States","N","Y"
"954261","58441","24376","WHITEHAVEN CREDIT OPPORTUNITIES FUND, LTD.","805-4015133100","","Cayman Islands","N","Y"
"953842","20940","4070","XANGBO TRADE CREDIT OFFSHORE FUND LTD.","805-1618030930","","Cayman Islands","Y","N"
"937068","166836","115719","ION ISRAEL FUND LLC","805-5767453407","Delaware","United States","Y","N"
"937068","166836","115721","ION ISRAEL FEEDER FUND 2013 LTD","805-8042389961","","Cayman Islands","Y","N"
"937068","166836","115720","ION ISRAEL FEEDER FUND LTD","805-9311557534","","Cayman Islands","Y","N"
"954777","55167","10884","SILVARIS ONSHORE FUND LP","805-6476653302","Delaware","United States","N","Y"
"954777","55167","10885","SILVARIS OFFSHORE FUND LIMITED","805-2631971628","","Cayman Islands","N","Y"
"954020","167644","115897","ELEGANTREE FUND SPC VAUD SEGREGATED PORTFOLIO","805-1590998345","","Cayman Islands","N","Y"
"954020","167644","115896","ELEGANTREE FUND SPC LUCERNE SEGREGATED PORTFOLIO","805-8890967302","","Cayman Islands","N","Y"
"954020","167644","115895","ELEGANTREE FUND LLC BERN SEGREGATED PORTFOLIO","805-6596537685","Delaware","United States","N","Y"
"954020","66562","13626","ELEGANTREE FUND SPC BERN SEGREGATED PORTFOLIO","805-5494262058","","Cayman Islands","N","Y"
"954020","66561","13625","ELEGANTREE FUND SPC BASEL-STADT SEGREGATED PORTFOLIO","805-4412443884","","Cayman Islands","N","Y"
"954020","66560","13624","ELEGANTREE FUND SPC VAUD SEGREGATED PORTFOLIO","805-1590998345","","Cayman Islands","N","Y"
"954020","66560","13623","ELEGANTREE FUND SPC LUCERNE SEGREGATED PORTFOLIO","805-8890967302","","Cayman Islands","N","Y"
"954020","66560","13622","ELEGANTREE FUND SPC BERN SEGREGATED PORTFOLIO","805-5494262058","","Cayman Islands","N","Y"
"954020","66560","13621","ELEGANTREE FUND LLC BERN SEGREGATED PORTFOLIO","805-6596537685","Delaware","United States","N","Y"
"954020","66559","13620","ELEGANTREE FUND SPC LUCERNE SEGREGATED PORTFOLIO","805-8890967302","","Cayman Islands","N","Y"
"954020","66559","13619","ELEGANTREE FUND SPC VAUD SEGREGATED PORTFOLIO","805-1590998345","","Cayman Islands","N","Y"
"954020","66559","13618","ELEGANTREE FUND LLC BERN SEGREGATED PORTFOLIO","805-6596537685","Delaware","United States","N","Y"
"954020","66558","13617","ELEGANTREE FUND SPC VAUD SEGREGATED PORTFOLIO","805-1590998345","","Cayman Islands","N","Y"
"954020","66558","13616","ELEGANTREE FUND SPC LUCERNE SEGREGATED PORTFOLIO","805-8890967302","","Cayman Islands","N","Y"
"954020","66558","13615","ELEGANTREE FUND SPC BASEL-LANDSCHAFT SEGREGATED PORTFOLIO","805-9234771810","","Cayman Islands","N","Y"
"954020","66558","13614","ELEGANTREE FUND LLC BERN SEGREGATED PORTFOLIO","805-6596537685","Delaware","United States","N","Y"
"954020","66556","13609","ELEGANTREE FUND SPC LUCERNE SEGREGATED PORTFOLIO","805-8890967302","","Cayman Islands","N","Y"
"954020","66556","13613","ELEGANTREE FUND SPC VAUD SEGREGATED PORTFOLIO","805-1590998345","","Cayman Islands","N","Y"
"954020","66556","13607","ELEGANTREE FUND LLC BERN SEGREGATED PORTFOLIO","805-6596537685","Delaware","United States","N","Y"
"954020","56600","11246","ELEGANTREE FUND SPC VAUD SEGREGATED PORTFOLIO","805-1590998345","","Cayman Islands","N","Y"
"954020","56600","11245","ELEGANTREE FUND SPC LUCERNE SEGREGATED PORTFOLIO","805-8890967302","","Cayman Islands","N","Y"
"954020","56600","11243","ELEGANTREE FUND LLC BERN SEGREGATED PORTFOLIO","805-6596537685","Delaware","United States","N","Y"
"954020","56599","11242","ELEGANTREE FUND SPC BASEL-STADT SEGREGATED PORTFOLIO","805-4412443884","","Cayman Islands","N","Y"
"954020","56597","11237","ELEGANTREE FUND SPC BASEL-STADT SEGREGATED PORTFOLIO","805-4412443884","","Cayman Islands","N","Y"
"954020","56597","11236","ELEGANTREE FUND SPC VAUD SEGREGATED PORTFOLIO","805-1590998345","","Cayman Islands","N","Y"
"954020","56597","11235","ELEGANTREE FUND SPC LUCERNE SEGREGATED PORTFOLIO","805-8890967302","","Cayman Islands","N","Y"
"954020","56597","11234","ELEGANTREE FUND SPC BERN SEGREGATED PORTFOLIO","805-5494262058","","Cayman Islands","N","Y"
"954020","56597","11233","ELEGANTREE FUND LLC BERN SEGREGATED PORTFOLIO","805-6596537685","Delaware","United States","N","Y"
"954020","56596","11232","ELEGANTREE FUND SPC VAUD SEGREGATED PORTFOLIO","805-1590998345","","Cayman Islands","N","Y"
"954020","56596","11231","ELEGANTREE FUND SPC LUCERNE SEGREGATED PORTFOLIO","805-8890967302","","Cayman Islands","N","Y"
"954020","56596","11230","ELEGANTREE FUND SPC BERN SEGREGATED PORTFOLIO","805-5494262058","","Cayman Islands","N","Y"
"954020","56596","11229","ELEGANTREE FUND LLC BERN SEGREGATED PORTFOLIO","805-6596537685","Delaware","United States","N","Y"
"954020","167654","115903","ELEGANTREE FUND SPC BASEL-STADT SEGREGATED PORTFOLIO","805-4412443884","","Cayman Islands","N","Y"
"954020","56590","11220","ELEGANTREE FUND SPC BERN SEGREGATED SEGREGATED PORTFOLIO","805-5494262058","","Cayman Islands","N","Y"
"954020","56590","11219","ELEGANTREE FUND LLC NORTHWEST SEGREGATED PORTFOLIO","805-6447607537","Delaware","United States","N","Y"
"954020","43959","7960","CHAPELGATE CREDIT OPPORTUNITY FUND LP","805-8595165777","Delaware","United States","N","Y"
"954020","43959","7959","CHAPELGATE CREDIT OPPORTUNITY FUND LIMITED","805-8879966696","","Bermuda","N","Y"
"954020","44150","7975","ELEGANTREE FUND SPC BASEL-STADT SEGREGATED PORTFOLIO","805-4412443884","","Cayman Islands","N","Y"
"954020","167645","115900","ELEGANTREE FUND SPC VAUD SEGREGATED PORTFOLIO","805-1590998345","","Cayman Islands","N","Y"
"954020","44147","7974","ELEGANTREE FUND SPC VAUD SEGREGATED PORTFOLIO","805-1590998345","","Cayman Islands","N","Y"
"954020","44147","7973","ELEGANTREE FUND SPC BERN SEGREGATED PORTFOLIO","805-5494262058","","Cayman Islands","N","Y"
"954020","44147","7972","ELEGANTREE FUND SPC BASEL-STADT SEGREGATED PORTFOLIO","805-4412443884","","Cayman Islands","N","Y"
"954020","44147","7971","ELEGANTREE FUND LLC BERN SEGREGATED PORTFOLIO","805-6596537685","Delaware","United States","N","Y"
"954020","66579","13631","BLACK FOREST STRUCTURED LENDING FUND LLC","805-6916392455","Delaware","United States","N","Y"
"954020","66579","13630","BLACK FOREST STRUCTURED LENDING FUND LTD","805-9114558382","","Cayman Islands","N","Y"
"954020","167645","115899","ELEGANTREE FUND SPC LUCERNE SEGREGATED PORTFOLIO","805-8890967302","","Cayman Islands","N","Y"
"954020","167645","115898","ELEGANTREE FUND LLC BERN SEGREGATED PORTFOLIO","805-6596537685","Delaware","United States","N","Y"
"954020","167642","115893","ELEGANTREE FUND SPC VAUD SEGREGATED PORTFOLIO","805-1590998345","","Cayman Islands","N","Y"
"954020","167642","115892","ELEGANTREE FUND SPC LUCERNE SEGREGATED PORTFOLIO","805-8890967302","","Cayman Islands","N","Y"
"954020","167642","115891","ELEGANTREE FUND LLC BERN SEGREGATED PORTFOLIO","805-6596537685","Delaware","United States","N","Y"
"955891","43409","7852","NORTH POLE DELEWARE, LP","805-3498150038","Delaware","United States","N","Y"
"955891","43409","7851","NORTH POLE CAPITAL INVESTMENTS LIMITED","805-7691766952","","Cayman Islands","N","Y"
"955891","43416","7858","NORTH POLE SELECT","805-2482004574","","Cayman Islands","N","Y"
"955891","43409","7853","NORTH POLE OFFSHORE","805-4708458066","","Cayman Islands","N","Y"
"942686","167044","115785","ROKOS GLOBAL MACRO FUND LIMITED","805-6246858655","","Cayman Islands","N","Y"
"942686","167044","115784","ROKOS GLOBAL MACRO FUND LP","805-5117878927","Delaware","United States","N","Y"
"953374","56238","11134","POST STREET FUND LP","805-7018550519","Delaware","United States","N","Y"
"953374","56238","11135","POST STREET OFFSHORE FUND LTD.","805-3661861167","","Cayman Islands","N","Y"
"951639","166360","115600","TRP (ENDURANCE) TFO FEEDER LP","805-7895373416","Delaware","United States","Y","N"
"954296","59330","11967","CEPHEI QFII CHINA ABSOLUTE RETURN US FEEDER FUND LTD.","805-9352776299","","Cayman Islands","N","Y"
"954296","59330","11966","CEPHEI QFII CHINA ABSOLUTE RETURN OFFSHORE FEEDER FUND LTD.","805-5148055909","","Cayman Islands","N","Y"
"954296","51003","9805","CDH FUND V FEEDER, L.P.","805-1406487444","","Cayman Islands","N","Y"
"954296","43597","7902","CDH FUND IV FEEDER, L.P.","805-1684919112","","Cayman Islands","N","Y"
"954296","43596","7901","CDH SUPPLEMENTARY FUND III FEEDER, L.P.","805-3033562214","","Cayman Islands","N","Y"
"954296","43595","7900","CDH CHINA FUND III FEEDER, L.P.","805-2899417443","","Cayman Islands","N","Y"
"954296","43594","7899","CDH CHINA GROWTH CAPITAL FUND II INVESTORS, L.P.","805-5627454529","","Cayman Islands","N","Y"
"954359","43359","7837","EKLEKITIKOS RETURN INTERNATIONAL FUND LTD.","805-3927610082","","Cayman Islands","N","Y"
"954359","43359","7838","EKLEKTIKOS ABSOLUTE RETURN FUND LP","805-7110583660","Texas","United States","N","Y"
"954359","43357","7836","CITI GREENWICH STREET PARTNERS II OFFSHORE FUND","805-3562098082","","Cayman Islands","N","Y"
"952263","113239","115902","CORRIB ONSHORE FUND LP","805-2536046812","Delaware","United States","Y","N"
"952263","113239","115901","CORRIB OFFSHORE FUND LTD.","805-6120979883","","Cayman Islands","Y","N"
"953110","50487","9445","GAVEA JUS BRAZILIAN GOVERNMENT LIABILITIES FUND II-B L.P.","805-7207446081","","Cayman Islands","N","Y"
"953110","50487","9443","GAVEA JUS BRAZILIAN GOVERNMENT LIABILITIES FUND II-A L.P.","805-4739126215","","Cayman Islands","N","Y"
"953110","34831","6460","GAVEA INVESTMENT FUND LTD","805-1639515064","","Cayman Islands","Y","N"
"953110","34831","6458","GAVEA INVESTMENT FUND US LP","805-9640245351","Delaware","United States","Y","N"
"953110","37784","7590","G�VEA FUND LTD.","805-5873792409","","Cayman Islands","N","Y"
"953110","37784","7591","G�VEA FUND (US) LP.","805-4355956517","Delaware","United States","N","Y"
"953110","61813","12529","GAVEA FUND PLUS US LP","805-1966775717","Delaware","United States","N","Y"
"953110","61813","12528","GAVEA FUND PLUS LTD","805-2648853380","","Cayman Islands","N","Y"
"956275","162212","109591","SNOW PARK CAPITAL PARTNERS OFFSHORE FUND, LTD","805-9750801474","","Cayman Islands","N","Y"
"956504","65827","13451","LIQUIDALTS H2O FORCE 10 FEEDER FUND","805-5828069236","","Jersey","N","Y"
"956504","65815","13442","LIQUIDALTS OMEGA FEEDER FUND","805-4402578760","","Jersey","N","Y"
"956504","65805","13439","LIQUIDALTS TUDOR TENSOR FEEDER FUND","805-2311533065","","Jersey","N","Y"
"957005","24960","4623","ELMROCK OPPORTUNITY FUND I, LTD.","805-7822900202","","Cayman Islands","N","Y"
"957005","24960","4620","ELMROCK OPPORTUNITY FUND I, LP","805-5075441642","Delaware","United States","N","Y"
"956503","167870","115961","GENESIS CAPITAL PARTNERS ONSHORE FUND LLC","805-5970356362","Delaware","United States","Y","N"
"956503","167870","115980","GENESIS CAPITAL PARTNERS OFFSHORE FUND LTD.","805-1421585864","","Cayman Islands","Y","N"
"956635","47027","8534","VINCI ZAFFERANO EMERGING MARKETS OPPORTUNITIES FUND LIMITED,","805-4058779644","","Cayman Islands","Y","N"
"956635","47027","8795","VINCI ZAFFERANO EMERGING MARKETS OPPORTUNITIES FUND L.P.","805-7744062837","Delaware","United States","Y","N"
"955628","2655","1274","ONSLOW MACRO FUND (CAYMAN) LIMITED","805-8736996285","","Cayman Islands","N","Y"
"936703","165158","114567","DOMEYARD RESEARCH, LTD.","805-2805442256","","British Virgin Islands","Y","Y"
"936703","165158","114566","DOMEYARD RESEARCH, LP","805-1465478863","Delaware","United States","Y","Y"
"951295","167432","115857","IDALION GLOBAL FUND LIMITED","805-6423219256","","Cayman Islands","N","Y"
"951295","167432","115858","IDALION GLOBAL FUND LP","805-9617265539","Delaware","United States","N","Y"
"953341","38850","7162","AMP CAPITAL INFRASTRUCTURE DEBT FUND (USD), LP","805-3055492140","","Cayman Islands","N","Y"
"953341","38850","7160","AMP CAPITAL INFRASTRUCTURE DEBT FUND (JPY), LP","805-4979812865","","Cayman Islands","N","Y"
"959415","27556","7127","CQS CREDIT LONG SHORT FEEDER FUND LIMITED","805-3988320397","","Cayman Islands","N","Y"
"959415","27184","7085","CQS ABS FEEDER FUND, LP","805-6429981081","Delaware","United States","N","Y"
"959415","27184","6961","CQS ABS FEEDER FUND LIMITED","805-6339203210","","Cayman Islands","N","Y"
"959415","27676","7136","CQS DIRECTIONAL OPPORTUNITIES FEEDER FUND, LP","805-1919423369","Delaware","United States","N","Y"
"959415","27676","7134","CQS DIRECTIONAL OPPORTUNITIES FEEDER FUND LIMITED","805-8129460675","","Cayman Islands","N","Y"
"959415","73736","39368","CQS GLOBAL CONVERTIBLE ARBITRAGE FEEDER FUND LIMITED","805-8869198690","","Cayman Islands","N","Y"
"960226","55167","10884","SILVARIS ONSHORE FUND LP","805-6476653302","Delaware","United States","N","Y"
"960226","55167","10885","SILVARIS OFFSHORE FUND LIMITED","805-2631971628","","Cayman Islands","N","Y"
"960404","166942","115786","RDC CAPITAL PARTNERS FUND LP","805-3898885556","Delaware","United States","N","Y"
"958131","2775","2988","AZENTUS GLOBAL OPPORTUNITIES FUND L.P.","805-5252956771","","Cayman Islands","N","Y"
"958131","2775","2989","AZENTUS GLOBAL OPPORTUNITIES FUND LIMITED","805-9781947727","","Cayman Islands","N","Y"
"943885","166896","115736","BACH OPTION FEEDER FUND","805-7363123655","","Cayman Islands","N","Y"
"948497","167250","115826","AILANTHUS CAPITAL PARTNERS, LP","805-6425251262","Delaware","United States","Y","N"
"948497","167250","115827","AILANTHUS CAPITAL PARTNERS, LTD.","805-7751114652","","Cayman Islands","Y","N"
"959232","168225","116009","CQS AIGUILLE DU CHARDONNET FF S.C.A. SICAV-SIF","805-9292779020","","Luxembourg","Y","N"
"944693","166914","115884","THREE STONES FEEDER","805-3701642803","","Cayman Islands","N","Y"
"957254","167951","115965","EXCEL ALTA CAPITAL OFFSHORE FEEDER FUND LIMITED","805-4630679925","","Cayman Islands","N","Y"
"950410","167329","115856","SERES ASIAN OPPORTUNITIES FUND","805-1498098147","","Cayman Islands","N","Y"
"961518","23030","4360","HPEF6 FEEDER FUND L.P.","805-3884406134","","Cayman Islands","Y","Y"
"957303","168015","116017","ANAVIO CAPITAL FUND LIMITED","805-1159143924","","Cayman Islands","N","Y"
"960169","65827","13451","LIQUIDALTS H2O FORCE 10 FEEDER FUND","805-5828069236","","Jersey","N","Y"
"960169","65815","13442","LIQUIDALTS OMEGA FEEDER FUND","805-4402578760","","Jersey","N","Y"
"960169","65805","13439","LIQUIDALTS TUDOR TENSOR FEEDER FUND","805-2311533065","","Jersey","N","Y"
"961596","43711","7921","IGCF FEEDER FUND L.P.","805-8792379527","","Cayman Islands","N","Y"
"961596","43707","7920","THE ABOF II CO-INVESTMENT FUND L.P.","805-8252817131","","Cayman Islands","N","Y"
"961997","165158","114567","DOMEYARD RESEARCH, LTD.","805-2805442256","","British Virgin Islands","N","Y"
"961997","165158","114566","DOMEYARD RESEARCH, LP","805-1465478863","Delaware","United States","N","Y"
"961511","22991","5504","LONG TERM VALUE FUND LP","805-8311616822","","Cayman Islands","Y","Y"
"961511","22991","5503","ICHIGO JAPAN FUND H LP","805-5403199325","","Cayman Islands","Y","Y"
"961511","22991","5502","ICHIGO JAPAN FUND G LP","805-6742351142","","Cayman Islands","Y","Y"
"961511","22991","4348","ICHIGO JAPAN FUND B","805-8122909864","","Cayman Islands","Y","Y"
"961511","22991","5501","ICHIGO JAPAN FUND E","805-7979080935","","Cayman Islands","Y","Y"
"961511","22991","5492","ICHIGO JAPAN FUND C LP","805-2927982282","","Cayman Islands","Y","Y"
"961511","22991","5499","ICHIGO JAPAN FUND D","805-2107670624","","Cayman Islands","Y","Y"
"961511","22991","116026","ICHIGO JAPAN FUND K","805-3978698850","","Cayman Islands","Y","Y"
"963188","64065","12999","CANOSA GLOBAL MACRO FUND LIMITED","805-1200816782","","Cayman Islands","N","Y"
"948438","64827","13216","FRANKLIN TEMPLETON EMERGING MARKET DEBT OPPORTUNITIES FUND, L.P.","805-9012652721","Delaware","United States","N","Y"
"948438","64827","13213","FRANKLIN TEMPLETON EMERGING MARKET DEBT OPPORTUNITIES (CAYMAN) FUND, LTD.","805-9699929632","","Cayman Islands","N","Y"
"963826","120734","84461","GEMSSTOCK FUND LP","805-9126583020","Delaware","United States","N","Y"
"963826","120734","95462","GEMSSTOCK FUND","805-3663507157","","Cayman Islands","N","Y"
"964417","7525","2062","STEEL PARTNERS JAPAN STRATEGIC FUND, L.P.","805-9098159558","Delaware","United States","N","Y"
"964417","7525","2063","STEEL PARTNERS JAPAN STRATEGIC OFFSHORE FUND, LTD.","805-9435484955","","Cayman Islands","N","Y"
"964427","64792","13198","DSAM+ FUND","805-6342575080","","Cayman Islands","N","Y"
"964427","64792","13197","DSAM+ FUND LP","805-8257434336","Delaware","United States","N","Y"
"964427","43506","7878","DSAM LONG/SHORT EQUITY FUND","805-8107146811","","Cayman Islands","N","Y"
"964427","43506","7879","DSAM LONG/SHORT EQUITY FUND LP","805-9973907511","Delaware","United States","N","Y"
"961869","168593","116073","PORTSEA FUND SICAV PLC","805-5613632519","","Malta","Y","N"
"961869","168593","116074","PORTSEA US FEEDER FUND LLC","805-5101456285","Delaware","United States","Y","N"
"958890","168206","116010","SEALIGHT EUROPEAN OPPORTUNITIES FUND LTD","805-4102835395","","Cayman Islands","N","Y"
"963977","41582","7536","SW GLOBAL CREDIT OPPORTUNITY FUND LTD.","805-9949851623","","Cayman Islands","N","Y"
"963977","41582","7534","SW GLOBAL CREDIT OPPORTUNITY FUND LLC","805-4457441189","Delaware","United States","N","Y"
"956694","167940","115970","CRAWFORD LAKE ENHANCED ONSHORE FUND, LP","805-1968252155","Delaware","United States","Y","N"
"956694","68440","13984","CRAWFORD ONSHORE PARTNERS, LP","805-1754729398","Delaware","United States","Y","N"
"956694","68440","115964","CRAWFORD LAKE OFFSHORE PARTNERS, LTD.","805-6222509695","","Cayman Islands","Y","N"
"960236","37647","6995","EPOCH OVERSEAS, LTD.","805-6597449834","","Cayman Islands","N","Y"
"960236","37647","6994","EPOCH CAPITAL PARTNERS, L.P.","805-9249239427","Delaware","United States","N","Y"
"962926","167432","115857","IDALION GLOBAL FUND LIMITED","805-6423219256","","Cayman Islands","N","Y"
"962926","167432","115858","IDALION GLOBAL FUND LP","805-9617265539","Delaware","United States","N","Y"
"953683","168284","116049","BORGHESE PARTNERS INSTITUTIONAL LP","805-3825973850","","Cayman Islands","N","Y"
"953683","168284","116044","BORGHESE PARTNERS INSTITUTIONAL OFFSHORE LTD","805-6226064188","","Cayman Islands","N","Y"
"953683","168284","116051","BORGHESE PARTNERS INTERMEDIATE MASTER FUND LP","805-8587362517","","Cayman Islands","N","Y"
"963255","158930","107528","IMMERSION CAPITAL FUND LTD","805-5995566008","","Cayman Islands","N","Y"
"963255","158930","107527","IMMERSION CAPITAL FUND LP","805-6599265057","Delaware","United States","N","Y"
"963279","55221","10904","TROVE CAPITAL OFFSHORE FUND LTD.","805-9488973377","","Cayman Islands","N","Y"
"963279","55221","10903","TROVE CAPITAL LP","805-9377018369","Delaware","United States","N","Y"
"963143","58422","115859","JB INVESTMENTS OFFSHORE FUND II, LTD.","805-8200530755","","Cayman Islands","N","Y"
"958562","167068","115792","AQUILUS INFLECTION FUND LTD","805-1570680987","","Cayman Islands","N","Y"
"958562","167068","115793","AQUILUS INFLECTION FUND LP","805-1423626271","","Cayman Islands","N","Y"
"964082","168587","116068","WESTFIELD FUND (CAYMAN) LTD","805-8715689500","","Cayman Islands","N","Y"
