"FilingID","WEB_ADRS_NM"
"970906","HTTP://WWW.LEMHIVENTURES.COM"
"977239","HTTP://WWW.4ALPHASCAPITAL.COM"
"980646","HTTP://WWW.NORTHELMCAPITAL.COM"
"985497","HTTP://BENHAMOUGLOBALVENTURES.COM"
"969141","HTTP://WWW.AIFCAPITAL.COM"
"986476","HTTP://WWW.HORTONPOINT.COM"
"973430","HTTP://WWW.BLACKANT.COM"
"967886","HTTP://WWW.MULLERROAD.COM"
"981878","HTTP://WWW.MEZZANINECAP.COM"
"987145","HTTPS://WWW.BANDANGELS.COM"
"972631","HTTP://WWW.TARGETASSET.COM"
"987152","HTTP://WWW.INDEACAPITAL.COM"
"987189","HTTP://WWW.IDALIONCAPITAL.COM"
"984920","HTTP://WWW.WYNNCROSBY.COM/"
"986219","HTTP://WWW.MATHERSASSOCIATES.COM"
"985870","HTTPS://WWW.SANDCAPLLC.COM"
"987183","HTTP://WWW.IDALIONCAPITAL.COM"
"986825","HTTP://WWW.GROUSEROCK.COM"
"987295","HTTP://WWW.STAIRWAYCAPITAL.COM/"
"966341","HTTP://WWW.GOLDENSEEDS.COM"
"957092","HTTP://WWW.STARTUPCV.COM"
"975200","HTTP://WWW.NMTCAPITAL.COM"
"974915","HTTP://WWW.MESAVERDEVP.COM"
"974788","HTTP://WWW.AACCAPITALUK.COM"
"961934","HTTP://WWW.ACORNPACIFIC.VENTURES/"
"978539","HTTP://OROX.COM/"
"974125","HTTP://WWW.INCUSCAPITAL.COM"
"972465","HTTP://WWW.MDIF.ORG"
"981536","HTTP://WWW.SYNAPTIC-CAPITAL.COM"
"969148","HTTP://WWW.ETHOS.CO.ZA"
"972530","HTTP://WWW.CORECOHOLDING.COM"
"986489","HTTP://FIRSTCAPITALGROUP.COM"
"984155","HTTP://WWW.SILVERTONPARTNERS.COM"
"986369","HTTP://WWW.FLETCHERSPAGHT.COM"
"985267","HTTP://WWW.GEMINI.CO.IL/"
"985430","HTTP://WWW.BANDGAPVENTURES.COM"
"976044","HTTP://WWW.ATLASINVEST.EU"
"978953","HTTP://WWW.BLUEYARD.COM"
"985236","HTTP://WWW.ICP.COM"
"976738","HTTP://WWW.ANTHEMVP.COM"
"966360","HTTP://WWW.GOLDENSEEDS.COM"
"963381","HTTP://WWW.WESTLYGROUP.COM/"
"968268","HTTPS://WWW.FOURCORNERSTAVERN.COM"
"968268","HTTPS://WWW.STERLINGBAY.COM"
"975650","HTTP://BRITTONHILLPARTNERS.COM"
"974610","HTTP://WWW.SEVENPOINTPARTNERS.COM"
"967707","HTTP://KINDERHOOKPARTNERS.COM"
"966700","HTTP://WWW.SEVENTYSIXCAPITAL.COM"
"975971","HTTP://WWW.PAL-PARTNERS.COM"
"970104","HTTP://WWW.LOTUS-INNOVATIONS.COM"
"972259","HTTP://WWW.WESTRAYCAPITAL.COM"
"968105","HTTP://WWW.TURTLECREEK.CA/"
"960965","HTTP://WWW.MTIFIRMS.COM/"
"960965","HTTP://WWW.MTIFIRMS.COM/"
"972844","HTTP://WWW.VALLEYVENTURES.COM"
"974895","HTTP://SYCAMOREPICTURES.COM/"
"975977","HTTP://WWW.LCAMLLC.COM"
"979416","HTTP://WWW.HCVEN.COM"
"980547","HTTP://WWW.MEKONGCAPITAL.COM"
"978159","HTTPS://BRIDGESCALE.COM"
"973543","HTTPS://TMF.INVESTORBRIDGE.COM"
"975741","HTTP://WWW.MINDFULLINVESTORS.COM"
"969129","HTTP://WWW.DIGNARICAPITAL.COM"
"978046","HTTP://WWW.KYSEED.COM"
"975210","HTTP://WWW.QUADIM.COM/"
"979631","HTTP://WWW.AVETCAPITAL.COM/"
"980079","HTTP://WWW.CLESSIDRASGR.IT"
"981680","HTTPS://WWW.EMPIRECAPITAL.COM"
"981895","HTTP://WWW.FOOTPRINTVENTURES.COM"
"979672","HTTPS://BROOKBAYCAPITAL.COM"
"980610","HTTP://WWW.TEKACAPITAL.COM"
"967901","HTTP://WWW.ROOT.VC"
"968046","HTTP://WWW.I2BF.COM"
"968046","HTTP://WWW.I2BFDIGITAL.COM"
"975554","HTTP://WWW.EUPH.COM"
"980544","HTTP://WWW.ANCHORPE.COM"
"983989","HTTP://WWW.SYCEECAPITAL.COM"
"965045","HTTP://WWW.HEADLANDCP.COM"
"967824","HTTPS://WWW.CHEYNECAPITAL.COM"
"962075","HTTP://WWW.CROSSOCEANPARTNERS.COM"
"970675","HTTP://WWW.RBRCAPITAL.COM"
"974235","HTTP://WWW.NORTHHILLVENTURES.COM"
"979350","HTTP://WWW.BASKIRCAPITAL.COM/HOME_PAGE.HTML"
"975301","HTTPS://WWW.ABBERTONCAPITAL.COM"
"976369","HTTP://WWW.METWESTREALTYADVISORS.COM"
"975032","HTTP://WWW.MONTPELERINCAPITAL.COM"
"975384","HTTP://WWW.MADRAGUE.SE"
"979963","HTTPS://WWW.WHITEROCKOILANDGAS.COM"
"960258","HTTP://ARC-INVESTMENTS.COM"
"974945","HTTP://WWW.NEVASTAR.COM/"
"968246","HTTP://WWW.TM-PARTNERS.COM"
"967155","HTTP://WWW.ENTERMEDIAGROWTH.COM"
"967701","HTTP://WWW.NORO-MOSELEY.COM"
"967701","HTTP://WWW.NOROMOSELEY.COM"
"978422","HTTP://WWW.FORTPOINTCAPITAL.COM/"
"974280","HTTP://WWW.TORCHHILL.COM"
"975467","HTTP://WWW.TRLM.COM"
"979574","HTTP://WWW.WELLINGTON-PARTNERS.COM"
"967431","HTTP://WWW.THINKBRG.COM/"
"974171","HTTP://WWW.JPBCAPITAL.COM"
"974171","HTTP://WWW.JPBPARTNERS.COM"
"965345","HTTP://WWW.WESTMOUNTAINLLC.COM"
"970058","HTTP://WWW.BEVCAPITAL.COM"
"967466","HTTP://WWW.LMRPARTNERS.COM"
"971855","HTTP://WWW.GENACAST.COM"
"972398","HTTP://WWW.GABRIELVP.COM/"
"973996","HTTP://MCGF.COM.CN"
"974115","HTTP://WWW.EIPALPHA.COM"
"974226","HTTP://WWW.KEYSTAR.COM"
"974226","HTTP://WWW.NCVENTURES.COM"
"976931","HTTP://QUADGROUP.COM"
"970099","HTTP://WWW.VALHALLAPARTNERS.COM"
"982000","HTTPS://WWW.NEWOCEANCAP.COM"
"966529","HTTPS://WWW.CABOTSQUARE.COM"
"982683","HTTPS://LONGWOODFUND.COM"
"983757","HTTP://WWW.FORSYTHSTREET.COM"
"979724","HTTPS://WWW.INNOVATEPARTNERSLLC.COM"
"980072","HTTP://WWW.EXCEL-INVESTMENTS.COM/"
"967825","HTTP://WWW.CENTRALASSETINVESTMENTS.COM/INDEX.PHP"
"981208","HTTP://WWW.RABCAP.COM"
"970682","HTTP://WWW.MANDALA-CAPITAL.COM"
"980673","HTTP://WWW.EDGEWOODCAPITAL.COM/"
"973225","HTTP://WWW.CPIL.CO.UK/"
"952131","HTTP://WWW.DOUBLETIMECAPITAL.COM"
"952131","HTTPS://DOUBLETIMECAPITAL.SHAREFILE.COM"
"962894","HTTP://WWW.ABERDEEN-ASSET.COM"
"974447","HTTP://CPVP.COM/"
"974310","HTTP://MESA.VC/"
"977058","HTTP://WWW.PEAKTENCAPITAL.COM/"
"976225","HTTP://WWW.LEARNCAPITAL.COM"
"968435","HTTP://WWW.JPBCAPITAL.COM"
"968435","HTTP://WWW.JPBPARTNERS.COM"
"975803","HTTP://WWW.PIVOTCAPITAL.COM"
"974029","HTTP://WWW.INCEPTIONFUNDS.COM"
"957246","HTTPS://WWW.CVC.COM"
"977623","HTTP://WWW.YEDID.NET"
"974723","HTTP://WWW.STAR-CAPITAL.COM"
"980464","HTTP://WWW.PEAKTENCAPITAL.COM/"
"965582","HTTP://WWW.SERICACAP.COM"
"955851","HTTP://WWW.SEQUOIACAP.COM/INDIA"
"973381","HTTP://WWW.AUTOTECHVC.COM"
"975173","HTTP://WWW.GILDEHEALTHCARE.COM"
"975036","HTTP://WWW.ATLANTAEQ.COM"
"975943","HTTP://WWW.SERONECAPITAL.COM/EN/"
"978039","HTTPS://WWW.BALLASTPOINTVENTURES.COM"
"980397","HTTP://WWW.USV.COM"
"980397","HTTP://WWW.UNIONSQUAREVENTURES.COM"
"975881","HTTP://WWW.PROQUESTVC.COM/"
"975095","HTTP://WWW.SWANANDLEGEND.COM"
"968591","HTTP://WWW.VOLPICAPITAL.COM/"
"973582","HTTP://WWW.ABERDEENSVG.COM"
"960170","HTTP://WWW.SEACREST.COM"
"977407","HTTP://WWW.FRESHSOURCECAPITAL.COM/"
"973646","HTTP://CENTERGATECAPITAL.COM"
"977652","HTTP://WWW.TECHNOLOGYPARTNERS.COM"
"978105","HTTP://WWW.HVCAPITALINVESTORS.COM"
"978105","HTTP://WWW.RHVCAPITAL.COM"
"970636","HTTP://WWW.CAYGAN.COM"
"974857","HTTP://WWW.SAMUELCAPITAL.COM"
"968253","HTTP://WWW.RIPOSTECAPITAL.COM/"
"950940","HTTP://WWW.REGISADVISERS.COM"
"972322","HTTP://WWW.SELECTII.COM"
"972616","HTTP://WWW.JADEINVEST.CO.UK"
"970228","HTTP://WWW.ARGOS-SODITIC.COM"
"965773","HTTP://WWW.RHINOIP.COM"
"966481","HTTP://VISIONNAIREVENTURES.COM/"
"966897","HTTP://WWW.BRUMMER.SE"
"974281","HTTP://WWW.KINGSWAYCAP.COM"
"976900","HTTPS://WWW.CSCAP.CA"
"964617","HTTP://WWW.MANTRAINVEST.COM/"
"979305","HTTP://WWW.SILVARISCAPITAL.COM"
"962290","HTTP://WWW.ZEBEDEECAPITAL.COM"
"966753","HTTP://IRONCOMPASSINVESTORS.COM/"
"968280","HTTP://WWW.DNCAPITAL.COM"
"968545","HTTP://WWW.TRIDENTCYBERSECURITY.COM"
"976916","HTTP://WWW.UNIONCAPITALCORP.COM/"
"977326","HTTP://WWW.AMULETCAPITAL.COM"
"960936","HTTPS://WWW.PENDERCAPITAL.COM"
"967864","HTTP://WWW.MYLYXORMAP.COM/"
"967864","HTTP://WWW.LYXOR.COM/"
"966982","HTTP://WWW.SOVEREIGNCAPITAL.CO.UK"
"967633","HTTP://WWW.RUSTICCANYON.COM"
"971906","HTTP://WWW.KECVENTURES.COM"
"971014","HTTP://WWW.ACCRETIVECAPITAL.COM"
"961080","HTTP://WWW.NEWFORESTS.COM.AU"
"961080","HTTP://WWW.FORESTCARBONPARTNERS.COM"
"973422","HTTP://WWW.HERITAGEGROUPUSA.COM"
"975644","HTTP://WWW.LANDMARKBANYAN.COM"
"975963","HTTP://WWW.PAL-PARTNERS.COM"
"970577","HTTP://WWW.KHROMCAPITAL.COM"
"975002","HTTP://WWW.TECHOPERATORS.COM"
"974973","HTTP://WWW.TRIBECAVP.COM"
"975344","HTTP://WWW.NALANDACAPITAL.COM/"
"963609","HTTP://WWW.SARASINANDPARTNERS.COM"
"975261","HTTPS://WWW.SARATOGA-ASIA.COM"
"982223","HTTP://WWW.SMITHWHILEY.COM/"
"975953","HTTP://WWW.BRASSRINGCAPITAL.COM"
"978061","HTTP://WWW.THPARTNERS.NET"
"979499","HTTP://VALENCEFUND.COM/"
"979499","HTTP://WWW.CAXTONADVANTAGE.COM"
"981666","HTTP://WWW.SEQUELHOLDINGS.COM"
"981537","HTTP://WWW.PAVP.COM/"
"983244","HTTP://MORKCAPITAL.COM"
"983293","HTTP://WWW.FRESHWATERGLOBAL.COM"
"965043","HTTP://WWW.HEADLANDCP.COM"
"959064","HTTP://WWW.LEAPFROGVENTURES.COM/"
"969617","HTTP://WWW.EWINGMORRIS.COM"
"976635","HTTP://WWW.RCCF.COM"
"960231","HTTP://WWW.TMCAMERICA.COM"
"979304","HTTP://WWW.CAYGAN.COM"
"966770","HTTP://WWW.CONTEXTBH.COM"
"967490","HTTP://WWW.ATLASVENTURE.COM"
"972642","HTTP://WWW.INTEGRATEDMACRO.COM"
"970338","HTTP://WWW.BLACKSTARTCAPITAL.COM"
"973768","HTTP://WWW.SELECTII.COM"
"973713","HTTP://WWW.ROYALCAP.COM"
"975696","HTTP://WWW.APERTUREVP.COM"
"978171","HTTPS://WWW.BLUEORCHIDCAPITAL.COM"
"964447","HTTP://WWW.KAIOGCAPITAL.COM"
"962408","HTTP://CIMARRONHC.COM"
"963817","HTTP://WWW.CREATIONINVESTMENTS.ORG"
"963817","HTTP://WWW.CREATIONINVESTMENT.COM"
"963817","HTTP://WWW.CREATIONINVESTMENT.ORG"
"963817","HTTP://WWW.CREATIONINVESTMENTS.COM"
"974562","HTTP://WWW.SALIXVENTURES.COM"
"964053","HTTP://WWW.XRDS.US"
"969954","HTTP://WWW.INVESTECO.COM"
"971490","HTTPS://WWW.DECATHLONCAPITAL.COM"
"966142","HTTP://WWW.GARLANDCG.COM"
"966142","HTTP://WWW.GARLANDFUNDS.COM"
"967013","HTTP://WWW.LMRPARTNERS.COM"
"971117","HTTP://THI-FUNDS.COM"
"973610","HTTP://WWW.AXA-REIMSGP.FR/"
"980936","HTTP://WWW.ALLOSVENTURES.COM"
"978966","HTTP://UPFRONT.COM/"
"982212","HTTP://WWW.MITHRIL.COM"
"977039","HTTP://WWW.CHARTWELLINVESTMENTS.COM"
"968250","HTTP://WWW.SKTVC.COM"
"965097","HTTP://WWW.CPIL.CO.UK/"
"968305","HTTP://WWW.LYXOR.COM/"
"968305","HTTP://WWW.MYLYXORMAP.COM/"
"970504","HTTP://WWW.HOVDECAPITAL.COM"
"976988","HTTPS://WWW.CSCAP.CA"
"976947","HTTP://WWW.LEBARONBROWN.COM"
"974292","HTTP://WWW.SAGILCAP.COM"
"966145","HTTP://WWW.M7RE.CO.UK"
"982221","HTTPS://WWW.M81CAPITAL.COM"
"982181","HTTP://YORKMANAGEMENT.COM"
"961047","HTTP://WWW.MAINPOSTPARTNERS.COM"
"962586","HTTP://WWW.JHPARTNERS.COM"
"979024","HTTP://WWW.TMG.COM.BR"
"979173","HTTP://WWW.CORBELSEP.COM"
"977879","HTTP://WWW.BOUWFONDSIM.NL"
"980913","HTTP://WWW.ACEROVC.COM"
"985215","HTTP://WWW.SKTVC.COM"
"951718","HTTP://WWW.THETRUSTEDINSIGHT.COM"
"966168","HTTPS://WWW.BLUEORCHIDCAPITAL.COM"
"966436","HTTP://WWW.ENIAC.VC"
"967546","HTTP://WWW.K23Y.COM"
"967546","HTTP://WWW.KRAMLICHHOLDINGS.COM"
"973089","HTTP://WWW.LBN.COM.HK/"
"973090","HTTP://WWW.PRUDENCEINV.COM/"
"969517","HTTP://WWW.NORTHASSET.COM"
"974317","HTTP://WWW.STARVESTPARTNERS.COM"
"965351","HTTP://WWW.HEALTHCATALYSTCAPITAL.COM/"
"979571","HTTP://WWW.ASIAFRONTIERCAPITAL.COM"
"979009","HTTP://WWW.INTERATLANTICGROUP.COM"
"966483","HTTP://WWW.WESTERLYCAP.COM"
"969673","HTTP://WWW.VOLTEXASIA.COM"
"971901","HTTP://SHERPA.COM"
"975730","HTTP://WWW.CORDILLERA-IP.COM"
"973656","HTTP://WWW.RADIUSVENTURES.COM"
"970193","HTTP://WWW.SCPVITALIFE.COM"
"972352","HTTP://WWW.PHOENIX-EQUITY.COM"
"966477","HTTP://WWW.WATERTONGLOBAL.COM"
"966061","HTTP://WWW.MITHRIL.COM"
"973510","HTTP://WWW.ALPHACAPITALLLC.NET"
"974432","HTTP://WWW.MUTUALCAPITALPARTNERS.COM"
"974432","HTTP://WWW.ACCESSVENTURES.COM"
"979562","HTTP://WWW.ZANACAPITAL.COM"
"972217","HTTP://WWW.BRIGHTLINECAPITAL.COM"
"983823","HTTP://WWW.FORSYTHSTREET.COM"
"984591","HTTP://BHMSINVESTMENTS.COM/"
"982764","HTTPS://WWW.ISRAELCLEANTECH.COM"
"982685","HTTP://WWW.PENTRUSTONLINE.COM/"
"979573","HTTP://GHOCAPITAL.COM"
"970698","HTTP://GENERALCATALYST.COM"
"956869","HTTPS://WWW.NEWOCEANCAP.COM"
"975483","HTTP://WWW.ALEPH.COM"
"975058","HTTP://WWW.MONTPELERINCAPITAL.COM"
"972282","HTTPS://SERVICES.SUNGARDDX.COM/DEFAULT.ASPX?DN=1,DOCUMENTS&URL=DN=1003428,1,DOCUMENTS"
"972282","HTTP://WWW.ENCAPINVESTMENTS.COM"
"972794","HTTP://WWW.EFMIDSTREAM.COM"
"974542","HTTP://WWW.BRADFORDEQUITIES.COM"
"976335","HTTP://WWW.PIVOTCAPITAL.COM"
"976684","HTTP://WWW.DOMEYARD.COM"
"972527","HTTP://STRATEGICINVESTMENTFUND.ORG"
"974579","HTTP://EIGHT.VC"
"976909","HTTP://WWW.BROWNBEARCAPITAL.COM/"
"975528","HTTP://WWW.NINEALPHACAP.COM/9A/HOME.HTML"
"978317","HTTP://WWW.AACCAPITAL.COM"
"961173","HTTP://WWW.GENCAPPARTNERS.COM/"
"971797","HTTP://WWW.HOPENLS.COM"
"968430","HTTP://WWW.RUSTICCANYON.COM"
"958467","HTTP://QATOCAPITAL.COM/"
"974758","HTTP://WWW.IDALIONCAPITAL.COM"
"981729","HTTP://WWW.ANCORCAPITAL.COM"
"976348","HTTP://WWW.TELEIOSCAPITAL.COM"
"982688","HTTP://ATRIUMCAPITAL.COM"
"974704","HTTP://WWW.INCOMEPARTNERS.COM"
"964971","HTTP://WWW.CAMACPARTNERS.COM"
"966037","HTTP://WWW.THEOREMLP.COM"
"964951","HTTPS://WWW.ATLASCAP.NET"
"948386","HTTP://WWW.COVALISCAPITAL.COM"
"974054","HTTP://WWW.MGPFUND.COM"
"976115","HTTP://WWW.PCVFUND.COM"
"967156","HTTP://WWW.VERNO-CAPITAL.COM"
"973888","HTTP://PRIVATEVALUELP.COM"
"978442","HTTP://WWW.BELLGUARDCM.COM/"
"972697","HTTP://WWW.PROVENTUSCAPITALPARTNERS.SE/"
"979563","HTTP://WWW.STEELHEADCM.COM/"
"979949","HTTPS://WWW.TRAILBLAZERCAPITAL.COM"
"980037","HTTP://QATOCAPITAL.COM/"
"980575","HTTP://WWW.REALESTATEALTERNATIVES.COM"
"981656","HTTP://WWW.BOUSSARD-GAVAUDAN.COM/"
"975316","HTTP://WWW.ROTHSCHILD.COM"
"975001","HTTP://VANGUARDVENTURES.COM"
"975572","HTTP://WWW.YORKVILLEADVISORS.COM"
"975740","HTTP://WWW.MINDFULLINVESTORS.COM"
"975532","HTTP://WWW.GLOBALINFRASTRUCTURELLC.COM"
"975532","HTTP://WWW.GEO-INVESTORS.COM"
"975202","HTTP://EIGHT.VC"
"964953","HTTP://NORTHBRIDGE.COM"
"968568","HTTP://BLOG.TRIDENTCAP.COM"
"968568","HTTP://WWW.TRIDENTCAP.COM"
"968568","HTTP://WWW.TRIDENTCAPITAL.COM"
"977877","HTTP://WWW.KELUSAFUNDS.COM"
"978718","HTTP://WWW.AZIMUTH.VC/"
"973320","HTTP://WWW.CASTLEUNION.COM"
"974258","HTTP://WWW.SAGARD.COM"
"974351","HTTP://WWW.ROSSERCAPITALPARTNERS.COM/"
"959881","HTTP://WWW.GROWTHCAPITAL.CO.UK"
"982694","HTTP://WWW.LONGWOODFUND.COM"
"956216","HTTP://WWW.WESTMOUNTAINLLC.COM"
"966526","HTTP://HENGISTBURYPARTNERS.COM/"
"969681","HTTP://WWW.VGOCAPITAL.COM"
"975475","HTTP://WWW.SEARCHFUNDACCELERATOR.COM"
"983013","HTTP://WWW.REGIMENTCAPITAL.COM"
"967986","HTTP://WWW.IAVENTURES.COM"
"984547","HTTP://WWW.WAVEHILLCAPITAL.COM"
"967984","HTTP://ENVESTMICROFINANCE.ORG/"
"982865","HTTP://WWW.ZILKHAINVESTMENTS.COM"
"964694","HTTP://WWW.KOVITZPRIVATEHOLDINGS.COM"
"966721","HTTP://PRECISION.CAPITAL"
"975805","HTTP://WWW.ALEPH.VC"
"966134","HTTP://WWW.ASHBURTONINVESTMENTS.COM"
"970390","HTTP://WWW.VERTEXONE.COM"
"970390","HTTP://WWW.VERTEXONE.COM"
"957954","HTTP://WWW.MUDDYWATERSRESEARCH.COM"
"957954","HTTP://WWW.MUDDYWATERSCAPITAL.COM (UNDER CONSTRUCTION)"
"971096","HTTP://WWW.COVALISCAPITAL.COM"
"973525","HTTP://MCGF.COM.CN"
"974282","HTTP://WWW.EMPIREIH.COM"
"966449","HTTP://NAVIGATINGENERGY.COM/"
"968402","HTTP://WWW.OLESENVALUEFUND.COM/REGISTER/"
"963547","HTTP://WWW.LINDENGROVECAPITAL.COM"
"968761","HTTPS://WWW.HEALTHCAP.EU"
"968761","HTTPS://WWW.HEALTHCAP.SE"
"968761","HTTPS://WWW.OFCO.SE"
"970754","HTTP://WWW.SEACLIFF.COM"
"978302","HTTP://WWW.FLORINCOURT.COM"
"978302","HTTP://WWW.BRUMMER.SE"
"974633","HTTP://WWW.ALTIRAGROUP.COM"
"980878","HTTPS://WWW.AOFMANAGEMENT.COM"
"982939","HTTP://WWW.WESTFACECAPITAL.COM"
"968336","HTTP://WWW.BYBROOKCAPITAL.COM"
"972494","HTTP://GRANITEVC.NET"
"972494","HTTP://GRANITEVENTURES.ORG"
"972494","HTTP://GRANITEVENTURES.NET"
"972494","HTTP://GRANITEVC.ORG"
"972494","HTTP://GRANITEVP.COM"
"972494","HTTP://GRANITEVP.NET"
"972494","HTTP://HQVA.COM"
"972494","HTTP://GRANITEVENTURES.COM"
"972494","HTTP://GRANITEVC.COM"
"972494","HTTP://GRANITEVP.ORG"
"977010","HTTP://WWW.RTP.VC"
"964542","HTTP://WWW.REGALFM.COM"
"976296","HTTP://WWW.ALTAMANAGEMENTI.COM"
"976673","HTTP://WWW.IRVINGTONCAPITAL.COM"
"983256","HTTP://WWW.HORIZONVC.COM"
"984851","HTTP://WOODSIDEMANAGEMENT.COM"
"985983","HTTP://WWW.CORALGRP.COM"
"968285","HTTP://WWW.MYLYXORMAP.COM/"
"968285","HTTP://WWW.LYXOR.COM/"
"968234","HTTP://WWW.CD-CAPITAL.COM/"
"970139","HTTP://WWW.ONENORTHCAPITAL.COM"
"973635","HTTPS://WWW.CLYDEBLOWERSCAPITAL.COM"
"977337","HTTP://WWW.APPOSITECAPITAL.COM"
"978839","HTTP://WWW.BMPVC.COM"
"978823","HTTP://WWW.ORIONCAPMAN.COM"
"985525","HTTP://WWW.SWITCHBACKVENTURES.NET"
"979038","HTTP://WWW.HSBCPRIVATEBANK.COM/INVEST/ALTERNATIVE-INVESTMENTS"
"974608","HTTP://REDIVYCAP.COM"
"965041","HTTP://WWW.TEMPORISCAPITAL.COM"
"984630","HTTPS://WWW.CHEYNECAPITAL.COM"
"982799","HTTP://WWW.CRECIENTE-PARTNERS.COM/"
"981562","HTTP://WWW.SILVERSTREETCAPITAL.COM"
"983447","HTTP://WWW.ARCUSINVEST.COM"
"984695","HTTP://WWW.MMAFUNDMGMT.COM"
"980713","HTTP://WWW.COPPERLINE.US"
"979710","HTTP://VINTAGECAPITALMANAGEMENT.COM"
"977498","HTTP://WHITEHAVENLP.COM"
"985086","HTTP://WWW.AUTOTECHVC.COM"
"985179","HTTPS://WWW.INVENTUSCAP.COM"
"985375","HTTP://WWW.CPIL.CO.UK/"
"985671","HTTP://WWW.GRANVILLE-PE.DE"
"984967","HTTP://WWW.COBIACAP.COM"
"982973","HTTP://WWW.ALTAVENTURES.COM"
"983015","HTTP://WWW.ALTAVENTURES.COM"
"969217","HTTPS://WWW.ADVENTLS.COM"
"957951","HTTP://BLUECLAYCAPITAL.COM/"
"965173","HTTP://WWW.VENATOR.CA"
"978551","HTTPS://WWW.PACIFICLAKE.COM"
"978493","HTTP://WWW.HSBCPRIVATEBANK.COM/INVEST/ALTERNATIVE-INVESTMENTS"
"986333","HTTP://WWW.GENESISPARTNERS.COM"
"983096","HTTP://WWW.JUMP-CAPITAL.COM"
"986197","HTTP://WWW.NICOLETCAP.COM"
"985889","HTTP://WWW.BOGANASSOCIATES.COM"
"984703","HTTP://WWW.NEXITVENTURES.COM/"
"984427","HTTP://WWW.OAKVC.COM"
"980631","HTTP://WWW.ARCUSVENTURES.COM"
"986841","HTTPS://WWW.DHVEN.COM"
"986942","HTTPS://WWW.FISHHAWKLLC.COM"
"982160","HTTP://WWW.HALL-CAPITAL.COM"
"987086","HTTP://32DEGREES.CA"
"964876","HTTP://WWW.ARCAPITAL.COM.SG"
"964948","HTTP://WWW.VIFCAPITAL.COM/"
"964976","HTTP://TAPPANST.COM"
"968886","HTTP://WWW.DNCAPITAL.COM"
"969859","HTTP://WWW.SCPPARTNERS.COM"
"970406","HTTP://WWW.FURLONGFINANCIAL.COM"
"975186","HTTP://WWW.1KANSAI.COM"
"974189","HTTP://WWW.VOLUTIONCAPITAL.COM"
"980070","HTTP://WWW.REALESTATEALTERNATIVES.COM"
"980586","HTTP://WWW.REALESTATEALTERNATIVES.COM"
"974550","HTTP://WWW.ADELISEQUITY.COM"
"981719","HTTP://WWW.SJFVENTURES.COM"
"975504","HTTPS://WWW.NANCYCREEK.COM"
"978507","HTTP://WWW.HERONCAP.COM"
"961952","HTTP://TRANSLINKCAPITAL.COM"
"979665","HTTP://WWW.JIVEASSET.COM.BR/"
"967441","HTTP://WWW.PANTHEONCAPITAL.COM"
"967441","HTTP://WWW.PANTHEONPARTNERS.COM"
"969318","HTTP://WWW.AMADVISORSMX.COM/"
"985746","HTTP://WWW.BROWNBEARCAPITAL.COM/"
"967305","HTTP://WWW.WILAB.COM"
"977656","HTTP://WWW.INCUSCAPITAL.COM/"
"986312","HTTP://WWW.MDV.COM/"
"986312","HTTPS://SERVICES.INTRALINKS.COM/LOGON.HTML?CLIENTID=974688711"
"971077","HTTP://WWW.APAMHK.COM"
"980065","HTTP://WWW.AP-ASIA.COM"
"979773","HTTP://BRAVIA.COM"
"975273","HTTPS://WWW.FFCAPITAL.COM"
"971728","HTTP://WWW.BMOGAM.COM"
"974492","HTTP://WWW.SEVENPOINTPARTNERS.COM"
"977439","HTTP://STIASSNICAPITAL.COM"
"981626","HTTP://WWW.INSTARAGF.COM"
"979991","HTTP://CORNERMARKETCAPITAL.COM"
"974131","HTTP://WWW.CARDINALCAPITALGROUP.COM"
"985250","HTTP://WWW.ZENERGYVENTURES.COM"
"974450","HTTP://WWW.EXCEPTIONCAPITAL.COM/"
"972667","HTTP://WWW.HERMITAGEFUND.COM"
"973138","HTTP://HERMITAGEFUND.COM"
"978348","HTTP://WWW.AEMFUNDS.COM"
"985977","HTTP://WWW.BYBROOKCAPITAL.COM"
"974213","HTTP://WWW.HANGAR4PARTNERS.COM"
"985328","HTTP://WWW.FCPINVESTORS.COM"
"987396","HTTP://WWW.STAIRWAYCAPITAL.COM/"
"965027","HTTP://WWW.1STPARTNERS.COM"
"964259","HTTP://WWW.COASTALINVESTMENTMANAGEMENT.COM"
"957157","HTTP://WWW.KEPHAPARTNERS.COM"
"973640","HTTP://WWW.KINGSWAYCAP.COM"
"980083","HTTP://WWW.SALMONRIVERCAPITAL.COM"
"979572","HTTP://WWW.SPHERAFUND.COM"
"979776","HTTP://WWW.BBMINVESTIMENTOS.COM.BR"
"985719","HTTP://WWW.CENTRECOURTAM.COM"
"981048","HTTP://WWW.ALBIZIACAP.COM"
"986335","HTTP://WWW.GENESISPARTNERS.COM"
"986339","HTTP://WWW.GENESISPARTNERS.COM"
"958468","HTTP://WWW.LATOUR-CAPITAL.FR/"
"958468","HTTP://WWW.LATOUR-CAPITAL.CO.UK/"
"958468","HTTP://WWW.LATOUR-CAPITAL.COM"
"958468","HTTP://WWW.LATOUR-CAPITAL-PARTNERS.COM/"
"980648","HTTP://WWW.BROADSKYPARTNERS.COM"
"980490","HTTP://WWW.STANLEYCAP.COM/"
"986954","HTTP://WWW.SANTEVENTURES.COM"
"982747","HTTP://WWW.AGCMEXICO.COM"
"986130","HTTP://WWW.ABERDARE.COM/"
"965459","HTTP://WWW.CREATIONINVESTMENTS.ORG"
"965459","HTTP://WWW.CREATIONINVESTMENT.COM"
"965459","HTTP://WWW.CREATIONINVESTMENT.ORG"
"965459","HTTP://WWW.CREATIONINVESTMENTS.COM"
"959332","HTTP://WWW.SYNTEGRACAPITAL.COM"
"957554","HTTP://WWW.CANVAS.VC"
"969114","HTTP://WWW.VALUEADVISORS.CO.KR"
"967727","HTTP://WWW.K23Y.COM"
"967727","HTTP://WWW.KRAMLICHHOLDINGS.COM"
"968950","HTTP://ECLIPSE.VC"
"970865","HTTP://WWW.SKOPOS.COM.BR"
"975003","HTTP://WWW.TEMBOCAPITAL.COM"
"974535","HTTP://WWW.HANDMADECAPITAL.COM"
"990718","HTTPS://WWW.ABSVENTURES.COM"
"989716","HTTP://WWW.NEOCARTA.COM"
"972638","HTTP://WWW.CITICCAPITAL.COM"
"990922","HTTP://WWW.CITICCAPITAL.COM"
"983802","HTTPS://WWW.GEMSSTOCK.FUND"
"992538","HTTP://WWW.CHRYSALISVENTURES.COM"
"991376","HTTP://NORWICHVENTURES.COM"
"987590","HTTP://WWW.SENETCAPITAL.COM"
"978783","HTTP://SOFTTECHVC.COM"
"990829","HTTP://REDROCKVENTURES.COM"
"998971","HTTP://WWW.MVPARTNERS.COM"
"991104","HTTP://WWW.CAPITON.DE"
"986543","HTTP://WWW.COURTSQUAREVENTURES.COM"
"999053","HTTP://WWW.EASTSIDEPARTNERS.COM"
"1001034","HTTPS://WWW.CORRIDORCAPITAL.COM"
"990177","HTTP://WWW.MCMCHINA.COM/"
"1002515","HTTP://WWW.BLUESTEMCAPITAL.COM"
"987957","HTTP://WWW.EDLCAP.COM"
"987975","HTTPS://WWW.PALKONCAP.COM"
"962601","HTTP://WWW.CARNEGROUP.COM"
"985659","HTTP://WWW.SECONDCITYCAPITAL.COM"
"993275","HTTP://WWW.YORKSTREETCAPITAL.COM"
"986321","HTTP://WWW.LSCAPITAL.COM"
"986945","HTTP://WWW.CIVICCAPITALGROUP.COM"
"980953","HTTP://WWW.CULTIVIAN.COM"
"983049","HTTP://JP-CAP.COM/"
"993890","HTTP://RALLYVENTURES.COM"
"987339","HTTP://WWW.PELICANENERGYPARTNERS.COM"
"994394","HTTP://WWW.RAMREALESTATE.COM/"
"986716","HTTP://WWW.DTVENTURES.COM/"
"987016","HTTP://WWW.DRIEHAUSPE.COM"
"981330","HTTP://WWW.OXBIO.COM"
"985258","HTTP://WWW.BUTTONWOODGROUPADVISORS.COM"
"986418","HTTPS://WWW.EYCKCAPITAL.COM"
"990805","HTTP://WWW.STRATIMCAPITAL.COM/."
"986085","HTTP://WWW.BARCACAPITAL.COM"
"991682","HTTP://ECOSYSTEMINTEGRITY.COM"
"990206","HTTPS://WWW.MORADOVENTURES.COM"
"976325","HTTP://WWW.KARSTPEAK.COM"
"978294","HTTP://WWW.EMCAP.COM"
"983845","HTTP://WWW.UNITASCAPITAL.COM"
"983860","HTTP://WWW.UNITASCAPITAL.COM"
"995682","HTTP://WWW.NEWWORLDCAPITAL.NET"
"1002217","HTTP://UPFRONT.COM/"
"1002354","HTTP://WWW.VELOSPARTNERS.COM"
"993324","HTTP://WWW.POLARIS-CG.COM/US/COMPANY/SINGAPORE.HTML"
"985633","HTTP://WWW.EXCELSIORCAPITALASIA.COM"
"999600","HTTP://WWW.SYNERGYVENTURES.NET"
"995070","HTTP://WWW.CLSACAPITAL.COM"
"995070","HTTP://WWW.CLSA.COM"
"994259","HTTP://JLL.COM"
"994259","HTTP://WWW.LASALLE.COM"
"991691","HTTP://WWW.HQAP.COM"
"998623","HTTP://WWW.HQAP.COM"
"1004482","HTTP://WWW.MONTREUXEQUITY.COM"
"1004482","HTTP://WWW.MEPVC.COM"
"1001583","HTTP://WWW.NINEMASTS.COM"
"969151","HTTP://WWW.HALDER.EU"
"958913","HTTP://WWW.CEDARFUND.COM"
"984112","HTTP://WWW.TITLECARDCAPITAL.COM"
"978573","HTTP://WWW.OBVIOUS.COM"
"985652","HTTP://WWW.SECONDCITYREALESTATE.COM"
"993307","HTTPS://MCP-AM.COM"
"979083","HTTP://WWW.FORMATION8.COM"
"993331","HTTP://WWW.ALPHAIPARTNERS.COM"
"981142","HTTP://WWW.ROCKPORTCAP.COM"
"1001406","HTTP://WWW.ORIGINVENTURES.COM"
"999830","HTTP://WWW.ENERTECHCAPITAL.COM"
"991705","HTTP://WWW.DTCAP.COM"
"999616","HTTP://WWW.LGT-ILS-PARTNERS.COM"
"1004513","HTTP://WWW.ABAXCAP.COM"
"993466","HTTP://WWW.GOLDENBELLPARTNERS.COM/"
"992094","HTTP://WWW.PERMIRA.COM"
"1000842","HTTP://WWW.1011VC.COM"
"1003762","HTTP://WWW.EQT.GG"
"1001994","HTTP://WWW.BEEPARTNERS.VC"
"1001652","HTTP://WWW.KINGROOKCAPITAL.COM/"
"999497","HTTP://WWW.T2INVESTMENTS.COM/"
"999516","HTTP://WWW.MEDVEN.COM"
"987789","HTTP://WWW.MBKPARTNERSLP.COM"
"1004226","HTTP://WWW.TEXASDEEPWATER.COM"
"999666","HTTPS://WWW.CFM.FR/"
"1001842","HTTP://WWW.BOREALISVENTURES.COM"
"1002902","HTTP://GRANITEHOUSECAPITAL.COM"
"999125","HTTP://WWW.IAVENTURES.COM"
"1001876","HTTPS://WWW.ATLASCAP.NET"
"987698","HTTP://WWW.SALAURMOR.COM/LOGIN/"
"996871","HTTP://WWW.POUNDCAPITAL.COM"
"1002653","HTTP://WWW.CYPRESSGROWTHCAPITAL.COM"
"1003137","HTTP://WWW.TIGERINFRASTRUCTURE.COM"
"986230","HTTP://WWW.RITCHIECAPITAL.COM"
"990114","HTTP://WWW.ELEPHANTVC.COM"
"990996","HTTP://IRCP.COM/"
"994358","HTTP://WWW.MILWAUKEECAPITAL.COM"
"974505","HTTP://WWW.LEAVITTPARTNERS.COM"
"997654","HTTP://WWW.CARNEGROUP.COM"
"998497","HTTP://WWW.DUNHAMPARTNERS.COM"
"988539","HTTP://WWW.WIHARPER.COM/"
"998321","HTTP://WWW.SCALEVP.COM/"
"996194","HTTP://UPDATA.COM/"
"998533","HTTP://WWW.MILES-HOWLAND.COM"
"998903","HTTP://WWW.HARLANCAPITAL.COM"
"997544","HTTP://HDCAP.COM"
"988518","HTTP://WWW.STAGEONEVC.COM"
"985355","HTTP://WWW.COUNCILCAPITAL.COM"
"994465","HTTP://BCPARTNERS.COM"
"974521","HTTP://NEWWAVELOANS.COM/"
"974521","HTTP://RIVOALTO.COM/"
"982408","HTTPS://WWW.EQUATORCAP.NET"
"998750","HTTP://WWW.APAX.COM"
"989241","HTTP://MORKCAPITAL.COM"
"994372","HTTPS://WWW.SYCAMOREVENTURES.COM"
"979639","HTTPS://WWW.BABSONCAPITAL.COM/"
"978811","HTTP://WWW.USDEBTVENTURES.COM"
"1000347","HTTP://WWW.LACUNA.COM"
"987830","HTTP://WWW.NORTHLOOPCAPITAL.COM"
"989059","HTTP://JERICACAPITAL.COM"
"988966","HTTP://WWW.ALSOP-LOUIE.COM"
"986156","HTTP://WWW.ENGINEERINGCAPITAL.COM"
"991593","HTTP://WWW.NORTHBRIDGE.COM/"
"973461","HTTP://OAKHCFT.COM/"
"993173","HTTP://WWW.AAVIN.COM"
"981701","HTTP://WWW.LEXCAPITAL.CA"
"991676","HTTP://WWW.ASPECTVENTURES.COM"
"979947","HTTP://WWW.BROADVAIL.COM"
"978955","HTTP://WWW.GREYLOCK.COM"
"996931","HTTP://WWW.VALLEYFORGECAPITAL.COM/"
"997079","HTTP://WWW.FUNDAMENTALCAPITAL.COM"
"989261","HTTP://WWW.ARCHBRIDGECAP.COM"
"973317","HTTP://WWW.TAMIRFISHMAN.CO.IL"
"997285","HTTP://WWW.FGGUS.COM"
"987996","HTTP://WWW.TEMPOCAPITAL.COM.BR"
"986237","HTTP://WWW.IDEAFUNDPARTNERS.COM/"
"989695","HTTP://WWW.PAMPLONAFUNDS.COM"
"981772","HTTP://WWW.HCOMPANY.COM"
"989722","HTTP://WWW.ASCENDVENTURES.COM"
"986648","HTTP://WWW.DFBURCHADVISORS.COM"
"981194","HTTPS://WWW.INTERSOUTH.COM"
"990982","HTTP://WWW.ABERDEENSVG.COM"
"997790","HTTP://WWW.PHOENIX-VP.COM"
"961520","HTTP://WWW.GENESISCAPPARTNERS.COM"
"1001102","HTTP://NORTHERNPACIFICGROUP.COM"
"974714","HTTP://WWW.SOUTHERNCAPITALGROUP.COM"
"988503","HTTP://WWW.WOLFPOINTAM.COM"
"975265","HTTP://WWW.SOUTHERNCAPITALGROUP.COM"
"983368","HTTP://WWW.QUANTUM-CAPITAL-PARTNERS.COM"
"997652","HTTP://SADARAVC.COM"
"986296","HTTP://WWW.LIMETREECAPITAL.COM"
"990453","HTTP://WWW.SPARKCAPITAL.COM"
"990923","HTTP://WWW.LCAPITALASIA.COM"
"1004511","HTTP://WWW.CIM.COM.HK"
"993798","HTTP://WWW.SANDBOXINDUSTRIES.COM"
"1001537","HTTP://WWW.PROVENTUSCAPITALPARTNERS.SE/"
"993286","HTTP://ALSISFUNDS.COM/"
"999354","HTTPS://WWW.BROOKFIELDBR.COM/"
"994451","HTTPS://WWW.UFGAM.COM"
"1004731","HTTP://WWW.DEUTSCHEAM.COM"
"986443","HTTP://WWW.SOURCE-CAP.COM"
"986505","HTTP://WWW.SOURCE-CAP.COM"
"986483","HTTP://WWW.SOURCE-CAP.COM"
"994614","HTTP://WWW.CQSCAPITAL.COM"
"980677","HTTP://WWW.SIERRAVENTURES.COM/"
"980796","HTTP://WWW.SIERRAVENTURES.COM/"
"1004367","HTTP://WWW.MHSCAPITAL.COM/"
"976524","HTTPS://DVORELLC.COM"
"976524","HTTPS://DVOREALESTATE.COM"
"980808","HTTP://WWW.SIERRAVENTURES.COM/"
"992708","HTTP://WWW.SMITHWHILEY.COM"
"1002880","HTTP://WWW.XYZQ.COM.HK"
"999619","HTTP://WWW.NIAM.SE"
"999619","HTTP://WWW.NIAM.DK"
"999619","HTTP://WWW.NIAM.FI"
"1001224","HTTP://WWW.ENIAC.VC"
"984854","HTTP://WWW.LLOYDSBANK.COM"
"984854","HTTP://WWW.LLOYDSBANKCOMMERCIAL.COM/"
"999959","HTTP://WWW.FEDCAPPARTNERS.COM"
"964000","HTTP://WWW.ATVCAPITAL.COM"
"964000","HTTPS://DYNAMO.NETAGESOLUTIONS.COM/SITE/LOGIN.ASPX"
"989062","HTTP://WMCAPITALPARTNERS.COM/"
"987563","HTTP://VESBRIDGE.COM"
"986198","HTTP://WWW.PIPERCOVEFUND.COM/"
"980799","HTTP://WWW.P2AM.CH"
"980454","HTTP://WWW.INITIALIZED.CO"
"994897","HTTP://WWW.GALVANIZE.COM/VENTURE"
"991197","HTTP://ACCELERATORVENTURES.COM"
"990738","HTTP://WWW.ILLUMINATE.COM"
"995634","HTTP://TPF.HK/"
"987203","HTTP://WWW.SPINNAKERCAPITAL.COM"
"973208","HTTP://WWW.COUNCILCAPITAL.COM"
"990675","HTTP://WWW.CQSCAPITAL.COM"
"996548","HTTP://WWW.CEN.VC"
"1000798","HTTP://MAINSTREETRESOURCES.COM"
"1002748","HTTP://WWW.LEMELSONCAPITAL.COM"
"992206","HTTP://WWW.INTERCAP.COM.MX"
"994262","HTTP://WWW.GREENWOODSASSET.COM"
"990252","HTTP://WWW.OASISCM.COM"
"1001644","HTTP://WWW.CDHFUND.COM/EN/PRIVATE_EQUITY/INDEX.HTML"
"987132","HTTP://WWW.BANYANVC.COM"
"998638","HTTPS://WWW.LGTCP.COM"
"1002887","HTTP://WWW.KARMACAPITAL.COM"
"1002887","HTTP://WWW.KARMACAP.COM"
"1001513","HTTP://WWW.DEVELOPMICHIGAN.NET/"
"990289","HTTP://MAGMAVC.COM"
"978310","HTTP://WWW.ACT.IS"
"994366","HTTP://AXIOMVENTURES.COM"
"996733","HTTP://WWW.NYLIMJB.NET"
"999919","HTTP://WWW.RELAYVENTURES.COM"
"996746","HTTP://WWW.NYLIMJB.NET"
"975413","HTTP://PARALLELIP.COM/"
"994867","HTTP://WWW.CATALYST.COM"
"998784","HTTP://WWW.SBCINV.COM/"
"969201","HTTPS://WWW.MONTAGU.COM"
"998536","HTTP://WWW.GOLDHILLCAPITAL.COM"
"990910","HTTP://WWW.STORMVENTURES.COM"
"968665","HTTP://WWW.GSRVENTURES.COM/EN/INDEX.HTML"
"986673","HTTP://WWW.NCTVENTURES.COM"
"998843","HTTP://WWW.GILDE.COM"
"996834","HTTP://WWW.LAKEVIEWEQUITY.COM"
"995285","HTTP://WWW.MOORFIELD.COM"
"983315","HTTP://LOWERCASELLC.COM/"
"983315","HTTP://LOWERCASECAPITAL.COM/"
"997582","HTTP://WWW.FLUKEVENTURES.COM"
"977355","HTTPS://WWW.PINEBRIDGE.COM"
"991898","HTTP://WWW.BARING-VOSTOK.COM"
"1000014","HTTPS://WWW.AVENTICUM.COM"
"990054","HTTP://WWW.SFCEPARTNERS.COM"
"995673","HTTP://WWW.GRANDTRUNKCAPITAL.COM"
"1000068","HTTP://WWW.SAPPHIREFUNDS.COM"
"1000148","HTTP://WWW.TIPFUND.COM (WWW.TVCCAPITAL.COM)"
"986524","HTTP://WWW.PKAVE.COM"
"983766","HTTP://WWW.TCGROWTH.COM"
"1000378","HTTP://WWW.WOODSIDEFUND.COM"
"977557","HTTP://WWW.RIVER-CAPITAL.COM"
"989523","HTTP://WWW.CREOCAPITALPARTNERS.COM"
"991363","HTTP://WWW.KIRSTEINFINANS.DK"
"985587","HTTP://WWW.PCMCAPITAL.COM"
"991621","HTTP://WWW.KHOSLAVENTURES.COM"
"972641","HTTP://WWW.CITICCAPITAL.COM"
"991690","HTTP://WWW.CITICCAPITAL.COM"
"991700","HTTP://WWW.CITICCAPITAL.COM"
"976118","HTTP://WWW.TOPARTNERSLP.COM"
"993227","HTTP://WWW.LINZORCAPITAL.COM/"
"981451","HTTP://ANACAPAPARTNERS.COM/"
"982120","HTTP://WWW.PLEIADADVISORS.COM"
"996395","HTTP://WWW.RESERVOIRVP.COM"
"993860","HTTP://WWW.VISTARIDGECAPITAL.COM"
"980173","HTTP://FIML.FEDERATEDINVESTORS.COM"
"980173","HTTP://WWW.FEDERATEDINVESTORS.COM"
"982138","HTTP://WWW.CITICPE.COM"
"989424","HTTP://WWW.QUVAT.COM"
"963174","HTTP://WWW.DIMASELLC.COM"
"995059","HTTP://ORTUSCAPITAL.COM"
"990845","HTTPS://WWW.PALATINEPE.COM"
"992511","HTTP://WWW.TORINVESTMENT.COM"
"1001351","HTTP://WWW.TAHANCAPITAL.COM"
"974767","HTTP://WWW.FIMI.CO.IL"
"994339","HTTP://WWW.SECTOR.NO/"
"977485","HTTP://WWW.PARKSQUARECAPITAL.COM"
"998774","HTTPS://WWW.BENNELONGASSET.COM/"
"987258","HTTP://WWW.VMCAP.COM"
"992512","HTTP://PLENUS.CO.IL"
"996708","HTTP://WWW.SAMENACAPITAL.COM/"
"1004520","HTTP://WWW.BROCKTONCAPITAL.COM"
"999744","HTTP://WWW.RIBBITCAP.COM"
"991377","HTTP://WWW.JMCCP.COM"
"1001517","HTTP://WWW.SPIDERCP.COM/"
"995085","HTTP://WWW.CXCAPITAL.NET"
"994068","HTTP://WWW.BUTCHERJOSEPH.COM/"
"994068","HTTP://WWW.MOSAIC-CP.COM"
"980192","HTTP://WWW.MOREHEADCAPITAL.COM/"
"996143","HTTPS://WWW.DECATHLONCAPITAL.COM"
"969038","HTTP://WWW.JORDANCAPITALAM.COM"
"986170","HTTP://WWW.THEARDENTCOMPANIES.COM/"
"972176","HTTP://WWW.CUBEINFRASTRUCTURE.COM/"
"994322","HTTP://WWW.IUVP.COM/"
"985634","HTTP://WWW.CRCICAPITAL.COM/"
"1004837","HTTP://WWW.OAKWOODMEDICAL.COM"
"986758","HTTP://WWW.MIDEUROPA.COM"
"990320","HTTP://WWW.DNCAPITAL.COM"
"1004774","HTTP://WWW.GRANDBANKSCAPITAL.COM"
"1000177","HTTP://WWW.SYMMETRYPEAK.COM"
"990328","HTTP://WWW.FIVEELMS.COM"
"995922","HTTP://WWW.UFGAM.COM"
"1000938","HTTP://WWW.GEOCAPITAL.COM/GEO/HOME.HTM"
"964033","HTTPS://DYNAMO3.NETAGESOLUTIONS.COM/PORTAL/LOGIN/LIGHTSTONE/PORTALPLUS/"
"964033","HTTP://WWW.LIGHTSTONEVC.COM"
"994756","HTTP://DMSOFFSHORE.COM/OFFICE/IRELAND/"
"990988","HTTP://WWW.ABERDEENSVG.COM"
"998817","HTTPS://WWW.BULWARKBAY.COM"
"998951","HTTP://WWW.TRAFALGARCOPLEY.COM"
"996568","HTTP://WWW.RESOLUTE.VC"
"997441","HTTP://WWW.ACM.COM"
"994182","HTTP://WWW.HDHCAPITAL.COM"
"979311","HTTP://WWW.MDO-MANCO.COM/"
"986358","HTTP://WWW.ION-AM.COM"
"995635","HTTP://WWW.LITORINA.SE"
"995635","HTTP://WWW.LITORINAKAPITAL.SE"
"994497","HTTP://WWW.INVESTINDUSTRIAL.COM"
"978308","HTTP://WWW.ACT.IS"
"993234","HTTP://WWW.CLAIRVUECAPITAL.COM"
"985127","HTTPS://WWW.FONTINALIS.COM"
"965886","HTTP://WWW.KPCB.COM"
"1003081","HTTPS://WWW.FONTINALIS.COM"
"997946","HTTP://WWW.AEWEUROPE.COM/EN/HOME.HTM"
"986288","HTTP://BIOSTARVENTURES.COM"
"1000885","HTTP://WWW.BROOKLYNBRIDGE.VC/"
"1001822","HTTP://WWW.KPCB.COM/CHINA"
"991728","HTTP://WWW.MALABARINVEST.COM"
"991009","HTTP://ATLANTICSTREETCAPITAL.COM"
"988114","HTTP://WWW.HCPCOMPANY.COM"
"988114","HTTP://WWW.HISPANIAPARTNERS.COM"
"993578","HTTP://PLAYGROUND.GLOBAL/"
"994437","HTTP://WWW.FAIRFIELDRESIDENTIAL.COM"
"994437","HTTPS://SERVICES.INTRALINKS.COM/LOGIN/"
"975872","HTTP://WWW.PRIDESCROSSINGCAPITAL.COM"
"991465","HTTP://WWW.FARRINGDONCAP.COM"
"979551","HTTP://WWW.PANGAEAVENTURES.COM"
"996373","HTTP://WWW.ALTOS.VC"
"990499","HTTP://WWW.ICONVENTURES.COM"
"964707","HTTP://WWW.BLACKROCK.COM"
"1003111","HTTP://WWW.RRE.COM"
"996407","HTTP://ARLESMGT.COM"
"996694","HTTP://WWW.HIGHLANDCONSUMER.COM"
"996895","HTTP://WWW.LGTCP.COM"
"996511","HTTP://WWW.NEWBURYVENTURES.COM"
"996511","HTTP://WWW.RISINGTIDEFUND.COM"
"989326","HTTP://WWW.OUTLOOKVENTURES.COM"
"991571","HTTP://WWW.NORTHBRIDGE.COM/"
"982926","HTTP://WWW.MERCURYFUND.COM"
"990850","HTTP://WWW.PEACHTREEEQUITY.COM"
"981747","HTTP://WWW.FABULACAPITAL.COM"
"996349","HTTP://LCP1.COM"
"986920","HTTP://WWW.CLAREMONTCREEK.COM"
"979353","HTTP://SILVERSMITHCAPITAL.COM"
"994078","HTTP://WWW.ALTASPARTNERS.COM"
"994084","HTTP://WWW.ALTASPARTNERS.COM"
"995221","HTTPS://WWW.CVC.COM"
"982435","HTTP://WWW.ALOTHON.COM"
"990749","HTTP://SAGEROADCAPITAL.COM/"
"997168","HTTP://WWW.MOREHEADCAPITAL.COM/"
"995395","HTTP://WWW.SANDERLING.COM/"
"995411","HTTP://ARCHVENTURE.COM"
"981253","HTTP://WWW.ELEVAREQUITY.COM/"
"991151","HTTP://WWW.KENNET.COM"
"995362","HTTP://WWW.HCVALUECAPITAL.COM"
"983320","HTTP://WWW.ATCAPITAL.AE"
"980918","HTTP://WWW.CIDCAP.COM"
"996637","HTTP://WWW.EBRFASSET.COM"
"962140","HTTP://WWW.DUNESPOINTCAPITAL.COM"
"997922","HTTP://WWW.MMFCAPITAL.COM"
"997922","HTTP://WWW.MIDWESTMEZZANINE.COM"
"998225","HTTP://WWW.MMFCAPITAL.COM"
"998225","HTTP://WWW.MIDWESTMEZZANINE.COM"
"981044","HTTP://WWW.ENERGYSPECTRUMCAPITAL.COM"
"981044","HTTP://WWW.ENERGYSPECTRUM.COM"
"989629","HTTP://EMALTERNATIVES.COM"
"1000744","HTTP://WWW.OATV.COM"
"1002240","HTTP://WWW.SPROUTGROUP.COM"
"985702","HTTP://BLAUVELTCAPITAL.COM/"
"999446","HTTP://WWW.ELEVATION.COM"
"990619","HTTP://WWW.PACVISTA.COM"
"991208","HTTP://WWW.BREAKAWAYCAP.COM"
"975334","HTTP://ACP-LATAM.COM"
"984984","HTTP://WWW.HIGHLANDCONSUMER.COM"
"986056","HTTP://WWW.TENAYACAPITAL.COM"
"980071","HTTP://WWW.ANCHORPE.COM"
"986738","HTTP://WWW.LINGERFELTCOMMONWEALTH.COM"
"1000904","HTTP://SPELLCAPITAL.COM/"
"1003860","HTTP://WWW.CULTIVATIONCAPITAL.COM"
"986374","HTTP://WWW.KKR.COM"
"1004480","HTTP://WWW.TOWERCAPITAL.CO.ZA"
"1004011","HTTP://AZURECAP.COM"
"999810","HTTP://WWW.SIGNETHEALTHCAREPARTNERS.COM"
"989343","HTTP://WWW.HALOFUND.COM"
"994806","HTTPS://WWW.NOVENTIVC.COM"
"994176","HTTP://WWW.LCPARTNERS.COM"
"994176","HTTP://LP.LCPARTNERS.COM/XTRANET"
"993015","HTTP://WWW.GRANITEHALL.COM"
"986327","HTTP://WWW.JDCAPITAL.COM"
"995086","HTTP://WWW.SELIGMANSELECT.COM"
"997684","HTTP://WWW.COUPLANDCARDIFF.COM/"
"979600","HTTP://WWW.ANTIN-IP.COM"
"975300","HTTP://WWW.SURGICALFRONTIERS.COM"
"971315","HTTP://WWW.ENFOCA.COM.PE/"
"993498","HTTP://FUND.PFNYC.ORG"
"998929","HTTP://OSAGEPARTNERS.COM"
"992313","HTTP://WWW.ABACABFUND.COM"
"988339","HTTP://WWW.RIVERVEST.COM"
"988339","HTTP://WWW.3X5FUND.COM"
"985327","HTTP://WWW.LEADERVENTURES.COM"
"982487","HTTP://WWW.FERROCAPITAL.COM"
"977735","HTTP://WWW.LUMIRACAPITAL.COM"
"994777","HTTP://WWW.COMPOUNDFUNDS.COM"
"995617","HTTP://MEYERBERGMAN.COM"
"986396","HTTP://WWW.CAYUGAVENTURES.COM/"
"986396","HTTP://WWW.CAYUGAVENTUREFUND.COM/"
"986396","HTTP://WWW.CVF.BIZ/"
"999630","HTTP://WWW.LDFM.COM"
"1000084","HTTPS://WWW.TGFMANAGEMENT.COM"
"977340","HTTP://WWW.BALDERTON.COM"
"998211","HTTP://WWW.SHV.COM"
"995575","HTTP://WWW.FOUNDERSCOOP.COM"
"1000261","HTTP://WWW.TENFOLDCAPITAL.COM"
"995655","HTTP://FOUNDERSCOOP.COM"
"995119","HTTP://WWW.VKC-PARTNERS.COM/EN"
"990200","HTTP://WWW.EASTSIDEPARTNERS.COM"
"1000634","HTTP://WWW.WOODSIDEFUND.COM"
"989396","HTTP://WWW.NQCAP.COM"
"990935","HTTP://WWW.CITICCAPITAL.COM"
"1001047","HTTP://WWW.GREENMONTCAPITAL.COM"
"1001090","HTTPS://TWITTER.COM/PIVOTNORTH"
"990529","HTTP://WWW.OPENVIEWPARTNERS.COM"
"1001062","HTTP://WWW.SHERBROOKECAPITAL.COM"
"985660","HTTP://WWW.MATHVENTUREPARTNERS.COM/"
"980542","HTTP://WWW.TANTALLONCAPITAL.COM"
"981053","HTTP://WWW.TANTALLONCAPITAL.COM"
"988149","HTTP://WWW.ENERGYFUNDERS.COM"
"982094","HTTP://WWW.VULPESINVEST.COM"
"982094","HTTP://WWW.KIT-TRADING.COM.SG"
"963425","HTTP://WWW.EQUISFG.COM"
"989458","HTTP://WWW.MITRACAPITAL.NET"
"989458","HTTP://WWW.MITRACAPITAL.COM"
"986383","HTTP://WWW.APAX.FR"
"997556","HTTP://SECONDCITYREALESTATE.COM"
"985108","HTTP://WWW.WINDHAMCAPITALGROUP.COM"
"989456","HTTP://WWW.INNKAP.SE"
"986451","HTTP://VILLAGEVENTURES.COM/"
"991319","HTTP://WWW.KIRSTEINFINANS.DK"
"985136","HTTP://WWW.TALLWOODVC.COM"
"991033","HTTP://WWW.ACCENTEQUITY.SE"
"971452","HTTP://WWW.FOURRIVERSGROUP.COM"
"994666","HTTP://WWW.JKBCAPITAL.COM"
"989965","HTTP://LVPCAPITAL.COM/"
"982785","HTTP://WWW.PLINIANCAPITAL.COM"
"993841","HTTPS://FULCRUMEP.COM"
"990071","HTTPS://WWW.TRAILBLAZERCAPITAL.COM"
"995220","HTTP://WWW.OCEANWOOD.COM"
"981067","HTTP://ABRIS-CAPITAL.COM"
"999913","HTTP://WWW.EMERALDMANAGERS.COM"
"1002889","HTTP://WWW.ARKPARTNERS.COM/ARK/"
"998510","HTTP://WWW.PROLOGVENTURES.COM"
"997500","HTTP://WWW.FINCHWOODCAPITAL.COM"
"993352","HTTP://THI-FUNDS.COM"
"1004001","HTTP://WWW.DELTAGROUP.KY"
"1004096","HTTP://WWW.GAMEFISHCAP.COM"
"990801","HTTP://WWW.CAPITALZ.COM"
"990808","HTTP://WWW.CAPITALZ.COM"
"968027","HTTP://TAPPANST.COM"
"991524","HTTPS://WWW.PANORAMACAPITAL.COM"
"978081","HTTP://WWW.HALL-CAPITAL.COM"
"991699","HTTP://WWW.303CAPITAL.COM"
"981087","HTTP://WWW.CAMACPARTNERS.COM"
"991879","HTTP://WWW.MPNCAPITAL.COM"
"974306","HTTP://WWW.CARNELIANENERGY.COM"
"988212","HTTP://WWW.PALAMON.COM"
"984134","HTTP://WWW.PACVIEWAM.COM"
"998831","HTTPS://WWW.BLUELIONCAP.COM"
"999957","HTTP://WWW.LUXCAPITAL.COM"
"993232","HTTP://WWW.LINZORCAPITAL.COM/"
"990155","HTTP://HAUSERPRIVATEEQUITY.COM"
"995752","HTTP://WWW.CARRICKCAPITALPARTNERS.COM/"
"997917","HTTP://WWW.EXPANSIVE.VC"
"1001593","HTTP://WWW.GARLANDCG.COM"
"1001593","HTTP://WWW.GARLANDFUNDS.COM"
"999122","HTTP://COVERAVENTURES.COM"
"988708","HTTP://WWW.FORMULAGROWTH.CA"
"986637","HTTP://WWW.HILLTOP.CO.UK"
"987939","HTTP://WWW.SAGATREECAPITAL.COM"
"986338","HTTP://WWW.EDLCAP.COM"
"993779","HTTP://WWW.ENERGYIMPACTPARTNERS.COM"
"989263","HTTP://WWW.ROMULUSCAP.COM"
"993242","HTTP://WWW.UNION-PARK.COM"
"987357","HTTP://WWW.ABACOAM.COM"
"974946","HTTP://WWW.GOTHAMVC.COM"
"994413","HTTP://WWW.DYNAMISCAPITAL.NET/"
"994424","HTTP://WWW.DFE-PARTNERS.COM"
"996181","HTTPS://WWW.FLYWHEELVENTURES.COM"
"978151","HTTPS://WWW.EMPERYAM.COM"
"989511","HTTP://WWW.LARSENMACCOLL.COM"
"960901","HTTP://WWW.RENVCF.COM"
"996357","HTTP://WWW.ALLOYVENTURES.COM"
"994810","HTTP://WWW.CASDINCAPITAL.COM"
"996417","HTTP://WWW.FOCALPOINTVENTURES.COM"
"989446","HTTP://WWW.LIONROCKCAPITALHK.COM"
"990650","HTTP://WWW.MERITAGEFUNDS.COM"
"988251","HTTP://WWW.EDGEWATERCAPITAL.COM"
"992938","HTTP://WWW.STELAC.COM"
"992777","HTTP://WWW.BATTLEINVESTMENTGROUP.COM"
"993453","HTTP://WWW.JABCAP.COM"
"996141","HTTP://WWW.ROCKWOODINVEST.COM/"
"991365","HTTP://WWW.ENERGYVENTURES.NO"
"986702","HTTPS://WWW.LERERHIPPEAU.COM"
"1000640","HTTP://WWW.THIRDWAVEVENTURES.COM"
"999460","HTTP://WWW.BACHUSWINEFUND.COM"
"993087","HTTP://WWW.IVP.COM"
"993164","HTTP://WWW.IVP.COM"
"993188","HTTP://WWW.IVP.COM"
"993270","HTTP://WWW.IVP.COM"
"993078","HTTP://WWW.BVP.COM"
"984262","HTTP://COSTANOAVC.COM"
"1001026","HTTP://WWW.BLACKDIAMONDPARTNERS.COM"
"982436","HTTP://WWW.MAYFIELD.COM"
"997610","HTTP://WWW.MCMCHINA.COM/"
"996391","HTTP://WWW.MOTUSVENTURES.COM"
"979974","HTTP://WWW.VERSANTVENTURES.COM/"
"979974","HTTP://WWW.VERSANTVC.COM/"
"994240","HTTP://WWW.RODAGROUP.COM"
"985951","HTTP://WWW.GREATOAKSVC.COM/"
"994894","HTTP://WWW.CHARTGROUP.COM"
"994894","HTTP://WWW.CHARTVENTURE.COM"
"994894","HTTP://WWW.CHARTCAPITAL.COM"
"984744","HTTP://WWW.COGNISCAPITAL.COM"
"976973","HTTP://WWW.AKOCAPITAL.COM"
"986171","HTTP://WWW.AUSTINVENTURES.COM"
"995945","HTTP://WWW.JEFFERSON.COM"
"982040","HTTP://WWW.SEEDLINGCAP.COM"
"993877","HTTP://WWW.FHINTERNATIONAL.COM"
"987084","HTTPS://WWW.N2CAP.COM/"
"990943","HTTP://WWW.TRIENTAM.COM"
"989005","HTTP://WWW.SOUNDVIEWRE.COM"
"979610","HTTP://WWW.VIOLAPE.COM"
"965810","HTTP://WWW.CLSVC.COM"
"995322","HTTP://WWW.EDFVC.COM"
"993660","HTTP://WWW.THESENTIENTGROUP.COM/"
"995419","HTTP://WWW.DFJ.COM"
"995658","HTTP://NYCAPARTNERS.COM"
"986058","HTTP://WWW.REDMONTVP.COM"
"986058","HTTP://WWW.REDMONTCAPITAL.COM"
"998313","HTTP://WWW.BLUEYARD.COM"
"974545","HTTP://WWW.NOVIRIAN.COM"
"995496","HTTP://WWW.DFJATHENA.COM"
"995545","HTTP://WWW.DFJDRAGON.COM"
"984402","HTTP://WWW.CASINVESTMENTPARTNERS.COM"
"983643","HTTP://WWW.DCCAPITALPARTNERS.COM/"
"996639","HTTP://WWW.LITORINA.SE"
"980279","HTTP://WWW.WARWICKCAP.COM"
"980672","HTTP://WWW.WORLDVIEW.COM"
"995081","HTTP://WWW.JUNO-INVEST.COM/"
"995081","HTTP://WWW.JUNO-INVEST.NL/"
"993637","HTTP://RICHARDSONCAPITAL.COM"
"988769","HTTP://WWW.LBOFRANCE.COM"
"989020","HTTP://WWW.THAYERSTREET.COM"
"977916","HTTP://WWW.ABC-ARBITRAGE.COM"
"993929","HTTP://WWW.IRONWOOD-PARTNERS.COM"
"974755","HTTPS://WWW.INDEXVENTURES.COM"
"989590","HTTP://WWW.BOYLESASSET.COM/"
"995218","HTTP://WWW.TLVENTURES.COM"
"1000792","HTTP://WWW.GARAGE.COM"
"972048","HTTP://WWW.CANTORPARTNERS.COM"
"993149","HTTP://WWW.SELBYVENTURES.COM"
"983968","HTTP://WWW.CLAYTONASSOCIATES.COM"
"978487","HTTP://WWW.GALNETAM.COM"
"1002126","HTTPS://WWW.SEINTERACTIVE.COM"
"993000","HTTP://WWW.POINTJUDITHCAPITAL.COM"
"989609","HTTP://WWW.FUNDSMITHUS.COM"
"988048","HTTP://WWW.FLEXISCAPITAL.COM"
"961234","HTTP://WWW.HOLTZBRINCK-VENTURES.COM"
"1000549","HTTP://WWW.VERTICAL-GROUP.COM"
"986748","HTTP://WWW.MASTERSRESEARCH.COM"
"989138","HTTP://WWW.HCOMPANY.COM"
"982264","HTTP://WWW.LREPLLC.COM"
"982264","HTTP://WWW.LONGRIDGECAP.COM"
"989060","HTTP://WWW.CITYHILLVENTURES.COM"
"991502","HTTP://WWW.MOORINGFINANCIAL.COM"
"967475","HTTP://WWW.HYDEPARKVP.COM/"
"993346","HTTP://WWW.4DGEA.COM"
"985041","HTTP://WWW.DOMAINVC.COM"
"964161","HTTPS://WWW.MKMCAP.COM"
"974219","HTTP://WWW.BOWMARK.COM/"
"994549","HTTP://WWW.HARLANCAPITAL.COM"
"995717","HTTP://WWW.BRAEMARENERGY.COM"
"993218","HTTP://WWW.LINZORCAPITAL.COM"
"999064","HTTPS://CHLMEDICAL.COM"
"999064","HTTPS://HEALTHINVESTEQUITY.COM"
"998599","HTTP://WWW.FIRELAKECAPITAL.COM"
"995549","HTTP://WWW.GLENCAPITAL.COM"
"986527","HTTP://WWW.PKAVE.COM"
"990221","HTTP://WWW.NLVC.COM"
"986291","HTTPS://WWW.OCPASIA.COM"
"991990","HTTP://VIRGINGREENFUND.COM"
"990682","HTTP://WWW.EPIDAREX.COM"
"980195","HTTP://WWW.KHANERCAPITAL.COM"
"992861","HTTP://WWW.MEDVEN.COM"
"987781","HTTP://WWW.WOLFENSOHN.COM/"
"983658","HTTPS://WWW.DAGLLC.COM"
"987791","HTTP://WWW.NORTHLOOPCAPITAL.COM"
"975980","HTTP://WWW.EMPIRICALCAPITAL.COM"
"975014","HTTP://WWW.TURNRIVERCAPITAL.COM"
"985445","HTTPS://WWW.MONUMENT-CAPITAL.COM"
"983668","HTTP://WWW.EMERALDFUNDSL.COM"
"965714","HTTP://WWW.GRANDCROSSING.COM"
"993337","HTTP://WWW.HEADLANDCP.COM"
"999757","HTTP://WWW.LSPVC.COM"
"979912","HTTP://WWW.HCP.COM/"
"998192","HTTP://WWW.DATAPOINTCAPITAL.COM/"
"999136","HTTP://WWW.EXCELVM.COM/"
"995969","HTTP://WWW.PERUSAFUND.GG/"
"987232","HTTP://WWW.GREENSTONERESOURCES.COM"
"998966","HTTP://WWW.EBEXCHANGE.COM"
"999928","HTTP://WWW.ORCHIDASIA.COM"
"998372","HTTP://WWW.ALMAZCAPITAL.COM"
"995399","HTTPS://WWW.LEADENHALLCP.COM/"
"990284","HTTP://WWW.FLYOVERCAPITAL.COM"
"999820","HTTP://WWW.BUCKLANDPARTNERS.COM"
"974457","HTTP://WWW.1315CAPITAL.COM"
"989476","HTTPS://WWW.NEWOCEANCAP.COM"
"974193","HTTP://WWW.REFORMATION-TECHNOLOGIES.COM"
"990480","HTTP://WWW.INTERMEDE.CO.UK"
"994037","HTTP://WWW.FELICIS.COM"
"985915","HTTP://WWW.THLPV.COM/"
"987591","HTTP://WWW.KSLSFUND.COM"
"974733","HTTP://WWW.QUESTTHAI.COM"
"974731","HTTP://WWW.CARRES.COM"
"995831","HTTP://WWW.KESTERCAPITAL.COM"
"976396","HTTP://WWW.MICROCAPITAL.COM"
"992967","HTTP://WWW.SANDGLASSCAPITAL.COM"
"989829","HTTP://WWW.LAKEPACIFIC.COM/"
"986561","HTTP://TRIWEST.CA"
"978657","HTTP://WWW.ICONVENTURES.COM"
"996840","HTTP://WWW.RASCASSE.COM.MT"
"965239","HTTP://WWW.LONGWOODINV.COM"
"1000869","HTTPS://CHLMEDICAL.COM"
"1000869","HTTPS://HEALTHINVESTEQUITY.COM"
"997105","HTTPS://WWW.GARNETTHELFRICH.COM"
"993013","HTTP://WWW.PAIPARTNERS.COM"
"981167","HTTP://WWW.GLOBESPANCAPITAL.COM"
"984728","HTTP://WWW.BENCIS.COM"
"987956","HTTPS://WWW.NEXUSVP.COM"
"993119","HTTP://WWW.NAVITASCAP.COM/"
"995366","HTTP://WWW.OAKLEYCAPITAL.COM"
"995335","HTTP://WWW.HEARTLANDPARTNERS.COM"
"995335","HTTP://WWW.COVEVIEWCAPITAL.COM"
"993456","HTTP://WWW.COLCAP.COM"
"994443","HTTP://WWW.TVVCAPITAL.COM"
"978836","HTTP://WWW.EQT.SE"
"993290","HTTP://WWW.G20VC.COM"
"995406","HTTPS://RENEWALFUNDS.COM"
"989836","HTTP://WWW.BAYCITYCAPITAL.COM/"
"968706","HTTP://WWW.ASSETMAN.COM"
"994250","HTTP://WWW.AMPCAPITAL.COM"
"994250","HTTP://WWW.AMPCAPITAL.COM.AU"
"976237","HTTP://WWW.FIRSTMARKCAP.COM"
"986638","HTTP://WWW.NCTVENTURES.COM"
"985989","HTTP://WWW.NCTVENTURES.COM"
"990888","HTTPS://WWW.ORBISFUNDS.COM"
"990888","HTTPS://WWW.ORBIS.COM"
"993006","HTTP://WWW.SYMPHONYCAPITAL.COM/"
"1000346","HTTP://WWW.ODYSSEYLP.COM"
"991253","HTTP://NORWICHVENTURES.COM"
"1000519","HTTP://BLOG.TRIDENTCAP.COM"
"1000519","HTTP://WWW.TRIDENTCAP.COM"
"1000519","HTTP://WWW.TRIDENTCAPITAL.COM"
"1000533","HTTP://WWW.TRIDENTCYBERSECURITY.COM"
"1000626","HTTP://WWW.EASTSIDEPARTNERS.COM"
"984661","HTTPS://GEORGIANPARTNERS.COM/"
"977008","HTTP://WWW.METROPOLEGESTION.COM"
"987938","HTTP://WWW.IPVCAP.COM"
"986232","HTTP://WWW.QUADIM.COM/"
"987946","HTTP://WWW.SAGATREECAPITAL.COM"
"979958","HTTP://WWW.ZOUK.COM"
"992725","HTTP://WWW.GREYROCKEP.COM/"
"998766","HTTP://WWW.PRIMARY.VC"
"982851","HTTP://WWW.COMGEST.COM"
"996768","HTTP://WWW.THIRDROCKVENTURES.COM"
"999441","HTTP://WWW.REACHCAP.COM"
"968272","HTTP://WWW.NSGROUP.COM"
"997940","HTTP://WWW.MERUSCAP.COM"
"1000794","HTTP://WWW.LUDLOWVENTURES.COM"
"990881","HTTP://WWW.BLOOMFIELDCAPITAL.COM/"
"998554","HTTP://WWW.WINDSAILCAPITAL.COM"
"995720","HTTP://WWW.PRINCETONAMG.COM"
"983510","HTTP://500.CO"
"975594","HTTP://WWW.TRANSMEDIACAPITAL.COM"
"1001172","HTTPS://MARCHCP.COM"
"999603","HTTP://WWW.TLMFUNDS.COM/"
"1001195","HTTP://WWW.QUESTVP.COM"
"998979","HTTP://BLUMBERGCAPITAL.COM"
"994575","HTTP://TRINITYVENTURES.COM"
"971078","HTTP://WWW.MONITORVENTURES.COM"
"979714","HTTP://WWW.FANNININNOVATION.COM"
"1001349","HTTPS://WWW.PONDVENTURES.COM"
"990810","HTTP://WWW.HILLTOP.CO.UK"
"972639","HTTP://WWW.CITICCAPITAL.COM"
"987945","HTTP://WWW.CITICCAPITAL.COM"
"974370","HTTP://WWW.LONGLEADCP.COM"
"982204","HTTP://WWW.GRESHAMPE.COM/"
"1000740","HTTP://WWW.CHICAGOVENTURES.COM"
"1002374","HTTP://WWW.406VENTURES.COM"
"1001196","HTTP://WWW.BIOECONOMYCAPITAL.COM"
"999965","HTTP://WWW.THECOLUMNGROUP.COM"
"1002477","HTTP://WWW.CONCORDECO.COM"
"988227","HTTP://WWW.ODINCAPITALMANAGEMENT.COM/"
"995048","HTTP://WWW.USVP.COM"
"995048","HTTPS://WWW.USVPPMG.COM"
"999466","HTTP://WWW.RPEV.COM.BR/"
"981043","HTTP://WWW.ENERGYTRUSTPARTNERS.COM"
"997396","HTTP://WWW.SRFUNDS.COM"
"987028","HTTP://WWW.DBLPARTNERS.VC"
"1000812","HTTP://BLUEBERRYVENTURES.VC/"
"996011","HTTP://WWW.ENLIGHTENCAP.COM"
"1001800","HTTP://WWW.PALOMARVENTURES.COM"
"991709","HTTP://WWW.MMLCAPITAL.COM"
"983189","HTTP://WWW.BOULDERVENTURES.COM"
"997055","HTTP://WWW.MMLCAPITAL.COM"
"992895","HTTP://WWW.ELBERONLLC.COM/"
"1003292","HTTP://WWW.ZEPHYRMANAGEMENT.COM"
"978001","HTTP://VENDERARESOURCES.COM/"
"1003512","HTTP://WWW.ALLEGISCAPITAL.COM"
"987317","HTTP://KURAMOCAPITAL.COM"
"999940","HTTP://WWW.WAVELANDINVESTMENTS.COM"
"1001992","HTTP://WWW.PRANAINVESTMENTS.COM"
"1004276","HTTP://WWW.HOUVEN.COM"
"984621","HTTP://WWW.SCCPASIA.COM"
"981071","HTTP://WWW.MARKEL-EAGLE.COM"
"988889","HTTP://GRIZZLYROCKCAPITAL.COM"
"973067","HTTP://WWW.PROSPECTVENTURES.COM"
"986686","HTTP://WWW.AVALON-VENTURES.COM"
"978834","HTTPS://WWW.APERIOSPARTNERS.COM"
"994441","HTTP://WWW.CLARUSVENTURES.COM"
"980650","HTTP://WWW.HEADWAYCAP.COM"
"987177","HTTP://WWW.PINEBRIDGE.COM"
"980956","HTTP://WWW.TIGERIRONCAPITAL.COM"
"1002322","HTTP://WWW.CASTILEVENTURES.COM"
"1002322","HTTP://WWW.CASTILEVENTURES.BIZ"
"1002322","HTTP://WWW.CASTILEVENTURES.INFO"
"1002322","HTTP://WWW.CASTILEVENTURES.NET"
"1002322","HTTP://WWW.CASTILEVENTURES.ORG"
"1002322","HTTP://WWW.CASTILEVENTURES.US"
"1002440","HTTP://WWW.TRIAD-FUTURES.COM"
"1001624","HTTP://WWW.CDHFUND.COM/EN/REAL_ESTATE/INDEX.HTML"
"1001468","HTTP://WWW.CDHFUND.COM/VENTURE_CAPITAL/INDEX.HTML"
"996510","HTTP://WWW.ANGELENOGROUP.COM"
"996630","HTTP://WWW.LONGREACHGROUP.COM"
"988815","HTTP://WWW.HAOCAPITAL.NET"
"994739","HTTP://WWW.RODAGROUP.COM"
"991655","HTTP://WWW.COTACAPITAL.COM"
"988433","HTTP://WWW.ARROWPATHVC.COM"
"987869","HTTP://WWW.ALTAPARTNERS.COM"
"983100","HTTP://WWW.TAHMANAGEMENT.COM"
"983100","HTTP://WWW.TENAVE.COM"
"990079","HTTP://WWW.EAGLEHILLCAPITAL.COM"
"995897","HTTP://WWW.ALPHA-ASSOCIATES.CH/"
"990583","HTTP://WWW.BOWERYCAP.COM"
"989934","HTTP://WWW.AILANTHUSCAP.COM/"
"992989","HTTP://WWW.ABSCAPITAL.COM"
"996217","HTTP://WWW.WINDMILLCAPITAL.COM"
"986778","HTTP://WWW.FATECHVENTURES.COM"
"990180","HTTP://WWW.RWBAIRD.COM"
"995968","HTTP://WWW.NV-IG.COM"
"985350","HTTP://WWW.ADWCAPITAL.COM"
"1002154","HTTP://WWW.CONCORDECO.COM"
"990509","HTTP://WWW.EBBETSFIELD.COM/"
"1002711","HTTP://WWW.RVPVC.COM"
"1002711","HTTP://WWW.REMBRANDTVC.COM"
"978254","HTTP://WWW.WEILLERVALUEFUND.COM"
"986281","HTTP://WWW.TGPINVESTMENTS.COM"
"979369","HTTP://MATRIXPARTNERS.IN"
"989029","HTTP://WWW.ESPLANADECAPITAL.COM"
"989567","HTTP://WWW.CICLAD.COM"
"991941","HTTP://MIRAMARVP.COM"
"991941","HTTP://MIRAMARDV.COM"
"994485","HTTP://WWW.CEDARFUND.COM"
"994509","HTTP://WWW.CARNEGROUP.COM"
"987952","HTTP://WWW.ANACAPFP.COM/"
"980046","HTTP://WWW.CORUM-AM.COM"
"984604","HTTPS://WWW.AMASIA.VC"
"994606","HTTP://WWW.ASPECTVENTURES.COM"
"992883","HTTP://WWW.FORWARDVENTURES.COM"
"993445","HTTP://WWW.AACCAPITALPARTNERS.COM"
"993445","HTTP://WWW.AACCAPITAL.COM"
"993387","HTTP://WWW.ANTARESCAPITAL.COM"
"979324","HTTPS://WWW.AEBCAPITAL.COM"
"988939","HTTP://WWW.HAOCAPITAL.NET"
"989413","HTTP://WWW.UOBAIP.COM/"
"978601","HTTP://WWW.GLENBROOKCONSUMER.COM/"
"1002334","HTTP://WWW.VICTORIACP.COM/"
"997070","HTTP://WWW.PTVHC.COM"
"1003588","HTTP://WWW.VICTORIACP.COM/"
"1004201","HTTP://WWW.VICTORIACP.COM/"
"1000637","HTTP://WWW.MOMENTVENTURES.COM"
"963149","HTTP://WWW.FOUNDATIONCAPITAL.COM/"
"980439","HTTP://WWW.BERGENASSET.COM"
"990198","HTTP://WWW.HEALTHBOX.COM"
"994601","HTTPS://WWW.ALISTAIRCAPITAL.COM"
"1000094","HTTP://ROTHENBERGVENTURES.COM/"
"1003432","HTTP://WWW.CINVEN.COM"
"999511","HTTP://WWW.GREENVISORCAPITAL.COM"
"983867","HTTP://WWW.UNITASCAPITAL.COM"
"996002","HTTP://WWW.ARCFINANCIAL.COM"
"1004246","HTTP://WWW.FFVC.COM"
"998773","HTTP://WWW.HARBOURPOINTCAPITAL.COM"
"1002373","HTTP://WWW.KEARNYVP.COM"
"1004342","HTTP://WWW.MENLOVC.COM"
"1004342","HTTP://WWW.MENLOVENTURES.COM"
"1004342","HTTP://WWW.MENLOVC.COM"
"999385","HTTP://WWW.UPFRONT.COM"
"993304","HTTP://WWW.ARTIMAN.COM"
"995798","HTTP://WWW.DRAPERNEXUS.COM"
"995798","HTTP://WWW.DRAPERNEXUS.COM"
"1004442","HTTP://WWW.SHAHCAP.COM"
"1000599","HTTPS://WWW.ASSETMANAGEMENT.HSBC.COM/CA"
"990559","HTTP://WWW.DYNAMO.COM.BR"
"992138","HTTP://WWW.SOCIALCAPITAL.COM"
"981059","HTTP://WWW.CRCAPRE.COM.HK"
"987740","HTTP://WWW.PLYMOUTHVC.COM/"
"976312","HTTPS://WWW.FORMATIVE.COM"
"994598","HTTP://WWW.CHANGECAPITALPARTNERS.COM"
"985773","HTTP://WWW.ARBORETUMVC.COM"
"986949","HTTPS://WWW.AMASIA.VC"
"982171","HTTP://WWW.WATERLAND.NU"
"985116","HTTP://WWW.BARINGS.COM"
"989383","HTTP://WWW.DELPHIVENTURES.COM"
"986549","HTTP://WWW.83NORTH.COM"
"996340","HTTP://WWW.SPLITROCK.COM"
"986855","HTTP://WWW.APAX.FR"
"996921","HTTP://WWW.303CAPITAL.COM"
"998219","HTTP://WWW.EPLANETCAPITAL.COM"
"991330","HTTP://WWW.TRILLIUM-GROUP.COM"
"998366","HTTP://WWW.POLLUXCAPITAL.COM.BR"
"998366","HTTP://WWW.POLLUXCAPITAL.COM"
"988847","HTTP://MODULOCAPITAL.COM.BR/"
"987397","HTTP://WWW.NAVFUND.COM"
"987360","HTTP://WWW.DRAPERATLANTIC.COM"
"995603","HTTP://MCHPRIVATEEQUITY.MCH.ES/EN/"
"995307","HTTPS://WWW.DRIVECAP.COM"
"995307","HTTPS://WWW.DRIVECAPITAL.COM"
"994748","HTTP://WWW.MERLINNEXUS.COM"
"993667","HTTP://SOZO.VENTURES/"
"996013","HTTP://WWW.TM-PARTNERS.COM"
"991190","HTTP://WWW.TRIPLEJUMP.EU"
"1000193","HTTP://WWW.CENTENNIAL.COM"
"1001588","HTTP://WWW.CDHFUND.COM/VENTURE_CAPITAL/INDEX.HTML"
"990921","HTTP://WWW.RRJCAP.COM/"
"994263","HTTPS://WWW.LEADYONDCAPITAL.COM"
"987163","HTTP://WWW.MARCOPOLOFUND.COM"
"1000692","HTTP://WWW.JKCAPITALMANAGEMENT.COM"
"982133","HTTPS://WWW.QUADRIGA-CAPITAL.DE"
"981636","HTTPS://WWW.QUADRIGA-CAPITAL.DE"
"989428","HTTP://WWW.ARISAIG-PARTNERS.COM"
"995260","HTTP://WWW.RWCPARTNERS.COM"
"989431","HTTP://WWW.ARISAIG-PARTNERS.COM"
"981567","HTTP://WWW.SBAIF.COM"
"974982","HTTP://WWW.YLVENTURES.COM"
"984858","HTTP://WWW.CAPVIS.COM"
"1002896","HTTPS://WWW.DYNAMICFUNDS.COM/"
"990945","HTTP://WWW.ACCESS-CAPITAL-PARTNERS.COM"
"998880","HTTP://WWW.NORDICCAPITAL.COM"
"990178","HTTP://WWW.SANDBOXINDUSTRIES.COM"
"997913","HTTP://WWW.SAMENACAPITAL.COM"
"996121","HTTP://WWW.VOLITIONCAPITAL.COM"
"1000225","HTTPS://WWW.MMLCAPITAL.COM"
"1000436","HTTP://WWW.XPVWATERPARTNERS.COM"
"998114","HTTP://WWW.STANHOPECAPITAL.COM"
"996666","HTTP://WWW.GAWCAPITAL.COM/"
"1004601","HTTP://WWW.TVM-CAPITAL.COM"
"965961","HTTP://WWW.COMMONWEALTHVC.COM"
"977848","HTTPS://WWW.AVENTICUM.COM"
"995544","HTTP://WWW.QUESTM.COM"
"995228","HTTP://WWW.EGCAPITALGROUP.COM/"
"994118","HTTP://WWW.THEFUNDINGFARM.COM"
"995828","HTTP://WWW.ATCAPITAL.AE"
"996875","HTTP://WWW.DPBIOVENTURES.COM/"
"985542","HTTP://WWW.BLACKROCK.COM"
"997674","HTTP://VERITASVC.COM"
"997714","HTTP://WWW.RBRCAPITAL.COM"
"997278","HTTP://WWW.TORTUSCAPITAL.COM"
"999621","HTTP://WWW.PINEBRIDGE.COM"
"994300","HTTP://WWW.PENNMEZZ.COM"
"987368","HTTP://WWW.AITHONCAPITAL.COM"
"999362","HTTP://WWW.OPUSCAPITALVENTURES.COM"
"999362","HTTP://WWW.OPUSCAPITAL.COM"
"1001778","HTTP://WWW.SPINDLETOPCAP.COM"
"1001778","HTTP://WWW.SPINDLETOPCAPITAL.COM"
"977987","HTTP://TUGBOATVENTURES.COM"
"977987","HTTP://WWW.THETUGBOATGROUP.COM/"
"970251","HTTP://WWW.PINETREEEQUITY.COM"
"966574","HTTP://WWW.ENVESTVENTURES.COM"
"974221","HTTP://WWW.REFORMATION-TECHNOLOGIES.COM"
"979686","HTTP://WWW.MATRIXPARTNERS.COM.HK"
"977820","HTTP://WWW.AISLINGCAPITAL.COM"
"978918","HTTP://WWW.HORIZON-ASSET.CO.UK"
"985060","HTTP://WWW.OKAPIVC.COM"
"985688","HTTP://WWW.SYWCAPITAL.COM"
"979609","HTTP://WWW.CARMELVENTURES.COM"
"985921","HTTP://LEWISANDCLARKVENTURES.COM/"
"986827","HTTP://NEXTVIEWVENTURES.COM/"
"987229","HTTP://WWW.HERMES-INVESTMENT.COM"
"987243","HTTP://WWW.HERMES-INVESTMENT.COM"
"997675","HTTP://WWW.GROTECH.COM"
"997675","HTTP://WWW.GROTECHVENTURES.COM"
"995573","HTTP://WWW.AMVPARTNERS.COM/"
"999981","HTTP://WWW.ORCHIDASIA.COM"
"998949","HTTP://WWW.ALMAZCAPITAL.COM"
"989346","HTTPS://WWW.ANGELESEQUITY.COM"
"989346","HTTPS://WWW.ANGELESEQUITYPARTNERS.COM"
"983405","HTTP://WWW.GMTPARTNERS.COM"
"993710","HTTP://WWW.TVCCAPITAL.COM/"
"974697","HTTP://WWW.GRASSROOTSCAP.COM"
"999032","HTTP://WWW.TASHTEGOLLC.COM"
"990281","HTTP://WWW.DPE.DE"
"999534","HTTPS://WWW.LFMCAPITAL.COM"
"993825","HTTP://WWW.MEYERBERGMAN.COM"
"999647","HTTP://WWW.BHDGSYSTEMATIC.COM"
"985835","HTTP://WWW.AZIMUTHTRUST.COM"
"1000248","HTTP://WWW.AVASARPARTNERS.COM/"
"999732","HTTP://WWW.FIRSTATLANTICCAPITAL.COM"
"992145","HTTP://WWW.CAYUGAVENTUREFUND.COM/"
"992145","HTTP://WWW.CVF.BIZ/"
"992145","HTTP://WWW.CAYUGAVENTURES.COM/"
"980720","HTTP://WWW.REDABBEY.COM"
"991707","HTTP://WWW.AUCTUS.COM"
"998807","HTTP://WWW.NORDICCAPITAL.COM"
"985420","HTTP://WWW.TAMIRFISHMAN.CO.IL"
"999076","HTTP://WWW.CALUNIUS.DE/"
"999076","HTTP://WWW.CALUNIUS.COM/"
"989603","HTTP://WWW.LASALLE.COM"
"987349","HTTP://RIONCAPITAL.COM/"
"1000539","HTTP://WWW.SEQUELVC.COM"
"987140","HTTP://WWW.PINEBRIDGE.COM.HK/"
"991297","HTTP://WWW.OPUSPOINTPARTNERS.COM"
"987954","HTTP://WWW.CAPITALTODAY.COM"
"1000053","HTTPS://WWW.UBS.COM/GLOBAL/EN/ASSET_MANAGEMENT.HTML"
"994512","HTTP://WWW.QUADRIACAPITAL.COM"
"985402","HTTP://WWW.SACHSCAPITAL.COM"
"996724","HTTP://WWW.IDGVC.COM"
"999207","HTTP://FOUNDERCOLLECTIVE.COM"
"1000061","HTTP://GFC.FUND"
"995371","HTTP://WWW.STANHOPECAPITAL.COM"
"997825","HTTP://WWW.HARRISONMETAL.COM"
"1002965","HTTP://WWW.GOLDENSETCAPITAL.COM/"
"1004647","HTTP://WWW.ASHBURTONINVESTMENTS.COM"
"994511","HTTP://WWW.KPVENTURES.COM"
"972690","HTTP://WWW.GAM.COM"
"991178","HTTP://WWW.ANNAPOLISCAPITAL.CA"
"989489","HTTP://WWW.ABVEN.COM"
"995676","HTTP://WWW.PERMIRA.COM/"
"991114","HTTP://WWW.DEUTSCHEAM.COM"
"996644","HTTPS://WWW.SECTOR.NO"
"998711","HTTP://WWW.POLARISPARTNERS.COM/"
"994734","HTTP://WWW.CORRIENTECAPITAL.COM"
"1004060","HTTPS://WWW.STCLOUDCAPITAL.COM"
"989621","HTTP://WWW.3G-RADAR.COM"
"998371","HTTP://WWW.APPLETREEPARTNERS.COM"
"999104","HTTP://WWW.IDGVCINDIA.COM"
"996767","HTTP://WWW.NHFUND.COM"
"1004708","HTTP://WWW.LIMADVISORS.COM"
"982481","HTTP://WWW.SHELTERCAP.COM"
"981866","HTTP://WWW.PIOLETCAPITAL.COM"
"986250","HTTP://NAVIGATINGENERGY.COM/"
"982211","HTTP://WWW.QUANTEDGE.COM"
"998646","HTTP://WWW.MACOMACAPITAL.COM"
"1000397","HTTP://SIGNUMINV.COM/"
"1000735","HTTP://WWW.SOUTHWESTMICHIGANFIRST.COM/"
"995558","HTTP://WWW.WALLEYETRADING.COM"
"994544","HTTP://WWW.SENETCAPITAL.COM"
"1001749","HTTP://WWW.VICENDAGROUP.COM"
"1001749","HTTP://WWW.VICENDA.COM"
"994627","HTTP://ACTIVANTCAPITAL.COM/"
"1001931","HTTP://WWW.NLIGHTCP.COM"
"994446","HTTP://WWW.SPROUTGROUP.COM"
"1002032","HTTP://WWW.BAYPARTNERS.COM"
"1000215","HTTP://SARUSCAPITAL.COM"
"982716","HTTP://WWW.GRAPHENE.VC"
"987713","HTTP://WWW.ALTAPARTNERS.COM"
"995807","HTTP://WWW.ROOT.VC"
"974143","HTTP://WWW.FSV.VC"
"975138","HTTP://WWW.GENERATION.COM"
"1000786","HTTP://WWW.CHEQUERSCAPITAL.COM"
"991400","HTTP://WWW.PSILOS.COM"
"992395","HTTP://WWW.ABRIKACAPITAL.COM"
"987856","HTTP://BIOMARKCAPITAL.COM/"
"987824","HTTPS://WWW.TYBOURNECAPITAL.COM"
"994268","HTTP://WWW.TRIVENTURES.NET"
"989087","HTTP://GENERALCATALYST.COM"
"996863","HTTP://COMPASSEQUITYADVISORS.COM/"
"1002502","HTTP://WWW.CONCORDECO.COM"
"994267","HTTP://WWW.NORVESTOR.COM/"
"1003244","HTTP://WWW.GBMERCHANTPARTNERS.COM"
"1003244","HTTP://WWW.GORDONBROTHERS.COM"
"999259","HTTPS://NEWHILLMGT.COM"
"990564","HTTPS://WWW.ICONVENTURES.COM"
"990569","HTTP://WWW.ICONVENTURES.COM"
"994863","HTTP://WWW.ARCISGROUP.COM"
"994571","HTTP://WWW.NAVIMED.COM"
"984767","HTTP://WWW.ECM-PE.DE"
"998027","HTTP://WWW.ARCANOGROUP.COM"
"974720","HTTP://WWW.TRINITUSAM.COM"
"994363","HTTP://WWW.THETRUSTEDINSIGHT.COM"
"994462","HTTP://WWW.PEARL-ENERGY.COM"
"999861","HTTPS://WWW.NEWCANAANFUNDING.COM"
"991122","HTTP://WWW.KENNET.COM"
"999428","HTTP://WWW.BINARYCAP.COM"
"994064","HTTP://WWW.CORECAP.COM"
"996788","HTTP://WWW.3X5FUND.COM"
"991697","HTTP://WWW.CITICCAPITAL.COM"
"1000733","HTTP://WWW.CREADOR.COM"
"996754","HTTP://WWW.SVOCO.COM"
"999835","HTTPS://WWW.ARUNDELCAP.COM"
"996748","HTTP://WWW.HLMVP.COM"
"992132","HTTP://WWW.GUAYACAN.ORG"
"974548","HTTP://WWW.VIRGOCAPITAL.COM"
"991836","HTTP://WWW.PAMPLONAFUNDS.COM"
"990486","HTTP://FENOXVC.COM"
"987171","HTTP://WWW.PEEPULCAPITAL.COM"
"998468","HTTP://WWW.NVPLLC.COM"
"998468","HTTP://WWW.NEWVENTUREPARTNERS.COM"
"977922","HTTP://WWW.EQUISTONEPE.COM"
"995608","HTTP://WWW.PHYSICVENTURES.COM/"
"1002356","HTTP://WWW.PROMUSEQUITY.COM"
"997347","HTTPS://WWW.4AINVESTMENTS.COM"
"999244","HTTP://WWW.GBMERCHANTPARTNERS.COM"
"999244","HTTP://WWW.GORDONBROTHERS.COM"
"997963","HTTP://WWW.DRYDENFUND.COM/"
"995080","HTTP://WWW.BREVANHOWARD.COM"
"992438","HTTP://WWW.STONEPINECAP.COM"
"990521","HTTP://WWW.ICONVENTURES.COM"
"1001710","HTTPS://WWW.TRUEVENTURES.COM"
"997768","HTTP://WWW.NORTHBASEMEDIA.COM"
"991011","HTTP://WWW.HARBOURLITIGATIONFUNDING.COM"
"975514","HTTP://WWW.ATREVIDAPARTNERS.COM"
"987034","HTTP://WWW.DBLPARTNERS.VC"
"1003318","HTTP://WWW.RINCONVP.COM"
"992565","HTTP://WWW.QUAKERBIO.COM"
"992565","HTTP://WWW.QUAKERPARTNERS.COM"
"987883","HTTPS://WWW.NTHPOWER.COM"
"1001555","HTTP://CCTRACK.COM/"
"990272","HTTP://WWW.MMLCAPITAL.IE"
"992968","HTTP://SHDPARTNERS.COM"
"1001176","HTTP://LONGWATEROPPORTUNITIES.COM"
"994261","HTTP://WWW.BREVANHOWARD.COM"
"979960","HTTP://WWW.FORERUNNERVENTURES.COM"
"975602","HTTP://WWW.ELLISLAKE.COM"
"1003666","HTTP://WWW.GREATOAKSVC.COM/"
"1003647","HTTP://WWW.FNBCP.COM"
"994218","HTTP://WWW.DHANDHOFUNDS.COM"
"990706","HTTP://WWW.NEA.COM"
"1001389","HTTP://WWW.REDEMPTORCAPITAL.COM"
"981014","HTTPS://WWW.AEGEACAPITAL.COM"
"985779","HTTPS://WWW.KODIAKVP.COM"
"993643","HTTP://WWW.THETRUSTEDINSIGHT.COM"
"996806","HTTP://WWW.CARNEGROUP.COM"
"997553","HTTP://WWW.NEWARK.VC"
"997553","HTTP://WWW.NEWARKVENTUREPARTNERS.COM"
"997931","HTTP://WWW.CHASMVENTURE.COM"
"967454","HTTP://WWW.APEXVC.COM"
"974940","HTTP://WWW.HRCO.COM"
"979613","HTTP://WWW.VIOLA-GROUP.COM/VIOLAPARTNERS.HTML"
"998153","HTTP://WWW.ROGGEGLOBAL.COM"
"998153","HTTP://WWW.OLDMUTUAL.COM"
"984793","HTTP://WWW.MAYRIVERCAPITAL.COM"
"989584","HTTP://WWW.SIRIUS.FI"
"997234","HTTP://SUPERIORFUND.COM/"
"997198","HTTP://WWW.BRIGHTPATHCAPITALPARTNERS.COM"
"982273","HTTP://WWW.EPICREPARTNERS.COM"
"983886","HTTP://WWW.PEP.CO.JE"
"998407","HTTP://WWW.SHOREPOINTSCAPITAL.COM"
"1000636","HTTP://WWW.MONTAGECAPITAL.COM"
"980152","HTTP://WWW.DETROITVENTUREPARTNERS.COM"
"980489","HTTP://WWW.YCOMBINATOR.COM"
"997334","HTTP://CYWPFUND.COM/"
"972477","HTTP://WWW.SENTIENT.AI/"
"972477","HTTP://WWW.SENTIENTIM.COM"
"984805","HTTP://WWW.KBCPARTNERS.COM"
"990473","HTTP://WWW.INTERMEDE.CO.UK"
"988659","HTTP://WWW.TCP.VC"
"969325","HTTP://WWW.LIVCAPITAL.MX/"
"990925","HTTP://WWW.CITICCAPITAL.COM"
"997235","HTTP://WWW.NDIMEDICAL.COM"
"994808","HTTP://WWW.AIRDRIEPARTNERS.COM"
"996640","HTTP://WWW.EBRFASSET.COM"
"992710","HTTP://WWW.JVPVC.COM/"
"991724","HTTP://WWW.EZPE.EU"
"1002891","HTTP://WWW.MAKURIA.COM"
"984605","HTTP://WWW.SCCPASIA.COM"
"984610","HTTP://WWW.SCCPASIA.COM"
"991094","HTTP://WWW.BROADBILLPARTNERS.COM"
"994212","HTTPS://WWW.FORT-ROCK.COM"
"968629","HTTPS://CIC.FR/"
"999719","HTTP://CIMARRONHC.COM"
"968966","HTTP://WWW.TRUCK-CAPITAL.COM"
"986220","HTTP://WWW.MILE26CAPITAL.COM/"
"994274","HTTP://WWW.CARNEGROUP.COM"
"989687","HTTP://WWW.SPINNAKERCAPITAL.COM"
"996662","HTTP://WWW.DOUGHTYHANSON.COM/"
"988667","HTTPS://WWW.PROSPERITYCAPITAL.COM"
"1002119","HTTP://WWW.LEAPFROGINVEST.COM"
"973487","HTTP://WWW.SNOWPARKCAP.COM/"
"991391","HTTP://WWW.TELESOFTVC.COM"
"1003865","HTTP://WWW.PROLOGVENTURES.COM"
"1002129","HTTP://WWW.LEAPFROGINVEST.COM"
"983742","HTTP://WWW.BLACKEAGLEPARTNERS.COM"
"1001065","HTTP://WWW.ALTAPARKCAPITAL.COM"
"996045","HTTPS://WWW.IGNIA.COM.MX"
"994128","HTTP://WWW.PGVP.COM"
"977633","HTTP://WWW.MAPLETREECAPITAL.COM"
"989611","HTTP://WWW.BRANFORDCASTLE.COM"
"981565","HTTP://WWW.FSNCAPITAL.COM"
"990314","HTTP://WWW.THETRUSTEDINSIGHT.COM"
"984819","HTTP://WWW.RJDPARTNERS.COM/"
"978027","HTTP://IKINVEST.COM"
"983616","HTTP://WWW.MAINPOSTPARTNERS.COM"
"997554","HTTP://WWW.VENTUREINVESTORS.COM"
"997708","HTTP://WWW.WDINVESTMENTS.COM"
"970004","HTTP://WWW.BRINKER-UYS.COM"
"975545","HTTP://WWW.SINEWAVE.VC"
"984632","HTTP://WWW.GIZAVC.COM"
"985784","HTTP://HIGHALPHA.COM"
"991708","HTTP://AKSIAGROUP.COM"
"957180","HTTP://WWW.RWIVENTURES.COM"
"978315","HTTP://WWW.GUEPARDOINVEST.COM.BR"
"978315","HTTP://WWW.GUEPARDOINVEST.COM"
"986605","HTTP://WWW.CUEBALL.COM/"
"993203","HTTP://WWW.LINZORCAPITAL.COM"
"974699","HTTP://WWW.BLUECLOUDVENTURES.COM"
"979930","HTTP://WWW.PRIMARYEUROPE.COM/"
"977161","HTTP://WWW.NEWCAPITALFUND.COM/"
"994254","HTTP://WWW.BFAM-PARTNERS.COM"
"987291","HTTP://WWW.ROSETTACAPITAL.COM"
"989450","HTTP://WWW.MMLCAPITAL.COM"
"998825","HTTP://WWW.CAMCORPARTNERS.COM"
"999526","HTTP://WWW.MADRONA.COM"
"987511","HTTPS://LONGWORTH.COM"
"980902","HTTPS://WWW.ZEKELP.COM"
"979712","HTTP://WWW.MATRIXPARTNERS.COM.HK"
"991120","HTTP://WWW.CRANEPARTNERS.COM"
"974722","HTTP://WWW.GEMS.COM.HK"
"984381","HTTP://WWW.NAUTACAPITAL.COM/"
"994752","HTTP://WWW.SAUGATUCKCAPITAL.COM"
"996946","HTTP://WWW.SDIWEB.COM.BR"
"989980","HTTP://WWW.CULTIVIANSBX.COM"
"999395","HTTP://WWW.FAIRHAVENCAPITAL.COM/"
"1002092","HTTP://FIRSTROUND.COM"
"973734","HTTP://WWW.ARDIAN.COM"
"1000427","HTTP://WWW.COREVC.COM"
"987879","HTTP://WWW.MERITECHCAPITAL.COM"
"1002151","HTTP://WWW.MCB-LLC.COM"
"1002151","HTTP://WWW.MCBINVESTORS.COM/"
"981974","HTTP://WWW.GATEWOODCAPITAL.COM"
"971056","HTTP://WWW.801WESTLLC.COM"
"999985","HTTPS://INNOVACAP.COM"
"981382","HTTP://WWW.MARKER-LLC.COM"
"1003990","HTTP://FTVCAPITAL.COM/"
"1004126","HTTP://WWW.DELTAGROUP.KY"
"965701","HTTPS://WWW.ANGEL.CO"
"988191","HTTP://WWW.RESOURCEAMERICA.COM"
"967620","HTTP://TRITIUMPARTNERS.COM/"
"973244","HTTP://WWW.ENVESTVENTURES.COM"
"986187","HTTP://WWW.RSTP.COM"
"986147","HTTP://WWW.TOLACAPITAL.COM"
"988500","HTTP://WWW.FORMULAGROWTH.CA"
"986611","HTTPS://WWW.GREYBULLSTEWARDSHIP.COM"
"993704","HTTP://WWW.LIGHTBANK.COM"
"979363","HTTP://WWW.WATERMILL.COM"
"981051","HTTP://WWW.FORMATION8.COM"
"992847","HTTP://WWW.SHASTAVENTURES.COM/"
"999034","HTTP://WWW.NORTHERNBORDER.ORG"
"993253","HTTP://WWW.IVP.COM"
"994144","HTTP://WWW.DYMONASIA.COM"
"994144","HTTP://WWW.DYMONASIA.COM"
"987726","HTTP://WWW.SAGEASSET.COM/"
"997069","HTTP://WWW.FLARECAPITAL.COM"
"1003561","HTTP://WWW.LSVP.COM"
"985492","HTTP://WWW.LIVEOAKVP.COM"
"993408","HTTP://WWW.EMETCAP.COM"
"990147","HTTP://WWW.QUANTZCAP.COM"
"990147","HTTP://WWW.QUANTZCAPITAL.COM"
"1001151","HTTP://ACRE.VC/"
"988695","HTTP://WWW.POSTOAKENERGY.COM"
"1003335","HTTP://WWW.INTERWEST.COM/"
"995461","HTTP://WWW.DFJGROWTH.COM"
"995491","HTTP://WWW.DFJ-VINACAPITAL.COM"
"995609","HTTP://WWW.BRIOCAPITAL.COM"
"997438","HTTP://WWW.OCEANSHOREVC.COM"
"986313","HTTP://WWW.AFFINITYEQUITY.COM"
"993340","HTTP://WWW.AMANSACAPITAL.COM"
"998358","HTTP://WWW.TEXOVENTURES.COM/"
"996753","HTTP://WWW.GREYCROFT.COM"
"998692","HTTP://WWW.VICENDAGROUP.COM"
"998692","HTTP://WWW.VICENDA.COM"
"999499","HTTP://WWW.SKIFFCAPITAL.COM"
"990333","HTTP://WWW.FIMI.CO.IL"
"991770","HTTP://WWW.OSLOAM.COM/"
"980329","HTTP://WWW.CARDINALEP.COM"
"993345","HTTP://WWW.FIMI.CO.IL"
"987961","HTTP://WWW.NTASSET.COM"
"996241","HTTP://WWW.BRIGHTLIGHTCAPITAL.COM"
"997660","HTTP://WWW.RUTLANDPARTNERS.COM"
"973845","HTTP://WWW.DRESCHERCAPITAL.COM/"
"1003690","HTTPS://WWW.RIDGEWOODCAPITAL.COM"
"1003804","HTTP://WWW.ROYALCAP.COM"
"999448","HTTP://WWW.14W.COM"
"1003902","HTTP://WWW.PROLOGVENTURES.COM"
"998507","HTTP://WWW.PROLOGVENTURES.COM"
"998471","HTTP://WWW.PROLOGVENTURES.COM"
"972747","HTTP://WWW.ARDIAN.COM"
"999591","HTTPS://WWW.RPMVC.COM"
"1004000","HTTP://WWW.GOLDSKYCAPITAL.COM"
"995781","HTTP://FLINTRIDGEPARTNERS.COM/"
"992700","HTTP://WWW.GAMEFISHCAP.COM"
"998032","HTTP://FEPFUND.COM"
"1003215","HTTP://WWW.ELMVC.COM/"
"1003590","HTTP://WWW.NEWMARKETSVP.COM"
"965334","HTTP://WWW.CREDENCEROCK.COM"
"1002394","HTTP://WWW.SYNCOM.COM"
"994953","HTTP://WWW.FLYBRIDGE.COM"
"1004102","HTTP://WWW.DENOVOVC.COM"
"987902","HTTP://WWW.ALTAPARTNERS.COM"
"990099","HTTP://WWW.VOLPICAPITAL.COM/"
"989162","HTTP://EXCURRO.COM/"
"977786","HTTP://WWW.HALL-CAPITAL.COM"
"993590","HTTP://WWW.CM-P.DE"
"991973","HTTP://WWW.ARMORYFUNDS.COM/"
"995508","HTTP://WWW.QUESTM.COM/"
"993309","HTTP://WWW.DIGITALISVENTURES.COM/"
"985537","HTTP://WWW.COCAPLLC.COM"
"988540","HTTP://EN.CHUANGXIN.COM"
"988809","HTTP://WWW.METRIC-CAPITAL.COM/"
"995476","HTTP://WWW.EPLANETCAPITAL.COM"
"986948","HTTP://WWW.TRIPOINTECAPITAL.COM"
"996970","HTTP://WWW.INNOVAMEMPHIS.COM"
"994233","HTTP://WWW.BVCAPITAL.COM"
"994233","HTTP://WWW.EVCPARTNERS.COM"
"994233","HTTP://WWW.EVENTURES.VC"
"998920","HTTPS://INNOVACAP.COM"
"980966","HTTP://WWW.BARAKFUND.COM"
"1000721","HTTP://WWW.CHICAGOVENTURES.COM"
"994253","HTTP://WWW.THREE-STONES.COM"
"980909","HTTP://WWW.RENEOCAP.COM"
"979633","HTTP://WWW.VALAR.COM"
"979633","HTTP://WWW.VALARVENTURES.COM"
"1001884","HTTP://WWW.CHRYSALIXEVC.COM"
"998459","HTTP://WWW.RCFONTIS.COM/"
"1004296","HTTP://WWW.VICTORIACP.COM/"
"1003436","HTTP://WWW.CINVEN.COM"
"983688","HTTP://WWW.UNITASCAPITAL.COM"
"983827","HTTP://WWW.UNITASCAPITAL.COM"
"1000244","HTTP://WWW.WESTERLYCAP.COM"
"999423","HTTP://WWW.FLOODGATE.COM"
"988531","HTTP://WWW.WIHARPER.COM/"
"990995","HTTP://WWW.ELIONPARTNERS.COM"
"992428","HTTP://PROJECT11.COM"
"992428","HTTP://TWITTER.COM/P11"
"992422","HTTP://WWW.K9VENTURES.COM"
"997626","HTTPS://WWW.LGTCP.COM"
"997192","HTTP://WWW.JAZZVP.COM"
"1000880","HTTP://WWW.BOYNECAPITAL.COM"
"997646","HTTP://WWW.SAMENACAPITAL.COM/"
"994272","HTTP://WWW.PRIMAVERA-CAPITAL.COM"
"1002630","HTTP://WWW.CAPSQUARE-ASIA.COM"
"1002077","HTTPS://WWW.YORKVILLEADVISORS.COM"
"977336","HTTP://WWW.BLGCAPITAL.COM"
"991706","HTTP://WWW.ARCHCAPITAL.NET"
"1001250","HTTP://WWW.CAPITALTODAY.COM"
"1001175","HTTP://WWW.MAIDENLANE.COM"
"992529","HTTPS://WWW.SENRIGANCAPITAL.COM"
"987175","HTTP://WWW.FOUNTAINVEST.COM"
"998629","HTTPS://WWW.BENNELONGASSET.COM"
"986336","HTTP://WWW.FIMI.CO.IL"
"998772","HTTPS://WWW.BENNELONGASSET.COM/"
"991519","HTTP://SOAPSTONECAPITAL.COM/"
"1001257","HTTPS://WWW.VEPARTNERS.COM"
"1001392","HTTP://ACACIAPARTNERSLLC.COM/"
"1001244","HTTP://WWW.LEMNOSLABS.COM"
"1004536","HTTP://WWW.CAPMAN.COM"
"991220","HTTP://WWW.RAZORSVC.COM"
"977217","HTTP://WWW.ROCKTOPPARTNERS.COM"
"987960","HTTP://WWW.FORTEVENTURES.COM"
"1003105","HTTP://WWW.CROSSCUTVENTURES.COM"
"1002821","HTTP://WWW.SWANCAP.EU"
"986725","HTTP://WWW.NVAMCO.COM"
"978140","HTTP://WWW.AMEDFUNDS.COM"
"979097","HTTP://WWW.FOUNDRYGROUP.COM"
"979097","HTTP://WWW.MOBIUSVC.COM"
"987273","HTTP://WWW.XRDS.US"
"986278","HTTP://WWW.TGPINVESTMENTS.COM"
"986967","HTTP://WWW.DACEVENTURES.COM"
"988477","HTTP://ARC-INVESTMENTS.COM"
"986711","HTTPS://BOLT.IO"
"986912","HTTP://WWW.SYNERGYLSP.COM"
"995821","HTTP://WWW.CHINAALPHAFUND.COM"
"981863","HTTP://WWW.TDFVENTURES.COM"
"987813","HTTP://WWW.BLUESKYFUNDS.COM.AU"
"968975","HTTP://WWW.TOTEMPOINT.COM"
"989859","HTTP://WWW.LFECAPITAL.COM"
"998402","HTTP://WWW.CRCFUNDS.COM"
"959782","HTTP://WWW.AUGUSTCAP.COM"
"987211","HTTP://WWW.CATHAY-CAPITAL.COM"
"993283","HTTPS://WWW.PANTHEON.COM"
"974428","HTTP://SSMPARTNERS.COM/"
"997295","HTTP://WWW.POUSCHINECOOK.COM"
"995172","HTTP://WWW.FALCONHEADCAPITAL.COM/"
"1002548","HTTP://WWW.EIVCAPITAL.COM"
"990144","HTTP://WWW.SIGMAPRIME.COM"
"1002634","HTTP://WWW.RPEV.COM.BR/"
"1000950","HTTP://WWW.LEMELSONCAPITAL.COM"
"1002664","HTTP://WWW.SECONDCITYCAPITAL.COM"
"978812","HTTP://WWW.VPCP.COM"
"987704","HTTP://WWW.TRUEWINDCAPITAL.COM/"
"1002666","HTTP://WWW.SKYLINEVENTURES.COM"
"980268","HTTP://WWW.BANKCAP.COM"
"988305","HTTP://WWW.XACP.COM"
"974603","HTTP://WWW.OTTERCAPITAL.COM"
"988105","HTTP://WWW.ANCAPPARTNERS.COM"
"976842","HTTP://WWW.CAMARESCAPITAL.COM"
"992061","HTTP://WWW.STONEWATERCAP.COM"
"983704","HTTP://WWW.IHSINVESTMENTS.CO.ZA/"
"990947","HTTP://WWW.VISIONCAPITAL.COM"
"988356","HTTP://WWW.GOLDSKYCAPITAL.COM"
"988938","HTTPS://WWW.GRAILPARTNERS.COM"
"974902","HTTP://WWW.PARAGON-PARTNERS.DE"
"993402","HTTP://WWW.BRUMMER.SE"
"997847","HTTP://WWW.HIGHCAPE.COM"
"995769","HTTP://WWW.PANTONEQUITY.COM"
"1000701","HTTP://WWW.THINKBRG.COM/"
"998034","HTTP://WWW.NOVUSENERGYPARTNERS.COM"
"992468","HTTPS://WWW.AVENTICUM.COM"
"993127","HTTP://WWW.IVP.COM"
"980813","HTTP://WWW.MAVENVENTURES.COM"
"990949","HTTP://WWW.BEANSTALK.VC/"
"989420","HTTP://WWW.FUCHSCAPITALPARTNERS.COM"
"989469","HTTP://WWW.SBCVC.COM"
"983504","HTTPS://WWW.PAMPACAPITAL.COM"
"994992","HTTP://TEFUNDS.COM"
"992571","HTTP://WWW.KIRTLANDCAPITAL.COM"
"995033","HTTP://VISIONNAIREVENTURES.COM/"
"998577","HTTPS://WWW.RCHCAPITAL.COM"
"1003393","HTTP://VISTAVC.COM"
"1004255","HTTPS://WWW.ANGEL.CO"
"982303","HTTP://WWW.VALAR.COM"
"982303","HTTP://WWW.VALARVENTURES.COM"
"978595","HTTP://ROSEWOODVC.COM/"
"998524","HTTP://WWW.GLENDONTODD.COM"
"1000149","HTTP://WWW.WING.VC"
"1004031","HTTP://WWW.VICTORIACP.COM/"
"1003625","HTTP://WWW.BRV.COM"
"1003625","HTTP://WWW.BRV.COM/CN"
"1004269","HTTP://WWW.EMVLLP.COM"
"1004269","HTTP://WWW.EMPLLP.COM"
"975999","HTTP://WWW.WESTERNSTANDARDLLC.COM/"
"992014","HTTP://WWW.PARKWAYCAPITAL.COM"
"980295","HTTP://WWW.CRISPINCAPITAL.COM"
"985023","HTTP://WWW.BAY-AREA-AND-PACIFIC-COAST-DEVELOPMENT.COM"
"985023","HTTP://WWW.BAPCD.COM"
"987638","HTTP://WWW.ONSET.COM"
"990170","HTTP://WWW.ISLANDCAPITALFUNDS.COM"
"992820","HTTP://WWW.SENETCAPITAL.COM"
"990516","HTTP://WWW.CLPGROWTH.COM"
"982829","HTTP://WWW.SEQUOIACAP.COM/CHINA"
"982829","HTTP://WWW.SEQUOIACAP.CN/"
"992792","HTTP://WWW.CGS-MANAGEMENT.COM"
"986304","HTTP://WWW.MISSIONVENTURES.COM"
"992917","HTTP://WWW.P32SITEFUND.COM"
"990612","HTTP://WWW.WILSHIREFP.COM"
"990612","HTTP://WWW.WFPFUND.COM"
"990612","HTTP://WWW.WFPFUNDS.COM"
"990612","HTTP://WWW.WFPINCOMEFUND.COM"
"990612","HTTP://WWW.WFPOPPORTUNITYFUND.COM"
"990612","HTTP://WWW.WFPTRUSTDEED.COM"
"990612","HTTP://WWW.WFPTRUSTDEEDS.COM"
"990612","HTTP://WWW.WILSHIREFPWEALTH.COM"
"990612","HTTP://WWW.WILSHIRELENDER.COM"
"990612","HTTP://WWW.WILSHIRETRUSTDEED.COM"
"990612","HTTP://WWW.WILSHIRETRUSTDEEDS.COM"
"992997","HTTP://WWW.STRIDECAPITAL.COM"
"987710","HTTP://JOGCAPITAL.COM"
"989433","HTTP://WWW.HEADLANDCP.COM"
"992899","HTTP://WWW.AURELIAN.NET"
"1000326","HTTP://WWW.CKCCAPITAL.COM"
"1006199","HTTP://WWW.LANDSOUTHGROUP.COM"
"1006199","HTTP://WWW.AGAMERICA.COM"
"1001933","HTTPS://WWW.TECHSTARS.COM"
"1005351","HTTP://WWW.BAGSECURITIES.COM"
"1001494","HTTP://WWW.JMHCAPITAL.COM"
"996631","HTTPS://WWW.REDWOODGROUP.COM"
"969006","HTTPS://WWW.FUSECAPITAL.COM"
"1006328","HTTP://WWW.CGCM.COM"
"1006370","HTTP://WWW.ACCEL.COM"
"1006327","HTTP://WWW.LIMADVISORS.COM"
"980085","HTTP://WWW.CLESSIDRASGR.IT"
"995833","HTTP://WWW.PIPER.CO.UK/"
"1003348","HTTP://WWW.NORO-MOSELEY.COM"
"1003348","HTTP://WWW.NOROMOSELEY.COM"
"983539","HTTPS://WWW.OURCROWD.COM"
"1006421","HTTP://LABRADOR.COM/"
"1001006","HTTP://WWW.KICKSTARTFUND.COM"
"987399","HTTP://WWW.PAPPASVENTURES.COM"
"987399","HTTP://WWW.PAPPAS-CAPITAL.COM"
"997140","HTTP://WWW.MBVC.COM"
"998241","HTTP://WWW.EPLANETCAPITAL.COM"
"1005286","HTTPS://EDISONPARTNERS.COM"
"997054","HTTP://WWW.RANGELEYCAPITAL.COM"
"994391","HTTP://WWW.CANAANPARTNERS.COM"
"994391","HTTP://WWW.CANAAN.COM"
"1006759","HTTP://32DEGREES.CA"
"991712","HTTP://WWW.LYXOR.COM/"
"991712","HTTP://WWW.MYLYXORMAP.COM/"
"1004984","HTTP://WWW.SWEETWATERHOLDINGSCO.COM"
"1006480","HTTP://WWW.MONASHEES.COM.BR"
"1005927","HTTP://WWW.GENERATIONIM.COM"
"998938","HTTP://WWW.QIMINGVENTURES.COM"
"998938","HTTPS://SECURE.REPORTINGSYSTEM.COM/IGNITIONPARTNERS/INDEX.CFM"
"996419","HTTP://WWW.TENECAPITAL.COM/"
"989519","HTTPS://WWW.PARETOAI.NO"
"989519","HTTPS://WWW.PARETOSEC.COM"
"1004154","HTTP://WWW.COPELEYCAPITAL.COM"
"996900","HTTP://WWW.EFG-HERMES.COM"
"1004696","HTTP://WWW.LEVELEQUITY.COM"
"1002726","HTTP://WWW.SOLISCAPITAL.COM"
"1004943","HTTP://WWW.STONEMILLINER.COM"
"998301","HTTP://WWW.SIGMAPARTNERS.COM"
"989772","HTTP://WWW.BRIDGEPOINT.EU"
"1004783","HTTP://WWW.ACCEL.COM/"
"1001694","HTTP://WWW.AQUILOCAPITALMANAGEMENT.COM"
"987865","HTTP://WWW.NOKIAGROWTHPARTNERS.COM"
"1001525","HTTP://WWW.83NORTH.COM"
"1000674","HTTP://WWW.EGERIA.NL"
"993519","HTTPS://SECURE.REPORTINGSYSTEM.COM/SAMARACAPITAL"
"995206","HTTP://WWW.ALTAEQUITYPARTNERS.COM"
"998956","HTTP://CAPITALTODAY.COM/"
"983835","HTTP://WWW.TIMBERCAPITAL.COM"
"997547","HTTP://WWW.CBREGLOBALINVESTORS.COM"
"1004331","HTTP://WWW.DUNROBINVENTURES.COM"
"988129","HTTP://WWW.BAINCAPITAL.CO.UK"
"997360","HTTP://WWW.TUATARACAPITAL.COM"
"999879","HTTPS://WWW.REVELATION-PARTNERS.COM"
"987534","HTTP://WWW.GOLDENSEEDS.COM"
"988162","HTTP://WWW.PEAKSIDE.COM"
"990168","HTTP://WWW.GGVC.COM"
"998038","HTTP://WWW.MAVERON.COM/"
"999975","HTTP://WWW.BROWNSAVANO.COM"
"985959","HTTP://WWW.DCM.COM"
"1001866","HTTP://WWW.OSIRISPARTNERS.COM"
"987752","HTTP://WWW.GALEN.COM"
"995794","HTTP://WWW.CIDGROUP.COM"
"999841","HTTP://WWW.SIGNETHEALTHCAREPARTNERS.COM"
"998385","HTTP://WWW.IGNITIONPARTNERS.COM"
"998385","HTTPS://SECURE.REPORTINGSYSTEM.COM/IGNITIONPARTNERS"
"999829","HTTP://WWW.SIGNETHEALTHCAREPARTNERS.COM"
"998538","HTTP://WWW.ALSOP-LOUIE.COM"
"987517","HTTP://WWW.STONEGOFF.COM/"
"993325","HTTP://WWW.NEXXUSCAPITAL.COM"
"1000965","HTTP://WWW.REDPOINT.COM/"
"1005570","HTTP://WWW.LEAFCAPITALMANAGEMENT.COM"
"1005562","HTTPS://WWW.MEZZMANAGEMENT.COM"
"998943","HTTP://WWW.AQUA-SPARK.NL"
"974700","HTTPS://WWW.PEAKSPANCAPITAL.COM"
"1003428","HTTP://WWW.STONEMILLINER.COM"
"995559","HTTP://WWW.OCTAVE-IM.COM"
"1005584","HTTP://WWW.LEERINK.COM/CAPITALPARTNERS/"
"1000208","HTTP://WWW.HIGHBARPARTNERS.COM"
"1000208","HTTP://WWW.HIGHBARVENTURES.COM"
"995806","HTTP://WWW.AXIUMINFRA.COM"
"998823","HTTP://WWW.EQT.GG"
"1005821","HTTP://WWW.GGVC.COM"
"999129","HTTP://WWW.MERCURYCAPITALPARTNERS.COM"
"1004846","HTTP://WWW.MILITELLOCAPITAL.COM"
"999340","HTTP://WWW.ATOMICO.COM"
"974114","HTTP://HOLDCOAM.COM/"
"1003795","HTTP://WWW.BERKSHIRE-GROUP.COM"
"1003994","HTTP://WWW.STRATUSBR.COM"
"995822","HTTPS://WWW.VERTEXVENTURES.COM"
"1003717","HTTP://WWW.HENDERSON.COM/HENDERSON"
"1002960","HTTP://WWW.MAN.COM"
"999292","HTTP://WWW.THREEARCHPARTNERS.COM"
"991540","HTTP://WWW.PELIONVP.COM"
"975550","HTTP://WWW.CIM-LLC.COM"
"1003392","HTTP://WWW.EQT.GG"
"996246","HTTP://WWW.ONCAP.COM"
"1005999","HTTP://WWW.SYCAMORELANEPARTNERS.COM"
"1003311","HTTP://WWW.SOUTHFIELDCAPITAL.COM"
"996172","HTTP://WWW.LIVINGBRIDGE.COM"
"1004529","HTTP://HEALTHCAP.CH, ,HTTP://HEALTHCAP.EU,HTTP://HEALTHCAP.SEHTTP://OFCO.SEHTTP://OFCO.CH"
"1004505","HTTP://WWW.MOUNTAINBROOKCAP.COM"
"997388","HTTPS://WWW.CANVASCAPITAL.COM.BR"
"976232","HTTP://WWW.AULDBRASSPARTNERS.COM/"
"1006389","HTTP://WWW.RIOBRAVO.COM.BR"
"987420","HTTPS://WWW.OMERSVENTURES.COM"
"997656","HTTP://WWW.SYNTAXIS-CAPITAL.COM"
"973494","HTTP://WWW.EAST-WESTADVISORS.COM/"
"996257","HTTP://WWW.REVOLUTION.COM/ENTITY/VENTURES/"
"996248","HTTP://WWW.EFG-HERMES.COM"
"978850","HTTP://PORTLANDPE.COM/"
"992644","HTTP://WWW.DRCCAP.COM"
"1001052","HTTP://WWW.BIOVENTURESINVESTORS.COM"
"1002173","HTTP://WWW.CINTRIFUSE.COM"
"1000112","HTTP://WWW.4387CM.COM/"
"1002557","HTTP://WWW.IMPACTAMERICAFUND.COM/"
"1003194","HTTP://WWW.CATALYSTCAPITAL.COM"
"986348","HTTP://WWW.PETROCAPITALFUNDS.COM"
"995894","HTTPS://WWW.HSINVEST.COM"
"1004638","HTTP://WWW.KSMANAGEMENT.COM"
"995420","HTTP://LINEAGECAP.COM"
"995420","HTTP://LINEAGECAPITAL.COM"
"990364","HTTPS://WWW.LIONCAPITAL.COM"
"1004723","HTTP://WWW.NREP.COM"
"997543","HTTP://WWW.CBREGLOBALINVESTORS.COM"
"1000417","HTTP://WWW.CBREGLOBALINVESTORS.COM"
"1001465","HTTP://WWW.HYPERPLANE.VC"
"981246","HTTP://SERVICEPROVIDERCAPITAL.COM"
"998770","HTTP://WWW.HENDERSON.COM"
"999960","HTTP://WWW.BROWNSAVANO.COM"
"962452","HTTP://LILLYVENTURES.COM/"
"1005321","HTTP://WWW.BAGSECURITIES.COM"
"988220","HTTP://WWW.CANVAS.VC"
"1001463","HTTP://WWW.BAKERCAPITAL.COM"
"999578","HTTP://WWW.STEAMBOATCP.COM/"
"999430","HTTP://WWW.DEEPFIELDAM.COM"
"992682","HTTP://HBCINVESTMENTS.COM"
"981687","HTTP://WWW.FLAGSHIPVENTURES.COM"
"981687","HTTP://WWW.AGTCFUNDS.COM"
"981687","HTTP://WWW.ONELIBERTY.COM"
"1006669","HTTP://WWW.RWBAIRD.COM"
"1006699","HTTP://WWW.MORGENTHALER.COM/PRIVATE-EQUITY"
"1006591","HTTP://WWW.CATCOIM.COM"
"1006651","HTTP://WWW.MILLSTONECA.COM"
"1004808","HTTP://WWW.ASTORG.COM/"
"1002813","HTTP://WWW.CRATONEP.COM"
"996779","HTTP://WWW.SMPLP.COM"
"974993","HTTP://WWW.BENCHMARK.COM"
"986664","HTTP://SIGNIAVENTUREPARTNERS.COM"
"1006914","HTTP://WWW.ACECAP.COM"
"1003858","HTTP://WWW.ALTRAINV.COM"
"1002186","HTTP://SILVERHAWKCAPITALPARTNERS.COM"
"1004666","HTTP://WWW.CROSSCULTUREVC.COM"
"1002231","HTTP://WWW.DIVERGENTVC.COM/"
"1006964","HTTP://WWW.CORE-CAPITAL.COM"
"1006428","HTTP://WWW.RDCCAP.COM"
"1004851","HTTP://WWW.GLENMONTCAPITAL.COM"
"1004010","HTTP://WWW.CARTERHASTON.COM"
"998353","HTTP://WWW.ORCHARDHILLCAPITAL.COM"
"998353","HTTP://WWW.OHCM.COM"
"989549","HTTP://CONVERGEVP.COM/"
"1005566","HTTP://WWW.CATAMOUNTVENTURES.COM"
"997548","HTTP://WWW.MURPHREEVENTURES.COM"
"997548","HTTP://WWW.SOUTHERNFUNDS.COM"
"969053","HTTP://WWW.CAPPOINT.COM"
"987617","HTTP://WWW.SANGOCAPITALMANAGEMENT.COM"
"1004756","HTTP://WWW.VITRUVIANPARTNERS.COM"
"991889","HTTP://WWW.ARGUSCAPITALGROUP.COM"
"1001077","HTTP://WWW.FIERAQUANTUM.COM/"
"960408","HTTP://WWW.YET2VENTURES.COM"
"960408","HTTP://WWW.YET2.COM"
"993525","HTTP://WWW.SVLSA.COM"
"993525","HTTP://WWW.SVLIFESCIENCES.COM"
"1005694","HTTP://WWW.SANGOCAPITALMANAGEMENT.COM"
"999165","HTTP://WWW.FOUNDERSFUND.COM"
"977785","HTTP://WWW.F6S.COM"
"1005628","HTTP://WWW.THEWHITEOAKGROUP.COM"
"1005729","HTTP://WWW.WAVEEP.COM"
"1005430","HTTP://WWW.LEERINK.COM/CAPITAL-PARTNERS/"
"993717","HTTP://WWW.PACIFICAGRICAPITAL.COM/"
"1002977","HTTP://WWW.ATLASVENTURE.COM"
"1004222","HTTP://WWW.NEWSCIENCEVENTURES.COM/"
"1003141","HTTP://WWW.SIMCOECAP.COM/"
"1003141","HTTP://WWW.SIMCOEPARTNERS.COM/"
"986691","HTTP://WWW.BOLDSTART.VC/"
"994918","HTTP://SCRUM.VC"
"993293","HTTPS://WWW.REALTYMOGUL.COM (WEBSITE FOR REALTY MOGUL, CO., THE MANAGER OF RM MANAGER, LLC.)"
"1003508","HTTP://WWW.TARGETEDTECH.COM"
"1005318","HTTP://WWW.MOBIUSVC.COM"
"999863","HTTP://WWW.MELKONIANCAPITAL.COM"
"1004853","HTTP://WWW.ECIPARTNERS.COM"
"1006751","HTTP://WWW.ABENEXCAPITAL.COM/"
"994098","HTTPS://WWW.DAGVENTURES.COM/"
"996275","HTTP://WWW.IEPFUND.COM"
"1005575","HTTP://WWW.MERCATOPARTNERS.COM"
"980298","HTTP://WWW.EHCP.COM"
"994057","HTTP://WWW.MAYFAIREQUITY.COM"
"1004082","HTTP://WWW.ATAVENTURES.COM"
"1006654","HTTP://WWW.EVERSEPT.COM"
"1007181","HTTP://WWW.CATCAPITAL.COM"
"1007221","HTTP://WWW.TRUENORTHVP.COM"
"1001846","HTTP://WWW.ACCESSVP.COM"
"1000518","HTTPS://EWEBLP.STANDISHMANAGEMENT.COM/EPRIVATEEQUITY-CORRELATION/UTILITY/EWEBLPLOGIN.ASPX"
"1000518","HTTP://WWW.CORRELATIONVC.COM"
"1002869","HTTP://WWW.FOCUSVENTURES.COM"
"997163","HTTP://WWW.ESTATEFINANCE.COM"
"997163","HTTP://WWW.LAWFINANCE.COM"
"997163","HTTP://WWW.LFGSERVICING.COM"
"997163","HTTP://WWW.LINKEDIN.COM/PUB/LAWFINANCE-GROUP/86/618/BB5"
"997163","HTTPS://CLIENTS.CORTLANDGLOBAL.COM/LFG"
"997898","HTTP://WWW.RDCCAP.COM"
"999849","HTTP://WWW.SIGNETHEALTHCAREPARTNERS.COM"
"1001512","HTTP://WWW.GNSHILLIER.COM"
"979502","HTTP://WWW.GP-INVESTMENTS.COM"
"999296","HTTP://WWW.CAUSEWAYMP.COM"
"997611","HTTP://WWW.HGRE.COM"
"1002843","HTTP://WWW.PENINSULAVENTURES.COM"
"974580","HTTP://WWW.FARVIEWCAPITALMGMT.COM/"
"989562","HTTP://WWW.SYMMETRYINVESTMENTS.COM"
"989558","HTTP://WWW.SYMMETRYINVESTMENTS.COM"
"1002802","HTTP://WWW.4490.VENTURES"
"993094","HTTP://WWW.AZENTUSCAPITAL.COM"
"1002773","HTTP://WWW.DYMONASIA.COM"
"997297","HTTP://WWW.LANDSOUTHGROUP.COM"
"997297","HTTP://WWW.AGAMERICA.COM"
"1005055","HTTP://WWW.LSPVC.COM"
"974361","HTTP://WWW.PRECISIONPATHCAPITAL.COM/"
"1007380","HTTP://WWW.LEGENDCAPITAL.COM.CN/"
"990855","HTTP://WWW.SABREFUND.COM"
"999649","HTTP://WWW.GREENRIDGEINV.COM"
"1002178","HTTP://WWW.ANTHOSCAPITAL.COM/"
"992521","HTTP://WWW.CRV.COM"
"1003121","HTTP://WWW.ACCOMPLICE.CO"
"993965","HTTP://WWW.AITV.CO"
"1003884","HTTP://WWW.STRATUSBR.COM"
"1003033","HTTP://WWW.CHARTEROAK-EQUITY.COM"
"1001287","HTTP://WWW.CAFFEINATEDCAPITAL.COM"
"997699","HTTP://THRIVECAP.COM"
"997699","HTTPS://THRIVECAPITAL.ALTARETURN.COM"
"1005911","HTTP://WWW.PHYSICVENTURES.COM/"
"998202","HTTP://WWW.PINEBROOKPARTNERS.COM"
"996369","HTTP://WWW.BRADWAYCAPITAL.COM"
"983145","HTTP://WWW.ACREWOODHOLDINGS.COM"
"1003811","HTTP://WWW.SEVENMILECP.COM"
"975422","HTTP://WWW.LANTERANAM.COM"
"975422","HTTP://WWW.LANTERNCP.COM"
"994648","HTTPS://WWW.TURKVEN.COM"
"997617","HTTP://WWW.DRAPERNEXUS.COM"
"1005808","HTTP://WWW.CCPEQUITYPARTNERS.COM"
"983481","HTTP://WWW.TERRAFIRMA.COM/"
"999724","HTTP://WWW.SEQUOIACAP.COM/CHINA"
"999724","HTTP://WWW.SEQUOIACAP.CN/"
"1001394","HTTP://WWW.TORQUEST.COM"
"990109","HTTP://WWW.CHAMBERSCAP.COM"
"996445","HTTP://WWW.POINTGUARDVENTURES.COM/"
"993268","HTTP://WWW.BPEPINDIA.COM"
"998181","HTTP://WWW.SEQUOIACAP.COM/INDIA"
"1004421","HTTP://WWW.SHEAVENTURES.COM"
"968549","HTTP://WWW.GAVEAINVEST.COM.BR"
"1003027","HTTP://WWW.AMPLIFYPARTNERS.COM"
"994703","HTTP://WWW.TREVIHEALTH.COM"
"1006053","HTTP://WWW.ABVLP.COM"
"996560","HTTP://WWW.SUSAVENTURES.COM"
"1004543","HTTP://WWW.INNOVATIONENDEAVORS.COM"
"1001603","HTTP://NORTHSTAR-CAPITAL.COM"
"1001603","HTTP://GROWMICAPITAL.COM"
"1001603","HTTP://MICAPPARTNERS.COM"
"1003346","HTTP://WWW.DAVINCI-HOLDINGS.CO.JP/"
"1001412","HTTP://WWW.VINTAGE-IP.COM"
"1005172","HTTPS://MARCHCP.COM"
"1006010","HTTP://WWW.GCCFUND.COM"
"983323","HTTPS://WWW.PATRIAINVESTIMENTOS.COM.BR"
"983323","HTTPS://WWW.PATRIAINVESTMENTS.COM"
"1005556","HTTP://WWW.TALKOT.COM"
"1005859","HTTP://WWW.CAPDYN.COM"
"987156","HTTP://WWW.AXIOMASIA.COM/"
"1003778","HTTP://WWW.IOGCAPITAL.COM"
"1003778","HTTP://WWW.IOGCAPITAL.SHAREFILE.COM"
"1002850","HTTP://WWW.GRAFTONFUNDS.COM"
"995548","HTTP://WWW.CORDIANTCAP.COM"
"1003258","HTTP://SHERPA.COM"
"986303","HTTP://WILDCAT.VC/"
"1002746","HTTP://WWW.COLLABORATIVEFUND.COM"
"1003659","HTTP://WWW.MDV.COM/"
"1003659","HTTPS://SERVICES.INTRALINKS.COM/LOGON.HTML?CLIENTID=974688711"
"1003065","HTTP://AKKADIANVENTURES.COM"
"1001579","HTTP://AKKADIANVENTURES.COM"
"996225","HTTP://WWW.CAPDYN.COM"
"994242","HTTP://WWW.SSGASIA.COM"
"981776","HTTP://WWW.SCIENSAM.COM"
"990227","HTTP://WWW.BERKELEY.VC"
"989432","HTTP://WWW.ASCENDENTCP.COM"
"1005192","HTTP://UPRISING.US"
"1002250","HTTP://WWW.MONEDA.CL"
"1002825","HTTP://WWW.SPECTRUM28.COM"
"1002255","HTTP://WWW.MONEDA.CL"
"990918","HTTP://SHUNWEI.COM"
"994596","HTTP://WWW.COBALT-CAP.COM"
"1006375","HTTP://WWW.MIP.AE"
"996636","HTTP://WWW.THEXANDERGROUP.COM"
"1002969","HTTP://WWW.AUGURCAPITAL.COM"
"989665","HTTP://WWW.RIVEROAKIC.COM"
"997584","HTTP://SECONDALPHA.COM"
"1004992","HTTP://WWW.MICROANGELPARTNERS.COM"
"1005803","HTTP://WWW.AURORAFUNDS.COM"
"1004923","HTTP://WWW.ALARACAP.COM"
"997321","HTTP://K1CAPITAL.COM/"
"991393","HTTP://WWW.CONTEXTBH.COM"
"966796","HTTP://WWW.DEUTSCHEAM.COM"
"966796","HTTP://WWW.DB.COM"
"966796","HTTP://WWW.DBPE.COM"
"990955","HTTP://WWW.PARABELLUMCAP.COM"
"981024","HTTP://WWW.SANSARCAPITAL.COM"
"993341","HTTP://WWW.PAGASIA.COM"
"982553","HTTP://WWW.SCIENSAM.COM"
"993802","HTTP://WWW.BENSONELLIOT.COM"
"1003750","HTTP://WWW.ORTHOGON.PARTNERS/"
"1000962","HTTP://WWW.GREENMONTCAPITAL.COM"
"998095","HTTP://WWW.PMIFUNDS.COM"
"1007137","HTTP://WWW.ATLASVENTURE.COM"
"1005467","HTTP://WWW.THEFUNDERSCLUB.COM"
"1005467","HTTP://WWW.FUNDERSCLUB.COM"
"1007108","HTTP://WWW.RIOBRAVO.COM.BR"
"1006954","HTTP://WWW.CLOSEDLOOPFUND.COM"
"1005634","HTTP://WWW.CONTOURVENTURES.COM"
"999814","HTTP://WWW.HORIZONCAPITAL.COM.UA"
"1001854","HTTP://WWW.PLAZABELMONT.COM"
"996426","HTTP://WWW.BIRDDOGEQUITY.COM"
"1007249","HTTP://WWW.OVP.COM"
"1007249","HTTP://WWW.OVP.COM"
"1007179","HTTP://WWW.SPV.COM"
"1006368","HTTP://WWW.BPEASIA.COM"
"980485","HTTP://WWW.CROSSCREEKPICTURES.COM"
"1007342","HTTP://GROWMICAPITAL.COM"
"1007344","HTTP://MICAPPARTNERS.COM"
"1007366","HTTP://WWW.LESEINVESTMENTS.COM"
"1007366","HTTP://WWW.ALLELEFUND.COM"
"996765","HTTP://WWW.ROGERSIA.COM"
"969138","HTTP://WWW.BOYUCAPITAL.COM"
"1005015","HTTP://SPELLCAPITAL.COM/"
"998633","HTTP://PRIVEQ.SE"
"1001048","HTTP://WWW.BIOVENTURESINVESTORS.COM"
"1004998","HTTP://WWW.OAKWOODMEDICAL.COM"
"994154","HTTP://WESTSUMMITCAP.COM"
"995701","HTTP://BAY-CAP.COM/"
"999313","HTTP://WWW.MLSCF.COM"
"999313","HTTP://WWW.SPRUCECP.COM/"
"986536","HTTP://WWW.TECHQUITYCAP.COM"
"992622","HTTPS://WWW.WINTONCAPITAL.COM"
"987361","HTTP://WWW.KREOSCAPITAL.COM"
"1001758","HTTP://WWW.KREOSCAPITAL.COM"
"1000476","HTTP://WWW.CREDENTIAGROUP.COM"
"983954","HTTP://WWW.NREP.COM"
"980356","HTTP://WWW.ROCKWOODEQUITY.COM/"
"1004303","HTTP://WWW.DVBBANK.COM"
"1001347","HTTP://WWW.TITANIUMEP.COM"
"977824","HTTP://WWW.PENTAMEZZ.COM"
"998881","HTTP://WWW.EQT.GG"
"999654","HTTP://WWW.CARLYLE.COM"
"1000174","HTTP://WWW.CVFCAPITALPARTNERS.COM"
"999146","HTTP://WWW.ALPENGLOWCAP.COM"
"999868","HTTP://WWW.HOUVEN.COM"
"997589","HTTP://WWW.IGNITIONPARTNERS.COM"
"997589","HTTPS://SECURE.REPORTINGSYSTEM.COM/IGNITIONPARTNERS/INDEX.CFM"
"1004909","HTTP://WWW.DUKESTREET.COM/"
"1003235","HTTP://WWW.EQT.GG"
"1001839","HTTPS://WWW.HEALTHEDGEPARTNERS.COM"
"1003691","HTTP://WWW.CARDINALPARTNERS.COM"
"1002079","HTTP://WWW.JGBCAP.COM/"
"999110","HTTP://WWW.SOUTHERNCROSSGROUP.COM"
"994814","HTTP://WWW.ZENSHINCAP.COM"
"997472","HTTP://WWW.SOFINNOVA.COM/"
"1005630","HTTP://WWW.SHORECP.COM"
"986509","HTTP://WWW.MANGROVE.VC/"
"996980","HTTP://WWW.EQT.GG"
"1002303","HTTP://WWW.EVERCORE.COM.MX"
"1003129","HTTP://WWW.EQT.GG"
"1004488","HTTP://CLOUDAPPSCAPITAL.COM/"
"999932","HTTP://WWW.EQT.GG"
"1006969","HTTP://WWW.RIOBRAVO.COM.BR"
"1005436","HTTP://WWW.NEXTWORLDCAP.COM"
"992982","HTTP://WWW.ASCENTREA.COM"
"992389","HTTP://WWW.GOODWATERCAP.COM"
"1003360","HTTP://WWW.EQT.GG"
"993812","HTTP://WWW.CENTANAGROWTH.COM"
"1005631","HTTP://WWW.VINCIPARTNERS.COM"
"999309","HTTP://WWW.SEQUOIACAP.COM/US"
"1001070","HTTP://WWW.ASCENTVP.COM/"
"990838","HTTP://WWW.SYMMETRYINVESTMENTS.COM"
"1002791","HTTP://WWW.DYMONASIA.COM"
"999723","HTTP://WWW.SEQUOIACAP.COM/ISRAEL"
"1004418","HTTP://WWW.HEALTHQUESTCAPITAL.COM/"
"989647","HTTP://WWW.GSVFG.COM"
"991919","HTTP://WWW.CRESCENDOPARTNERS.COM"
"1004414","HTTP://PLUSCAPITAL.COM/"
"978403","HTTP://WWW.HITECVISION.COM"
"968735","HTTP://WWW.BOYUCAPITAL.COM"
"999812","HTTP://WWW.KEDAARA.COM"
"1003488","HTTPS://WWW.ATLASPEAKCAP.COM"
"1003349","HTTP://WWW.ORCHARDVIEWCAPITAL.COM"
"1000236","HTTP://WWW.VENROCK.COM"
"976460","HTTP://WWW.PATRONCAPITAL.COM/"
"1003104","HTTP://BRITTONHILLPARTNERS.COM"
"1004873","HTTP://WWW.ROCKHILLCAP.COM"
"997470","HTTP://WWW.SUMMITPARKLLC.COM"
"1004692","HTTP://WWW.DUKESTREET.COM/"
"1002536","HTTP://WWW.5AMVENTURES.COM"
"992354","HTTP://WWW.GEFINORCAPITAL.COM"
"996106","HTTP://WWW.REVOLUTION.COM/ENTITY/GROWTH/"
"992340","HTTP://WWW.GEFINORCAPITAL.COM"
"996670","HTTP://WWW.CAPITALWORKS.NET"
"996205","HTTP://WWW.A16Z.COM"
"995903","HTTP://WWW.GOLDENSEEDS.COM"
"995253","HTTP://WWW.SQNINVESTORS.COM"
"985809","HTTP://WWW.REMIGESVENTURES.COM"
"999442","HTTP://WWW.BIPCAPITAL.COM"
"1004357","HTTP://WWW.STEELHEADCM.COM/"
"1004357","HTTP://WWW.BIOSPARTNERS.COM"
"998993","HTTP://WWW.FIREBOLTVENTURES.COM/"
"1002580","HTTP://WWW.STARINFRAPARTNERS.COM"
"1002892","HTTP://WWW.KEDMA-CAPITAL.COM"
"1003305","HTTP://WWW.OMGLOBALINVESTORS.COM"
"991046","HTTP://WWW.HAYFIN.COM"
"997919","HTTP://WWW.MORGENTHALER.COM/PRIVATE-EQUITY"
"990152","HTTP://GREATRANGECAPITAL.COM/"
"1003952","HTTP://WWW.ALTRAINV.COM"
"1002603","HTTP://DIVERGENTVC.COM/"
"995818","HTTP://WWW.GC-PARTNERS.COM/"
"1003190","HTTP://WWW.ANCORCAPITAL.COM"
"996025","HTTP://WWW.CAVUVENTURES.COM/"
"1005932","HTTP://WWW.EXPLORAINVEST.COM"
"1001402","HTTP://WWW.VOCECAPITAL.COM"
"986653","HTTPS://WWW.VBIREALESTATE.COM"
"985621","HTTP://WWW.ACECAP.COM"
"1003928","HTTP://WWW.ATRAINV.COM/"
"1006929","HTTP://WWW.ALDINECAPITAL.COM"
"996199","HTTP://WWW.SHORECP.COM"
"997452","HTTP://IGNCAP.COM"
"997452","HTTPS://SECURE.REPORTINGSYSTEM.COM/IGNITIONPARTNERS/INDEX.CFM"
"983159","HTTP://WWW.PARTNERSGROUP.COM"
"985669","HTTP://WWW.NEOINVESTMENTPARTNERS.COM"
"1004288","HTTP://TTVCAPITAL.COM"
"1005040","HTTP://DOMANIVENTURESLP.COM/"
"997508","HTTP://WWW.DFJFRONTIER.COM"
"987670","HTTP://WWW.ATTALUSCAPITAL.COM"
"968138","HTTP://TEMCAN.COM/"
"996852","HTTP://WWW.LVCPARTNERS.COM"
"996852","HTTP://WWW.LONGUEVUECAPITAL.COM"
"1005187","HTTP://JAVELINVP.COM/"
"1007233","HTTP://WWW.EIGHTBRIDGES.COM"
"1002968","HTTP://TARPON.COM.BR/"
"1007349","HTTP://WWW.RGLOBAL.COM"
