"FilingID","ReferenceID","SubreferenceID","Website Address"
"1017275","171888","64180","WWW.PINEBRIDGE.COM.TW"
"1017275","171887","64154","WWW.PINEBRIDGE.COM.TW"
"1017275","38396","64029","WWW.PINEBRIDGE.COM.TW"
"1017275","38275","63912","WWW.PINEBRIDGE.COM.TW"
"1016442","177542","68145","WWW.BETHERCAPITAL.COM"
"1018103","167225","61362","HTTPS://WWW.AMERISERV.COM"
"1018103","167224","61363","HTTPS://WWW.AMERISERV.COM"
"1016726","35449","21123","WWW.FUND-CHANNEL.COM"
"1020668","177542","68145","WWW.BETHERCAPITAL.COM"
"1023511","178078","68378","HTTPS://MCP-AM.JP"
"1023511","178077","68377","HTTPS://MCP-AM.JP"
"1023072","51576","25160","WWW.FIRSTPOINTEQUITY.COM"
"1025309","25644","37870","WWW.303CAPITAL.COM"
"994073","177172","67998","HTTP://WWW.BRIANPURCHIA.COM/"
"994073","177171","67994","HTTP://WWW.BRIANPURCHIA.COM/"
"994073","177174","67999","HTTP://WWW.BRIANPURCHIA.COM/"
"994073","177177","68000","HTTP://WWW.BRIANPURCHIA.COM/"
"1011089","39845","19967","SEE NOTE"
"1011089","42604","21137","SEE NOTE"
"1014535","171888","64180","WWW.PINEBRIDGE.COM.TW"
"1020458","171559","63843","WWW.303CAPITAL.COM"
"1020458","54680","33642","WWW.303CAPITAL.COM"
"1020458","54697","33643","WWW.303CAPITAL.COM"
"1013893","54006","56763","WWW.MONITORCAP.COM"
"1014535","171887","64154","WWW.PINEBRIDGE.COM.TW"
"1014535","38396","64029","WWW.PINEBRIDGE.COM.TW"
"1014535","38275","63912","WWW.PINEBRIDGE.COM.TW"
"965802","166245","60998","HTTPS://WWW.GLOBEVESTOR.COM"
"965802","166243","60996","HTTPS://WWW.GLOBEVESTOR.COM"
"965802","166244","60997","HTTPS://WWW.GLOBEVESTOR.COM"
"965802","166242","60995","HTTPS://WWW.GLOBEVESTOR.COM"
"965802","166246","60999","HTTPS://WWW.GLOBEVESTOR.COM"
"965802","166247","61000","HTTPS://WWW.GLOBEVESTOR.COM"
"965802","177152","67972","HTTPS://WWW.GLOBEVESTOR.COM"
"965802","177158","67976","HTTPS://WWW.GLOBEVESTOR.COM"
"965802","177157","67975","HTTPS://WWW.GLOBEVESTOR.COM"
"965802","177156","67974","HTTPS://WWW.GLOBEVESTOR.COM"
"965802","177151","67971","HTTPS://WWW.GLOBEVESTOR.COM"
"965802","177153","67973","HTTPS://WWW.GLOBEVESTOR.COM"
"1010408","3474","68018","WWW.QUANTEDGE.COM"
"1023509","178076","68376","HTTPS://MCP-AM.JP"
"1023509","178073","68373","HTTPS://MCP-AM.JP"
"1023509","178075","68375","HTTPS://MCP-AM.JP"
"1023509","178074","68374","HTTPS://MCP-AM.JP"
"1010346","171888","64180","WWW.PINEBRIDGE.COM.TW"
"1010346","171887","64154","WWW.PINEBRIDGE.COM.TW"
"1010346","38396","64029","WWW.PINEBRIDGE.COM.TW"
"1010346","38275","63912","WWW.PINEBRIDGE.COM.TW"
"1010346","171710","63992","WWW.PINEBRIDGE.COM.TW"
"1025611","64582","33056","HTTPS://WILLENBACHER-CONSULTING.AT"
"1025611","64582","32967","HTTPS://MCHINVESTMENTSTRATEGIES.ES"
"1025611","64582","32966","HTTPS://WWW.CAMPIONCAPITAL.COM"
"1025611","64582","56925","WWW.V-FONDS.COM"
