"FilingID","ReferenceID","Foreign Regulatory Authority"
1038085,64531,"United Kingdom - Financial Conduct Authority"
1038085,64533,"United Kingdom - Financial Conduct Authority"
1038085,64529,"United Kingdom - Financial Conduct Authority"
1038085,64532,"United Kingdom - Financial Conduct Authority"
1038085,33349,"United Kingdom - Financial Conduct Authority"
1038085,33367,"United Kingdom - Financial Conduct Authority"
1038085,33342,"United Kingdom - Financial Conduct Authority"
1038085,33363,"United Kingdom - Financial Conduct Authority"
1038085,30333,"United Kingdom - Financial Conduct Authority"
1038085,33352,"United Kingdom - Financial Conduct Authority"
1038085,33376,"United Kingdom - Financial Conduct Authority"
1038085,159082,"United Kingdom - Financial Conduct Authority"
1048701,58421,"Other - NONE"
1048701,58420,"Other - NONE"
1048701,17011,"Cayman Islands - Cayman Islands Monetary Authority"
1048701,17940,"Other - CAYMAN ISLANDS MONETARY AUTHORITY"
1058668,120317,"Cayman Islands - Cayman Islands Monetary Authority"
1043187,56601,"Cayman Islands - Cayman Islands Monetary Authority"
1048311,64504,"Cayman Islands - Cayman Islands Monetary Authority"
1048311,64503,"Cayman Islands - Cayman Islands Monetary Authority"
1048311,64490,"Cayman Islands - Cayman Islands Monetary Authority"
1048311,64505,"British Virgin Islands - British Virgin Islands Financial Services Commission"
1048311,180259,"Ireland -  Central Bank of Ireland"
1044225,179417,"Guernsey - Guernsey Financial Services Commission"
1044225,179412,"Guernsey - Guernsey Financial Services Commission"
1044225,179410,"Guernsey - Guernsey Financial Services Commission"
1044225,179394,"Guernsey - Guernsey Financial Services Commission"
1044225,179390,"Guernsey - Guernsey Financial Services Commission"
1044225,179384,"Guernsey - Guernsey Financial Services Commission"
1044225,179373,"Guernsey - Guernsey Financial Services Commission"
1044225,179344,"Guernsey - Guernsey Financial Services Commission"
1044225,179343,"Guernsey - Guernsey Financial Services Commission"
1044225,179413,"Guernsey - Guernsey Financial Services Commission"
1044225,179408,"Guernsey - Guernsey Financial Services Commission"
1044225,179407,"Guernsey - Guernsey Financial Services Commission"
1044225,179415,"Guernsey - Guernsey Financial Services Commission"
1044225,179382,"Guernsey - Guernsey Financial Services Commission"
1044225,179375,"Guernsey - Guernsey Financial Services Commission"
1044225,179374,"Guernsey - Guernsey Financial Services Commission"
1044225,179409,"Guernsey - Guernsey Financial Services Commission"
1044225,179372,"Guernsey - Guernsey Financial Services Commission"
1044225,179400,"Guernsey - Guernsey Financial Services Commission"
1044225,179395,"Guernsey - Guernsey Financial Services Commission"
1044225,179662,"Guernsey - Guernsey Financial Services Commission"
1044225,179668,"Guernsey - Guernsey Financial Services Commission"
1044225,179665,"Guernsey - Guernsey Financial Services Commission"
1044225,179664,"Guernsey - Guernsey Financial Services Commission"
1044225,179663,"Guernsey - Guernsey Financial Services Commission"
1044225,179405,"Guernsey - Guernsey Financial Services Commission"
1044225,179402,"Guernsey - Guernsey Financial Services Commission"
1044225,179401,"Guernsey - Guernsey Financial Services Commission"
1044225,179345,"Guernsey - Guernsey Financial Services Commission"
1044225,179342,"Guernsey - Guernsey Financial Services Commission"
1044225,179336,"Guernsey - Guernsey Financial Services Commission"
1044225,179669,"Guernsey - Guernsey Financial Services Commission"
1044225,179671,"Guernsey - Guernsey Financial Services Commission"
1044225,179670,"Guernsey - Guernsey Financial Services Commission"
1044225,179655,"Guernsey - Guernsey Financial Services Commission"
1044225,179416,"Guernsey - Guernsey Financial Services Commission"
1044225,179411,"Guernsey - Guernsey Financial Services Commission"
1044225,179403,"Guernsey - Guernsey Financial Services Commission"
1044225,179399,"Guernsey - Guernsey Financial Services Commission"
1044225,179398,"Guernsey - Guernsey Financial Services Commission"
1044225,179397,"Guernsey - Guernsey Financial Services Commission"
1044225,179392,"Guernsey - Guernsey Financial Services Commission"
1044225,179383,"Guernsey - Guernsey Financial Services Commission"
1044225,179380,"Guernsey - Guernsey Financial Services Commission"
1044225,179326,"Guernsey - Guernsey Financial Services Commission"
1044225,179393,"Guernsey - Guernsey Financial Services Commission"
1044225,179666,"Guernsey - Guernsey Financial Services Commission"
1045861,170025,"Jersey - Jersey Financial Services Commission"
1045861,170088,"Jersey - Jersey Financial Services Commission"
1055927,22991,"Other - CAYMAN ISLANDS MONETARY AUTHORITY"
1046697,170049,"Other - BANK OF ITALY"
1046697,35984,"Other - BANK OF ITALY"
1046697,35897,"Other - BANK OF ITALY"
1048220,66648,"Australia - Australian Securities and Investments Commission"
1048220,66651,"Australia - Australian Securities and Investments Commission"
1048220,66650,"Australia - Australian Securities and Investments Commission"
1048220,66649,"Australia - Australian Securities and Investments Commission"
1048220,29110,"Other - REGISTER OF COMPANIES FOR ENGLAND & WALES, UK"
1048220,29087,"Other - REGISTER OF COMPANIES FOR ENGLAND & WALES, UK"
1050051,57011,"Cayman Islands - Cayman Islands Monetary Authority"
1050051,19964,"Cayman Islands - Cayman Islands Monetary Authority"
1050051,19978,"Cayman Islands - Cayman Islands Monetary Authority"
1050051,67297,"Luxembourg, Grand Duchy of - Commission to Surveillance of the Finance Sector"
1050051,168344,"Luxembourg, Grand Duchy of - Commission to Surveillance of the Finance Sector"
1037134,179270,"Luxembourg, Grand Duchy of - Commission to Surveillance of the Finance Sector"
1045829,179776,"Guernsey - Guernsey Financial Services Commission"
1044556,179924,"Mauritius, Republic of - Financial Services Commission"
1042779,179776,"Guernsey - Guernsey Financial Services Commission"
1048278,170363,"Ireland -  Central Bank of Ireland"
1048467,167426,"Other - THE FUND IS EXEMPT FROM REGISTRATION UNDER SECTION 4(4) OF THE MUTUAL FUNDS LAW (2013 REVISION) OF THE CAYMAN ISLANDS."
1048467,54907,"Cayman Islands - Cayman Islands Monetary Authority"
1044759,179968,"Cayman Islands - Cayman Islands Monetary Authority"
1047168,180332,"Cayman Islands - Cayman Islands Monetary Authority"
1051100,7080,"Other - CAYMAN ISLANDS MONETARY AUTHORITY"
1056226,180999,"Sweden - Swedish Financial Supervisory Authority"
1056226,181006,"Sweden - Swedish Financial Supervisory Authority"
1045026,179997,"South Korea - Financial Supervisory Commission / Financial Supervisory Service"
1045026,179997,"Netherlands - The Netherlands Authority for the Financial Markets"
1045026,179997,"Spain - National Commission of Securities Markets"
1045026,179987,"United Kingdom - Financial Conduct Authority"
1045026,179997,"Denmark - Danish Financial Supervisory Authority"
1045026,179997,"United Kingdom - Financial Conduct Authority"
1045026,179997,"Austria - Financial Market Authority"
1045026,180022,"Sweden - Swedish Financial Supervisory Authority"
1045026,180022,"Norway - The Banking, Insurance and Securities Commission"
1045026,180022,"Netherlands - The Netherlands Authority for the Financial Markets"
1045026,180022,"Luxembourg, Grand Duchy of - Commission to Surveillance of the Finance Sector"
1045026,180022,"Italy - National Stock Exchange Commission"
1045026,180022,"Ireland -  Central Bank of Ireland"
1045026,180022,"Germany - German Federal Financial Supervisory Agency"
1045026,180022,"France - Financial Markets Authority"
1045026,180022,"Finland - Financial Supervision Authority"
1045026,180022,"Denmark - Danish Financial Supervisory Authority"
1045026,180022,"Austria - Financial Market Authority"
1045026,180022,"United Kingdom - Financial Conduct Authority"
1045026,180021,"United Kingdom - Financial Conduct Authority"
1045026,179997,"Sweden - Swedish Financial Supervisory Authority"
1045026,179997,"Norway - The Banking, Insurance and Securities Commission"
1045026,179997,"Italy - National Stock Exchange Commission"
1045026,179997,"Ireland -  Central Bank of Ireland"
1045026,179997,"Finland - Financial Supervision Authority"
1045026,179997,"Germany - German Federal Financial Supervisory Agency"
1045026,179996,"United Kingdom - Financial Conduct Authority"
1045026,179997,"France - Financial Markets Authority"
1045026,179997,"Luxembourg, Grand Duchy of - Commission to Surveillance of the Finance Sector"
1045026,180021,"Luxembourg, Grand Duchy of - Commission to Surveillance of the Finance Sector"
1045026,180021,"Netherlands - The Netherlands Authority for the Financial Markets"
1045026,179997,"Belgium - Banking, Finance and Insurance Commission"
1040180,45904,"Mauritius, Republic of - Financial Services Commission"
1040180,45901,"Mauritius, Republic of - Financial Services Commission"
1040180,45896,"Mauritius, Republic of - Financial Services Commission"
1051220,180600,"Cayman Islands - Cayman Islands Monetary Authority"
1055427,71228,"Guernsey - Guernsey Financial Services Commission"
1055427,33856,"Guernsey - Guernsey Financial Services Commission"
1055427,33854,"Guernsey - Guernsey Financial Services Commission"
1055427,33850,"Guernsey - Guernsey Financial Services Commission"
1055427,33849,"Guernsey - Guernsey Financial Services Commission"
1055427,72532,"Guernsey - Guernsey Financial Services Commission"
1026985,55571,"Guernsey - Guernsey Financial Services Commission"
1026985,4725,"Mauritius, Republic of - Financial Services Commission"
1026985,6841,"Jersey - Jersey Financial Services Commission"
1050555,172814,"Cayman Islands - Cayman Islands Monetary Authority"
1050555,172929,"Cayman Islands - Cayman Islands Monetary Authority"
1052692,29461,"Cayman Islands - Cayman Islands Monetary Authority"
1052692,57430,"Cayman Islands - Cayman Islands Monetary Authority"
1058256,24070,"British Virgin Islands - British Virgin Islands Financial Services Commission"
1054457,159011,"Brazil - Securities and Exchange Commission"
1047422,56600,"Other - EXEMPT FROM REGISTRATION WITH MONETARY AUTHORITY OF CAYMAN ISLANDS"
1047422,56597,"Other - EXEMPT FROM REGISTRATION WITH MONETARY AUTHORITY OF CAYMAN ISLANDS"
1047422,56590,"Other - EXEMPT FROM REGISTRATION WITH MONETARY AUTHORITY OF CAYMAN ISLANDS"
1047422,44147,"Other - EXEMPT FROM REGISTRATION WITH MONETARY AUTHORITY OF CAYMAN ISLANDS"
1047422,43959,"Bermuda - Bermuda Monetary Authority"
1047422,167645,"Other - EXEMPT FROM REGISTRATION WITH MONETARY AUTHORITY OF CAYMAN ISLANDS"
1047422,167642,"Other - EXEMPT FROM REGISTRATION WITH MONETARY AUTHORITY OF CAYMAN ISLANDS"
1047422,180141,"Other - EXEMPT FROM REGISTRATION WITH MONETARY AUTHORITY OF CAYMAN ISLANDS"
1047422,167622,"Other - EXEMPT FROM REGISTRATION WITH MONETARY AUTHORITY OF CAYMAN ISLANDS"
1047422,167626,"Other - EXEMPT FROM REGISTRATION WITH MONETARY AUTHORITY OF CAYMAN ISLANDS"
1047422,66579,"Other - EXEMPT FROM REGISTRATION WITH MONETARY AUTHORITY OF CAYMAN ISLANDS"
1047422,66562,"Other - EXEMPT FROM REGISTRATION WITH MONETARY AUTHORITY OF CAYMAN ISLANDS"
1047422,66561,"Other - EXEMPT FROM REGISTRATION WITH MONETARY AUTHORITY OF CAYMAN ISLANDS"
1047422,66559,"Other - EXEMPT FROM REGISTRATION WITH MONETARY AUTHORITY OF CAYMAN ISLANDS"
1047422,66558,"Other - EXEMPT FROM REGISTRATION WITH MONETARY AUTHORITY OF CAYMAN ISLANDS"
1047422,66560,"Other - EXEMPT FROM REGISTRATION WITH MONETARY AUTHORITY OF CAYMAN ISLANDS"
1047244,68939,"Other - CAYMAN ISLANDS/CAYMAN ISLANDS MONETARY AUTHORITY"
1047244,59111,"Other - CAYMAN ISLANDS/CAYMAN ISLANDS MONETARY AUTHORITY"
1047244,68942,"Other - CAYMAN ISLANDS/CAYMAN ISLANDS MONETARY AUTHORITY"
1047244,59005,"Other - CAYMAN ISLANDS/CAYMAN ISLANDS MONETARY AUTHORITY"
1047244,44430,"Other - CAYMAN ISLANDS/CAYMAN ISLANDS MONETARY AUTHORITY"
1047244,169734,"Other - CAYMAN ISLANDS/CAYMAN ISLANDS MONETARY AUTHORITY"
1051143,179973,"Luxembourg, Grand Duchy of - Commission to Surveillance of the Finance Sector"
1051143,179971,"United Kingdom - Financial Conduct Authority"
1051143,179972,"United Kingdom - Financial Conduct Authority"
1041727,179696,"Cayman Islands - Cayman Islands Monetary Authority"
1054407,159011,"Brazil - Securities and Exchange Commission"
1031422,178786,"Cayman Islands - Cayman Islands Monetary Authority"
1031422,59330,"Cayman Islands - Cayman Islands Monetary Authority"
1046780,180092,"Mauritius, Republic of - Financial Services Commission"
1050846,180539,"Mauritius, Republic of - Financial Services Commission"
1052717,180600,"Cayman Islands - Cayman Islands Monetary Authority"
1056860,5752,"Other - CAYMAN ISLANDS MONETARY AUTHORITY"
1041051,33054,"Cayman Islands - Cayman Islands Monetary Authority"
1041051,179630,"Ireland -  Central Bank of Ireland"
1050950,180558,"Cayman Islands - Cayman Islands Monetary Authority"
1054527,159011,"Brazil - Securities and Exchange Commission"
1047424,180148,"Cayman Islands - Cayman Islands Monetary Authority"
1047424,180147,"Cayman Islands - Cayman Islands Monetary Authority"
1047424,180146,"Cayman Islands - Cayman Islands Monetary Authority"
1047424,180200,"Cayman Islands - Cayman Islands Monetary Authority"
1052222,32066,"Other - CAYMAN ISLANDS MONETARY AUTHORITY"
1052222,32149,"Other - CAYMAN ISLANDS MONETARY AUTHORITY"
1046528,178987,"United Kingdom - Prudential Regulation Authority"
1046528,178987,"Switzerland - Swiss Financial Market Supervisory Authority"
1046528,178987,"Sweden - Swedish Financial Supervisory Authority"
1046528,178987,"Norway - The Banking, Insurance and Securities Commission"
1046528,178987,"Netherlands - The Netherlands Authority for the Financial Markets"
1046528,178987,"Luxembourg, Grand Duchy of - Commission to Surveillance of the Finance Sector"
1046528,178987,"Italy - National Stock Exchange Commission"
1046528,178987,"Finland - Financial Supervision Authority"
1046528,178824,"United Kingdom - Financial Conduct Authority"
1046528,178987,"Germany - German Federal Financial Supervisory Agency"
1046528,178987,"France - Financial Markets Authority"
1046528,178987,"Denmark - Danish Financial Supervisory Authority"
1046528,178982,"United Kingdom - Financial Conduct Authority"
1046528,178982,"Sweden - Swedish Financial Supervisory Authority"
1046528,178982,"Switzerland - Swiss Financial Market Supervisory Authority"
1046528,178982,"Spain - National Commission of Securities Markets"
1046528,178982,"Singapore - Monetary Authority of Singapore"
1046528,178982,"Norway - The Banking, Insurance and Securities Commission"
1046528,178982,"Netherlands - The Netherlands Authority for the Financial Markets"
1046528,178982,"Luxembourg, Grand Duchy of - Commission to Surveillance of the Finance Sector"
1046528,178982,"Italy - National Stock Exchange Commission"
1046528,178982,"Ireland -  Central Bank of Ireland"
1046528,178982,"Hong Kong - Securities and Futures Commission"
1046528,178982,"Germany - German Federal Financial Supervisory Agency"
1046528,178982,"France - Financial Markets Authority"
1046528,178982,"Finland - Financial Supervision Authority"
1046528,178982,"Austria - Financial Market Authority"
1046528,178982,"Denmark - Danish Financial Supervisory Authority"
1046528,178982,"Chile - Superintendent of Pension Fund Administrators"
1046528,178982,"Belgium - Banking, Finance and Insurance Commission"
1046528,178982,"Other - MACAO - MONETARY AUTHORITY OF MACAO"
1046528,178824,"Taiwan - Financial Supervisory Commission"
1046528,178824,"Sweden - Swedish Financial Supervisory Authority"
1046528,178824,"Switzerland - Swiss Financial Market Supervisory Authority"
1046528,178824,"Spain - National Commission of Securities Markets"
1046528,178824,"Singapore - Monetary Authority of Singapore"
1046528,178824,"Other - MACAO - MONETARY AUTHORITY OF MACAO"
1046528,178824,"Norway - The Banking, Insurance and Securities Commission"
1046528,178824,"Netherlands - The Netherlands Authority for the Financial Markets"
1046528,178824,"Luxembourg, Grand Duchy of - Commission to Surveillance of the Finance Sector"
1046528,178824,"Italy - National Stock Exchange Commission"
1046528,178824,"Ireland -  Central Bank of Ireland"
1046528,178824,"Hong Kong - Securities and Futures Commission"
1046528,178824,"Germany - German Federal Financial Supervisory Agency"
1046528,178824,"France - Financial Markets Authority"
1046528,178824,"Finland - Financial Supervision Authority"
1046528,178824,"Austria - Financial Market Authority"
1046528,178824,"Denmark - Danish Financial Supervisory Authority"
1046528,178824,"Chile - Superintendent of Pension Fund Administrators"
1046528,178824,"Belgium - Banking, Finance and Insurance Commission"
1047649,179446,"Cayman Islands - Cayman Islands Monetary Authority"
1044343,179909,"Cayman Islands - Cayman Islands Monetary Authority"
1030630,178934,"India - Securities and Exchange Board of India"
1047795,180205,"Cayman Islands - Cayman Islands Monetary Authority"
1051850,76380,"Cayman Islands - Cayman Islands Monetary Authority"
1055758,66136,"United Kingdom - Financial Conduct Authority"
1055758,66185,"United Kingdom - Financial Conduct Authority"
1055758,66184,"United Kingdom - Financial Conduct Authority"
1055758,66134,"United Kingdom - Financial Conduct Authority"
1054870,64987,"Cayman Islands - Cayman Islands Monetary Authority"
1043294,179817,"Cayman Islands - Cayman Islands Monetary Authority"
1046273,180106,"Cayman Islands - Cayman Islands Monetary Authority"
1054073,39801,"Luxembourg, Grand Duchy of - Commission to Surveillance of the Finance Sector"
1054073,49485,"Ireland -  Central Bank of Ireland"
1058323,61512,"Chile - Superintendent of Pension Fund Administrators"
1058323,61512,"Other - MACAU - MONETARY AUTHORITY OF MACAO"
1058323,61512,"Other - UNITED KINGDOM - FINANCIAL CONDUCT AUTHORITY"
1058323,61512,"Other - SPAIN - NATIONAL SECURITIES & EXCHANGE COMMISSION"
1058323,61512,"Other - SLOVAKIA - NARODNA BANKA SLOVENSKA"
1058323,61512,"Taiwan - Financial Supervisory Commission"
1058323,61512,"Other - PERU - SUPERINTENDENCIA DE BANCA"
1058323,61512,"Singapore - Monetary Authority of Singapore"
1058323,61512,"Other - CZECH REPUBLIC - CESKA NARODNI BANKA"
1058323,61512,"Bahrain - Central Bank of Bahrain"
1058323,61512,"Norway - The Banking, Insurance and Securities Commission"
1058323,61512,"Italy - National Stock Exchange Commission"
1058323,61512,"Hong Kong - Securities and Futures Commission"
1058323,61512,"Austria - Financial Market Authority"
1058323,61512,"Germany - German Federal Financial Supervisory Agency"
1058323,61512,"France - Financial Markets Authority"
1058323,61512,"Denmark - Danish Financial Supervisory Authority"
1045429,4729,"Cayman Islands - Cayman Islands Monetary Authority"
1044369,179943,"Cayman Islands - Cayman Islands Monetary Authority"
1055634,179968,"Cayman Islands - Cayman Islands Monetary Authority"
1045608,179575,"Denmark - Danish Financial Supervisory Authority"
1043504,68661,"Cayman Islands - Cayman Islands Monetary Authority"
1048429,55596,"Other - CAYMAN ISLANDS MONETARY AUTHORITY"
1047692,166896,"Cayman Islands - Cayman Islands Monetary Authority"
1043771,158920,"Guernsey - Guernsey Financial Services Commission"
1043771,34048,"Guernsey - Guernsey Financial Services Commission"
1043771,24533,"Guernsey - Guernsey Financial Services Commission"
1043771,24490,"Guernsey - Guernsey Financial Services Commission"
1043771,24234,"Guernsey - Guernsey Financial Services Commission"
1043771,24099,"Guernsey - Guernsey Financial Services Commission"
1043771,24082,"Guernsey - Guernsey Financial Services Commission"
1043771,24505,"Guernsey - Guernsey Financial Services Commission"
1043771,24497,"Guernsey - Guernsey Financial Services Commission"
1043771,24539,"Guernsey - Guernsey Financial Services Commission"
1043771,24529,"Guernsey - Guernsey Financial Services Commission"
1043771,24526,"Guernsey - Guernsey Financial Services Commission"
1043771,34010,"Guernsey - Guernsey Financial Services Commission"
1043771,55001,"Guernsey - Guernsey Financial Services Commission"
1043771,54999,"Guernsey - Guernsey Financial Services Commission"
1043771,178355,"Guernsey - Guernsey Financial Services Commission"
1049591,173832,"United Kingdom - Financial Conduct Authority"
1053988,178585,"Cayman Islands - Cayman Islands Monetary Authority"
1058379,39353,"Canada - Yukon Territories, Registrar of Securities"
1058379,39353,"Canada - Saskatchewan Financial Services Commission"
1058379,39353,"Canada - Prince Edward Island, Securities Office"
1058379,39353,"Canada - Ontario Securities Commission"
1058379,39353,"Canada - Nunavut, Registrar of Securities"
1058379,39353,"Canada - Nova Scotia Securities Commission"
1058379,39353,"Canada - Northwest Territories, Office of the Registrar of Securities"
1058379,39353,"Canada - Newfoundland and Labrador, Financial Services Regulation Division"
1058379,39353,"Canada - Manitoba Securities Commission"
1058379,39353,"Canada - New Brunswick Securities Commission"
1058379,39353,"Canada - British Columbia Securities Commission"
1058379,39353,"Canada - Alberta Securities Commission"
1058379,40207,"Canada - Yukon Territories, Registrar of Securities"
1058379,40207,"Canada - Saskatchewan Financial Services Commission"
1058379,40207,"Canada - Prince Edward Island, Securities Office"
1058379,40207,"Canada - Ontario Securities Commission"
1058379,40207,"Canada - Nunavut, Registrar of Securities"
1058379,40207,"Canada - Nova Scotia Securities Commission"
1058379,40207,"Canada - Northwest Territories, Office of the Registrar of Securities"
1058379,40207,"Canada - Newfoundland and Labrador, Financial Services Regulation Division"
1058379,40207,"Canada - New Brunswick Securities Commission"
1058379,40207,"Canada - Manitoba Securities Commission"
1058379,40207,"Canada - British Columbia Securities Commission"
1058379,40207,"Canada - Alberta Securities Commission"
1058379,40198,"Canada - Yukon Territories, Registrar of Securities"
1058379,40198,"Canada - Saskatchewan Financial Services Commission"
1058379,40198,"Canada - Prince Edward Island, Securities Office"
1058379,40198,"Canada - Ontario Securities Commission"
1058379,40198,"Canada - Nunavut, Registrar of Securities"
1058379,40198,"Canada - Nova Scotia Securities Commission"
1058379,40198,"Canada - Northwest Territories, Office of the Registrar of Securities"
1058379,40198,"Canada - Newfoundland and Labrador, Financial Services Regulation Division"
1058379,40198,"Canada - New Brunswick Securities Commission"
1058379,40198,"Canada - Manitoba Securities Commission"
1058379,40198,"Canada - British Columbia Securities Commission"
1058379,40198,"Canada - Alberta Securities Commission"
1049398,27067,"Jersey - Jersey Financial Services Commission"
1056592,6853,"Other - CAYMAN ISLANDS MONETARY AUTHORITY"
1057581,67715,"Cayman Islands - Cayman Islands Monetary Authority"
1040903,175106,"Cayman Islands - Cayman Islands Monetary Authority"
1040903,23675,"Cayman Islands - Cayman Islands Monetary Authority"
1054845,55571,"Guernsey - Guernsey Financial Services Commission"
1054845,4725,"Mauritius, Republic of - Financial Services Commission"
1054845,6841,"Jersey - Jersey Financial Services Commission"
1042063,179716,"Cayman Islands - Cayman Islands Monetary Authority"
1042063,180346,"Cayman Islands - Cayman Islands Monetary Authority"
1049750,3474,"Other - CAYMAN ISLANDS MONETARY AUTHORITY"
1044165,168015,"Cayman Islands - Cayman Islands Monetary Authority"
1045515,39801,"Luxembourg, Grand Duchy of - Commission to Surveillance of the Finance Sector"
1045515,49485,"Ireland -  Central Bank of Ireland"
1054600,28572,"Ireland -  Central Bank of Ireland"
1043919,176102,"Other - CHILE - SUPERITENDEN OF INSURANCE AND SECURITIES"
1043919,63730,"Other - CHILE -  SUPERINTENDENCE OF INSURANCE AND SECURITIES"
1043201,179831,"Cayman Islands - Cayman Islands Monetary Authority"
1043923,35615,"Other - CAYMAN ISLANDS MONETARY AUTHORITY"
1045524,178193,"Cayman Islands - Cayman Islands Monetary Authority"
1046747,46787,"Cayman Islands - Cayman Islands Monetary Authority"
1042297,67656,"Cayman Islands - Cayman Islands Monetary Authority"
1046037,180105,"Luxembourg, Grand Duchy of - Commission to Surveillance of the Finance Sector"
1052182,172939,"Other - CAYMAN ISLANDS MONETARY AUTHORITY (CIMA)"
1054884,28572,"Ireland -  Central Bank of Ireland"
1046699,46018,"Ireland -  Central Bank of Ireland"
1053561,137740,"Cayman Islands - Cayman Islands Monetary Authority"
1053561,141735,"Cayman Islands - Cayman Islands Monetary Authority"
1043630,178278,"Cayman Islands - Cayman Islands Monetary Authority"
1043630,178285,"Cayman Islands - Cayman Islands Monetary Authority"
1041833,177332,"Luxembourg, Grand Duchy of - Commission to Surveillance of the Finance Sector"
1041833,179694,"Luxembourg, Grand Duchy of - Commission to Surveillance of the Finance Sector"
1036018,179973,"Luxembourg, Grand Duchy of - Commission to Surveillance of the Finance Sector"
1036018,179971,"United Kingdom - Financial Conduct Authority"
1036018,179972,"United Kingdom - Financial Conduct Authority"
1048992,180359,"Cayman Islands - Cayman Islands Monetary Authority"
1053778,167703,"United Kingdom - Financial Conduct Authority"
1055664,64504,"Cayman Islands - Cayman Islands Monetary Authority"
1055664,64503,"Cayman Islands - Cayman Islands Monetary Authority"
1055664,64490,"Cayman Islands - Cayman Islands Monetary Authority"
1055664,64505,"British Virgin Islands - British Virgin Islands Financial Services Commission"
1055664,180259,"Ireland -  Central Bank of Ireland"
1046651,27067,"Jersey - Jersey Financial Services Commission"
1046260,21570,"Other - CAYMAN ISLANDS MONETARY AUTHORITY"
1046260,21456,"Other - CAYMAN ISLANDS MONETARY AUTHORITY"
1047246,179776,"Guernsey - Guernsey Financial Services Commission"
1057773,174741,"Canada - Manitoba Securities Commission"
1057773,174741,"Canada - New Brunswick Securities Commission"
1057773,72711,"India - Securities and Exchange Board of India"
1057773,174741,"Canada - Quebec, Financial Markets Authority"
1057773,174741,"Canada - Saskatchewan Financial Services Commission"
1057773,174741,"Canada - Ontario Securities Commission"
1057773,174741,"Canada - Nova Scotia Securities Commission"
1057773,174741,"Canada - Newfoundland and Labrador, Financial Services Regulation Division"
1057773,174741,"Canada - British Columbia Securities Commission"
1057773,174741,"Canada - Alberta Securities Commission"
1057773,72800,"Canada - Saskatchewan Financial Services Commission"
1057773,72800,"Canada - Quebec, Financial Markets Authority"
1057773,72800,"Canada - Ontario Securities Commission"
1057773,72800,"Canada - Nova Scotia Securities Commission"
1057773,72800,"Canada - Newfoundland and Labrador, Financial Services Regulation Division"
1057773,72800,"Canada - Manitoba Securities Commission"
1057773,72800,"Canada - New Brunswick Securities Commission"
1057773,72800,"Canada - British Columbia Securities Commission"
1057773,72800,"Canada - Alberta Securities Commission"
1057773,61296,"Canada - Saskatchewan Financial Services Commission"
1057773,61296,"Canada - Quebec, Financial Markets Authority"
1057773,61296,"Canada - Ontario Securities Commission"
1057773,61296,"Canada - Nova Scotia Securities Commission"
1057773,61296,"Canada - Newfoundland and Labrador, Financial Services Regulation Division"
1057773,61296,"Canada - New Brunswick Securities Commission"
1057773,61296,"Canada - Manitoba Securities Commission"
1057773,61296,"Canada - British Columbia Securities Commission"
1057773,61296,"Canada - Alberta Securities Commission"
1057773,45133,"Canada - New Brunswick Securities Commission"
1057773,45133,"Canada - Manitoba Securities Commission"
1057773,45133,"Canada - British Columbia Securities Commission"
1057773,45133,"Canada - Alberta Securities Commission"
1057773,25291,"Canada - Saskatchewan Financial Services Commission"
1057773,25291,"Canada - Quebec, Financial Markets Authority"
1057773,25291,"Canada - Ontario Securities Commission"
1057773,25291,"Canada - Nova Scotia Securities Commission"
1057773,25291,"Canada - Newfoundland and Labrador, Financial Services Regulation Division"
1057773,25291,"Canada - New Brunswick Securities Commission"
1057773,25291,"Canada - Manitoba Securities Commission"
1057773,25291,"Canada - Alberta Securities Commission"
1057773,25291,"Canada - British Columbia Securities Commission"
1057773,25290,"Canada - Saskatchewan Financial Services Commission"
1057773,25290,"Canada - Quebec, Financial Markets Authority"
1057773,25290,"Canada - Ontario Securities Commission"
1057773,25290,"Canada - Nova Scotia Securities Commission"
1057773,25290,"Canada - Newfoundland and Labrador, Financial Services Regulation Division"
1057773,25290,"Canada - New Brunswick Securities Commission"
1057773,25290,"Canada - Manitoba Securities Commission"
1057773,25290,"Canada - British Columbia Securities Commission"
1057773,25290,"Canada - Alberta Securities Commission"
1057773,25289,"Canada - Saskatchewan Financial Services Commission"
1057773,25289,"Canada - Quebec, Financial Markets Authority"
1057773,25289,"Canada - Ontario Securities Commission"
1057773,25289,"Canada - Nova Scotia Securities Commission"
1057773,25289,"Canada - Newfoundland and Labrador, Financial Services Regulation Division"
1057773,25289,"Canada - New Brunswick Securities Commission"
1057773,25289,"Canada - Manitoba Securities Commission"
1057773,25289,"Canada - British Columbia Securities Commission"
1057773,25289,"Canada - Alberta Securities Commission"
1057773,25273,"Canada - Saskatchewan Financial Services Commission"
1057773,25273,"Canada - Quebec, Financial Markets Authority"
1057773,25273,"Canada - Ontario Securities Commission"
1057773,25273,"Canada - Nova Scotia Securities Commission"
1057773,25273,"Canada - Newfoundland and Labrador, Financial Services Regulation Division"
1057773,25273,"Canada - New Brunswick Securities Commission"
1057773,25273,"Canada - Manitoba Securities Commission"
1057773,25273,"Canada - British Columbia Securities Commission"
1057773,25273,"Canada - Alberta Securities Commission"
1057773,25268,"Canada - Saskatchewan Financial Services Commission"
1057773,25268,"Canada - Quebec, Financial Markets Authority"
1057773,25268,"Canada - Ontario Securities Commission"
1057773,25268,"Canada - Nova Scotia Securities Commission"
1057773,25268,"Canada - Newfoundland and Labrador, Financial Services Regulation Division"
1057773,25268,"Canada - New Brunswick Securities Commission"
1057773,25268,"Canada - Manitoba Securities Commission"
1057773,25268,"Canada - British Columbia Securities Commission"
1057773,25268,"Canada - Alberta Securities Commission"
1057773,25265,"Canada - Saskatchewan Financial Services Commission"
1057773,25265,"Canada - Quebec, Financial Markets Authority"
1057773,25265,"Canada - Ontario Securities Commission"
1057773,25265,"Canada - Nova Scotia Securities Commission"
1057773,25265,"Canada - Newfoundland and Labrador, Financial Services Regulation Division"
1057773,25265,"Canada - New Brunswick Securities Commission"
1057773,25265,"Canada - Manitoba Securities Commission"
1057773,25265,"Canada - British Columbia Securities Commission"
1057773,25265,"Canada - Alberta Securities Commission"
1057773,25264,"Canada - Saskatchewan Financial Services Commission"
1057773,25264,"Canada - Quebec, Financial Markets Authority"
1057773,25264,"Canada - Ontario Securities Commission"
1057773,25264,"Canada - Nova Scotia Securities Commission"
1057773,25264,"Canada - Newfoundland and Labrador, Financial Services Regulation Division"
1057773,25264,"Canada - New Brunswick Securities Commission"
1057773,25264,"Canada - Manitoba Securities Commission"
1057773,25264,"Canada - British Columbia Securities Commission"
1057773,25264,"Canada - Alberta Securities Commission"
1057773,25259,"Canada - Saskatchewan Financial Services Commission"
1057773,25259,"Canada - Quebec, Financial Markets Authority"
1057773,25259,"Canada - Ontario Securities Commission"
1057773,25259,"Canada - Nova Scotia Securities Commission"
1057773,25259,"Canada - Newfoundland and Labrador, Financial Services Regulation Division"
1057773,25259,"Canada - Manitoba Securities Commission"
1057773,25259,"Canada - New Brunswick Securities Commission"
1057773,25259,"Canada - British Columbia Securities Commission"
1057773,25259,"Canada - Alberta Securities Commission"
1057773,25257,"Canada - Saskatchewan Financial Services Commission"
1057773,25257,"Canada - Quebec, Financial Markets Authority"
1057773,25257,"Canada - Ontario Securities Commission"
1057773,25257,"Canada - Nova Scotia Securities Commission"
1057773,25257,"Canada - Newfoundland and Labrador, Financial Services Regulation Division"
1057773,25257,"Canada - New Brunswick Securities Commission"
1057773,25257,"Canada - Manitoba Securities Commission"
1057773,25257,"Canada - British Columbia Securities Commission"
1057773,25257,"Canada - Alberta Securities Commission"
1057773,25255,"Canada - Saskatchewan Financial Services Commission"
1057773,25255,"Canada - Quebec, Financial Markets Authority"
1057773,25255,"Canada - Ontario Securities Commission"
1057773,25255,"Canada - Nova Scotia Securities Commission"
1057773,25255,"Canada - Newfoundland and Labrador, Financial Services Regulation Division"
1057773,25255,"Canada - New Brunswick Securities Commission"
1057773,25255,"Canada - Manitoba Securities Commission"
1057773,25255,"Canada - Alberta Securities Commission"
1057773,25255,"Canada - British Columbia Securities Commission"
1057773,45133,"Canada - Saskatchewan Financial Services Commission"
1057773,45133,"Canada - Quebec, Financial Markets Authority"
1057773,45133,"Canada - Ontario Securities Commission"
1057773,45133,"Canada - Nova Scotia Securities Commission"
1057773,45133,"Canada - Newfoundland and Labrador, Financial Services Regulation Division"
1057773,72711,"Canada - Saskatchewan Financial Services Commission"
1057773,72711,"Canada - Quebec, Financial Markets Authority"
1057773,72711,"Canada - Ontario Securities Commission"
1057773,72711,"Canada - Nova Scotia Securities Commission"
1057773,72711,"Canada - Newfoundland and Labrador, Financial Services Regulation Division"
1057773,72711,"Canada - New Brunswick Securities Commission"
1057773,72711,"Canada - Manitoba Securities Commission"
1057773,72711,"Canada - British Columbia Securities Commission"
1057773,72711,"Canada - Alberta Securities Commission"
1041387,27846,"Other - CAYMAN ISLANDS MONETARY AUTHORITY"
1041387,27831,"Other - CAYMAN ISLANDS MONETARY AUTHORITY"
1041387,27821,"Other - CAYMAN ISLANDS MONETARY AUTHORITY"
1041387,27753,"Other - CAYMAN ISLANDS MONETARY AUTHORITY"
1043205,180055,"Sweden - Swedish Financial Supervisory Authority"
1043205,180058,"Sweden - Swedish Financial Supervisory Authority"
1046292,162212,"Cayman Islands - Cayman Islands Monetary Authority"
1050152,179446,"Cayman Islands - Cayman Islands Monetary Authority"
1055346,180854,"Other - CAYMAN ISLANDS MONETARY AUTHORITY"
1057320,57011,"Cayman Islands - Cayman Islands Monetary Authority"
1057320,19964,"Cayman Islands - Cayman Islands Monetary Authority"
1057320,19978,"Cayman Islands - Cayman Islands Monetary Authority"
1057320,67297,"Luxembourg, Grand Duchy of - Commission to Surveillance of the Finance Sector"
1057320,168344,"Luxembourg, Grand Duchy of - Commission to Surveillance of the Finance Sector"
1044961,180108,"Mauritius, Republic of - Financial Services Commission"
1044961,180109,"Mauritius, Republic of - Financial Services Commission"
1044961,179969,"Mauritius, Republic of - Financial Services Commission"
1039854,178971,"Guernsey - Guernsey Financial Services Commission"
1039854,178973,"Guernsey - Guernsey Financial Services Commission"
1039854,178974,"Guernsey - Guernsey Financial Services Commission"
1039854,178555,"Guernsey - Guernsey Financial Services Commission"
1039854,178531,"Guernsey - Guernsey Financial Services Commission"
1047268,180131,"Cayman Islands - Cayman Islands Monetary Authority"
1053741,179270,"Luxembourg, Grand Duchy of - Commission to Surveillance of the Finance Sector"
1042058,179714,"Cayman Islands - Cayman Islands Monetary Authority"
1042058,179713,"India - Securities and Exchange Board of India"
1042058,179713,"Cayman Islands - Cayman Islands Monetary Authority"
1054113,170127,"Cayman Islands - Cayman Islands Monetary Authority"
1055931,27449,"Germany - German Federal Financial Supervisory Agency"
1055931,54730,"Guernsey - Guernsey Financial Services Commission"
1055931,27418,"Germany - German Federal Financial Supervisory Agency"
1055931,27373,"Germany - German Federal Financial Supervisory Agency"
1054852,180807,"Cayman Islands - Cayman Islands Monetary Authority"
1058615,32502,"Cayman Islands - Cayman Islands Monetary Authority"
1058615,55577,"Ireland -  Central Bank of Ireland"
1058615,65425,"Ireland -  Central Bank of Ireland"
1048334,177679,"Guernsey - Guernsey Financial Services Commission"
1049583,169046,"Cayman Islands - Cayman Islands Monetary Authority"
1049583,169044,"Luxembourg, Grand Duchy of - Commission to Surveillance of the Finance Sector"
1049583,169047,"Cayman Islands - Cayman Islands Monetary Authority"
1049583,169043,"Cayman Islands - Cayman Islands Monetary Authority"
1049583,169045,"Luxembourg, Grand Duchy of - Commission to Surveillance of the Finance Sector"
1056583,168207,"Cayman Islands - Cayman Islands Monetary Authority"
1056583,168206,"Cayman Islands - Cayman Islands Monetary Authority"
1051669,64827,"Cayman Islands - Cayman Islands Monetary Authority"
1039387,179906,"Cayman Islands - Cayman Islands Monetary Authority"
1039387,179939,"Cayman Islands - Cayman Islands Monetary Authority"
1052051,62846,"Ireland -  Central Bank of Ireland"
1052051,55202,"Ireland -  Central Bank of Ireland"
1052051,55205,"Ireland -  Central Bank of Ireland"
1052051,55206,"Ireland -  Central Bank of Ireland"
1056518,181015,"India - Securities and Exchange Board of India"
1039036,55518,"Cayman Islands - Cayman Islands Monetary Authority"
1044240,36952,"Mauritius, Republic of - Financial Services Commission"
1044240,36932,"Mauritius, Republic of - Financial Services Commission"
1044591,65827,"Jersey - Jersey Financial Services Commission"
1044591,65805,"Jersey - Jersey Financial Services Commission"
1057621,49686,"Ireland -  Central Bank of Ireland"
1057621,29502,"Ireland -  Central Bank of Ireland"
1058169,66136,"United Kingdom - Financial Conduct Authority"
1058169,66185,"United Kingdom - Financial Conduct Authority"
1058169,66184,"United Kingdom - Financial Conduct Authority"
1058169,66134,"United Kingdom - Financial Conduct Authority"
1056896,4589,"Cayman Islands - Cayman Islands Monetary Authority"
1048068,178193,"Cayman Islands - Cayman Islands Monetary Authority"
1051108,178861,"Cayman Islands - Cayman Islands Monetary Authority"
1051108,178878,"Cayman Islands - Cayman Islands Monetary Authority"
1051108,178876,"Cayman Islands - Cayman Islands Monetary Authority"
1054859,55571,"Guernsey - Guernsey Financial Services Commission"
1054859,4725,"Mauritius, Republic of - Financial Services Commission"
1054859,6841,"Jersey - Jersey Financial Services Commission"
1046698,46018,"Ireland -  Central Bank of Ireland"
1048284,67269,"Cayman Islands - Cayman Islands Monetary Authority"
1052787,66395,"Cayman Islands - Cayman Islands Monetary Authority"
1055396,177332,"Luxembourg, Grand Duchy of - Commission to Surveillance of the Finance Sector"
1055396,179694,"Luxembourg, Grand Duchy of - Commission to Surveillance of the Finance Sector"
1054531,159011,"Brazil - Securities and Exchange Commission"
1054526,159011,"Brazil - Securities and Exchange Commission"
1056768,181020,"Mauritius, Republic of - Financial Services Commission"
1056768,181048,"Mauritius, Republic of - Financial Services Commission"
1056768,181002,"Mauritius, Republic of - Financial Services Commission"
1056768,181019,"Mauritius, Republic of - Financial Services Commission"
1056768,181018,"Cayman Islands - Cayman Islands Monetary Authority"
