"FilingID","ReferenceID","Name of Adviser","SEC File Number","CRD Number"
"1016086","46758","CDH VENTURE GP III COMPANY LIMITED","",""
"1016091","44538","CDH SPECIAL OPPORTUNITY HOLDINGS COMPANY LIMITED","",""
"1024732","32149","BLACKROCK INVESTMENT MANAGEMENT (UK) LIMITED","802-76129","162379"
"1024732","32149","BLACKROCK FINANCIAL MANAGEMENT, INC","801-48433","107105"
"1024732","32066","CAPULA  INVESTMENT MANAGEMENT ASIA LIMITED","802-76916","164564"
"1024732","32066","CAPULA INVESTMENT US LP","801-73189","157589"
"1024732","32066","CAPULA INVESTMENT  JAPAN LIMITED","802-75440","163365"
"1024732","32149","CAPULA  INVESTMENT MANAGEMENT ASIA LIMITED","802-76916","164564"
"1016441","177942","KURAMO CAPITAL MAURITIUS LLC","",""
"1021452","55571","ADP II GP LIMITED","",""
"1021452","6841","ADP I GP LIMITED","",""
"1021452","4725","DPI MANAGEMENT LTD","","173316"
"1021452","6841","DPI MANAGEMENT LTD","","173316"
"1026978","32149","BLACKROCK INVESTMENT MANAGEMENT (UK) LIMITED","802-76129","162379"
"1026978","32149","BLACKROCK FINANCIAL MANAGEMENT, INC","801-48433","107105"
"1026978","32066","CAPULA  INVESTMENT MANAGEMENT ASIA LIMITED","802-76916","164564"
"1026978","32066","CAPULA INVESTMENT US LP","801-73189","157589"
"1026978","32066","CAPULA INVESTMENT  JAPAN LIMITED","802-75440","163365"
"1026978","32149","CAPULA  INVESTMENT MANAGEMENT ASIA LIMITED","802-76916","164564"
"1026496","166266","TRILANTIC CAPITAL MANAGEMENT GP LIMITED","",""
"1026496","178373","TRILANTIC CAPITAL MANAGEMENT GP LIMITED","",""
"1026496","178372","TRILANTIC CAPITAL MANAGEMENT GP LIMITED","",""
"972882","169233","36ONE ASSET MANAGEMENT (PTY) LTD.","","282823"
"972882","169266","36ONE ASSET MANAGEMENT (PTY) LTD.","","282823"
"1016726","35256","MARSHALL WACE NORTH AMERICA L.P.","801-70586","135902"
"1016726","35256","MARSHALL WACE ASIA LIMITED","801-72327","157501"
"1010826","11716","PROVENIRE CAPITAL LLC","","170390"
"1010826","11716","QUINN OPPORTUNITY PARTNERS","801-80967","167470"
"1010826","11716","JET CAPITAL INVESTORS, LP","801-65543","138656"
"999535","120710","LDVP ASIA, LIMITED","",""
"1016179","76433","FIVE ARROWS MANAGERS SAS","",""
"1016179","76433","N M ROTHSCHILD & SONS LIMITED","802-80816","172287"
"1023544","66139","HSBC MANAGEMENT (GUERNSEY) LIMITED","",""
"1023544","66138","HSBC MANAGEMENT (GUERNSEY) LIMITED","",""
"1019928","166950","EQT PARTNERS AG","802-73205","160717"
"1019928","166949","EQT PARTNERS AG","802-73205","160717"
"1019928","166950","EQT PARTNERS UK ADVISORS LLP","802-73188","160723"
"1019928","166950","EQT PARTNERS AS","802-73208","160718"
"1019928","166950","EQT PARTNERS INC.","801-73187","160179"
"1019928","166950","EQT PARTNERS OY","802-73207","160720"
"1019928","166950","EQT PARTNERS A/S","802-73201","160719"
"1019928","166950","EQT PARTNERS AB","802-73186","160716"
"1019928","166950","EQT PARTNERS GMBH","802-73200","160722"
"1019928","166949","EQT PARTNERS UK ADVISORS LLP","802-73188","160723"
"1019928","166949","EQT PARTNERS AS","802-73208","160718"
"1019928","166949","EQT PARTNERS INC.","801-73187","160179"
"1019928","166949","EQT PARTNERS OY","802-73207","160720"
"1019928","166949","EQT PARTNERS A/S","802-73201","160719"
"1019928","166949","EQT PARTNERS AB","802-73186","160716"
"1019928","166949","EQT PARTNERS GMBH","802-73200","160722"
"1019928","166948","EQT PARTNERS UK ADVISORS LLP","802-73188","160723"
"1019928","166948","EQT PARTNERS AS","802-73208","160718"
"1019928","166948","EQT PARTNERS INC.","801-73187","160179"
"1019928","166948","EQT PARTNERS OY","802-73207","160720"
"1019928","166948","EQT PARTNERS A/S","802-73201","160719"
"1019928","166948","EQT PARTNERS AB","802-73186","160716"
"1019928","166948","EQT PARTNERS GMBH","802-73200","160722"
"1019928","166947","EQT PARTNERS UK ADVISORS LLP","802-73188","160723"
"1019928","166947","EQT PARTNERS AS","802-73208","160718"
"1019928","166947","EQT PARTNERS INC.","801-73187","160179"
"1019928","166947","EQT PARTNERS OY","802-73207","160720"
"1019928","166947","EQT PARTNERS A/S","802-73201","160719"
"1019928","166947","EQT PARTNERS AB","802-73186","160716"
"1019928","166947","EQT PARTNERS GMBH","802-73200","160722"
"1019928","166945","EQT PARTNERS UK ADVISORS LLP","802-73188","160723"
"1019928","166945","EQT PARTNERS AS","802-73208","160718"
"1019928","166945","EQT PARTNERS INC.","801-73187","160179"
"1019928","166945","EQT PARTNERS OY","802-73207","160720"
"1019928","166945","EQT PARTNERS A/S","802-73201","160719"
"1019928","166945","EQT PARTNERS AB","802-73186","160716"
"1019928","166945","EQT PARTNERS GMBH","802-73200","160722"
"1019928","166948","EQT PARTNERS ASIA LTD","802-73199","160721"
"1019928","166948","EQT PARTNERS AG","802-73205","160717"
"1019928","166947","EQT PARTNERS ASIA LTD","802-73199","160721"
"1019928","166947","EQT PARTNERS AG","802-73205","160717"
"1019928","166945","EQT PARTNERS ASIA LTD","802-73199","160721"
"1019928","166945","EQT PARTNERS AG","802-73205","160717"
"1019928","166949","EQT PARTNERS ASIA LTD","802-73199","160721"
"1019928","166950","EQT PARTNERS ASIA LTD","802-73199","160721"
"1024642","69237","FIERA CAPITAL INC.","801-8948","113638"
"1023756","34734","CAPVEST ASSOCIATES LLP","",""
"1023756","58447","CAPVEST ASSOCIATES LLP","",""
"1023756","32941","CAPVEST ASSOCIATES LLP","",""
"1023756","36697","CAPVEST ASSOCIATES LLP","",""
"1023756","34562","CAPVEST ASSOCIATES LLP","",""
"1023756","34793","CAPVEST ASSOCIATES LLP","",""
"1023756","32681","CAPVEST ASSOCIATES LLP","",""
"1023756","42227","CAPVEST ASSOCIATES LLP","",""
"1023756","25606","CAPVEST ASSOCIATES LLP","",""
"1023756","36634","CAPVEST ASSOCIATES LLP","",""
"1023756","38012","CAPVEST ASSOCIATES LLP","",""
"1023756","38066","CAPVEST ASSOCIATES LLP","",""
"1023756","159093","CAPVEST PARTNERS LLP","",""
"1023756","34697","CAPVEST ASSOCIATES LLP","",""
"1020076","178355","APAX PARTNERS BRASIL CONSULTORIA LTDA.","",""
"1020076","178355","APAX INVESTMENT MANAGEMENT (SHANGHAI) COMPANY LTD.","",""
"1020076","178355","APAX PARTNERS BETEILIGUNGSBERATUNG GMBH","",""
"1020076","178355","APAX PARTNERS UK LTD.","",""
"1020076","178355","APAX PARTNERS ISRAEL LTD.","",""
"1020076","178355","APAX PARTNERS L.P.","801-73724","157110"
"1020076","178355","APAX PARTNERS INDIA ADVISERS PRIVATE LTD.","",""
"1020076","178355","APAX PARTNERS HONG KONG LTD.","",""
"1020076","24526","APAX PARTNERS UK LTD.","",""
"1020076","24505","APAX INVESTMENT MANAGEMENT (SHANGHAI) COMPANY LTD.","",""
"1020076","24505","APAX PARTNERS INDIA ADVISERS PRIVATE LTD.","",""
"1020076","24505","APAX PARTNERS HONG KONG LTD.","",""
"1020076","24505","APAX PARTNERS ISRAEL LTD.","",""
"1020076","24505","APAX PARTNERS BETEILIGUNGSBERATUNG GMBH","",""
"1020076","24505","APAX PARTNERS BRASIL CONSULTORIA LTDA.","",""
"1020076","24497","APAX PARTNERS BETEILIGUNGSBERATUNG GMBH","",""
"1020076","24497","APAX PARTNERS ISRAEL LTD.","",""
"1020076","24497","APAX INVESTMENT MANAGEMENT (SHANGHAI) COMPANY LTD.","",""
"1020076","24497","APAX PARTNERS INDIA ADVISERS PRIVATE LTD.","",""
"1020076","24497","APAX PARTNERS HONG KONG LTD.","",""
"1020076","24505","APAX PARTNERS UK LTD.","",""
"1020076","24497","APAX PARTNERS UK LTD.","",""
"1020076","24490","APAX INVESTMENT MANAGEMENT (SHANGHAI) COMPANY LTD.","",""
"1020076","24490","APAX PARTNERS INDIA ADVISERS PRIVATE LTD.","",""
"1020076","24490","APAX PARTNER HONG KONG LTD.","",""
"1020076","24490","APAX PARTNERS ISRAEL LTD.","",""
"1020076","24490","APAX PARTNERS BETEILGUNGSBERATUNG GMBH","",""
"1020076","24490","APAX PARTNERS UK LTD.","",""
"1020076","34048","APAX PARTNERS BRASIL CONSULTORIA LTDA.","",""
"1020076","34048","APAX PARTNERS BETEILIGUNGSBERATUNG GMBH","",""
"1020076","34010","APAX PARTNERS UK LTD","",""
"1020076","34010","APAX PARTNERS L.P.","801-73724","157110"
"1020076","34010","APAX PARTNERS INDIA ADVISERS PRIVATE LTD","",""
"1020076","34048","APAX INVESTMENT MANAGEMENT (SHANGHAI) COMPANY LTD.","",""
"1020076","24099","APAX INVESTMENT MANAGEMENT (SHANGHAI) COMPANY LTD.","",""
"1020076","55001","APAX PARTNERS UK LTD","",""
"1020076","55001","APAX PARTNERS L.P.","801-73724","157110"
"1020076","55001","APAX PARTNERS ISRAEL LTD.","",""
"1020076","55001","APAX PARTNERS INDIA ADVISERS PRIVATE LTD","",""
"1020076","55001","APAX PARTNERS HONG KONG LTD.","",""
"1020076","55001","APAX PARTNERS BRASIL CONSULTORIA LTDA.","",""
"1020076","55001","APAX PARTNERS BETEILIGUNGSBERATUNG GMBH","",""
"1020076","55001","APAX INVESTMENT MANAGEMENT (SHANGHAI) COMPANY LTD.","",""
"1020076","54999","APAX INVESTMENT MANAGEMENT (SHANGHAI) COMPANY LTD.","",""
"1020076","54999","APAX PARTNERS ISRAEL LTD","",""
"1020076","54999","APAX PARTNERS UK LTD","",""
"1020076","54999","APAX PARTNERS L.P.","801-73724","157110"
"1020076","54999","APAX PARTNERS INDIA ADVISERS PRIVATE LTD","",""
"1020076","54999","APAX PARTNERS HONG KONG LTD.","",""
"1020076","54999","APAX PARTNERS BRASIL CONSULTORIA LTDA.","",""
"1020076","24082","APAX PARTNERS UK LTD.","",""
"1020076","24082","APAX PARTNERS BETEILIGUNGSBERATUNG GMBH","",""
"1020076","24082","APAX PARTNERS ISRAEL LTD.","",""
"1020076","24082","APAX PARTNERS INDIA ADVISERS PRIVATE LTD.","",""
"1020076","24082","APAX PARTNERS HONG KONG LTD.","",""
"1020076","24082","APAX INVESTMENT MANAGEMENT (SHANGHAI) COMPANY LTD.","",""
"1020076","24490","APAX PARTNERS BRASIL CONSULTORIA LTDA.","",""
"1020076","158920","APAX PARTNERS UK LTD.","",""
"1020076","158920","APAX PARTNERS L.P.","801-73724","157110"
"1020076","158920","APAX PARTNERS ISRAEL LTD.","",""
"1020076","158920","APAX PARTNERS INDIA ADVISERS PRIVATE LTD.","",""
"1020076","158920","APAX PARTNERS HONG KONG LTD.","",""
"1020076","158920","APAX PARTNERS BRASIL CONSULTORIA LTDA.","",""
"1020076","158920","APAX PARTNERS BETEILIGUNGSBERATUNG GMBH","",""
"1020076","158920","APAX INVESTMENT MANAGEMENT (SHANGHAI) COMPANY LTD.","",""
"1020076","34010","APAX PARTNERS ISRAEL LTD","",""
"1020076","34048","APAX PARTNERS UK LTD","",""
"1020076","34048","APAX PARTNERS ISRAEL LTD.","",""
"1020076","34048","APAX PARTNERS INDIA ADVISERS PRIVATE LTD","",""
"1020076","34048","APAX PARTNERS HONG KONG LTD.","",""
"1020076","24526","APAX PARTNERS L.P.","801-73724","157110"
"1020076","24529","APAX PARTNERS L.P.","801-73724","157110"
"1020076","24490","APAX PARTNERS L.P.","801-73724","157110"
"1020076","24234","APAX PARTNERS L.P.","801-73724","157110"
"1020076","24099","APAX PARTNERS L.P.","801-73724","157110"
"1020076","24082","APAX PARTNERS L.P.","801-73724","157110"
"1020076","24505","APAX PARTNERS L.P.","801-73724","157110"
"1020076","24497","APAX PARTNERS L.P.","801-73724","157110"
"1020076","34010","APAX INVESTMENT MANAGEMENT (SHANGHAI) COMPANY LTD.","",""
"1020076","24539","APAX PARTNERS BRASIL CONSULTORIA LTDA.","",""
"1020076","24539","APAX PARTNERS L.P.","801-73724","157110"
"1020076","24539","APAX PARTNERS BETEILGUNGSBERATUNG GMBH","",""
"1020076","24539","APAX PARTNERS INDIA ADVISERS PRIVATE LTD.","",""
"1020076","24539","APAX PARTNERS HONG KONG LTD.","",""
"1020076","24539","APAX INVESMENT MANAGEMENT (SHANGHAI) COMPANY LTD.","",""
"1020076","24539","APAX PARTNERS ISRAEL LTD.","",""
"1020076","24537","APAX PARTNERS BRASIL CONSULTORIA LTDA.","",""
"1020076","24537","APAX PARTNERS L.P.","801-73724","157110"
"1020076","24537","APAX PARTNERS BETEILIGUNGSBERATUNG GMBH","",""
"1020076","24537","APAX PARTNERS INDIA ADVISERS PRIVATE LTD.","",""
"1020076","24537","APAX PARTNERS UK LTD.","",""
"1020076","24537","APAX PARTNERS HONG KONG LTD.","",""
"1020076","24537","APAX INVESTMENT MANAGEMENT (SHANGHAI) COMPANY LTD.","",""
"1020076","24537","APAX PARTNERS ISRAEL LTD.","",""
"1020076","24533","APAX PARTNERS L.P.","801-73724","157110"
"1020076","24533","APAX PARTNERS BETEILIGUNGSBERATUNG GMBH","",""
"1020076","24533","APAX PARTNERS INDIA ADVISERS PRIVATE LTD.","",""
"1020076","24533","APAX PARTNERS UK LTD.","",""
"1020076","24533","APAX PARTNERS HONG KONG LTD.","",""
"1020076","24533","APAX INVESTMENT MANAGEMENT (SHANGHAI) COMPANY LTD.","",""
"1020076","24533","APAX PARTNERS ISRAEL LTD.","",""
"1020076","24533","APAX PARTNERS BRASIL CONSULTORIA LTDA.","",""
"1020076","24529","APAX PARTNERS ISRAEL LTD.","",""
"1020076","24529","APAX PARTNERS INDIA ADVISERS PRIVATE LTD.","",""
"1020076","24529","APAX PARTNERS BETEILIGUNGSBERATUNG GMBH","",""
"1020076","24526","APAX PARTNERS ISRAEL LTD.","",""
"1020076","24526","APAX PARTNERS BRASIL CONSULTORIA LTDA.","",""
"1020076","24526","APAX PARTNERS BETEILIGUNGSBERATUNG GMBH","",""
"1020076","34048","APAX PARTNERS L.P.","801-73724","157110"
"1020076","34010","APAX PARTNERS HONG KONG LTD.","",""
"1020076","34010","APAX PARTNERS BRASIL CONSULTORIA LTDA.","",""
"1020076","34010","APAX PARTNERS BETEILIGUNGSBERATUNG GMBH","",""
"1020076","24539","APAX PARTNERS UK LTD","",""
"1020076","24529","APAX PARTNERS UK LTD","",""
"1020076","24082","APAX PARTNERS HOLDINGS LTD","",""
"1020076","24505","APAX PARTNERS HOLDINGS LTD","",""
"1020076","54999","APAX PARTNERS BETEILIGUNGSBERATUNG GMBH","",""
"1020076","24497","APAX PARTNERS BRASIL CONSULTORIA LTDA.","",""
"1020076","24526","APAX PARTNERS HONG KONG LTD.","",""
"1020076","24529","APAX PARTNERS HONG KONG LTD.","",""
"1020076","24529","APAX INVESTMENT MANAGEMENT (SHANGHAI) COMPANY LTD.","",""
"1020076","24526","APAX INVESTMENT MANAGEMENT (SHANGHAI) COMPANY LTD.","",""
"1020076","24526","APAX PARTNERS INDIA ADVISERS PRIVATE LTD.","",""
"1020076","24529","APAX PARTNERS BRASIL CONSULTORIA LTDA.","",""
"1020076","24234","APAX PARTNERS INDIA ADVISERS PRIVATE LTD.","",""
"1020076","24234","APAX INVESTMENT MANAGEMENT (SHANGHAI) COMPANY LTD.","",""
"1020076","24234","APAX PARTNERS HONG KONG LTD.","",""
"1020076","24234","APAX PARTNERS ISRAEL LTD.","",""
"1020076","24234","APAX PARTNERS BRASIL CONSULTORIA LTDA.","",""
"1020076","24234","APAX PARTNERS BETEILIGUNGSBERATUNG GMBH","",""
"1020076","24234","APAX PARTNERS UK LTD.","",""
"1020076","24099","APAX PARTNERS LTD.","",""
"1020076","24099","APAX PARTNERS ISRAEL LTD.","",""
"1020076","24099","APAX PARTNERS INDIA ADVISERS PRIVATE LTD.","",""
"1020076","24099","APAX PARTNERS HONG KONG LTD.","",""
"1020076","24099","APAX PARTNERS BRASIL CONSULTORIA LTDA.","",""
"1020076","24099","APAX PARTNERS BETEILIGUNGSBERATUNG GMBH","",""
"1020076","24082","APAX PARTNERS BRASIL CONSULTORIA LTDA.","",""
"1022805","178043","BREVAN HOWARD INVESTMENT PRODUCTS LIMITED","802-74950","161294"
"1022805","178042","BREVAN HOWARD INVESTMENT PRODUCTS LIMITED","802-74950","161294"
"1022805","17577","BH-DG SYSTEMATIC TRADING LLP","802-77613","165592"
"1022805","17577","BREVAN HOWARD US INVESTMENT MANAGEMENT LP","801-76800","164537"
"1022805","157794","BREVAN HOWARD INVESTMENT PRODUCTS LIMITED","802-74950","161294"
"1022805","50590","WCG MANAGEMENT, L.P.","801-72522","156105"
"1022805","18748","BREVAN HOWARD INVESTMENT PRODUCTS LIMITED","802-74950","161294"
"1022805","18748","BREVAN HOWARD ASSET MANAGEMENT, LLP","802-74949","161296"
"1022805","18748","BREVAN HOWARD US INVESTMENT MANAGEMENT LP","801-76800","164537"
"1022805","17943","BREVAN HOWARD (HONG KONG) LIMITED","802-75001","161287"
"1022805","17577","DW PARTNERS, LP","801-71949","155459"
"1022805","17577","BREVAN HOWARD INVESTMENT PRODUCTS LIMITED","802-74950","161294"
"1022805","17577","BREVAN HOWARD (ISRAEL) LIMITED","802-75230","161291"
"1022805","17577","BREVAN HOWARD (HONG KONG) LIMITED","802-75001","161287"
"1022805","17577","BREVAN HOWARD ASSET MANAGEMENT, LLP","802-74949","161296"
"1004566","63732","ELYSEUM SUISSE S.A.","","170077"
"1024835","68312","GLADWYNE INVESTMENTS LLP","",""
"1009785","64827","FRANKLIN TEMPLETON INVESTMENT MANAGEMENT LIMITED","801-55170","111360"
"1014505","44538","CDH SPECIAL OPPORTUNITY HOLDINGS COMPANY LIMITED","",""
"1017468","174581","500 KIMCHI MANAGEMENT COMPANY, L.L.C.","",""
"1017468","70078","500 MOBILE COLLECTIVE MANAGEMENT COMPANY L.L.C. (RELYING ADVISOR)","",""
"1023365","128739","MVM LIFE SCIENCE PARTNERS","802-74926","159225"
"1023365","65893","MVM LIFE SCIENCE PARTNERS","802-74926","159225"
"1023365","3134","MVM LIFE SCIENCE PARTNERS","802-74926","159225"
"1023365","3893","MVM LIFE SCIENCE PARTNERS","802-74926","159225"
"1023365","3892","MVM LIFE SCIENCE PARTNERS","802-74926","159225"
"1020206","177923","AZLIN CONSULTANTS PRIVATE LIMITED","",""
"1022291","47154","HIGHLAND EUROPE (UK) LLP","",""
"1022291","159122","HIGHLAND EUROPE (UK) LLP","",""
"1025592","178293","HG POOLED MANAGEMENT LIMITED","",""
"1025592","178294","HG POOLED MANAGEMENT LIMITED","",""
"1025592","158912","HG POOLED MANAGEMENT LIMITED","",""
"1025592","158910","HG POOLED MANAGEMENT LIMITED","",""
"1025592","158905","HG POOLED MANAGEMENT LIMITED","",""
"1025592","158904","HG POOLED MANAGEMENT LIMITED","",""
"1025592","158903","HG POOLED MANAGEMENT LIMITED","",""
"1025592","158902","HG POOLED MANAGEMENT LIMITED","",""
"1025592","158901","HG POOLED MANAGEMENT LIMITED","",""
"1025592","158899","HG POOLED MANAGEMENT LIMITED","",""
"1025592","158898","HG POOLED MANAGEMENT LIMITED","",""
"1025592","158895","HG POOLED MANAGEMENT LIMITED","",""
"1025592","158897","HG POOLED MANAGEMENT LIMITED","",""
"1025592","158853","HG POOLED MANAGEMENT LIMITED","",""
"1025592","16052","HG POOLED MANAGEMENT LIMITED","",""
"1025592","16048","HG POOLED MANAGEMENT LIMITED","",""
"1025592","16042","HG POOLED MANAGEMENT LIMITED","",""
"1025592","16021","HG POOLED MANAGEMENT LIMITED","",""
"1025592","158858","HG POOLED MANAGEMENT LIMITED","",""
"1025592","158857","HG POOLED MANAGEMENT LIMITED","",""
"1025592","158856","HG POOLED MANAGEMENT LIMITED","",""
"1025592","158908","HG POOLED MANAGEMENT LIMITED","",""
"1025592","17850","HG POOLED MANAGEMENT LIMITED","",""
"1025592","23173","HG POOLED MANAGEMENT LIMITED","",""
"1025592","53971","HG POOLED MANAGEMENT LIMITED","",""
"1025592","158850","HG POOLED MANAGEMENT LIMITED","",""
"1025592","158849","HG POOLED MANAGEMENT LIMITED","",""
"1025592","158848","HG POOLED MANAGEMENT LIMITED","",""
"1025592","158847","HG POOLED MANAGEMENT LIMITED","",""
"1025592","158846","HG POOLED MANAGEMENT LIMITED","",""
"1014992","69764","FREESTONE CAPITAL MANAGEMENT, LLC","801-69073","145711"
"1014992","53988","FREESTONE CAPITAL MANAGEMENT, LLC","801-69073","145711"
"1023513","36600","RP CAPITAL ADVISORS UNITED STATES INC.","",""
"1023513","34655","RP CAPITAL ADVISORS UNITED STATES INC.","",""
"1023513","34655","ORION GLOBAL ADVISORS UK LIMITED","",""
"1023513","36600","RP CAPITAL UK LIMITED","",""
"1019310","167066","KAE CAPITAL MANAGEMENT PRIVATE LIMITED","","175414"
"1019310","166271","KAE CAPITAL MANAGEMENT PRIVATE LIMITED","","175414"
"1023511","178078","NORINCHUKIN VALUE INVESTMENT CO., LTD.","",""
"1023511","178077","NORINCHUKIN VALUE INVESTMENT CO., LTD.","",""
"1008868","31852","AO PARTNERS, LLC (RELYING ADVISER)","",""
"1009706","28572","BABSON CAPITAL MANAGEMENT LLC","801-241","106006"
"1015165","4725","DPI MANAGEMENT LTD","","173316"
"1015165","6841","DPI MANAGEMENT LTD","","173316"
"1016083","59333","CEPHEI CAPITAL","801-76600","163621"
"1016083","59330","CEPHEI CAPITAL","801-76600","163621"
"1016083","51003","CDH V FEEDER HOLDINGS COMPANY LIMITED","",""
"1016083","51003","CDH V HOLDINGS COMPANY LIMITED","",""
"1016083","51003","CDH V MANAGEMENT COMPANY LIMITED","",""
"1016083","43594","CDH CHINA GROWTH CAPITAL HOLDINGS COMPANY LIMITED","",""
"1016083","43597","CDH IV FEEDER HOLDINGS COMPANY LIMITED","",""
"1016083","43597","CDH IV HOLDINGS COMPANY LIMITED","",""
"1016083","43596","CDH III HOLDINGS COMPANY LIMITED","",""
"1016083","43595","CDH III HOLDINGS COMPANY LIMITED","",""
"1016083","43594","CDH CHINA GROWTH CAPITAL HOLDINGS INVESTORS COMPANY LIMITED","",""
"1016083","175289","CDH WEALTH MANAGEMENT COMPANY LIMITED","",""
"1014535","76632","PINEBRIDGE INVESTMENTS LLC","801-18759","105926"
"1014535","62345","PINEBRIDGE INVESTMENTS LLC","801-18759","105926"
"1014535","38275","PINEBRIDGE INVESTMENTS LLC","801-18759","105926"
"1014535","171887","PINEBRIDGE INVESTMENTS ASIA LIMITED","802-74181","160816"
"1014535","171888","PINEBRIDGE INVESTMENTS LLC","801-18759","105926"
"1014535","38396","PINEBRIDGE INVESTMENTS LLC","801-18759","105926"
"1014535","171887","PINEBRIDGE INVESTMENTS LLC","801-18759","105926"
"1016084","43592","CDH VENTURE GP I COMPANY LIMITED","",""
"1016084","43593","CDH VENTURE GP II COMPANY LIMITED","",""
"1024392","18101","M&G INVESTMENT MANAGEMENT LTD.","801-21981","114527"
"1011986","64251","HARVESTPORT MANAGEMENT LLC","802-79885","171627"
"1013545","23030","HEADLAND CAPITAL PARTNERS (SINGAPORE) PTE. LTD.","",""
"1013545","23032","HEADLAND CAPITAL PARTNERS (SINGAPORE) PTE. LTD.","",""
"1008273","177188","IP CAPITAL PARTNERS UK LLP","",""
"1007732","43514","C12 CAPITAL MANAGEMENT US LP","801-72931","159845"
"1018685","67612","PACIFIC EQUITY PARTNERS PTY LIMITED","",""
"1018685","67611","PACIFIC EQUITY PARTNERS PTY LIMITED","",""
"1018685","67610","PACIFIC EQUITY PARTNERS PTY LIMITED","",""
"1018685","67608","PACIFIC EQUITY PARTNERS PTY LIMITED","",""
"1018685","21581","PACIFIC EQUITY PARTNERS PTY LIMITED","",""
"1018685","21579","PACIFIC EQUITY PARTNERS PTY LIMITED","",""
"1018685","21578","PACIFIC EQUITY PARTNERS PTY LIMITED","",""
"1018685","21577","PACIFIC EQUITY PARTNERS PTY LIMITED","",""
"1018685","21576","PACIFIC EQUITY PARTNERS PTY LIMITED","",""
"1018685","21575","PACIFIC EQUITY PARTNERS PTY LIMITED","",""
"1018685","21561","PACIFIC EQUITY PARTNERS PTY LIMITED","",""
"1021416","168225","CQS (HONG KONG) LIMITED","",""
"1021416","168226","CQS (HONG KONG) LIMITED","",""
"1021416","168226","CQS (US), LLC","801-69452","147329"
"1021416","168225","CQS (US), LLC","801-69452","147329"
"1021321","27184","CQS (HONG KONG) LIMITED","",""
"1021321","73736","CQS (HONG KONG) LIMITED","",""
"1021321","73736","CQS (US), LLC","801-69452","147329"
"1021321","73736","CQS (UK) LLP","802-107009","282124"
"1021321","27676","CQS (HONG KONG) LIMITED","",""
"1021321","27184","CQS (US), LLC","801-69452","147329"
"1021321","27184","CQS (UK) LLP","802-107009","282124"
"1021321","27705","CQS (UK) LLP","802-107009","282124"
"1021321","27676","CQS (US), LLC","801-69452","147329"
"1021321","27676","CQS (UK) LLP","802-107009","282124"
"1021321","50095","CQS (UK) LLP","802-107009","282124"
"1021321","50094","CQS (HONG KONG) LIMITED","",""
"1021321","50094","CQS (UK) LLP","802-107009","282124"
"1021321","50094","CQS (US), LLC","801-69452","147329"
"1021321","168241","CQS (HONG KONG) LIMITED","",""
"1021321","168241","CQS (UK) LLP","802-107009","282124"
"1021440","168225","CQS (HONG KONG) LIMITED","",""
"1021440","168226","CQS (HONG KONG) LIMITED","",""
"1021440","168226","CQS (US), LLC","801-69452","147329"
"1021440","168225","CQS (US), LLC","801-69452","147329"
"1004640","176444","KEROGEN CAPITAL II LIMITED","",""
"1004640","76666","KEROGEN CAPITAL II LIMITED","",""
"1004640","76662","KEROGEN CAPITAL II LIMITED","",""
"1004640","76665","KEROGEN CAPITAL II LIMITED","",""
"1004640","76663","KEROGEN CAPITAL II LIMITED","",""
"1004640","62212","KEROGEN CAPITAL LIMITED","",""
"1004640","45513","KEROGEN CAPITAL LIMITED","",""
"1004640","45512","KEROGEN CAPITAL LIMITED","",""
"1004640","45511","KEROGEN CAPITAL LIMITED","",""
"1004640","58190","KEROGEN CAPITAL LIMITED","",""
"1004640","176442","KEROGEN CAPITAL II LIMITED","",""
"993075","43849","GC PARTNERS MANAGER LIMITED","",""
"993075","43849","CREDIT SUISSE ASSET MANAGEMENT, LLC","801-37170","106012"
"993075","175811","GULF CAPITAL PVT. JSC","",""
"1005241","168510","LAV INVESTMENT CONSULTANCY (SHANGHAI) CO., LTD.","",""
"1005241","168510","LAV MANAGEMENT (HONG KONG) COMPANY, LIMITED","",""
"1005241","168508","LAV INVESTMENT CONSULTANCY (SHANGHAI) CO., LTD.","",""
"1005241","168508","LAV MANAGEMENT (HONG KONG) COMPANY, LIMITED","",""
"1024826","13334","TRISTAN CAPITAL PARTNERS LLP","",""
"1024826","13332","TRISTAN CAPITAL PARTNERS LLP","",""
"1015813","171555","BRAZIL REAL ESTATE OPPORTUNITIES MANAGER III, LTD.","",""
"1015813","171554","BRAZIL REAL ESTATE OPPORTUNITIES MANAGER III, LTD.","",""
"1015813","171553","BRAZIL REAL ESTATE OPPORTUNITIES MANAGER III, LTD.","",""
"998781","174144","EQT PARTNERS INC.","801-73187","160179"
"998781","174144","EQT PARTNERS AB","802-73186","160716"
"998781","174144","EQT PARTNERS OY","802-73207","160720"
"998781","174144","EQT PARTNERS AG","802-73205","160717"
"998781","177323","EQT PARTNERS UK ADVISORS LLP","802-73188","160723"
"998781","177323","EQT PARTNERS GMBH","802-73200","160722"
"998781","174144","EQT PARTNERS UK ADVISORS LLP","802-73188","160723"
"998781","174144","EQT PARTNERS GMBH","802-73200","160722"
"998781","177337","EQT PARTNERS UK ADVISORS LLP","802-73188","160723"
"998781","177337","EQT PARTNERS GMBH","802-73200","160722"
"998781","177323","EQT PARTNERS A/S","802-73201","160719"
"998781","177323","EQT PARTNERS AS","802-73208","160718"
"998781","174144","EQT PARTNERS ASIA LTD","802-73199","160721"
"998781","174144","EQT PARTNERS AS","802-73208","160718"
"998781","174144","EQT PARTNERS A/S","802-73201","160719"
"998781","177337","EQT PARTNERS A/S","802-73201","160719"
"998781","177337","EQT PARTNERS AS","802-73208","160718"
"998781","177337","EQT PARTNERS INC.","801-73187","160179"
"998781","177323","EQT PARTNERS INC.","801-73187","160179"
"998781","177323","EQT PARTNERS AB","802-73186","160716"
"998781","177323","EQT PARTNERS OY","802-73207","160720"
"998781","177323","EQT PARTNERS AG","802-73205","160717"
"998781","177337","EQT PARTNERS AB","802-73186","160716"
"998781","177337","EQT PARTNERS OY","802-73207","160720"
"998781","177337","EQT PARTNERS AG","802-73205","160717"
"998781","177337","EQT PARTNERS ASIA LTD","802-73199","160721"
"998781","177323","EQT PARTNERS ASIA LTD","802-73199","160721"
"1019919","50212","EQT PARTNERS AG","802-73205","160717"
"1019919","50212","EQT PARTNERS INC.","801-73187","160179"
"1019919","50212","EQT PARTNERS OY","802-73207","160720"
"1019919","50212","EQT PARTNERS AB","802-73186","160716"
"1021435","27184","CQS (HONG KONG) LIMITED","",""
"1021435","73736","CQS (HONG KONG) LIMITED","",""
"1021435","73736","CQS (US), LLC","801-69452","147329"
"1021435","73736","CQS (UK) LLP","802-107009","282124"
"1021435","27676","CQS (HONG KONG) LIMITED","",""
"1021435","27184","CQS (US), LLC","801-69452","147329"
"1021435","27184","CQS (UK) LLP","802-107009","282124"
"1021435","27705","CQS (UK) LLP","802-107009","282124"
"1021435","27676","CQS (US), LLC","801-69452","147329"
"1021435","27676","CQS (UK) LLP","802-107009","282124"
"1021435","50095","CQS (UK) LLP","802-107009","282124"
"1021435","50094","CQS (HONG KONG) LIMITED","",""
"1021435","50094","CQS (UK) LLP","802-107009","282124"
"1021435","50094","CQS (US), LLC","801-69452","147329"
"1021435","168241","CQS (HONG KONG) LIMITED","",""
"1021435","168241","CQS (UK) LLP","802-107009","282124"
"1024082","64605","ALTIMA ADVISORS (GUERNSEY) LIMITED","",""
"1012224","47400","LONGACRE FUND MANAGEMENT, LLC","801-65049","137909"
"1012224","47398","LONGACRE FUND MANAGEMENT, LLC","801-65049","137909"
"1012224","47393","LONGACRE FUND MANAGEMENT, LLC","801-65049","137909"
"1014500","59333","CEPHEI CAPITAL","801-76600","163621"
"1014500","59330","CEPHEI CAPITAL","801-76600","163621"
"1014500","51003","CDH V FEEDER HOLDINGS COMPANY LIMITED","",""
"1014500","51003","CDH V HOLDINGS COMPANY LIMITED","",""
"1014500","51003","CDH V MANAGEMENT COMPANY LIMITED","",""
"1014500","43594","CDH CHINA GROWTH CAPITAL HOLDINGS COMPANY LIMITED","",""
"1014500","43597","CDH IV FEEDER HOLDINGS COMPANY LIMITED","",""
"1014500","43597","CDH IV HOLDINGS COMPANY LIMITED","",""
"1014500","43596","CDH III HOLDINGS COMPANY LIMITED","",""
"1014500","43595","CDH III HOLDINGS COMPANY LIMITED","",""
"1014500","43594","CDH CHINA GROWTH CAPITAL HOLDINGS INVESTORS COMPANY LIMITED","",""
"1014500","175289","CDH WEALTH MANAGEMENT COMPANY LIMITED","",""
"1015119","69655","OCP ASIA (HONG KONG) LIMITED","",""
"1015119","69655","OCP ASIA (SINGAPORE) PTE LIMITED","",""
"1015119","58578","OCP ASIA (HONG KONG) LIMITED","",""
"1015119","58578","OCP ASIA (SINGAPORE) PTE LIMITED","",""
"1015119","18608","OCP ASIA (HONG KONG) LIMITED","",""
"1015119","18625","OCP ASIA (SINGAPORE) PTE LIMITED","",""
"1015119","18625","OCP ASIA (HONG KONG) LIMITED","",""
"1015119","18608","OCP ASIA (SINGAPORE) PTE LIMITED","",""
"1018014","167636","GUGGENHEIM REAL ESTATE LLC","801-61029","119475"
"1021407","168225","CQS (HONG KONG) LIMITED","",""
"1021407","168226","CQS (HONG KONG) LIMITED","",""
"1021407","168226","CQS (US), LLC","801-69452","147329"
"1021407","168225","CQS (US), LLC","801-69452","147329"
"1024008","19192","T. ROWE PRICE ASSOCIATES, INC.","801-856","105496"
"1024008","19194","T. ROWE PRICE ASSOCIATES, INC.","801-856","105496"
"1024008","19202","T. ROWE PRICE ASSOCIATES, INC.","801-856","105496"
"1024008","19197","T. ROWE PRICE ASSOCIATES, INC.","801-856","105496"
"1024008","19189","T. ROWE PRICE ASSOCIATES, INC.","801-856","105496"
"1024008","19180","T. ROWE PRICE ASSOCIATES, INC.","801-856","105496"
"1024008","18989","T. ROWE PRICE ASSOCIATES, INC.","801-856","105496"
"1024008","19011","T. ROWE PRICE ASSOCIATES, INC.","801-856","105496"
"1024008","18993","T. ROWE PRICE ASSOCIATES, INC.","801-856","105496"
"1024008","17963","T. ROWE PRICE ASSOCIATES, INC.","801-856","105496"
"1024008","18984","T. ROWE PRICE ASSOCIATES, INC.","801-856","105496"
"1013548","23050","HEADLAND CAPITAL PARTNERS (MAURITIUS) LIMITED","",""
"1015858","34713","SPP MEZZANINE PARTNERS, LLC","",""
"1015858","35207","SPP PARTNERS II, LP","","163185"
"1015858","35181","SPP PARTNERS II, LP","","163185"
"1023509","178076","MCP ASSET MANAGEMENT CO. LTD.","",""
"1023509","178073","MCP ASSET MANAGEMENT CO. LTD.","",""
"1023509","178075","MCP ASSET MANAGEMENT CO. LTD.","",""
"1023509","178074","MCP ASSET MANAGEMENT CO. LTD.","",""
"1016085","44538","CDH SPECIAL OPPORTUNITY HOLDINGS COMPANY LIMITED","",""
"1009728","177332","PEMBERTON CAPITAL ADVISORS LLP","","282621"
"1012866","66603","MH ADVISORY SERVICES LLC","801-79874","171653"
"1021888","177980","CLEARVUE PARTNERS (HONG KONG) LIMITED","",""
"1021888","177980","CLEARVUE PARTNERS (SHANGHAI) LIMITED","",""
"1021888","55021","CLEARVUE PARTNERS (HONG KONG) LIMITED","",""
"1021888","55021","CLEARVUE PARTNERS (SHANGHAI) LIMITED","",""
"1010042","38566","BAY CITY CAPITAL LLC","",""
"1010042","38623","BAY CITY CAPITAL LLC","",""
"1015274","63764","TURIM 21 INVESTIMENTOS LTDA","",""
"1013566","173855","KENNER & COMPANY, INC.","801-107556","283005"
"1013566","173849","KENNER & COMPANY, INC.","801-107556","283005"
"1024639","120689","FIERA CAPITAL INC.","801-8948","113638"
"1024639","120689","EMET CAPITAL MANAGEMENT","802-77742","167047"
"1017275","76632","PINEBRIDGE INVESTMENTS LLC","801-18759","105926"
"1017275","62345","PINEBRIDGE INVESTMENTS LLC","801-18759","105926"
"1017275","38275","PINEBRIDGE INVESTMENTS LLC","801-18759","105926"
"1017275","171887","PINEBRIDGE INVESTMENTS ASIA LIMITED","802-74181","160816"
"1017275","171888","PINEBRIDGE INVESTMENTS LLC","801-18759","105926"
"1017275","38396","PINEBRIDGE INVESTMENTS LLC","801-18759","105926"
"1017275","171887","PINEBRIDGE INVESTMENTS LLC","801-18759","105926"
"1017602","4497","HORSEMAN CAPITAL MANAGEMENT JERSEY NO 1 LTD","",""
"1017602","4605","HORSEMAN CAPITAL MANAGEMENT JERSEY NO1 LTD","",""
"1027051","166266","TRILANTIC CAPITAL MANAGEMENT GP LIMITED","",""
"1027051","178373","TRILANTIC CAPITAL MANAGEMENT GP LIMITED","",""
"1027051","178372","TRILANTIC CAPITAL MANAGEMENT GP LIMITED","",""
"1025960","120684","DEUTSCHE ALTERNATIVE ASSET MANAGEMENT (GLOBAL) LIMITED","801-6627",""
"1023226","42357","RMF 2 CO-INVESTMENT GP, LTD.","",""
"996033","4497","HORSEMAN CAPITAL MANAGEMENT JERSEY NO 1 LTD","",""
"996033","4605","HORSEMAN CAPITAL MANAGEMENT JERSEY NO1 LTD","",""
"1000568","53836","NANODIMENSION AG","802-76226","162911"
"1000568","40348","NANODIMENSION AG","","162911"
"1000555","53837","NANODIMENSION, INC.","802-76260","162764"
"1000555","41051","NANODIMENSION, INC.","","162764"
"1013268","171065","IK SMALL CAP MANAGEMENT","802-107766","283689"
"1017404","177696","VANGUARD GROUP INC","801-11953","105958"
"1017404","177694","VANGUARD GROUP INC","801-11953","105958"
"1017404","177717","VANGUARD GROUP INC","801-11953","105958"
"1017404","177716","VANGUARD GROUP INC","801-11953","105958"
"1017404","177711","VANGUARD GROUP INC","801-11953","105958"
"1017404","177710","VANGUARD GROUP INC","801-11953","105958"
"1017404","177709","VANGUARD GROUP INC","801-11953","105958"
"1017404","177714","VANGUARD GROUP INC","801-11953","105958"
"1017404","177713","VANGUARD GROUP INC","801-11953","105958"
"1017404","177712","VANGUARD GROUP INC","801-11953","105958"
"1017404","177719","VANGUARD GROUP INC","801-11953","105958"
"1017404","177718","VANGUARD GROUP INC","801-11953","105958"
"1017404","177715","VANGUARD GROUP INC","801-11953","105958"
"1017404","177705","VANGUARD GROUP INC","801-11953","105958"
"1017404","177708","VANGUARD GROUP INC","801-11953","105958"
"1017404","177707","VANGUARD GROUP INC","801-11953","105958"
"1018017","167636","GUGGENHEIM REAL ESTATE LLC","801-61029","119475"
"1010019","177280","BH-DG SYSTEMATIC TRADING LLP","802-77613","165592"
"1011328","77430","COMPOSITION CAPITAL PARTNERS ASIA LTD.","",""
"1011328","10532","COMPOSITION CAPITAL PARTNERS ASIA LTD.","",""
"1014503","43592","CDH VENTURE GP I COMPANY LIMITED","",""
"1014503","43593","CDH VENTURE GP II COMPANY LIMITED","",""
"1014506","46758","CDH VENTURE GP III COMPANY LIMITED","",""
"1015151","4725","DPI MANAGEMENT LTD","","173316"
"1015151","6841","DPI MANAGEMENT LTD","","173316"
"1007834","65827","H2O AM","801-78613","169065"
"1007834","65805","TUDOR INVESTMENT CORPORATION","801-73474","159792"
"1023070","69908","RESOLUTION CAPITAL PARTNERS LLP","",""
"1005008","40036","HONY CAPITAL III GP, L.P.","",""
"1005008","40036","BEIJING HONY YUANFANG INVESTMENT CONSULTING COMPANY LIMITED","802-76489","162165"
"1005008","42023","BEIJING HONY YUANFANG INVESTMENT CONSULTING COMPANY LIMITED","802-76489","162165"
"1005008","40161","BEIJING HONY YUANFANG INVESTMENT CONSULTING COMPANY LIMITED","802-76489","162165"
"1005008","40161","HONY CAPITAL FUND 2008 GP, L.P.","",""
"1005008","40110","HONY CAPITAL FUND V GP, L.P.","",""
"1005008","40110","BEIJING HONY YUANFANG INVESTMENT CONSULTING COMPANY LIMITED","802-76489","162165"
"1005008","42023","HONY CAPITAL II GP LIMITED","",""
"1005008","176617","BEIJING HONY YUANFANG INVESTMENT CONSULTING COMPANY LIMITED","802-76489","162165"
"1005008","176617","HONY CAPITAL FUND VIII GP (CAYMAN), L.P.","",""
"1009994","177309","NEUBERGER BERMAN EUROPE LIMITED","801-78140","162267"
"1009994","177309","NB ALTERNATIVES ADVISERS LLC","801-70009","149822"
"1009994","177312","NEUBERGER BERMAN EUROPE LIMITED","801-78140","162267"
"1009994","177312","NB ALTERNATIVES ADVISERS LLC","801-70009","149822"
"1016785","31402","THE TOKARZ GROUP ADVISERS LLC","801-67221","141577"
"1017737","177332","PEMBERTON CAPITAL ADVISORS LLP","","282621"
"1021419","168225","CQS (HONG KONG) LIMITED","",""
"1021419","168226","CQS (HONG KONG) LIMITED","",""
"1021419","168226","CQS (US), LLC","801-69452","147329"
"1021419","168225","CQS (US), LLC","801-69452","147329"
"1010346","76632","PINEBRIDGE INVESTMENTS LLC","801-18759","105926"
"1010346","62345","PINEBRIDGE INVESTMENTS LLC","801-18759","105926"
"1010346","38275","PINEBRIDGE INVESTMENTS LLC","801-18759","105926"
"1010346","171887","PINEBRIDGE INVESTMENTS ASIA LIMITED","802-74181","160816"
"1010346","171888","PINEBRIDGE INVESTMENTS LLC","801-18759","105926"
"1010346","38396","PINEBRIDGE INVESTMENTS LLC","801-18759","105926"
"1010346","171710","PINEBRIDGE INVESTMENTS LLC","801-18759","105926"
"1010346","171887","PINEBRIDGE INVESTMENTS LLC","801-18759","105926"
"1012400","36932","SEED ADVISORS PRIVATE LTD","",""
"1027040","172002","ROHDEA INVESTMENT MANAGEMENT LIMITED","",""
"1024803","158813","RESOLUTION PROPERTY IM LLP","",""
"1024803","7422","RESOLUTION PROPERTY IM LLP","",""
"1024803","7420","RESOLUTION PROPERTY IM LLP","",""
"1024803","158812","RESOLUTION PROPERTY IM LLP","",""
