"FilingID","Other Name","BD","RR","Pool","FCM","Real Estate","Insurance","Bank","Trust","Municipal","Swap Dealer","Swap Participant","Accountant","Lawyer","Other","Other Description"
"890555","LEVERPOINT MANAGEMENT, LLC","N","N","N","N","N","N","N","N","N","N","N","N","N","Y","FUND ADMINISTRATOR"
"892508","LEVERPOINT MANAGEMENT, LLC","N","N","N","N","N","N","N","N","N","N","N","N","N","Y","FUND ADMINISTRATOR"
"887310","JPB REAL ESTATE SERVICES","N","N","N","N","Y","N","N","N","N","N","N","N","N","N",""
"894537","SPOONHILL ASSET MANAGEMENT","Y","N","N","N","N","N","N","N","N","N","N","N","N","N",""
"895596","GRAIL SECURITIES LLC","Y","N","N","N","N","N","N","N","N","N","N","N","N","N",""
"895916","TRILLIUM TRADING, LLC","N","N","N","N","N","N","N","N","N","N","N","N","N","Y","PROPRIETARY TRADING FIRM"
"895916","TRILLIUM LABS, LLC","N","N","N","N","N","N","N","N","N","N","N","N","N","Y","TECHNOLOGY DEVELOPMENT FIRM"
"896893","STERLING BAY COMPANIES, LLC","N","N","N","N","N","N","N","N","N","N","N","N","N","Y","REAL ESTATE INVESTMENT, MANAGEMENT & DEVELOPMENT SERVICES"
"896893","STERLING BAY REALTY, LLC","N","N","N","N","Y","N","N","N","N","N","N","N","N","N",""
"896893","STERLING BAY DEVELOPMENT MANAGEMENT, LLC","N","N","N","N","N","N","N","N","N","N","N","N","N","Y","REAL ESTATE DEVELOPMENT SERVICES"
"896893","STERLING BAY PROPERTY MANAGEMENT, LLC","N","N","N","N","N","N","N","N","N","N","N","N","N","Y","REAL ESTATE MANAGEMENT SERVICES"
"896658","VERITAS ASSET MANAGEMENT LLP","N","N","Y","N","N","N","N","N","N","N","N","N","N","N",""
"889009","BRAZIL REAL ESTATE PARTNERS GP LTD, BRAZIL REAL ESTATE PARTNERS GP LTD II, BRAZIL R E MANAGER LTD, BRAZIL R E MANAGER II","N","N","N","N","N","N","N","N","N","N","N","N","N","Y","SERVING AS GENERAL PARTNER AND MANAGER OF PRIVATE FUNDS DOMICILIED OUTSIDE THE US AND CONDUCLING BUSINESS OUTSIDE OF  THE US"
"887325","C&G SAVINGS","N","N","N","N","N","N","Y","N","N","N","N","N","N","N",""
"887325","WORLDWIDE SERVICE","N","N","N","N","N","N","Y","N","N","N","N","N","N","N",""
"900957","LAND SOUTH LENDING, LLC","N","N","N","N","N","N","N","N","N","N","N","N","N","Y","LICENSED MORTGAGE LENDER AND BROKER"
"896953","WINDY CITY ADVISORS LLC","N","Y","N","N","N","N","N","N","N","N","N","N","N","Y","FINANCIAL ADVISORY"
"896953","WINDY CITY FINANCIAL HOLDINGS LLC","N","Y","N","N","N","N","N","N","N","N","N","N","N","Y","HOLDINGS COMPANY"
"896953","WINDY CITY ASSET MANAGEMENT LLC","N","N","N","N","N","N","N","N","N","N","N","N","N","Y","FUND MANAGEMENT, ASSET MANAGEMENT"
"914168","CAPSTONE ADVISORY GROUP, LLC","N","N","N","N","N","N","N","N","N","N","N","N","N","Y","FINANCIAL CONSULTING-RESTRUCTURING AND LITIGATION SUPPORT"
"914168","CAPSTONE VALUATION SERVICES, LLC","N","N","N","N","N","N","N","N","N","N","N","N","N","Y","VALUATION AND LITIGATION SUPPORT SERVICES"
"914168","CAPSTONE CAPITAL MARKETS ADVISORS LLC","N","N","N","N","N","N","N","N","N","N","N","N","N","Y","CAPITAL MARKETS ADVISORY SERVICES"
"915224","STERLING BAY COMPANIES, LLC","N","N","N","N","N","N","N","N","N","N","N","N","N","Y","REAL ESTATE INVESTMENT, MANAGEMENT & DEVELOPMENT SERVICES"
"915224","STERLING BAY REALTY, LLC","N","N","N","N","Y","N","N","N","N","N","N","N","N","N",""
"915224","STERLING BAY DEVELOPMENT MANAGEMENT, LLC","N","N","N","N","N","N","N","N","N","N","N","N","N","Y","REAL ESTATE DEVELOPMENT SERVICES"
"915224","STERLING BAY PROPERTY MANAGEMENT, LLC","N","N","N","N","N","N","N","N","N","N","N","N","N","Y","REAL ESTATE MANAGEMENT SERVICES"
"917945","WINDY CITY ADVISORS LLC","N","Y","N","N","N","N","N","N","N","N","N","N","N","Y","FINANCIAL ADVISORY"
"917945","WINDY CITY FINANCIAL HOLDINGS LLC","N","Y","N","N","N","N","N","N","N","N","N","N","N","Y","HOLDINGS COMPANY"
"917945","WINDY CITY ASSET MANAGEMENT LLC","N","N","N","N","N","N","N","N","N","N","N","N","N","Y","FUND MANAGEMENT, ASSET MANAGEMENT"
"918672","LAND SOUTH LENDING, LLC","N","N","N","N","N","N","N","N","N","N","N","N","N","Y","LICENSED MORTGAGE LENDER AND BROKER"
"921098","COLLECTIVE INVESTMENT SCHEME MANAGER","N","N","N","N","N","N","N","N","N","N","N","N","N","Y","COLLECTIVE INVESTMENT SCHEME MANAGER AND INVESTMENT MANAGEMENT SERVICES"
"916249","SIMPLEX GLOBAL INVESTMENTS LIMITED","N","N","Y","N","N","N","N","N","N","N","N","N","N","N",""
"916249","SIMPLEX ASSET MANAGEMENT (HK) COMPANY LTD","N","N","Y","N","N","N","N","N","N","N","N","N","N","N",""
"928332","TRIVIUM INVESTMENT MANAGEMENT COMPANY","N","N","N","N","Y","N","N","N","N","N","N","N","N","N",""
"919423","FROGMORE REAL ESTATE PARTNERS INVESTMENT MANAGERS LIMITED","N","N","N","N","Y","N","N","N","N","N","N","N","N","N",""
"932673","C&G SAVINGS","N","N","N","N","N","N","Y","N","N","N","N","N","N","N",""
"932673","WORLDWIDE SERVICE","N","N","N","N","N","N","Y","N","N","N","N","N","N","N",""
"934878","HOWARD AND ASSOCIATES","N","N","N","N","N","N","N","N","N","N","N","N","Y","N",""
"933815","EDL CAPITAL (UK) LTD","N","N","Y","N","N","N","N","N","N","N","N","N","N","N",""
"942943","EDL CAPITAL (UK) LTD","N","N","Y","N","N","N","N","N","N","N","N","N","N","N",""
