"FilingID","ReferenceID","Name of Adviser","SEC File Number","CRD Number"
"890555","18844","VILLAGE VENTURES CAPITAL MANAGEMENT, LLC","",""
"890555","18904","VILLAGE VENTURES CAPITAL MANAGEMENT, LLC","",""
"890555","18916","VILLAGE VENTURES CAPITAL MANAGEMENT, LLC","",""
"890555","58607","VILLAGE VENTURES CAPITAL MANAGEMENT, LLC","",""
"892508","18844","VILLAGE VENTURES CAPITAL MANAGEMENT, LLC","",""
"892508","18904","VILLAGE VENTURES CAPITAL MANAGEMENT, LLC","",""
"892508","18916","VILLAGE VENTURES CAPITAL MANAGEMENT, LLC","",""
"892508","58607","VILLAGE VENTURES CAPITAL MANAGEMENT, LLC","",""
"892144","30353","LITORINA KAPITAL PARTNERS III LIMITED","",""
"893065","30353","LITORINA KAPITAL PARTNERS III LIMITED","",""
"888123","27831","JABRE CAPITAL PARTNERS LP","",""
"888123","27821","JABRE CAPITAL PARTNERS LP","",""
"888123","27753","JABRE CAPITAL PARTNERS LP","",""
"888123","27846","JABRE CAPITAL PARTNERS LP","",""
"888123","27859","JABRE CAPITAL PARTNERS LP","",""
"872988","69834","ATLANTIC BRIDGE GP LTD","",""
"887310","16601","JPB CAPITAL PARTNERS MANAGEMENT COMPANY, LLC","",""
"887310","49926","JPB CAPITAL PARTNERS MANAGEMENT COMPANY, LLC","",""
"887310","49927","JPB CAPITAL PARTNERS MANAGEMENT COMPANY, LLC","",""
"887310","49925","JPB CAPITAL MANAGEMENT COMPANY, LLC","",""
"892307","64449","MAKURIA INVESTMENT MANAGEMENT (UK) LLP","",""
"887849","71423","CC GLOBAL INVESTMENTS MASTER FUND GP, SARL","",""
"885377","69237","SAMSON EMET CAPITAL, LLC","",""
"892101","13337","PINEBRIDGE ASIA PARTNERS G.P., L.L.C.","",""
"892101","13317","PINEBRIDGE ASIA PARTNERS II, LIMITED","",""
"892101","13330","PINEBRIDGE ASIA PARTNERS G.P., L.L.C.","",""
"892101","61512","PINEBRIDGE INVESTMENTS IRELAND LIMITED","",""
"894183","61891","UFG PE MANAGERS LIMITED","",""
"894183","43501","UFG CAPITAL MANAGEMENT LIMITED","",""
"894184","65759","ESD MANAGEMENT V LLC","",""
"892587","71396","CAPITAL Z ASSET MANAGEMENT, LLC","801-79988","162210"
"892587","71394","CAPITAL Z ASSET MANAGEMENT, LLC","801-79988","162210"
"895142","57571","FARRINGDON CAPITAL MANAGEMENT S.A.","",""
"893015","1871","LONG INVESTMENT MANAGEMENT (CAYMAN) LIMITED","",""
"893015","1870","LONG INVESTMENT MANAGEMENT INTERNATIONAL LIMITED","",""
"893015","1930","LONG INVESTMENT MANAGEMENT (CAYMAN) LIMITED","",""
"893015","58056","LONG INVESTMENT MANAGEMENT INTERNATIONAL LIMITED","",""
"893575","72409","LITORINA III CO-INVESTMENT GP INCORPORATED LIMITED PARTNERSHIP","",""
"893575","72416","LITORINA DLP (JERSEY) LIMITED","",""
"893575","30353","LITORINA KAPITAL PARTNERS III GP INCORPORATED LIMITED PARTNERSHIP","",""
"898634","17218","ABSOLUTE PARTNERS MANAGEMENT LIMITED (RELYING ADVISER)","",""
"898634","17281","ABSOLUTE PARTNERS MANAGEMENT LIMITED (RELYING ADVISER)","",""
"898634","36051","ABSOLUTE PARTNERS MANAGEMENT LIMITED (RELYING ADVISER)","",""
"898634","67092","PINYIN CAPITAL MANAGEMENT LIMITED (RELYING ADVISER)","",""
"897540","40654","DAVIDE LEONE AND PARTNERS (CAYMAN) LTD","",""
"893883","63076","GUGGENHEIM FUND SOLUTIONS, LLC","801-73007","160181"
"889583","48423","EMERALD HILL MANAGEMENT II LIMITED","802-77883","164759"
"889583","48425","EMERALD HILL MANAGEMENT II LIMITED","802-77883","164759"
"889583","25168","EMERALD HILL MANAGEMENT LIMITED","","163383"
"889583","25148","EMERALD HILL MANAGEMENT LIMITED","","163383"
"889583","25173","EMERALD HILL MANAGEMENT LIMITED","","163383"
"897900","74028","HITECVISION ADVISORY AS (SEE MISCELLANEOUS)","",""
"897900","35836","HITECVISION ADVISORY AS (SEE MISCELLANEOUS)","",""
"897900","35846","HITECVISION ADVISORY AS (SEE MISCELLANEOUS)","",""
"897900","35855","HITECVISION ADVISORY AS (SEE MISCELLANEOUS)","",""
"897900","35861","HITECVISION ADVISORY AS (SEE MISCELLANEOUS)","",""
"894570","38850","AMP CAPITAL INVESTORS (LUXEMBOURG) S.A.R.L.","",""
"897554","32322","SPINNAKER ASSET MANAGEMENT - SAM LIMITED","802-75616","160208"
"897554","31241","SPINNAKER ASSET MANAGEMENT - SAM LIMITED","802-75616","160208"
"897554","50678","SPINNAKER ASSET MANAGEMENT - SAM LIMITED","802-75616","160208"
"897554","73958","SPINNAKER ASSET MANAGEMENT - SAM LIMITED","802-75616","160208"
"897537","10786","OAKLEY CAPITAL (BERMUDA) LIMITED","802-76007","161459"
"897537","11320","OAKLEY CAPITAL (BERMUDA) LIMITED","802-76007","161459"
"897537","62041","OAKLEY CAPITAL GP II LIMITED","",""
"898674","5605","COUPLAND CARDIFF MANAGEMENT (CAYMAN) LTD","",""
"878991","45743","3LOGI CAPITAL","",""
"878991","72234","INVASCENT CAPITAL PARTNERS II LTD","",""
"898183","74081","ENERGY VENTURES PRIVATE EQUITY V AS","",""
"898183","36787","ENERGY VENTURES IV AS","",""
"898183","36738","ENERGY VENTURES III AS","",""
"889009","35639","BRAZIL REAL ESTATE OPPORTUNITIES MANAGER LTD.","",""
"889009","35767","BRAZIL REAL ESTATE OPPORTUNITIES MANAGER II LTD.","",""
"889009","35779","BRAZIL REAL ESTATE OPPORTUNITIES MANAGER II LTD.","",""
"889009","35791","BRAZIL REAL ESTATE OPPORTUNITIES MANAGER II LTD.","",""
"889009","35800","BRAZIL REAL ESTATE OPPORTUNITIES MANAGER II LTD.","",""
"889009","35784","BRAZIL REAL ESTATE OPPORTUNITIES MANAGER II LTD.","",""
"889009","42140","BRAZIL REAL ESTATE OPPORTUNITIES MANAGER LTD.","",""
"889009","35790","BRAZIL REAL ESTATE OPPORTUNITIES MANAGER II LTD.","",""
"891720","70341","ROCKWOOD GP I LLC","",""
"891720","59569","ROCKWOOD GP I LLC","",""
"903142","33220","HORIZON CAPITAL ASSOCIATES, LLC","",""
"903142","33345","HORIZON CAPITAL ASSOCIATES II, LLC","",""
"903142","33374","HORIZON CAPITAL ASSOCIATES, LLC","",""
"875771","52603","HAYFIN MANAGEMENT LIMITED","",""
"875771","52606","HAYFIN MANAGEMENT LIMITED","",""
"875771","52596","HAYFIN MANAGEMENT LIMITED","",""
"875771","59357","HAYFIN MANAGEMENT LIMITED","",""
"875771","59371","HAYFIN MANAGEMENT LIMITED","",""
"875771","59372","HAYFIN MANAGEMENT LIMITED","",""
"875771","59377","HAYFIN MANAGEMENT LIMITED","",""
"904646","66787","TRILOGY PARTNERS LIMITED","",""
"904646","67080","TRILOGY PARTNERS LIMITED","",""
"898633","26319","ARISAIG PARTNERS (MAURITIUS) LTD","802-76012","162868"
"898633","26295","ARISAIG PARTNERS (MAURITIUS) LTD","802-76012","162868"
"898633","61524","ARISAIG PARTNERS (MAURITIUS) LTD","802-76012","162868"
"898633","26328","ARISAIG PARTNERS (MAURITIUS) LTD","802-76012","162868"
"894665","15536","SYLEBRA CAPITAL MANAGEMENT","",""
"894665","26203","GOTHIC CORPORATION","",""
"885182","2775","AZENTUS CAPITAL MANAGEMENT (CAYMAN) LIMITED","",""
"902242","76643","GINGKO ASSET MANAGEMENT","",""
"902242","35847","WOLVER HILL ASSET MANAGEMENT","",""
"902242","76638","WOLVER HILL ASSET MANAGEMENT","",""
"902242","35828","WOLVER HILL ASSET MANAGEMENT","",""
"902242","35853","WOLVER HILL ASSET MANAGEMENT","",""
"899877","20942","BENNELONG ASSET MANAGEMENT LIMITED","","162698"
"899877","20296","BENNELONG ASSET MANAGEMENT LIMITED","","162698"
"884574","38396","PINEBRIDGE INVESTMENTS IRELAND LIMITED","",""
"884574","38275","PINEBRIDGE INVESTMENTS IRELAND LIMITED","",""
"894365","50780","PERMIRA DEBT MANAGERS GROUP HOLDINGS LIMITED","",""
"894365","23257","PERMIRA DEBT MANAGERS GROUP HOLDINGS LIMITED","",""
"894365","24553","PERMIRA SCF S.A.R.L.","",""
"894365","23588","PERMIRA DEBT MANAGERS GROUP HOLDINGS LIMITED","",""
"894365","24548","PERMIRA DEBT MANAGERS GROUP HOLDINGS LIMITED","",""
"894365","24551","PERMIRA DEBT MANAGERS GROUP HOLDINGS LIMITED","",""
"894365","50777","PERMIRA DEBT MANAGERS GROUP HOLDINGS LIMITED","",""
"894365","50784","PERMIRA SCF S.A.R.L.","",""
"894365","73410","PERMIRA CREDIT SOLUTIONS II G.P. LIMITED","",""
"894365","73411","PERMIRA CREDIT SOLUTIONS II G.P. LIMITED","",""
"894365","73412","PERMIRA CREDIT SOLUTIONS II G.P. LIMITED","",""
"894365","73922","PERMIRA CREDIT SOLUTIONS II G.P. LIMITED","",""
"894365","73923","PERMIRA CREDIT SOLUTIONS II G.P. LIMITED","",""
"894365","73924","PERMIRA CREDIT SOLUTIONS II G.P. LIMITED","",""
"894365","73925","PERMIRA CREDIT SOLUTIONS II G.P. LIMITED","",""
"889680","37234","SURNIA INVESTMENT MANAGEMENT, LTD","",""
"891217","37358","SCP MANAGEMENT III, LLC","",""
"891217","25895","SCP MANAGEMENT III, LLC","",""
"891217","37365","SCP MANAGEMENT III, LLC","",""
"891217","37431","SCP MANAGEMENT IV, LLC","",""
"891217","52030","SCMP MANAGEMENT I, LLC","",""
"890573","60744","BEIDMCI LIMITED","",""
"902482","58190","KEROGEN CAPITAL LIMITED","",""
"902482","45513","KEROGEN CAPITAL LIMITED","",""
"902482","45512","KEROGEN CAPITAL LIMITED","",""
"902482","45511","KEROGEN CAPITAL LIMITED","",""
"902482","62212","KEROGEN CAPITAL LIMITED","",""
"902482","76663","KEROGEN CAPITAL II LIMITED","",""
"902482","76662","KEROGEN CAPITAL II LIMITED","",""
"902482","76665","KEROGEN CAPITAL II LIMITED","",""
"902482","76666","KEROGEN CAPITAL II LIMITED","",""
"905166","57944","JEFFERIES INVESTMENT ADVISERS, LLC","",""
"904680","54303","EDISON MANAGEMENT CORPORATION","802-74550","160620"
"904680","54354","EDISON MANAGEMENT CORPORATION","802-74550","160620"
"904680","54355","EDISON MANAGEMENT CORPORATION","802-74550","160620"
"904680","54356","EDISON MANAGEMENT CORPORATION","802-74550","160620"
"904680","54357","EDISON MANAGEMENT CORPORATION","802-74550","160620"
"904680","54358","EDISON MANAGEMENT CORPORATION","802-74550","160620"
"904680","54353","EDISON MANAGEMENT CORPORATION","802-74550","160620"
"904680","54302","EDISON MANAGEMENT CORPORATION","802-74550","160620"
"906163","40580","MARWIT PARTNERS, LLC (ERA), SEE MISC NOTES","",""
"906251","57944","JEFFERIES INVESTMENT ADVISERS, LLC","",""
"898397","33251","FRONTIER WEALTH MANAGEMENT, LLC","801-68048","144344"
"887892","65321","WORTH VENTURE PARTNERS, LLC","","168610"
"905248","77731","CREADOR MANAGEMENT COMPANY II LTD","",""
"905248","57745","CREADOR MANAGEMENT COMPANY I LTD","",""
"905248","57744","CREADOR MANAGEMENT COMPANY II LTD","",""
"905248","57742","CREADOR MANAGEMENT COMPANY I LTD","",""
"907009","36158","LMR PARTNERS (OFFSHORE) LIMITED","","162861"
"907009","36237","LMR PARTNERS (OFFSHORE) LIMITED","","162861"
"905626","16606","STIRLING SQUARE CAPITAL PARTNERS ADVISERS LIMITED","",""
"905626","16616","STIRLING SQUARE CAPITAL PARTNERS SECOND FUND ADVISERS LIMITED","",""
"905626","77568","STIRLING SQUARE CAPITAL PARTNERS THIRD FUND ADVISERS LIMITED","",""
"892063","50111","NUMEN INVESTMENTS LIMITED","","167127"
"905230","38396","PINEBRIDGE INVESTMENTS IRELAND LIMITED","",""
"905230","38275","PINEBRIDGE INVESTMENTS IRELAND LIMITED","",""
"875758","8279","SG HAMBROS FUND ADVISERS (JERSEY) LIMITED","",""
"875758","8359","SG HAMBROS FUND MANAGERS (JERSEY) LIMITED","",""
"875758","8276","SG HAMBROS FUND MANAGERS (JERSEY) LIMITED","",""
"875758","8413","SG HAMBROS FUND MANAGERS (JERSEY) LIMITED","",""
"875758","8292","SG HAMBROS FUND MANAGERS (JERSEY) LIMITED","",""
"875758","7574","SG HAMBROS FUND MANAGERS (JERSEY) LIMITED","",""
"875758","7867","SG HAMBROS FUND MANAGERS (JERSEY) LIMITED","",""
"875758","7884","SG HAMBROS FUND MANAGERS (JERSEY) LIMITED","",""
"875758","7892","SG HAMBROS FUND MANAGERS (JERSEY) LIMITED","",""
"875758","7508","SG HAMBROS FUND MANAGERS (JERSEY) LIMITED","",""
"875758","7929","SG HAMBROS FUND MANAGERS (JERSEY) LIMITED","",""
"875758","8304","SG HAMBROS FUND MANAGERS (JERSEY) LIMITED","",""
"875758","8340","SG HAMBROS FUND MANAGERS (JERSEY) LIMITED","",""
"875758","8387","SG HAMBROS FUND MANAGERS (JERSEY) LIMITED","",""
"875758","8399","SG HAMBROS FUND MANAGERS (JERSEY) LIMITED","",""
"875758","8406","SG HAMBROS FUND MANAGERS (JERSEY) LIMITED","",""
"875758","8423","SG HAMBROS FUND MANAGERS (JERSEY) LIMITED","",""
"875758","8434","SG HAMBROS FUND MANAGERS (JERSEY) LIMITED","",""
"875758","49937","SG HAMBROS FUND MANAGERS (JERSEY) LIMITED","",""
"875758","49935","SG HAMBROS FUND MANAGERS (JERSEY) LIMITED","",""
"875758","58067","TWIN SECURITIES, INC.","801-73786","158318"
"875758","58064","SG HAMBROS FUND MANAGEMENT (JERSEY) LIMITED","",""
"875758","58066","SG HAMBROS FUND MANAGERS (JERSEY) LIMITED","",""
"875758","75249","SG HAMBROS FUND MANAGERS (JERSEY) LIMITED","",""
"875758","75259","SG HAMBROS FUND MANAGERS (JERSEY) LIMITED","",""
"907504","54139","ONE NORTH CAPITAL LIMITED","",""
"892864","76743","BETAWORKS INVESTMENTS, LLC","802-79126","170173"
"892864","71491","BETAWORKS INVESTMENTS, LLC","802-79126","170173"
"892864","76737","BETAWORKS INVESTMENTS, LLC","802-79126","170173"
"908176","66787","TRILOGY PARTNERS LIMITED","",""
"908176","67080","TRILOGY PARTNERS LIMITED","",""
"908222","24841","STONE MILLINER ASSET MANAGEMENT AG","802-74859","163246"
"908222","28106","STONE MILLINER ASSET MANAGEMENT AG","802-74859","163246"
"915580","66777","ABBERTON CAPITAL MANAGEMENT L.P","","173921"
"886917","42984","ADVANTAGE CAPITAL MANAGEMENT COMPANY OF WISCONSIN, LLC","",""
"915744","63764","SEAGUL CAPITAL LP","","162794"
"884252","40129","NEXIT INFOCOM II GP LIMITED","",""
"916402","41980","NEXIT INFOCOM 2000 LIMITED","",""
"916402","41997","NEXIT INFOCOM 2000 LIMITED","",""
"915598","120452","HARBOUR CAYMAN LIMITED","",""
"915598","120453","HARBOUR ADVISORS CAYMAN LIMITED","",""
"915598","120451","HARBOUR LITIGATION CAYMAN LIMITED","",""
"888933","44615","INNOVATIONSKAPITAL /INNKAP","","164128"
"888933","44614","INNOVATIONSKAPITAL /INNKAP","","164128"
"888933","44616","INNOVATIONSKAPITAL /INNKAP","","164128"
"888933","44617","INNOVATIONSKAPITAL /INNKAP","","164128"
"888933","44618","INNOVATIONSKAPITAL /INNKAP","","164128"
"888933","44619","INNOVATIONSKAPITAL /INNKAP","","164128"
"888933","44613","INNOVATIONSKAPITAL /INNKAP","","164128"
"918865","66787","TRILOGY PARTNERS LIMITED","",""
"918865","67080","TRILOGY PARTNERS LIMITED","",""
"920262","60744","BEIDMCI LIMITED","",""
"921115","60744","BEIDMCI LIMITED","",""
"921299","45397","ROARING BLUE LION CAPITAL MANAGEMENT, L.P.","801-71792","137355"
"921299","45399","ROARING BLUE LION CAPITAL MANAGEMENT, L.P.","801-71792","137355"
"921349","66787","TRILOGY PARTNERS LIMITED","",""
"921349","67080","TRILOGY PARTNERS LIMITED","",""
"921325","65759","ESD MANAGEMENT V LLC","",""
"917368","66829","PELHAM CAPITAL MANAGEMENT LIMITED","",""
"917368","66759","PELHAM CAPITAL MANAGEMENT LIMITED","",""
"927801","66777","ABBERTON CAPITAL MANAGEMENT L.P","","173921"
"929987","4128","SOTHIC CAPITAL MANAGEMENT (CAYMAN) LIMITED","",""
"929778","61262","WORTH VENTURE PARTNERS, LLC","",""
"914262","55022","DRUG ROYALTY III GP, LLC","",""
"914262","42357","RMF 2 CO-INVESTMENT IM, LTD.","",""
"930214","33864","UTI VENTURE FUNDS MANAGEMENT COMPANY PRIVATE LIMITED","",""
"932322","38850","AMP CAPITAL INVESTORS (LUXEMBOURG) S.A.R.L.","",""
"916257","120518","JAMES CAIRD ASSET MANAGEMENT LIMITED","802-76335","163676"
"933661","45743","3LOGI CAPITAL","",""
"933661","72234","INVASCENT CAPITAL PARTNERS II LTD","",""
"932651","23167","RITCHIE PARTNERS, L.L.C.","",""
"932651","23177","RITCHIE CAPITAL MANAGEMENT, LTD.","802-76249","162047"
"932651","23464","RITCHIE PARTNERS, L.L.C.","",""
"932651","23490","RITCHIE CAPITAL MANAGEMENT, LTD.","802-76249","162047"
"932651","42154","RITCHIE CAPITAL MANAGEMENT, LTD.","802-76249","162047"
"933758","8359","SG HAMBROS FUND MANAGERS (JERSEY) LIMITED","",""
"933758","8276","SG HAMBROS FUND MANAGERS (JERSEY) LIMITED","",""
"933758","8413","SG HAMBROS FUND MANAGERS (JERSEY) LIMITED","",""
"933758","8292","SG HAMBROS FUND MANAGERS (JERSEY) LIMITED","",""
"933758","7574","SG HAMBROS FUND MANAGERS (JERSEY) LIMITED","",""
"933758","7867","SG HAMBROS FUND MANAGERS (JERSEY) LIMITED","",""
"933758","7884","SG HAMBROS FUND MANAGERS (JERSEY) LIMITED","",""
"933758","7892","SG HAMBROS FUND MANAGERS (JERSEY) LIMITED","",""
"933758","8279","SG HAMBROS FUND ADVISERS (JERSEY) LIMITED","",""
"933758","7508","SG HAMBROS FUND MANAGERS (JERSEY) LIMITED","",""
"933758","7929","SG HAMBROS FUND MANAGERS (JERSEY) LIMITED","",""
"933758","8304","SG HAMBROS FUND MANAGERS (JERSEY) LIMITED","",""
"933758","8340","SG HAMBROS FUND MANAGERS (JERSEY) LIMITED","",""
"933758","8387","SG HAMBROS FUND MANAGERS (JERSEY) LIMITED","",""
"933758","8399","SG HAMBROS FUND MANAGERS (JERSEY) LIMITED","",""
"933758","8406","SG HAMBROS FUND MANAGERS (JERSEY) LIMITED","",""
"933758","8423","SG HAMBROS FUND MANAGERS (JERSEY) LIMITED","",""
"933758","8434","SG HAMBROS FUND MANAGERS (JERSEY) LIMITED","",""
"933758","49937","SG HAMBROS FUND MANAGERS (JERSEY) LIMITED","",""
"933758","49935","SG HAMBROS FUND MANAGERS (JERSEY) LIMITED","",""
"933758","58067","TWIN SECURITIES, INC.","801-73786","158318"
"933758","58064","SG HAMBROS FUND MANAGEMENT (JERSEY) LIMITED","",""
"933758","58066","SG HAMBROS FUND MANAGERS (JERSEY) LIMITED","",""
"933758","75249","SG HAMBROS FUND MANAGERS (JERSEY) LIMITED","",""
"933758","75259","SG HAMBROS FUND MANAGERS (JERSEY) LIMITED","",""
"932448","57976","RAIM LIMITED","",""
"935206","26295","ARISAIG PARTNERS (MAURITIUS) LTD","802-76012","162868"
"935206","26319","ARISAIG PARTNERS (MAURITIUS) LTD","802-76012","162868"
"935206","61524","ARISAIG PARTNERS (MAURITIUS) LTD","802-76012","162868"
"935206","26328","ARISAIG PARTNERS (MAURITIUS) LTD","802-76012","162868"
"936558","77731","CREADOR MANAGEMENT COMPANY II LTD","",""
"936558","57745","CREADOR MANAGEMENT COMPANY I LTD","",""
"936558","57744","CREADOR MANAGEMENT COMPANY II LTD","",""
"936558","57742","CREADOR MANAGEMENT COMPANY I LTD","",""
"936558","164164","CREADOR MANAGEMENT III LTD","",""
"938619","166251","THE OBSERVATORY US INC.","",""
"938757","23167","RITCHIE PARTNERS, L.L.C.","",""
"938757","23177","RITCHIE CAPITAL MANAGEMENT, LTD.","802-76249","162047"
"938757","23464","RITCHIE PARTNERS, L.L.C.","",""
"938757","23490","RITCHIE CAPITAL MANAGEMENT, LTD.","802-76249","162047"
"938757","42154","RITCHIE CAPITAL MANAGEMENT, LTD.","802-76249","162047"
"926732","46249","ICHIRIZUKA FUND GP","",""
"941161","69237","EMET CAPITAL MANAGEMENT I, LLC","802-99338","226672"
"933815","162222","MOORE CAPITAL MANAGEMENT, LP","801-73302","160188"
"942943","162222","MOORE CAPITAL MANAGEMENT, LP","801-73302","160188"
"944512","166251","THE OBSERVATORY US INC.","",""
"947433","58109","RAIM LIMITED","",""
"947149","167184","FUNDPARTNER SOLUTIONS (EUROPE) S.A.","",""
"948468","167187","SW7 ASSET MANAGEMENT (SINGAPORE) PTE LTD","802-106602","281312"
"948468","167188","SW7 ASSET MANAGEMENT (SINGAPORE) PTE LTD","802-106602","281312"
"948468","167189","SW7 ASSET MANAGEMENT (SINGAPORE) PTE LTD","802-106602","281312"
"948468","167191","SW7 ASSET MANAGEMENT (SINGAPORE) PTE LTD","802-106602","281312"
"936097","166314","SALI FUND SERVICES","801-61702","124235"
