"FilingID","ReferenceID","SubreferenceID","Website Address"
1040919,64504,33158,"HTTPS://WWW.WINTONCAPITAL.COM"
1040919,64490,33150,"HTTPS://WWW.WINTONCAPITAL.COM/"
1040919,64490,33153,"HTTPS://WWW.WINTONCAPITAL.COM"
1040919,64503,33156,"HTTPS://WWW.WINTONCAPITAL.COM/"
1040919,64503,33157,"HTTPS://WWW.WINTONCAPITAL.COM"
1040919,64504,33159,"HTTPS://WWW.WINTONCAPITAL.COM/"
1040919,64505,33160,"HTTPS://WWW.WINTONCAPITAL.COM/"
1040919,64505,33161,"HTTPS://WWW.WINTONCAPITAL.COM"
1042752,27067,18925,"WWW.TRADEWEB.COM"
1042741,46917,22762,"WWW.ANCHORPE.COM"
1042752,27067,13282,"WWW.MORGANMARKETS.COM"
1042752,27067,18922,"WWW.TRADEWEB.COM"
1042752,27067,18922,"WWW.BLOOMBERG.COM"
1042752,27067,18925,"WWW.BLOOMBERG.COM"
1042511,166598,61141,"WWW.ANCHORPE.COM"
1039991,45088,22048,"WWW.GRANTSAMUEL.COM.AU"
1027721,173007,65138,"HTTP://PALLADIUMCAPITAL.COM/OUR-SERVICES/"
1027721,54800,65142,"HTTP://PALLADIUMCAPITAL.COM/OUR-SERVICES/"
1027721,174318,65755,"HTTP://PALLADIUMCAPITAL.COM/OUR-SERVICES/"
1028592,173145,68915,"WWW.CENTENIUMADV.COM"
1028592,173148,68919,"WWW.BRIGHTONHOUSEASSOCIATES.COM"
1028592,173145,68916,"WWW.BRIGHTONHOUSEASSOCIATES.COM"
1028592,173140,68913,"WWW.BRIGHTONHOUSEASSOCIATES.COM"
1028592,173148,68918,"WWW.MMC.COM"
1028592,173145,68917,"WWW.MMC.COM"
1028592,173140,68911,"WWW.MMC.COM"
1028592,173140,68912,"WWW.CENTENIUMADV.COM"
1028592,173148,68914,"WWW.CENTENIUMADV.COM"
1031271,178851,68897,"HTTP://SYNERGYCAPITAL1.COM/"
1031271,178852,68898,"HTTP://SYNERGYCAPITAL1.COM/"
1031271,178854,68899,"HTTP://SYNERGYCAPITAL1.COM/"
1036812,35449,21123,"WWW.FUND-CHANNEL.COM"
1033466,30507,15667,"VARIOUS"
1026599,171171,63538,"HTTP://THESYNERGYPARTNERSHIP.COM/MODULE/CLIENT/FUNDS/FUNDSLIST.ASPX"
1025019,179750,69255,"HTTP://WWW.SA-ALPHA.COM"
1025019,179753,69256,"HTTP://WWW.SA-ALPHA.COM"
