"FilingID","Fund Name","Fund ID","Adviser Name","Adviser SEC Number","Clients Solicited?"
"952739","PRELUDE OPPORTUNITY FUND, LP","805-1637413029","SPRINGBOK CAPITAL MANAGEMENT, LLC","801-73598","N"
"948466","RWC ASIA OPPORTUNITY MASTER FUND LIMITED","805-2315127002","RWC ASSET ADVISORS (US) LLC","801-77698","N"
"954768","CHEYNE EUROPEAN EVENT DRIVEN FUND INC","805-5207235736","CHEYNE CAPITAL MANAGEMENT (UK) LLP","-","N"
"954768","CHEYNE EUROPEAN EVENT DRIVEN FUND LP","805-4706924177","CHEYNE CAPITAL MANAGEMENT (UK) LLP","-","N"
"954768","CHEYNE MULTI STRATEGY FUND INC","805-7935940820","CHEYNE CAPITAL MANAGEMENT (UK) LLP","801-78313","N"
"954768","CHEYNE MULTI STRATEGY FUND LP","805-2193559350","CHEYNE CAPITAL MANAGEMENT (UK) LLP","-","N"
"954768","CHEYNE MULTI STRATEGY II INC","805-1076919269","CHEYNE CAPITAL MANAGEMENT (UK) LLP","-","N"
"954768","CHEYNE NEW EUROPE FUND INC","805-8241372325","CHEYNE CAPITAL MANAGEMENT (UK) LLP","-","N"
"954768","CHEYNE NEW EUROPE FUND LP","805-8479764651","CHEYNE CAPITAL MANAGEMENT (UK) LLP","-","N"
"954768","CHEYNE REAL ESTATE DEBT FUND INC CLASS A","805-7416696641","CHEYNE CAPITAL MANAGEMENT (UK) LLP","-","N"
"954768","CHEYNE REAL ESTATE DEBT FUND LP CLASS A","805-7988425741","CHEYNE CAPITAL MANAGEMENT (UK) LLP","801-78313","N"
"954768","CHEYNE SPECIAL SITUATIONS FUND LP","805-8208260372","CHEYNE CAPITAL MANAGEMENT (UK) LLP","-","N"
"954768","CHEYNE SPECIAL SITUATIONS REALISING FUND INC","805-2080670077","CHEYNE CAPITAL MANAGEMENT (UK) LLP","-","N"
"954768","CHEYNE REAL ESTATE CREDIT HOLDINGS FUND LP","805-3637544833","CHEYNE CAPITAL MANAGEMENT (UK) LLP","801-78313","N"
"954768","CHEYNE EUROPEAN HIGH YEILD FUND LP","805-4280070373","CHEYNE CAPITAL MANAGEMENT (UK) LLP","801-78313","N"
"954768","CHEYNE TOTAL RETURN CREDIT FUND DECEMBER 2019 LP","805-9175002140","CHEYNE CAPITAL MANAGEMENT (UK) LLP","801-78313","N"
"954768","CHEYNE MALACCA ASIA EQUITY FUND LP","805-2508209796","CHEYNE CAPITAL MANAGEMENT (UK) LLP","801-78313","N"
"954768","CHEYNE MULTI STRATEGY FUND INC - LIQUID STRATEGY","805-1708339754","CHEYNE CAPITAL MANAGEMENT (UK) LLP","801-78313","N"
"954768","CHEYNE MULTI STRATEGY FUND LP - LIQUID STRATEGY","805-1357195651","CHEYNE CAPITAL MANAGEMENT (UK) LLP","801-78313","N"
"954768","CHEYNE EUROPEAN HIGH YEILD FUND INC","805-1720501437","CHEYNE CAPITAL MANAGEMENT (UK) LLP","801-78313","N"
"954768","CHEYNE TOTAL RETURN CREDIT FUND DECEMBER 2019 INC","805-4184179384","CHEYNE CAPITAL MANAGEMENT (UK) LLP","801-78313","N"
"954768","CHEYNE MALACCA ASIA EQUITY FUND INC","805-2024565389","CHEYNE CAPITAL MANAGEMENT (UK) LLP","801-78313","N"
"954768","CHEYNE REAL ESTATE CREDIT HOLDINGS FUND INC","805-8650364341","CHEYNE CAPITAL MANAGEMENT (UK) LLP","801-78313","N"
"954768","CHEYNE TOTAL RETURN CREDIT FUND 1 LP - DECEMBER 2017","805-5776192236","CHEYNE CAPITAL MANAGEMENT (UK) LLP","801-78313","N"
"954768","CHEYNE TOTAL RETURN CREDIT FUND 1 INC - DECEMBER 2017","805-7298263710","CHEYNE CAPITAL MANAGEMENT (UK) LLP","801-78313","N"
"954768","CHEYNE REAL ESTATE CREDIT HOLDINGS FUND III LP","805-5936787519","CHEYNE CAPITAL MANAGEMENT (UK) LLP","801-78313","N"
"954768","CHEYNE REAL ESTATE CREDIT HOLDINGS FUND III INC","805-3619087055","CHEYNE CAPITAL MANAGEMENT (UK) LLP","801-78313","N"
"954768","PM MANAGER FUND SPC SEGREGATED PORTFOLIO 38","805-4022073063","CHEYNE CAPITAL MANAGEMENT (UK) LLP","801-78313","N"
"954768","CHEYNE GLOBAL EQUITY FUND LP","805-7124993164","CHEYNE CAPITAL MANAGEMENT (UK) LLP","-","N"
"954768","CHEYNE GLOBAL EQUITY FUND INC","805-3312734049","CHEYNE CAPITAL MANAGEMENT (UK) LLP","-","N"
"952996","PERMIRA INVESTMENTS LIMITED","805-1239732219","PERMIRA EUROPE B.V.","802-75501","N"
"951545","BLACKSTONE SENFINA MASTER FUND L.P.","805-5730088379","BLACKSTONE SENFINA ADVISORS LLC.","801-80104","N"
"952942","RUSSELL GLOBAL SMALL CAP FUND","805-8429051390","RUSSELL INVESTMENTS","801-17141","Y"
"954556","BLACKSTONE SENFINA MASTER FUND L.P.","805-5730088379","BLACKSTONE SENFINA ADVISORS LLC.","801-80104","N"
"955282","CHEYNE EUROPEAN EVENT DRIVEN FUND INC","805-5207235736","CHEYNE CAPITAL MANAGEMENT (UK) LLP","-","N"
"955282","CHEYNE EUROPEAN EVENT DRIVEN FUND LP","805-4706924177","CHEYNE CAPITAL MANAGEMENT (UK) LLP","-","N"
"955282","CHEYNE MULTI STRATEGY FUND INC","805-7935940820","CHEYNE CAPITAL MANAGEMENT (UK) LLP","801-78313","N"
"955282","CHEYNE MULTI STRATEGY FUND LP","805-2193559350","CHEYNE CAPITAL MANAGEMENT (UK) LLP","-","N"
"955282","CHEYNE MULTI STRATEGY II INC","805-1076919269","CHEYNE CAPITAL MANAGEMENT (UK) LLP","-","N"
"955282","CHEYNE NEW EUROPE FUND INC","805-8241372325","CHEYNE CAPITAL MANAGEMENT (UK) LLP","-","N"
"955282","CHEYNE NEW EUROPE FUND LP","805-8479764651","CHEYNE CAPITAL MANAGEMENT (UK) LLP","-","N"
"955282","CHEYNE REAL ESTATE DEBT FUND INC CLASS A","805-7416696641","CHEYNE CAPITAL MANAGEMENT (UK) LLP","-","N"
"955282","CHEYNE REAL ESTATE DEBT FUND LP CLASS A","805-7988425741","CHEYNE CAPITAL MANAGEMENT (UK) LLP","801-78313","N"
"955282","CHEYNE SPECIAL SITUATIONS FUND LP","805-8208260372","CHEYNE CAPITAL MANAGEMENT (UK) LLP","-","N"
"955282","CHEYNE SPECIAL SITUATIONS REALISING FUND INC","805-2080670077","CHEYNE CAPITAL MANAGEMENT (UK) LLP","-","N"
"955282","CHEYNE REAL ESTATE CREDIT HOLDINGS FUND LP","805-3637544833","CHEYNE CAPITAL MANAGEMENT (UK) LLP","801-78313","N"
"955282","CHEYNE EUROPEAN HIGH YEILD FUND LP","805-4280070373","CHEYNE CAPITAL MANAGEMENT (UK) LLP","801-78313","N"
"955282","CHEYNE TOTAL RETURN CREDIT FUND DECEMBER 2019 LP","805-9175002140","CHEYNE CAPITAL MANAGEMENT (UK) LLP","801-78313","N"
"955282","CHEYNE MALACCA ASIA EQUITY FUND LP","805-2508209796","CHEYNE CAPITAL MANAGEMENT (UK) LLP","801-78313","N"
"955282","CHEYNE MULTI STRATEGY FUND INC - LIQUID STRATEGY","805-1708339754","CHEYNE CAPITAL MANAGEMENT (UK) LLP","801-78313","N"
"955282","CHEYNE MULTI STRATEGY FUND LP - LIQUID STRATEGY","805-1357195651","CHEYNE CAPITAL MANAGEMENT (UK) LLP","801-78313","N"
"955282","CHEYNE EUROPEAN HIGH YEILD FUND INC","805-1720501437","CHEYNE CAPITAL MANAGEMENT (UK) LLP","801-78313","N"
"955282","CHEYNE TOTAL RETURN CREDIT FUND DECEMBER 2019 INC","805-4184179384","CHEYNE CAPITAL MANAGEMENT (UK) LLP","801-78313","N"
"955282","CHEYNE MALACCA ASIA EQUITY FUND INC","805-2024565389","CHEYNE CAPITAL MANAGEMENT (UK) LLP","801-78313","N"
"955282","CHEYNE REAL ESTATE CREDIT HOLDINGS FUND INC","805-8650364341","CHEYNE CAPITAL MANAGEMENT (UK) LLP","801-78313","N"
"955282","CHEYNE TOTAL RETURN CREDIT FUND 1 LP - DECEMBER 2017","805-5776192236","CHEYNE CAPITAL MANAGEMENT (UK) LLP","801-78313","N"
"955282","CHEYNE TOTAL RETURN CREDIT FUND 1 INC - DECEMBER 2017","805-7298263710","CHEYNE CAPITAL MANAGEMENT (UK) LLP","801-78313","N"
"955282","CHEYNE REAL ESTATE CREDIT HOLDINGS FUND III LP","805-5936787519","CHEYNE CAPITAL MANAGEMENT (UK) LLP","801-78313","N"
"955282","CHEYNE REAL ESTATE CREDIT HOLDINGS FUND III INC","805-3619087055","CHEYNE CAPITAL MANAGEMENT (UK) LLP","801-78313","N"
"955282","PM MANAGER FUND SPC SEGREGATED PORTFOLIO 38","805-4022073063","CHEYNE CAPITAL MANAGEMENT (UK) LLP","801-78313","N"
"955282","CHEYNE GLOBAL EQUITY FUND LP","805-7124993164","CHEYNE CAPITAL MANAGEMENT (UK) LLP","-","N"
"955282","CHEYNE GLOBAL EQUITY FUND INC","805-3312734049","CHEYNE CAPITAL MANAGEMENT (UK) LLP","-","N"
"955471","INCEPTION PARTNERS, LLC.","805-7356597185","WELLINGTON PARK CAPITAL, LLC","-","N"
"955512","INCEPTION PARTNERS, LLC.","805-7356597185","WELLINGTON PARK CAPITAL, LLC","-","N"
"944802","BOOTHBAY ABSOLUTE RETURN STRATEGIES, LP","805-5663558974","BOOTHBAY FUND MANAGEMENT","801-80018","N"
"950419","NO NAME DISCLOSED","805-4392380841","BLACKSTONE ALTERNATIVE SOLUTIONS L.L.C.","801-72699","N"
"956401","EVOLUTION SPECIAL OPPORTUNITIES LTD. II SPC, SEGREGATED PORTFOLIO C","805-2503255212","EVOLUTION CAPITAL MANAGEMENT LLC","802-79704","N"
"954608","PRELUDE OPPORTUNITY FUND, LP","805-1637413029","SPRINGBOK CAPITAL MANAGEMENT, LLC","801-73598","N"
"954785","CHALKSTREAM INVESTMENT FUND (INTERNATIONAL), LTD.","805-7079532044","CHALKSTREAM CAPITAL GROUP, L.P.","801-73339","N"
"954785","CHALKSTREAM INVESTMENT FUND, L.P.","805-1788491056","CHALKSTREAM CAPITAL GROUP, L.P.","801-73339","N"
"954785","CHALKSTREAM INSURANCE FUND SERIES OF SALI MULTI-SERIES FUND, L.P.","805-9974076219","SALI FUND SERVICES","801-61702","N"
"954825","TOPWATER MAYFLY FUND LLC","805-7418791443","LEUCADIA ASSET MANAGEMENT LLC","801-78221","N"
"956640","VINCI ZAFFERANO EMERGING MARKETS OPPORTUNITIES FUND L.P.","805-7744062837","VINCI ZAFFERANO CAPITAL (UK) LLP","802-7742","N"
"951490","KALYSTA CAPITAL FUND (MAURITIUS)","805-3142541900","KALYSTA CAPITAL PRIVATE LTD MAURITIUS","-","N"
"951490","KALYSTA CAPITAL FUND II (MAURITIUS)","805-3264615546","KALYSTA CAPITAL PRIVATE LTD MAURITIUS","-","N"
"949182","WHITNEY CAPITAL SERIES FUND, LLC - SERIES LS35","805-9321876658","AMITY ADVISERS, LLC","-","N"
"949182","NR1 SP , A SEGREGATED PORTFOLIO OF NORTH ROCK SPC","805-5517156357","LIGHTHOUSE INVESTMENT PARTNERS, LLC","801-64978","N"
"951216","BLACKSTONE SENFINA MASTER FUND L.P.","805-5730088379","BLACKSTONE SENFINA ADVISORS LLC.","801-80104","N"
"956769","MAP 501, A SUB-TRUST OF LMA IRELAND","805-7509218312","LIGHTHOUSE INVESTMENT PARTNERS, LLC","801-64978","N"
"956769","MAP 502, A SUBTRUST OF LMA IRELAND","805-5000885206","LIGHTHOUSE INVESTMENT PARTNERS, LLC","801-64978","N"
"956769","MAP 504, A SUB-TRUST OF LMA IRELAND","805-2473650150","LIGHTHOUSE INVESTMENT PARTNERS, LLC","801-64978","N"
"958431","MOGO INDUSTRIES LLC","805-4048557221","MOGO MANAGEMENT LLC","802-80541","N"
"958853","ABERDEEN GLOBAL - INDIAN EQUITY FUND","805-4931719822","ABERDEEN ASSET MANAGEMENT ASIA LIMITED","801-62020","N"
"941187","BLAKENEY INVESTORS SICAV","805-6024175628","BLAKENEY MANAGEMENT","801-73181","N"
"941187","ALATUS UCITS - INFLECTION LONG ONLY","805-2804125548","ALATUS CAPITAL LTD","802-106719","N"
"959344","GMS DISCOVERY FUND LLC","805-3128364290","GOLDMAN SACHS ASSET MANAGEMENT, L.P.","801-37591","N"
"958926","CFM INSTITUTIONAL SYSTEMATIC DIVERSIFIED FUND LP","805-8876264783","CAPITAL FUND MANAGEMENT S.A.","801-61960","N"
"958926","CFM INSTITUTIONAL SYSTEMATIC DIVERSIFIED MASTER LIMITED","805-9557657574","CAPITAL FUND MANAGEMENT S.A.","801-61960","N"
"958842","PAN ASIA SELECT FUND I","805-1869510735","PORTFOLIO ADVISORS LLC","801-46369","N"
"958842","PAN ASIA SELECT FUND I (TAX EXEMPT)","805-5151091752","PORTFOLIO ADVISORS LLC","801-46369","N"
"958842","PAN ASIA SELECT FUND II","805-4688391976","PORTFOLIO ADVISORS LLC","801-46369","N"
"958842","PAN ASIA SELECT FUND II (TAX EXEMPT)","805-9434571329","PORTFOLIO ADVISORS LLC","801-46369","N"
"958842","PAN ASIA SELECT FUND III","805-4955524991","PORTFOLIO ADVISORS LLC","801-46369","N"
"959232","CQS ABS MASTER FUND LIMITED","805-3158996422","CQS CAYMAN LIMITED PARTNERSHIP","802-75856","N"
"959232","CQS ASIAN OPPORTUNITIES MASTER FUND LIMITED","805-7548527927","CQS CAYMAN LIMITED PARTNERSHIP","802-75856","N"
"959232","BIWA FUND LIMITED","805-9568695704","CQS CAYMAN LIMITED PARTNERSHIP","801-75856","N"
"959232","CQS DIRECTIONAL OPPORTUNITIES MASTER FUND LIMITED","805-6634533527","CQS CAYMAN LIMITED PARTNERSHIP","801-75856","N"
"959232","CQS DIVERSIFIED FUND (SPC) LIMITED SEGREGATED PORTFOLIO ALPHA","805-6555371537","CQS CAYMAN LIMITED PARTNERSHIP","801-75856","N"
"959232","CQS DIVERSIFIED FUND (SPC) LIMITED SEGREGATED PORTFOLIO ALPHA II","805-6643355033","CQS CAYMAN LIMITED PARTNERSHIP","801-75856","N"
"959232","CQS GLOBAL CONVERTIBLE ARBITRAGE MASTER FUND LIMITED","805-8411917602","CQS CAYMAN LIMITED PARTNERSHIP","801-75856","N"
"959232","CQS GLOBAL CONVERTIBLE SELECT MASTER FUND LIMITED","805-3719176476","CQS CAYMAN LIMITED PARTNERSHIP","801-75856","N"
"957686","BIRCHMERE VENTURES III LP","805-1802578428","BIRCHMERE MANAGEMENT LLC","802-75215","N"
"957686","BIRCHMERE VENTURES III TSIB LP","805-3984271966","BIRCHMERE MANAGEMENT LLC","802-75215","N"
"958431","ADVANCED TECHNOLOGY FUND LLC","805-5210259090","MOGO MANAGEMENT LLC","802-80541","N"
"958431","L3 CUBED LLC","805-8972408735","MOGO MANAGEMENT LLC","802-80541","N"
"957980","GT SPECIAL OPPORTUNITIES III, LP","805-1123039413","GERBER/TAYLOR MANAGEMENT COMPANY","801-56698","N"
"957980","MIDLAND INTERNATIONAL EQUITY QP FUND, LP","805-3568380211","GERBER/TAYLOR MANAGEMENT COMPANY","801-56698","N"
"957980","GT GLOBAL HEDGE LP","805-6198935424","GERBER/TAYLOR MANAGEMENT COMPANY","801-56698","N"
"957060","PIMCO FUNDS IRELAND PLC: CUSTOM EMERGING MULTI-ASSET FUND","805-2022169208","PACIFIC INVESTMENT MANAGEMENT COMPANY LLC","801-48187","N"
"957060","PIMCO FUNDS: GLOBAL INVESTORS SERIES PLC, PIMCO EMERGING MULTI-ASSET FUND","805-6059199853","PACIFIC INVESTMENT MANAGEMENT COMPANY LLC","801-48187","N"
"961226","SAMENA SPECIAL SITUATIONS FUND II L.P.","805-7373549869","SAMENA CAPITAL MANAGEMENT LLP","-","N"
"961226","SAMENA SPECIAL SITUATIONS FUND L.P.","805-5541299404","SAMENA CAPITAL MANAGEMENT LLP","-","N"
"960428","INDIA CAPITAL FUND LIMITED","805-7646328011","INDIA CAPITAL MANAGEMENT LIMITED","801-77056","N"
"961956","DCM MULTI-MANAGER MASTER FUND, LTD.","805-2752759451","DISCOVERY CAPITAL MANAGEMENT","802-75994","N"
"961956","PRELUDE OPPORTUNITY FUND, LP","805-1637413029","SPRINGBOK CAPITAL MANAGEMENT, LLC","801-73598","N"
"961956","MICAMOLD MULTI-MANAGER FUND, LP","805-8147293813","MICAMOLD MANAGEMENT, LLC","-","N"
"962064","TOPWATER STONEFLY FUND LLC","805-2756441721","LEUCADIA ASSET MANAGEMENT LLC","801-78221","N"
"944461","BLACKSTONE SENFINA MASTER FUND L.P.","805-5730088379","BLACKSTONE SENFINA ADVISORS LLC.","801-80104","N"
"942031","KALYSTA CAPITAL FUND (MAURITIUS)","805-3142541900","KALYSTA CAPITAL PRIVATE LTD MAURITIUS","-","N"
"942031","KALYSTA CAPITAL FUND II (MAURITIUS)","805-3264615546","KALYSTA CAPITAL PRIVATE LTD MAURITIUS","-","N"
"949972","HERMES GLOBAL INVESTMENT FUNDS (CAYMAN) MASTER, SPC","805-4875733738","HERMES INVESTMENT MANAGEMENT LIMITED","801-71218","Y"
"946490","BLACKROCK EUROPEAN CREDIT STRATEGIES - AGGREGATE","805-7887236816","BLACKROCK INVESTMENT MANAGEMENT, LLC","801-56972","Y"
"946490","BLACKROCK EUROPEAN CREDIT STRATEGIES (OFFSHORE) FUND","805-1015787848","BLACKROCK INVESTMENT MANAGEMENT, LLC","801-56972","Y"
"949644","ANCHORAGE CAPITAL MASTER OFFSHORE, LTD.","805-5198736608","ANCHORAGE CAPITAL GROUP, L.L.C.","801-65582","N"
"949644","ACPO MASTER, L.P.","805-3553709700","ANCHORAGE CAPITAL GROUP, L.L.C.","801-65582","N"
"949644","ANCHORAGE CAPITAL PARTNERS OFFSHORE, LTD.","805-6923176613","ANCHORAGE CAPITAL GROUP, L.L.C.","801-65582","N"
"949644","ANCHORAGE CAPITAL PARTNERS, L.P.","805-4533883775","ANCHORAGE CAPITAL GROUP, L.L.C.","801-65582","N"
"949644","ANCHORAGE ILLIQUID OPPORTUNITIES OFFSHORE MASTER II, L.P.","805-1329472194","ANCHORAGE CAPITAL GROUP, L.L.C.","801-65582","N"
"949644","ANCHORAGE ILLIQUID OPPORTUNITIES II, L.P.","805-1358560631","ANCHORAGE CAPITAL GROUP, L.L.C.","801-65582","N"
"949644","ANCHORAGE ILLIQUID OPPORTUNITIES INTERMEDIATE II, L.P.","805-9473011996","ANCHORAGE CAPITAL GROUP, L.L.C.","801-65582","N"
"949644","ANCHORAGE ILLIQUID OPPORTUNITIES OFFSHORE II, L.P.","805-6256373846","ANCHORAGE CAPITAL GROUP, L.L.C.","801-65582","N"
"949644","ANCHORAGE ILLIQUID OPPORTUNITIES OFFSHORE MASTER III, L.P.","805-3491122671","ANCHORAGE CAPITAL GROUP, L.L.C.","801-65582","N"
"949644","ANCHORAGE ILLIQUID OPPORTUNITIES III, L.P.","805-5388451822","ANCHORAGE CAPITAL GROUP, L.L.C.","801-65582","N"
"949644","ANCHORAGE ILLIQUID OPPORTUNITIES INTERMEDIATE III, L.P.","805-4689062623","ANCHORAGE CAPITAL GROUP, L.L.C.","801-65582","N"
"949644","ANCHORAGE ILLIQUID OPPORTUNITIES OFFSHORE III, L.P.","805-8084008156","ANCHORAGE CAPITAL GROUP, L.L.C.","801-65582","N"
"949644","ANCHORAGE ILLIQUID OPPORTUNITIES OFFSHORE MASTER, L.P.","805-6083217340","ANCHORAGE CAPITAL GROUP, L.L.C.","801-65582","N"
"949644","ANCHORAGE ILLIQUID OPPORTUNITIES INTERMEDIATE, L.P.","805-1051214313","ANCHORAGE CAPITAL GROUP, L.L.C.","801-65582","N"
"949644","ANCHORAGE ILLIQUID OPPORTUNITIES OFFSHORE, L.P.","805-2893200883","ANCHORAGE CAPITAL GROUP, L.L.C.","801-65582","N"
"949644","ANCHORAGE ILLIQUID OPPORTUNITIES, L.P.","805-6800398496","ANCHORAGE CAPITAL GROUP, L.L.C.","801-65582","N"
"949644","ANCHORAGE SHORT CREDIT OFFSHORE MASTER FUND, LTD.","805-8800530534","ANCHORAGE CAPITAL GROUP, L.L.C.","801-65582","N"
"949644","ANCHORAGE SHORT CREDIT FUND, L.P.","805-7061006499","ANCHORAGE CAPITAL GROUP, L.L.C.","801-65582","N"
"949644","ANCHORAGE SHORT CREDIT INTERMEDIATE FUND, L.P.","805-6814040001","ANCHORAGE CAPITAL GROUP, L.L.C.","801-65582","N"
"949644","ANCHORAGE SHORT CREDIT OFFSHORE FUND, LTD.","805-2185991300","ANCHORAGE CAPITAL GROUP, L.L.C.","801-65582","N"
"949644","GRF MASTER FUND II, L.P.","805-5747456961","ANCHORAGE CAPITAL GROUP, L.L.C.","801-65582","N"
"949644","PCI FUND LLC","805-7912608169","ANCHORAGE CAPITAL GROUP, L.L.C.","801-65582","N"
"949644","ANCHORAGE MSW STRUCTURED CREDIT MASTER, L.P.","805-7542803441","ANCHORAGE CAPITAL GROUP, L.L.C.","801-65582","N"
"949644","ANCHORAGE MSW STRUCTURED CREDIT OFFSHORE, L.P.","805-7087885377","ANCHORAGE CAPITAL GROUP, L.L.C.","801-65582","N"
"949644","GRF FUND, LTD. - CLASS B","805-7088213260","ANCHORAGE CAPITAL GROUP, L.L.C.","801-65582","N"
"949644","ANCHORAGE ILLIQUID OPPORTUNITIES III (B), L.P.","805-5808706672","ANCHORAGE CAPITAL GROUP, L.L.C.","801-65582","N"
"949644","AIO III AIV, L.P.","805-5669393322","ANCHORAGE CAPITAL GROUP, L.L.C.","801-65582","N"
"949644","Z-CDO LIQUIDATION FUND, L.P.","805-7285054024","ANCHORAGE CAPITAL GROUP, L.L.C.","801-65582","N"
"949644","ANCHORAGE CAPITAL CLO 2012-1, LTD.","805-4288128005","ANCHORAGE CAPITAL GROUP, L.L.C.","801-65582","N"
"949644","ANCHORAGE ILLIQUID OPPORTUNITIES INTERMEDIATE IV, L.P.","805-5748364586","ANCHORAGE CAPITAL GROUP, L.L.C.","801-65582","N"
"949644","ANCHORAGE ILLIQUID OPPORTUNITIES IV, L.P.","805-2721133266","ANCHORAGE CAPITAL GROUP, L.L.C.","801-65582","N"
"949644","ANCHORAGE ILLIQUID OPPORTUNITIES OFFSHORE IV, L.P.","805-7860461387","ANCHORAGE CAPITAL GROUP, L.L.C.","801-65582","N"
"949644","ANCHORAGE ILLIQUID OPPORTUNITIES OFFSHORE MASTER IV, L.P.","805-1974386633","ANCHORAGE CAPITAL GROUP, L.L.C.","801-65582","N"
"949644","ANCHORAGE CAPITAL CLO 3, LTD.","805-4217300373","ANCHORAGE CAPITAL GROUP, L.L.C.","801-65582","N"
"949644","ANCHORAGE CAPITAL CLO 4, LTD.","805-1642914206","ANCHORAGE CAPITAL GROUP, L.L.C.","801-65582","N"
"949644","ANCHORAGE ILLIQUID OPPORTUNITIES IV (B), L.P.","805-9245037215","ANCHORAGE CAPITAL GROUP, L.L.C.","801-65582","N"
"949644","ANCHORAGE CAPITAL CLO 5, LTD.","805-2189923253","ANCHORAGE CAPITAL GROUP, L.L.C.","801-65582","N"
"949644","ANCHORAGE CAPITAL CLO 6, LTD.","805-1577518037","ANCHORAGE CAPITAL GROUP, L.L.C.","801-65582","N"
"949644","AIO IV AIV, L.P.","805-5868107757","ANCHORAGE CAPITAL GROUP, L.L.C.","801-65582","N"
"949644","ANCHORAGE CAPITAL CLO 2013-1, LTD.","805-1045968733","ANCHORAGE CAPITAL GROUP, L.L.C.","801-65582","N"
"949646","ACPO MASTER, L.P.","805-3553709700","ANCHORAGE CAPITAL GROUP, L.L.C.","801-65582","N"
"949646","ANCHORAGE CAPITAL MASTER OFFSHORE, LTD.","805-5198736608","ANCHORAGE CAPITAL GROUP, L.L.C.","801-65582","N"
"949646","ANCHORAGE CAPITAL PARTNERS OFFSHORE, LTD.","805-6923176613","ANCHORAGE CAPITAL GROUP, L.L.C.","801-65582","N"
"949646","ANCHORAGE CAPITAL PARTNERS, L.P.","805-4533883775","ANCHORAGE CAPITAL GROUP, L.L.C.","801-65582","N"
"949646","ANCHORAGE ILLIQUID OPPORTUNITIES II, L.P.","805-1358560631","ANCHORAGE CAPITAL GROUP, L.L.C.","801-65582","N"
"949646","ANCHORAGE ILLIQUID OPPORTUNITIES III, L.P.","805-5388451822","ANCHORAGE CAPITAL GROUP, L.L.C.","801-65582","N"
"949646","ANCHORAGE ILLIQUID OPPORTUNITIES INTERMEDIATE II, L.P.","805-9473011996","ANCHORAGE CAPITAL GROUP, L.L.C.","801-65582","N"
"949646","ANCHORAGE ILLIQUID OPPORTUNITIES INTERMEDIATE III, L.P.","805-4689062623","ANCHORAGE CAPITAL GROUP, L.L.C.","801-65582","N"
"949646","ANCHORAGE ILLIQUID OPPORTUNITIES INTERMEDIATE, L.P.","805-1051214313","ANCHORAGE CAPITAL GROUP, L.L.C.","801-65582","N"
"949646","ANCHORAGE ILLIQUID OPPORTUNITIES OFFSHORE II, L.P.","805-6256373846","ANCHORAGE CAPITAL GROUP, L.L.C.","801-65582","N"
"949646","ANCHORAGE ILLIQUID OPPORTUNITIES OFFSHORE III, L.P.","805-8084008156","ANCHORAGE CAPITAL GROUP, L.L.C.","801-65582","N"
"949646","ANCHORAGE ILLIQUID OPPORTUNITIES OFFSHORE MASTER II, L.P.","805-1329472194","ANCHORAGE CAPITAL GROUP, L.L.C.","801-65582","N"
"949646","ANCHORAGE ILLIQUID OPPORTUNITIES OFFSHORE MASTER III, L.P.","805-3491122671","ANCHORAGE CAPITAL GROUP, L.L.C.","801-65582","N"
"949646","ANCHORAGE ILLIQUID OPPORTUNITIES OFFSHORE MASTER, L.P.","805-6083217340","ANCHORAGE CAPITAL GROUP, L.L.C.","801-65582","N"
"949646","ANCHORAGE ILLIQUID OPPORTUNITIES OFFSHORE, L.P.","805-2893200883","ANCHORAGE CAPITAL GROUP, L.L.C.","801-65582","N"
"949646","ANCHORAGE ILLIQUID OPPORTUNITIES, L.P.","805-6800398496","ANCHORAGE CAPITAL GROUP, L.L.C.","801-65582","N"
"949646","ANCHORAGE SHORT CREDIT FUND, L.P.","805-7061006499","ANCHORAGE CAPITAL GROUP, L.L.C.","801-65582","N"
"949646","ANCHORAGE SHORT CREDIT INTERMEDIATE FUND, L.P.","805-6814040001","ANCHORAGE CAPITAL GROUP, L.L.C.","801-65582","N"
"949646","ANCHORAGE SHORT CREDIT OFFSHORE FUND, LTD.","805-2185991300","ANCHORAGE CAPITAL GROUP, L.L.C.","801-65582","N"
"949646","ANCHORAGE SHORT CREDIT OFFSHORE MASTER FUND, LTD.","805-8800530534","ANCHORAGE CAPITAL GROUP, L.L.C.","801-65582","N"
"949646","GRF MASTER FUND II, L.P.","805-5747456961","ANCHORAGE CAPITAL GROUP, L.L.C.","801-65582","N"
"949646","PCI FUND LLC","805-7912608169","ANCHORAGE CAPITAL GROUP, L.L.C.","801-65582","N"
"949646","ANCHORAGE MSW STRUCTURED CREDIT MASTER, L.P.","805-7542803441","ANCHORAGE CAPITAL GROUP, L.L.C.","801-65582","N"
"949646","ANCHORAGE MSW STRUCTURED CREDIT OFFSHORE, L.P.","805-7087885377","ANCHORAGE CAPITAL GROUP, L.L.C.","801-65582","N"
"949646","GRF FUND, LTD. - CLASS B","805-7088213260","ANCHORAGE CAPITAL GROUP, L.L.C.","801-65582","N"
"949646","ANCHORAGE ILLIQUID OPPORTUNITIES III (B), L.P.","805-5808706672","ANCHORAGE CAPITAL GROUP, L.L.C.","801-65582","N"
"949646","AIO III AIV, L.P.","805-5669393322","ANCHORAGE CAPITAL GROUP, L.L.C.","801-65582","N"
"949646","Z-CDO LIQUIDATION FUND, L.P.","805-7285054024","ANCHORAGE CAPITAL GROUP, L.L.C.","801-65582","N"
"949646","ANCHORAGE CAPITAL CLO 2012-1, LTD.","805-4288128005","ANCHORAGE CAPITAL GROUP, L.L.C.","801-65582","N"
"949646","ANCHORAGE ILLIQUID OPPORTUNITIES INTERMEDIATE IV, L.P.","805-5748364586","ANCHORAGE CAPITAL GROUP, L.L.C.","801-65582","N"
"949646","ANCHORAGE ILLIQUID OPPORTUNITIES IV, L.P.","805-2721133266","ANCHORAGE CAPITAL GROUP, L.L.C.","801-65582","N"
"949646","ANCHORAGE ILLIQUID OPPORTUNITIES OFFSHORE IV, L.P.","805-7860461387","ANCHORAGE CAPITAL GROUP, L.L.C.","801-65582","N"
"949646","ANCHORAGE ILLIQUID OPPORTUNITIES OFFSHORE MASTER IV, L.P.","805-1974386633","ANCHORAGE CAPITAL GROUP, L.L.C.","801-65582","N"
"949646","ANCHORAGE CAPITAL CLO 2013-1, LTD.","805-1045968733","ANCHORAGE CAPITAL GROUP, L.L.C.","801-65582","N"
"949646","ANCHORAGE CAPITAL CLO 3, LTD.","805-4217300373","ANCHORAGE CAPITAL GROUP, L.L.C.","801-65582","N"
"949646","ANCHORAGE CAPITAL CLO 4, LTD.","805-1642914206","ANCHORAGE CAPITAL GROUP, L.L.C.","801-65582","N"
"949646","ANCHORAGE ILLIQUID OPPORTUNITIES IV (B), L.P.","805-9245037215","ANCHORAGE CAPITAL GROUP, L.L.C.","801-65582","N"
"949646","AIO IV AIV, L.P.","805-5868107757","ANCHORAGE CAPITAL GROUP, L.L.C.","801-65582","N"
"949646","ANCHORAGE CAPITAL CLO 5, LTD.","805-2189923253","ANCHORAGE CAPITAL GROUP, L.L.C.","801-65582","N"
"949646","ANCHORAGE CAPITAL CLO 6, LTD.","805-1577518037","ANCHORAGE CAPITAL GROUP, L.L.C.","801-65582","N"
"950428","PEDDER STREET ASIA ABSOLUTE RETURN MASTER FUND LIMITED","805-7884203922","PEDDER STREET INVESTMENT MANAGEMENT LIMITED","802-80095","Y"
"933192","ABERDEEN GLOBAL - INDIAN EQUITY FUND","805-4931719822","ABERDEEN ASSET MANAGEMENT ASIA LIMITED","801-62020","N"
"950963","THOMAS WEISEL HEALTHCARE VENTURE PARTNERS, L.P.","805-9563753733","THOMAS WEISEL CAPITAL MANAGEMENT LLC","801-56739","N"
"937111","FUNDSMITH EQUITY FUND LP","805-4487796467","FUNDSMITH, LLP","801-79120","N"
"951279","SAMENA SPECIAL SITUATIONS FUND II L.P.","805-7373549869","SAMENA CAPITAL MANAGEMENT, LLP","802-76348","N"
"951279","SAMENA SPECIAL SITUATIONS FUND L.P.","805-5541299404","SAMENA CAPITAL MANAGEMENT, LLP","802-76348","N"
"951289","SECONDARY CLUB DEAL II L.P.","805-4339165126","HSBC ALTERNATIVE INVESTMENTS LIMITED","802-80518","N"
"951289","THE REPUBLIC PRIVATE EQUITY TRUST","805-2988336948","HSBC ALTERNATIVE INVESTMENTS LIMITED","802-80518","N"
"951656","TOPWATER STONEFLY FUND LLC","805-2756441721","LEUCADIA ASSET MANAGEMENT LLC","801-78221","N"
"951096","THE ECO PRODUCTS FUND, L.P.","805-6618462875","EQUATOR, LLC","801-73002","N"
"962808","THOMAS WEISEL HEALTHCARE VENTURE PARTNERS, L.P.","805-9563753733","THOMAS WEISEL CAPITAL MANAGEMENT LLC","801-56739","N"
"963279","PRELUDE OPPORTUNITY FUND, LP","805-1637413029","SPRINGBOK CAPITAL MANAGEMENT, LLC","801-73598","N"
"958890","MAP 173, A SEGREGATED PORTFOLIO OF LMA SPC","805-8546144252","LIGHTHOUSE INVESTMENT PARTNERS, LLC","801-64978","N"
"962682","CFM INSTITUTIONAL SYSTEMATIC DIVERSIFIED FUND LP","805-8876264783","CAPITAL FUND MANAGEMENT S.A.","801-61960","N"
"962682","CFM INSTITUTIONAL SYSTEMATIC DIVERSIFIED MASTER LIMITED","805-9557657574","CAPITAL FUND MANAGEMENT S.A.","801-61960","N"
"963234","EVOLUTION SPECIAL OPPORTUNITIES LTD. II SPC, SEGREGATED PORTFOLIO C","805-2503255212","EVOLUTION CAPITAL MANAGEMENT LLC","802-79704","N"
"961773","HERMES GLOBAL INVESTMENT FUNDS (CAYMAN) MASTER, SPC","805-4875733738","HERMES INVESTMENT MANAGEMENT LIMITED","801-71218","Y"
"961770","THE ACCELERATOR FUND, LP","805-6749267868","PACIFIC CURRENT GROUP","801-72415","N"
"963507","ABERDEEN GLOBAL - INDIAN EQUITY FUND","805-4931719822","ABERDEEN ASSET MANAGEMENT ASIA LIMITED","801-62020","N"
"954326","GALENA FUND LP","805-9771613159","GALENA ASSET MANAGEMENT SA","802-80120","N"
"954326","GALENA MACRO OPPORTUNITIES MASTER FUND L.P.","805-6591926497","GALENA ASSET MANAGEMENT SA","802-80120","N"
"954326","GALENA MALACHITE FUND LP","805-7369069988","GALENA ASSET MANAGEMENT SA","802-80120","N"
"948017","ECM SENIOR SECURED FUND SARL","805-5907416692","ECM","801-63516","N"
"948017","ECM SENIOR SECURED FUND SICAV - SIF","805-2203275442","ECM","801-63516","N"
"962741","MAP 501, A SUB-TRUST OF LMA IRELAND","805-7509218312","LIGHTHOUSE INVESTMENT PARTNERS, LLC","801-64978","N"
"962741","MAP 502, A SUBTRUST OF LMA IRELAND","805-5000885206","LIGHTHOUSE INVESTMENT PARTNERS, LLC","801-64978","N"
"962741","MAP 504, A SUB-TRUST OF LMA IRELAND","805-2473650150","LIGHTHOUSE INVESTMENT PARTNERS, LLC","801-64978","N"
"962585","BIRCHMERE VENTURES III LP","805-1802578428","BIRCHMERE MANAGEMENT LLC","802-75215","N"
"962585","BIRCHMERE VENTURES III TSIB LP","805-3984271966","BIRCHMERE MANAGEMENT LLC","802-75215","N"
"954317","GALENA PRIVATE EQUITY RESOURCES FUND LP","805-1995245505","GALENA ASSET MANAGEMENT SA","802-80120","N"
"954317","GALENA PRIVATE EQUITY RESOURCES INVESTMENT LP","805-6788352286","GALENA ASSET MANAGEMENT SA","802-80120","N"
"954317","GALENA PRIVATE EQUITY RESOURCES CO-INVESTMENT LP","805-1364943958","GALENA ASSET MANAGEMENT SA","802-80120","N"
"960718","ABERDEEN GLOBAL - INDIAN EQUITY FUND","805-4931719822","ABERDEEN ASSET MANAGEMENT ASIA LIMITED","801-62020","N"
