"FilingID","ReferenceID","Private Fund Name","Fund ID"
"948977","64763","PEDDER STREET ASIA ABSOLUTE RETURN FUND LIMITED","805-5410216716"
"945321","166942","RDC CAPITAL PARTNERS FUND LP","805-3898885556"
"945830","65182","SQN INVESTORS FUND LP","805-9996892043"
"945830","65182","SQN INVESTORS OFFSHORE LTD","805-1112888417"
"949661","166942","RDC CAPITAL PARTNERS FUND LP","805-3898885556"
"945841","167006","FLORIN COURT CAPITAL FUND","805-8910687846"
"946490","41687","BLACKROCK EMERGING FRONTIERS FUND LIMITED","805-3948069616"
"946490","41724","BLACKROCK EUROPEAN HEDGE FUND LIMITED","805-3745977516"
"946490","41661","BLACKROCK ALETSCH HEDGE FUND LIMITED","805-6323143891"
"950181","167189","SW7 US EQUITIES FUND I LIMITED","805-8334538567"
"950181","167191","SW7 US EQUITIES FUND I LIMITED","805-8334538567"
"950181","167191","SW7 US EQUITIES FUND I LP","805-7259213423"
"950181","167189","SW7 US EQUITIES FUND I LP","805-7259213423"
"945839","60377","SCREP V JAPAN INSTITUTIONAL FEEDER G, L.P.","805-7625615767"
"945839","60376","SCREP V JAPAN INSTITUTIONAL FEEDER C, L.P.","805-7172332107"
"945839","60375","SCREP V JAPAN FEEDER B, L.P.","805-3312073702"
"945839","60375","SCREP V JAPAN FEEDER A, L.P.","805-3878579359"
"945839","50037","PAG ASIA LOAN FEEDER FUND LP","805-4893849940"
"945839","50037","PAG ASIA LOAN FEEDER FUND II L.P","805-8965402736"
"945839","22136","PACIFIC ALLIANCE ASIA OPPORTUNITY FEEDER FUND LIMITED","805-3631386866"
"945839","22136","PACIFIC ALLIANCE ASIA OPPORTUNITY FEEDER FUND II LIMITED","805-4833591087"
"945839","22136","PACIFIC ALLIANCE ASIA OPPORTUNITY FEEDER FUND III LIMITED","805-3299265325"
"945839","22136","PACIFIC ALLIANCE OPPORTUNITY FUND LIMITED","805-1261677471"
"945839","21571","SECURED CAPITAL JAPAN REAL ESTATE PARTNERS IV CAYMAN, L.P.","805-9456759624"
"945839","21571","SECURED CAPITAL JAPAN REAL ESTATE PARTNERS IV, L.P.","805-6210072598"
"945839","22994","PACIFIC ALLIANCE-FF FEEDER FUND, L.P.","805-1445493966"
"945839","23013","PAG ASIA I FEEDER FUND LP","805-8114356887"
"945839","22985","PACIFIC ALLIANCE ASIA SPECIAL SITUATIONS FEEDER FUND L.P.","805-2087714037"
"945839","22136","PACIFIC ALLIANCE ASIA OPPORTUNITY FEEDER FUND IV FEEDER FUND L.P.","805-3446083476"
"945839","50352","SCREP V FEEDER B, L.P.","805-3844046057"
"945839","50352","SCREP V FEEDER A, L.P.","805-5457241567"
"945839","73932","PAG ASIA LOAN II FEEDER FUND II L.P.","805-8348551117"
"945839","73932","PAG ASIA LOAN II FEEDER FUND L.P","805-7417060723"
"945839","73928","PAG ASIA SPECIAL SITUATIONS II FEEDER FUND L.P.","805-9607667655"
"948111","167177","TAH CORE FUND (OFFSHORE), LTD.","805-8957240823"
"948111","167177","TAH CORE FUND, LLC","805-3725419096"
"949947","65827","LIQUIDALTS H2O FORCE 10 FEEDER FUND","805-5828069236"
"949947","65815","LIQUIDALTS OMEGA FEEDER FUND","805-4402578760"
"949947","65805","LIQUIDALTS TUDOR TENSOR FEEDER FUND","805-2311533065"
"950628","43359","EKLEKTIKOS ABSOLUTE RETURN INTERNATIONAL FUND LTD.","805-8234483309"
"950628","43359","EKLEKTIKOS ABSOLUTE RETURN FUND LP","805-4327931652"
"950628","43357","CITI GREENWICH STREET PARTNERS II OFFSHORE FUND","805-2706830837"
"949280","30690","VISION EMERGING ASSET-BACKED FUND IV - SEGREGATED PORTFOLIO 7","805-6347748312"
"950775","167357","HONEYCOMB ECONOMIC DEVELOPMENT (CAYMAN) FUND, L.P.","805-1504288007"
"951091","167006","FLORIN COURT CAPITAL FUND","805-8910687846"
"940965","96236","KINTBURY EQUITY FUND LP","805-1265254438"
"940965","96236","KINTBURY EQUITY FUND LIMITED","805-5579721189"
"947985","64110","CALIXTO GLOBAL OFFSHORE FUND, LTD","805-5337587070"
"947985","64110","CALIXTO GLOBAL DOMESTIC FUND, LP","805-8343192151"
"951949","58422","JB INVESTMENTS OFFSHORE FUND II, LTD.","805-8200530755"
"940577","76380","SENET OFFSHORE FUND LTD","805-9782521669"
"940577","76380","SENET PARTNERS LP","805-4034863567"
"950022","167298","DOMANDO FUND LTD","805-9321853983"
"950022","167298","DOMANDO FUND LP","805-2182297219"
"952200","56954","TOTEM POINT OFFSHORE FUND, LTD.","805-1945685533"
"952200","56954","TOTEM POINT PARTNERS, LP","805-8630760681"
"950839","55706","ORCHARD HILL ASIAN OPPORTUNITY OFFSHORE FUND LTD.","805-6435198857"
"950839","55706","ORCHARD HILL ASIAN OPPORTUNITY INTERMEDIATE FUND LP","805-9410254911"
"950839","55706","ORCHARD HILL ASIAN OPPORTUNITY DOMESTIC FUND LP","805-3371800189"
"950839","45579","ORCHARD HILL OFFSHORE FUND LTD.","805-4583094379"
"950839","45579","ORCHARD HILL INTERMEDIATE FUND LP","805-2375003780"
"950839","45579","ORCHARD HILL DOMESTIC FUND LP","805-7833777161"
"952469","167104","QUADRATURE CAPITAL VECTOR FUND LP","805-4762365581"
"952469","167104","QUADRATURE CAPITAL VECTOR FUND LIMITED","805-2382882862"
"952493","39708","BLACK HORSE CAPITAL OFFSHORE LTD","805-2794771395"
"952535","58422","JB INVESTMENTS OFFSHORE FUND II, LTD.","805-8200530755"
"952306","167519","PETROLEUM EQUITY RHO (SPECIAL LIMITED PARTNER), LP","805-1700453038"
"952996","73410","PERMIRA CREDIT SOLUTIONS II SENIOR (FEEDER) L.P.","805-6014940168"
"950258","52082","HIP III GUERNSEY L.P. INC.","805-9548817708"
"950258","52082","HIP III INTERNATIONAL L.P.","805-9012001843"
"950258","12652","HIP II INTERNATIONAL L.P.","805-8408341840"
"950258","12382","HIP INTERNATIONAL L.P.","805-5105915710"
"952739","167567","ENHANCED INDEX FUNDS (CAYMAN) LIMITED","805-4039492820"
"953689","55146","RONIT GLOBAL OPPORTUNITIES FUND LTD.","805-1095637041"
"953689","55146","RONIT GLOBAL OPPORTUNITIES FUND LP","805-4099512482"
"953198","167561","SCIENS GROUP ALTERNATIVE STRATEGIES PCC LIMITED","805-2593127585"
"954261","58441","WHITEHAVEN CREDIT OPPORTUNITIES FUND, LTD.","805-4015133100"
"954261","58441","WHITEHAVEN CREDIT OPPORTUNITIES FUND, LP","805-4209012447"
"953775","120684","ASIA CORE REAL ESTATE FUND (FEEDER) LP","805-6909532014"
"953842","20940","XANGBO TRADE CREDIT OFFSHORE FUND LTD","805-1618030930"
"937068","166836","ION ISRAEL FUND LLC","805-5767453407"
"937068","166836","ION ISRAEL FEEDER FUND 2013 LTD.","805-8042389961"
"937068","166836","ION ISRAEL FEEDER FUND LTD.","805-9311557534"
"954777","55167","SILVARIS ONSHORE FUND LP","805-6476653302"
"954777","55167","SILVARIS OFFSHORE FUND LIMITED","805-2631971628"
"954020","167644","ELEGANTREE FUND SPC VAUD SEGREGATED PORTFOLIO","805-1590998345"
"954020","167644","ELEGANTREE FUND SPC LUCERNE SEGREGATED PORTFOLIO","805-8890967302"
"954020","167644","ELEGANTREE FUND LLC BERN SEGREGATED PORTFOLIO","805-6596537685"
"954020","167626","ELEGANTREE 2015 TACTICAL FUND LLC","805-7404527395"
"954020","167626","ELEGANTREE 2015 TACTICAL FUND LTD","805-1268108603"
"954020","167622","ELEGANTREE 2015 TACTICAL FUND LLC","805-7404527395"
"954020","167622","ELEGANTREE 2015 TACTICAL FUND LTD","805-1268108603"
"954020","66579","BLACK FOREST STRUCTURED LENDING FUND LTD","805-9114558382"
"954020","66579","BLACK FOREST STRUCTURED LENDING FUND LLC","805-6916392455"
"954020","66562","ELEGANTREE FUND SPC BERN SEGREGATED PORTFOLIO","805-5494262058"
"954020","66560","ELEGANTREE FUND SPC BERN SEGREGATED PORTFOLIO","805-5494262058"
"954020","66560","ELEGANTREE FUND SPC VAUD SEGREGATED PORTFOLIO","805-1590998345"
"954020","66560","ELEGANTREE FUND SPC LUCERNE SEGREGATED PORTFOLIO","805-8890967302"
"954020","66560","ELEGANTREE FUND LLC BERN SEGREGATED PORTFOLIO","805-6596537685"
"954020","66559","ELEGANTREE FUND SPC VAUD SEGREGATED PORTFOLIO","805-1590998345"
"954020","66558","ELEGANTREE FUND SPC BASEL-LANDSCHAFT SEGREGATED PORTFOLIO","805-9234771810"
"954020","66558","ELEGANTREE FUND SPC LUCERNE SEGREGATED PORTFOLIO","805-8890967302"
"954020","66558","ELEGANTREE FUND LLC BERN SEGREGATED PORTFOLIO","805-6596537685"
"954020","66559","ELEGANTREE FUND SPC LUCERNE SEGREGATED PORTFOLIO","805-8890967302"
"954020","66559","ELEGANTREE FUND LLC BERN SEGREGATED PORTFOLIO","805-6596537685"
"954020","66558","ELEGANTREE FUND SPC VAUD SEGREGATED PORTFOLIO","805-1590998345"
"954020","66556","ELEGANTREE FUND SPC VAUD SEGREGATED PORTFOLIO","805-1590998345"
"954020","66556","ELEGANTREE FUND SPC LUCERNE SEGREGATED PORTFOLIO","805-8890967302"
"954020","66556","ELEGANTREE FUND LLC BERN SEGREGATED PORTFOLIO","805-6596537685"
"954020","56600","ELEGANTREE FUND SPC VAUD SEGREGATED PORTFOLIO","805-1590998345"
"954020","56600","ELEGANTREE FUND SPC LUCERNE SEGREGATED PORTFOLIO","805-8890967302"
"954020","56600","ELEGANTREE FUND LLC BERN SEGREGATED PORTFOLIO","805-6596537685"
"954020","56599","ELEGANTREE FUND SPC BASEL-STADT SEGREGATED PORTFOLIO","805-4412443884"
"954020","56597","ELEGANTREE FUND SPC BASEL-STADT SEGREGATED PORTFOLIO","805-4412443884"
"954020","56597","ELEGANTREE FUND SPC BERN SEGREGATED PORTFOLIO","805-5494262058"
"954020","56597","ELEGANTREE FUND SPC VAUD SEGREGATED PORTFOLIO","805-1590998345"
"954020","56597","ELEGANTREE FUND SPC LUCERNE SEGREGATED PORTFOLIO","805-8890967302"
"954020","56597","ELEGANTREE FUND LLC BERN SEGREGATED PORTFOLIO","805-6596537685"
"954020","56596","ELEGANTREE FUND SPC BERN SEGREGATED PORTFOLIO","805-5494262058"
"954020","56596","ELEGANTREE FUND SPC VAUD SEGREGATED PORTFOLIO","805-1590998345"
"954020","56596","ELEGANTREE FUND SPC LUCERNE SEGREGATED PORTFOLIO","805-8890967302"
"954020","56596","ELEGANTREE FUND LLC BERN SEGREGATED PORTFOLIO","805-6596537685"
"954020","56590","ELEGANTREE FUND LLC NORTHWEST SEGREGATED PORTFOLIO","805-6447607537"
"954020","56590","ELEGANTREE FUND SPC BERN SEGREGATED PORTFOLIO","805-5494262058"
"954020","44147","ELEGANTREE FUND SPC BASEL-STADT SEGREGATED PORTFOLIO","805-4412443884"
"954020","44150","ELEGANTREE FUND SPC BASEL-STADT SEGREGATED PORTFOLIO","805-4412443884"
"954020","44147","ELEGANTREE FUND LLC BERN SEGREGATED PORTFOLIO","805-6596537685"
"954020","44147","ELEGANTREE FUND SPC VAUD SEGREGATED PORTFOLIO","805-1590998345"
"954020","44147","ELEGANTREE FUND SPC BERN SEGREGATED PORTFOLIO","805-5494262058"
"954020","43959","CHAPELGATE CREDIT OPPORTUNITY FUND LP","805-8595165777"
"954020","43959","CHAPELGATE CREDIT OPPORTUNITY FUND LIMITED","805-8879966696"
"954020","66561","ELEGANTREE FUND SPC BASEL-STADT SEGREGATED PORTFOLIO","805-4412443884"
"954020","167654","ELEGANTREE FUND SPC BASEL-STADT SEGREGATED PORTFOLIO","805-4412443884"
"954020","167645","ELEGANTREE FUND SPC VAUD SEGREGATED PORTFOLIO","805-1590998345"
"954020","167645","ELEGANTREE FUND SPC LUCERNE SEGREGATED PORTFOLIO","805-8890967302"
"954020","167645","ELEGANTREE FUND LLC BERN SEGREGATED PORTFOLIO","805-6596537685"
"954020","167642","ELEGANTREE FUND SPC VAUD SEGREGATED PORTFOLIO","805-1590998345"
"954020","167642","ELEGANTREE FUND SPC LUCERNE SEGREGATED PORTFOLIO","805-8890967302"
"954020","167642","ELEGANTREE FUND LLC BERN SEGREGATED PORTFOLIO","805-6596537685"
"955891","43416","NORTH POLE SELECT","805-2482004574"
"955891","43409","NORTH POLE CAPITAL INVESTMENTS LIMITED","805-7691766952"
"955891","43409","NORTH POLE DELEWARE, LP","805-3498150038"
"955891","43409","NORTH POLE OFFSHORE","805-4708458066"
"942686","167044","ROKOS GLOBAL MACRO FUND LP","805-5117878927"
"942686","167044","ROKOS GLOBAL MACRO FUND LIMITED","805-6246858655"
"949275","167252","GRANITE POINT CAPITAL MASTER FUND, L.P.","805-3201960336"
"949275","27978","GRANITE POINT CAPITAL OFFSHORE FUND, LTD.","805-4616097624"
"949275","27978","GRANITE POINT CAPITAL, L.P.","805-5836101985"
"949275","167254","GRANITE POINT CAPITAL MASTER FUND, L.P.","805-3201960336"
"949275","167253","GRANITE POINT CAPITAL MASTER FUND, L.P.","805-3201960336"
"953374","56238","POST STREET OFFSHORE FUND LTD.","805-3661861167"
"953374","56238","POST STREET FUND LP","805-7018550519"
"951639","166360","TRP (ENDURANCE) TFO FEEDER LP","805-7895373416"
"954296","59330","CEPHEI QFII CHINA ABSOLUTE RETURN US FEEDER FUND LTD.","805-9352776299"
"954296","59330","CEPHEI QFII CHINA ABSOLUTE RETURN OFFSHORE FEEDER FUND LTD.","805-5148055909"
"954296","51003","CDH FUND V FEEDER, L.P.","805-1406487444"
"954296","43597","CDH FUND IV FEEDER, L.P.","805-1684919112"
"954296","43596","CDH SUPPLEMENTARY FUND III FEEDER, L.P.","805-3033562214"
"954296","43594","CDH CHINA GROWTH CAPITAL FUND II INVESTORS, L.P.","805-5627454529"
"954296","43595","CDH CHINA FUND III FEEDER, L.P.","805-2899417443"
"954359","43359","EKLEKTIKOS ABSOLUTE RETURN INTERNATIONAL FUND LTD.","805-8234483309"
"954359","43359","EKLEKTIKOS ABSOLUTE RETURN FUND LP","805-4327931652"
"954359","43357","CITI GREENWICH STREET PARTNERS II OFFSHORE FUND","805-2706830837"
"953731","56054","CAM IV PRIVATE EQUITY MANAGER GBR","805-9876711531"
"953731","36123","MILLENNIA BALANCED EUROPEAN PRIVATE EQUITY PORTFOLIO GBR I. L.","805-5543929026"
"952263","113239","CORRIB ONSHORE FUND LP","805-2536046812"
"952263","113239","CORRIB OFFSHORE FUND LTD.","805-6120979883"
"944802","166975","ORCHARD VIEW CAPITAL OFFSHORE FUND LTD.","805-9891234271"
"944802","166975","ORCHARD VIEW CAPITAL PARTNERS LP","805-5592484884"
"953110","34831","GAVEA INVESTMENT FUND LTD","805-1639515064"
"953110","34831","GAVEA INVESTMENT FUND US LP","805-9640245351"
"953110","37784","G�VEA FUND LTD","805-5873792409"
"953110","37784","G�VEA FUND US LP","805-4355956517"
"953110","50487","GAVEA JUS BRAZILIAN GOVERNMENT LIABILITIES FUND II-B L.P. L.P.","805-7207446081"
"953110","61813","GAVEA FUND PLUS LTD","805-2648853380"
"953110","50487","GAVEA JUS BRAZILIAN GOVERNMENT LIABILITIES FUND II-A L.P.","805-4739126215"
"953110","61813","GAVEA FUND PLUS US LP","805-1966775717"
"956275","162212","SNOW PARK CAPITAL PARTNERS OFFSHORE FUND, LTD","805-9750801474"
"956504","65827","LIQUIDALTS H2O FORCE 10 FEEDER FUND","805-5828069236"
"956504","65815","LIQUIDALTS OMEGA FEEDER FUND","805-4402578760"
"956504","65805","LIQUIDALTS TUDOR TENSOR FEEDER FUND","805-2311533065"
"957005","24960","ELMROCK OPPORTUNITY FUND I, LTD.","805-7822900202"
"957005","24960","ELMROCK OPPORTUNITY FUND I, LP","805-5075441642"
"956503","167870","GENESIS CAPITAL PARTNERS ONSHORE FUND LLC","805-5970356362"
"956503","167870","GENESIS CAPITAL PARTNERS OFFSHORE FUND LTD.","805-1421585864"
"955012","68161","MONK'S HILL VENTURES FUND I, L.P.","805-9804081290"
"955012","68161","MONK'S HILL VENTURES INSIGHT FUND I, L.P.","805-5637487581"
"955012","68160","MONK'S HILL VENTURES FUND I, L.P.","805-9804081290"
"955012","68160","MONK'S HILL VENTURES INSIGHT FUND I, L.P.","805-5637487581"
"956635","47027","VINCI ZAFFERANO EMERGING MARKETS OPPORTUNITIES FUND LIMITED,","805-4058779644"
"956635","47027","VINCI ZAFFERANO EMERGING MARKETS OPPORTUNITIES FUND L.P.","805-7744062837"
"955628","2655","ONSLOW MACRO FUND (CAYMAN) LIMITED","805-8736996285"
"956867","120684","ASIA CORE REAL ESTATE FUND (FEEDER) LP","805-6909532014"
"936703","165158","DOMEYARD RESEARCH, LP","805-1465478863"
"936703","165158","DOMEYARD RESEARCH, LTD.","805-2805442256"
"951295","167432","IDALION GLOBAL FUND LIMITED","805-6423219256"
"951295","167432","IDALION GLOBAL FUND LP","805-9617265539"
"953341","38850","AMP CAPITAL INFRASTRUCTURE DEBT FUND (USD), LP","805-3055492140"
"953341","38850","AMP CAPITAL INFRASTRUCTURE DEBT FUND (JPY), LP","805-4979812865"
"956769","54183","MARSHALL WACE MANAGED ACCOUNTS PLC - MW TOPS INTERNATIONAL EQUITIES FUND II","805-6179913507"
"956769","168079","MARSHALL WACE FUNDS PLC - MW EUROPA LONG-ONLY FUND","805-6324206540"
"956769","34858","MARSHALL WACE FUNDS PLC - MW TOPS ERISA FUND","805-4664422577"
"956769","35256","MARSHALL WACE MANAGED ACCOUNTS PLC - MW EUREKA FUND III","805-1841630540"
"956769","35256","MARSHALL WACE FUNDS LP - MW EUREKA (US) FUND II","805-5287498910"
"956769","35294","MARSHALL WACE MANAGED ACCOUNTS PLC - MW EUROPA FUND II","805-1858853797"
"956769","35456","MARSHALL WACE FUNDS LP - MW MARKET NEUTRAL TOPS (US) FUND","805-6328654416"
"956769","34858","MARSHALL WACE FUNDS LP - MW TOPS (US) FUND","805-1323343128"
"956769","54183","MARSHALL WACE MANAGED ACCOUNTS PLC - MW TOPS INTERNATIONAL EQUITIES FUND","805-4863460587"
"956769","54185","MARSHALL WACE MANAGED ACCOUNTS PLC - MW TOPS COMPOSITE FUND","805-9757363888"
"956769","35256","MARSHALL WACE FUNDS LP - MW EUREKA (US) FUND","805-8281242279"
"956769","35456","MARSHALL WACE FUNDS PLC - MW MARKET NEUTRAL TOPS FUND","805-1740049001"
"956769","35353","MARSHALL WACE MANAGED ACCOUNTS PLC - MW EUROPA SRI FUND","805-7740378767"
"956769","34858","MARSHALL WACE FUNDS PLC - MW TOPS FUND","805-6839575389"
"956769","35294","MARSHALL WACE FUNDS PLC - MW EUROPA FUND","805-4009501864"
"956769","35256","MARSHALL WACE FUNDS PLC - MW EUREKA FUND","805-9818888736"
"956769","35256","MARSHALL WACE MANAGED ACCOUNTS PLC - MW EUREKA V","805-4153206103"
"956769","64347","MARSHALL WACE FUNDS LP - MW TOPS WORLD EQUITIES (US) FUND","805-8676386272"
"956769","35449","MARSHALL WACE FUNDS LP - MW TOPS (US) FUND II","805-6823853341"
"959415","27676","CQS DIRECTIONAL OPPORTUNITIES FEEDER FUND, LP","805-1919423369"
"959415","27676","CQS DIRECTIONAL OPPORTUNITIES FEEDER FUND LIMITED","805-8129460675"
"959415","27556","CQS CREDIT LONG SHORT FEEDER FUND LIMITED","805-3988320397"
"959415","27184","CQS ABS FEEDER FUND, LP","805-6429981081"
"959415","27184","CQS ABS FEEDER FUND LIMITED","805-6339203210"
"959415","73736","CQS GLOBAL CONVERTIBLE ARBITRAGE FEEDER FUND LIMITED","805-8869198690"
"959415","168240","CQS GLOBAL CONVERTIBLE SELECT FEEDER FUND LIMITED","805-7161734990"
"959415","168241","CQS ASIAN OPPORTUNITIES FEEDER FUND LIMITED","805-7063694783"
"960226","55167","SILVARIS ONSHORE FUND LP","805-6476653302"
"960226","55167","SILVARIS OFFSHORE FUND LIMITED","805-2631971628"
"956780","56054","CAM IV PRIVATE EQUITY MANAGER GBR","805-9876711531"
"956780","36123","MILLENNIA BALANCED EUROPEAN PRIVATE EQUITY PORTFOLIO GBR I. L.","805-5543929026"
"960404","166942","RDC CAPITAL PARTNERS FUND LP","805-3898885556"
"958131","2775","AZENTUS GLOBAL OPPORTUNITIES FUND L.P.","805-5252956771"
"958131","2775","AZENTUS GLOBAL OPPORTUNITIES FUND LIMITED","805-9781947727"
"943885","166896","BACH OPTION FEEDER FUND","805-7363123655"
"948497","167250","AILANTHUS CAPITAL PARTNERS, LP","805-6425251262"
"948497","167250","AILANTHUS CAPITAL PARTNERS, LTD.","805-7751114652"
"959232","168225","CQS AIGUILLE DU CHARDONNET FF S.C.A. SICAV-SIF","805-9292779020"
"944693","166914","THREE STONES FEEDER","805-3701642803"
"957254","167951","EXCEL ALTA CAPITAL OFFSHORE FEEDER FUND LIMITED","805-4630679925"
"950410","167329","SERES ASIAN OPPORTUNITIES FUND","805-1498098147"
"961518","23030","HPEF6 FEEDER FUND L.P.","805-3884406134"
"957303","168015","ANAVIO CAPITAL FUND LIMITED","805-1159143924"
"960169","65827","LIQUIDALTS H2O FORCE 10 FEEDER FUND","805-5828069236"
"960169","65815","LIQUIDALTS OMEGA FEEDER FUND","805-4402578760"
"960169","65805","LIQUIDALTS TUDOR TENSOR FEEDER FUND","805-2311533065"
"961596","43711","IGCF FEEDER FUND L.P.","805-8792379527"
"961997","165158","DOMEYARD RESEARCH, LP","805-1465478863"
"961997","165158","DOMEYARD RESEARCH, LTD.","805-2805442256"
"961511","22991","ICHIGO JAPAN FUND K","805-3978698850"
"961511","22991","LONG TERM VALUE FUND LP","805-8311616822"
"961511","22991","ICHIGO JAPAN FUND H LP","805-5403199325"
"961511","22991","ICHIGO JAPAN FUND B","805-8122909864"
"961511","22991","ICHIGO JAPAN FUND G LP","805-6742351142"
"961511","22991","ICHIGO JAPAN FUND E","805-7979080935"
"961511","22991","ICHIGO JAPAN FUND D","805-2107670624"
"961511","22991","ICHIGO JAPAN FUND C LP","805-2927982282"
"963188","64065","CANOSA GLOBAL MACRO FUND LIMITED","805-1200816782"
"948438","64827","FRANKLIN TEMPLETON EMERGING MARKET DEBT OPPORTUNITIES FUND, L.P.","805-9012652721"
"948438","64827","FRANKLIN TEMPLETON EMERGING MARKET DEBT OPPORTUNITIES (CAYMAN) FUND, LTD.","805-9699929632"
"963826","120734","GEMSSTOCK FUND","805-3663507157"
"963826","120734","GEMSSTOCK FUND LP","805-9126583020"
"964417","7525","STEEL PARTNERS JAPAN STRATEGIC OFFSHORE FUND, LTD.","805-9435484955"
"964417","7525","STEEL PARTNERS JAPAN STRATEGIC FUND, L.P.","805-9098159558"
"962741","54183","MARSHALL WACE MANAGED ACCOUNTS PLC - MW TOPS INTERNATIONAL EQUITIES FUND II","805-6179913507"
"962741","168079","MARSHALL WACE FUNDS PLC - MW EUROPA LONG-ONLY FUND","805-6324206540"
"962741","34858","MARSHALL WACE FUNDS PLC - MW TOPS ERISA FUND","805-4664422577"
"962741","35256","MARSHALL WACE MANAGED ACCOUNTS PLC - MW EUREKA FUND III","805-1841630540"
"962741","35256","MARSHALL WACE FUNDS LP - MW EUREKA (US) FUND II","805-5287498910"
"962741","35294","MARSHALL WACE MANAGED ACCOUNTS PLC - MW EUROPA FUND II","805-1858853797"
"962741","35456","MARSHALL WACE FUNDS LP - MW MARKET NEUTRAL TOPS (US) FUND","805-6328654416"
"962741","34858","MARSHALL WACE FUNDS LP - MW TOPS (US) FUND","805-1323343128"
"962741","54183","MARSHALL WACE MANAGED ACCOUNTS PLC - MW TOPS INTERNATIONAL EQUITIES FUND","805-4863460587"
"962741","54185","MARSHALL WACE MANAGED ACCOUNTS PLC - MW TOPS COMPOSITE FUND","805-9757363888"
"962741","35256","MARSHALL WACE FUNDS LP - MW EUREKA (US) FUND","805-8281242279"
"962741","35456","MARSHALL WACE FUNDS PLC - MW MARKET NEUTRAL TOPS FUND","805-1740049001"
"962741","35353","MARSHALL WACE MANAGED ACCOUNTS PLC - MW EUROPA SRI FUND","805-7740378767"
"962741","34858","MARSHALL WACE FUNDS PLC - MW TOPS FUND","805-6839575389"
"962741","35294","MARSHALL WACE FUNDS PLC - MW EUROPA FUND","805-4009501864"
"962741","35449","MARSHALL WACE FUNDS LP - MW TOPS (US) FUND II","805-6823853341"
"962741","35256","MARSHALL WACE FUNDS PLC - MW EUREKA FUND","805-9818888736"
"962741","35256","MARSHALL WACE MANAGED ACCOUNTS PLC - MW EUREKA V","805-4153206103"
"962741","64347","MARSHALL WACE FUNDS LP - MW TOPS WORLD EQUITIES (US) FUND","805-8676386272"
"954305","167655","GALENA MACRO OPPORTUNITIES FUND L.P.","805-5711482625"
"954305","167655","GALENA MACRO OPPORTUNITIES FUND LIMITED","805-1031804844"
"954305","64989","GALENA COMMODITY TRADE FINANCE FUND LIMITED","805-1066243450"
"954305","64988","TWM FUND OF FUNDS SP A SEGREGATED PORTFOLIO OF T WEALTH MANAGEMENT FUND SPC","805-1904600259"
"954305","64986","GALENA PRIVATE EQUITY RESOURCES FUND LP","805-1995245505"
"954305","64987","GALENA SPECIAL SITUATIONS FUND LIMITED","805-9058539425"
"954305","64986","GALENA PRIVATE EQUITY RESOURCES CO-INVESTMENT LP","805-1364943958"
"954305","64387","GALENA FUND LIMITED","805-4926341031"
"964408","15692","SCUDDER CAYMAN VENTURE FUND, LTD.","805-9817099076"
"964427","43506","DSAM LONG/SHORT EQUITY FUND","805-8107146811"
"964427","64792","DSAM+ FUND LP","805-8257434336"
"964427","64792","DSAM+ FUND","805-6342575080"
"964427","43506","DSAM LONG/SHORT EQUITY FUND LP","805-9973907511"
"961869","168593","PORTSEA FUND SICAV PLC","805-5613632519"
"961869","168593","PORTSEA US FEEDER FUND LLC","805-5101456285"
"958890","168206","SEALIGHT EUROPEAN OPPORTUNITIES FUND LTD","805-4102835395"
"963977","41582","SW GLOBAL CREDIT OPPORTUNITY FUND LTD.","805-9949851623"
"963977","41582","SW GLOBAL CREDIT OPPORTUNITY FUND LLC","805-4457441189"
"956694","68440","CRAWFORD LAKE ONSHORE PARTNERS, LP","805-1754729398"
"956694","167940","CRAWFORD LAKE ENHANCED ONSHORE FUND, LP","805-1968252155"
"956694","68440","CRAWFORD LAKE OFFSHORE PARTNERS, LTD.","805-6222509695"
"960236","37647","EPOCH CAPITAL PARTNERS, L.P.","805-9249239427"
"960236","37647","EPOCH OVERSEAS, LTD.","805-6597449834"
"962926","167432","IDALION GLOBAL FUND LIMITED","805-6423219256"
"962926","167432","IDALION GLOBAL FUND LP","805-9617265539"
"953683","168284","BORGHESE PARTNERS INSTITUTIONAL, LP","805-3825973850"
"953683","168284","BORGHESE PARTNERS INSTITUTIONAL OFFSHORE, LTD","805-6226064188"
"953683","168284","BORGHESE PARTNERS INTERMEDIATE MASTER FUND, LP","805-8587362517"
"963255","158930","IMMERSION CAPITAL FUND LP","805-6599265057"
"963255","158930","IMMERSION CAPITAL FUND LTD","805-5995566008"
"963279","55221","TROVE CAPITAL OFFSHORE FUND LTD.","805-9488973377"
"963279","55221","TROVE CAPITAL LP","805-9377018369"
"963143","58422","JB INVESTMENTS OFFSHORE FUND II, LTD.","805-8200530755"
"958562","167068","AQUILUS INFLECTION FUND LP","805-1423626271"
"958562","167068","AQUILUS INFLECTION FUND LTD","805-1570680987"
"964082","168587","WESTFIELD FUND (CAYMAN) LTD","805-8715689500"
