"FilingID","Full Legal Name","CIK Number"
"955851","BARCLAYS PLC","312069"
"982000","XL GROUP PLC","875159"
"978493","HSBC HOLDINGS PLC","1089113"
"974720","HAITONG SECURITIES CO., LTD","155347"
"989476","XL GROUP PLC","875159"
"981071","MARKEL CORPORATION","1096343"
"983704","MMA CAPITAL MANAGEMENT, LLC","1003201"
"988667","CREDIT SUISSE GROUP AG","1159510"
"971728","BANK OF MONTREAL","927971"
"956869","XL GROUP PLC","875159"
"976684","RENREN INC.","1509223"
"979038","HSBC HOLDINGS PLC","1089113"
"983338","WINTHROP REALTY TRUST","37008"
"987470","AFFILIATED MANAGERS GROUP INC","1004434"
"988191","RESOURCE AMERICA, INC.","83402"
"989582","ARES MANAGEMENT, L.P.","1176948"
"977848","CREDIT SUISSE GROUP AG","1159510"
"969201","HSBC BANK PLC","1140465"
"985542","BLACKROCK, INC.","1364742"
"994254","NOMURA HOLDINGS INC","1163653"
"1000014","CREDIT SUISSE GROUP AG","1159510"
"992468","CREDIT SUISSE GROUP AG","1159510"
"998603","RENAISSANCERE HOLDINGS LTD.","913144"
"994300","SAFEGUARD SCIENTIFCS, INC.","86115"
"993283","AFFILIATED MANAGERS GROUP, INC.","1004434"
"989413","UNITED OVERSEAS BANK LIMITED","867530"
"998636","INVESCO LTD.","914208"
"993234","GOLDMAN SACHS GROUP, INC.","886982"
"980173","FEDERATED INVESTORS, INC.","1056288"
"974982","BANK OF AMERICA CORPORATION","70858"
"994437","BROOKFIELD ASSET MANAGEMENT INC.","1001085"
"964707","BLACKROCK, INC.","1364742"
"995194","KENNEDY-WILSON HOLDINGS, INC.","1408100"
"1002281","MORGAN STANLEY","895421"
"1002373","STIFEL FINANCIAL CORP","720672"
"1000599","HSBC HOLDINGS PLC","1089113"
"1000053","UBS GROUP AG","1610520"
"1004731","DEUTSCHE BANK AG","948046"
"998316","COLONY CAPITAL, INC.","1467076"
"997543","CBRE GROUP, INC.","1138118"
"1000417","CBRE GROUP, INC","1138118"
"997547","CBRE GROUP, INC.","1138118"
"986013","MVC CAPITAL, INC.","1099941"
"962599","DEUTSCHE BANK AG","948046"
"1003964","LEUCADIA NATIONAL CORPORATION","96223"
"1002243","JPMORGAN CHASE & CO.","19517"
"966796","DEUTSCHE BANK AG","948046"
"1006375","CREDIT SUISSE GROUP AG","1159510"
"1006375","GENERAL ELECTRIC COMPANY","40545"
"995404","GABELLI SECURITIES, INC.","932724"
"1006368","AFFILIATED MANAGERS GROUP, INC.","100443"
"994259","JONES LANG LASALLE INCORPORATED","1037956"
"991114","DEUTSCHE BANK AG","948046"
"1002709","JPMORGAN CHASE & CO.","19617"
"999354","BROOKFIELD ASSET MANAGEMENT INC.","10010085"
"985899","PRUDENTIAL PLC","1116578"
"998404","THE ROYAL BANK OF SCOTLAND GROUP","844150"
"986374","KKR & CO. L.P.","1404912"
"1004692","N/A","161437"
"999654","THE CARLYLE GROUP, L.P.","1527166"
"1002303","EVERCORE PARTNERS INC.","1360901"
"998181","BARCLAYS PLC","312069"
