"FilingID","ReferenceID","SubreferenceID","Name of General Partner, etc."
"1007834","65805","13439","DEUTSCHE BANK INTERNATIONAL LIMITED"
"1007834","65827","13451","DEUTSCHE INTERNATIONAL CUSTODIAL SERVICES LIMITED"
"1008255","57045","11358","ETHIKA OPPS GP, LLC"
"1008255","57045","11356","ETHIKA OPPS GP, LLC"
"1008255","57045","11357","ETHIKA OPPS GP, LLC"
"1008255","177186","117813","ETHIKA OPPS GP, LLC"
"1008255","177186","117814","ETHIKA OPPS GP, LLC"
"1008721","41838","7565","GENERAL PARTNER: SHEPHERDS HILL PARTNERS, LTD."
"1008721","177206","117860","PRIMROSE HILL PARTNERS, LTD."
"1008721","177206","117859","KILIMANJARO PARTNERS,  LTD."
"1018944","171186","116756","ASIA LION CAPITAL (CAYMAN) - MANAGER"
"1018944","171186","116757","MR XINSONG LI - DIRECTOR"
"1018944","171186","116757","MR PATRICK HARRIGAN - DIRECTOR"
"1018944","171186","116756","MR XINSONG LI - DIRECTOR"
"1018944","171186","116756","MR PATRICK HARRIGAN - DIRECTOR"
"1018944","171186","116756","MR CHRISTOPHER DAY - DIRECTOR"
"1018944","171186","116757","MR CHRISTOPHER DAY - DIRECTOR"
"1018944","171186","116757","ASIA LION CAPITAL (CAYMAN) - MANAGER"
"1017601","6385","2317","NEWSMITH ASSET MANAGEMENT LLP"
"1017601","6385","2318","NEWSMITH ASSET MANAGEMENT LLP"
"1017601","6385","2263","NEWSMITH CAPITAL GP LIMITED"
"1019594","170319","117820","CONNOR CAPITAL TRANSPORTATION OPPORTUNITIES I GP, LLC"
"1002879","175709","117555","GREGORY LINK, DIRECTOR"
"1002879","175709","117555","VICTORIA PARRY, DIRECTOR"
"1002879","175709","117555","NICK GAZE, DIRECTOR"
"1002879","175709","117556","GLEN POINT GENERAL PARTNER LIMITED"
"1015813","35639","6570","BRAZIL REAL ESTATE PARTNERS GP LTD."
"1015813","35639","6570","BRAZIL REAL ESTATE OPPORTUNITIES MANAGER LTD."
"1019846","157781","106469","N2 CAPITAL GP LP"
"1016702","73928","39376","PAG  SPECIAL SITUATIONS II FEEDER FUND MANAGEMENT LIMITED"
"1016702","22136","4268","JON ROBERT LEWIS"
"1016702","22136","4268","DEREK ROY CRANE"
"1016702","60375","12193","SCREP V JAPAN MANAGEMENT, LLC"
"1016702","60375","12194","SCREP V JAPAN MANAGEMENT B, LLC"
"1016702","73932","39378","PAG ASIA LOAN II FEEDER MANAGEMENT LIMITED"
"1016702","73932","39379","PAG ASIA LOAN II FEEDER II MANAGEMENT LIMITED"
"1016702","50037","9258","PAG ASIA LOAN FEEDER II MANAGEMENT LIMITED"
"1016702","50037","9257","PAG ASIA LOAN FEEDER MANAGEMENT LIMITED"
"1016702","22136","9534","PACIFIC ALLIANCE FEEDER FUND IV MANAGEMENT LIMITED"
"1016702","50352","9353","SCREP V MANAGEMENT, LLC"
"1016702","50352","9352","SCREP V MANAGEMENT, LLC"
"1016702","21571","9355","SCJREP IV MANAGEMENT, LLC"
"1016702","21571","9357","SCJREP IV MANAGEMENT, LLC"
"1016702","22136","4269","JOHN ALEXANDER"
"1016702","22136","4270","JOHN ALEXANDER"
"1016702","22136","4267","CHRISTOPHER GRADEL"
"1016702","22136","4268","JOHN ALEXANDER"
"1016702","22985","4347","PACIFIC ALLIANCE SPECIAL SITUATIONS FEEDER FUND MANAGEMENT LIMITED"
"1016702","22994","4351","PACIFIC ALLIANCE-FF MANAGEMENT LIMITED"
"1016702","23013","4354","PAG ASIA CAPITAL FEEDER GP I LIMITED"
"1016702","22136","4267","JOHN ALEXANDER"
"1016702","22136","4267","ANTHONY MILLER"
"1016702","22136","4267","ROBERT CHRISTOPHER KNAPP"
"1016702","22136","4267","RICHARD WEBB"
"1016702","22136","4269","ROBERT KNAPP"
"1016702","22136","4269","RICHARD WEBB"
"1016702","22136","4269","CHRISTOPHER MARCUS GRADEL"
"1016702","22136","4269","ANTHONY MILLER"
"1016702","22136","4269","JON ROBERT LEWIS"
"1016702","22136","4269","DEREK ROY CRANE"
"1016702","22136","4270","ROBERT KNAPP"
"1016702","22136","4270","RICHARD WEBB"
"1016702","22136","4270","CHRISTOPHER MARCUS GRADEL"
"1016702","22136","4270","ANTHONY MILLER"
"1016702","22136","4270","JON ROBERT LEWIS"
"1016702","22136","4270","DEREK ROY CRANE"
"1016702","22136","4268","ROBERT KNAPP"
"1016702","22136","4268","RICHARD WEBB"
"1016702","22136","4268","CHRISTOPHER MARCUS GRADEL"
"1016702","22136","4268","ANTHONY MILLER"
"1016702","60376","12195","SCREP V JAPAN MANAGEMENT, LLC"
"1016702","60377","12197","SCREP V JAPAN MANAGEMENT, LLC"
"1016702","176165","117708","PAG ALPHA INVESTMENT MANAGEMENT LIMITED"
"1016702","176108","117651","PAG CA PARTNERS LP"
"1019919","50212","9327","EQT SERVICES (UK) LIMITED"
"1019919","50212","9328","EQT SERVICES (UK) LIMITED"
"1008264","64136","13012","CITCO TRUSTEES (UT) LIMITED - TRUSTEE"
"1008264","64137","13013","CITCO TRUSTEES (CAYMAN) LIMITED - TRUSTEE"
"1016295","58981","11903","GTI VENTURES, LLC"
"1016186","1084","1037","CORMAC SHEEHAN"
"1016186","1084","1036","ELLIS LAKE GP, LLC"
"1016186","1084","1037","INDERJIT SINGH"
"1016186","1084","1037","GABRIEL S. NECHAMKIN"
"989734","47333","8661","DON SEYMOUR, RONAN GUILFOYLE, LOUISE MORWICK"
"989734","47358","8665","DON SEYMOUR, RONAN GUILFOYLE, LOUISE MORWICK"
"989734","47333","8653","SMI DEFENSIVE (USA) LLC"
"989734","47358","8663","SMI OPPORTUNITIES (USA) LLC"
"1020015","41838","7565","GENERAL PARTNER: SHEPHERDS HILL PARTNERS, LTD."
"1020015","177206","117860","PRIMROSE HILL PARTNERS, LTD."
"1020015","177206","117859","KILIMANJARO PARTNERS,  LTD."
"1010019","177280","117829","DENNIS HUNTER"
"1010019","177280","117829","PHIL SCHMITT"
"1010019","177280","117829","PHILIPPE LESPINARD"
"1010019","177280","117829","KARLA BODDEN"
"1010019","177280","117829","RISTO SILANDER"
"1010019","177280","117829","GARY CLARK"
"1010019","177280","117830","SYSTEMATIC FUND GP LIMITED"
"1013786","44777","8097","ROGER HANSON"
"1013786","44777","8097","DIMITRI SOGOLOFF"
"1018338","45485","8176","BERYLSON CAPITAL PARTNERS GP LLC"
"1018230","177663","117886","VANESSA BARRETT - DIRECTOR"
"1018230","177663","117886","FENG QIAN - DIRECTOR"
"1018230","177663","117886","MARC TOWERS - DIRECTOR"
"1018230","177663","117885","VANESSA BARRETT - DIRECTOR"
"1018230","177663","117885","FENG QIAN - DIRECTOR"
"1018230","177663","117885","MARC TOWERS - DIRECTOR"
"997986","40654","10855","WILLIAM JONES"
"997986","40654","10855","SANDRA D'ITLALIA"
"997986","40654","10855","FRANCOISE HENRY"
"997986","40654","10856","DAVIDE LEONE AND PARTNERS (CAYMAN) LTD."
"997986","40654","10855","DAVIDE LEONE AND PARTNERS (CAYMAN) LTD."
"997986","40654","10856","WILLIAM JONES"
"997986","40654","10856","FRANCOISE HENRY"
"997986","40654","10856","SANDRA D'ITALIA"
"997986","40654","10855","DAVIDE LEONE AND PARTNERS GP LTD"
"1020864","6853","1945","GREYSON CAPITAL MANAGEMENT, LLC"
"1020864","6853","1944","YOO-HANG HUGH KIM"
"1020864","6853","1944","GREYSON GP, LLC"
"1020864","6853","1945","YOO-HANG HUGH KIM"
"1020864","6853","1945","DAVID BREE"
"1020864","6853","1945","JASON FITZGERALD"
"1021013","162203","109585","CHRISTOPHER HOHN, DAVID DE ROSA, LINBURGH MARTIN"
"1021013","162203","109586","THE CHILDREN'S INVESTMENT FUND MANAGEMENT (GP) LTD"
"1021013","162198","109583","MARTIN FRASS-EHRFELD, DAVID DEROSA, LINBURGH MARTIN"
"1006958","77685","62385","SEABEC INC"
"1006958","77489","62379","SEABEC INC"
"996710","72373","58365","JON A. FOSHEIM"
"996710","72373","58365","PETER A. HEAPS"
"996710","72373","58365","JEFFREY M. WEINGARTEN"
"1004514","64578","13129","ACTIVUM SG III GP FP LIMITED"
"1004514","44417","13130","ACTIVUM SG GP C LIMITED"
"1004514","44418","13131","ACTIVUM SG GP II LIMITED"
"1004514","73211","33370","ACTIVUM SG FORMART GP LIMITED"
"1004514","176363","117709","ACTIVUM SG IBERIA I GP LIMITED"
"1006211","16342","3283","VERRAZZANO GENERAL PARTNER LLC"
"1006211","16387","3291","VERRAZZANO GENERAL PARTNER LLC"
"1006211","16342","3282","VERRAZZANO CAPITAL (IRELAND) LIMITED"
"1006211","16387","3290","FRANK ENNIS, ALAIN REINHOLD, JURG SCHAPPI, JOHN SKELLY, NICOLAS MOTELAY"
"1003427","40133","7337","PARALLEL GENERAL PARTNER LIMITED"
"1003427","66278","13561","PARALLEL GENERAL PARTNER LIMITED"
"980393","177121","117810","KARIM SAMII"
"980393","177121","117809","QUINTI CAPITAL PARTNERS L.P."
"980393","177121","117810","DAVID DEROSA"
"1020288","158918","107497","GEOFF RUDDICK"
"1020288","158918","107497","CARY MARR"
"1020288","158918","107496","ENGLE CAPITAL ADVISORS, LLC"
"1020288","158918","107497","JEFFREY HELMAN"
"1020193","57981","11703","MARK FUCHS, WILLIAM JONES, ROBERT VERGARA, PHILIP TYE"
"1019045","29331","5340","BLACK RIVER ASSET MANAGEMENT LLC"
"1019045","29331","5342","GUILHERME SCHMIDT NETTO"
"1019045","29331","5342","LISA J. JEWISON"
"1019045","29331","5342","DAVID A. ROBERTSON"
"1020858","70075","14333","BLG REAL ESTATE LIMITED"
"1020858","70076","14334","BLG REAL ESTATE II LIMITED"
"1004968","29364","5348","SEGULAH IV GP ILP"
"1009219","43357","7836","CALEDONIAN TRUST (CAYMAN) LTD., AS TRUSTEE"
"1009460","169991","116540","STEVEN E. KAROL"
"1009460","33279","6102","STEVEN E. KAROL"
"1009460","50689","9517","STEVEN E. KAROL"
"1009460","50692","9518","STEVEN E. KAROL"
"1009460","59037","11925","STEVEN E. KAROL"
"1009460","68739","14057","STEVEN KAROL"
"1007732","43514","7886","C12 HELIX OPPORTUNITIES GENERAL PARTNER, LTD. (GENERAL PARTNER)"
"1007732","43514","7887","MAPLESFS LIMITED (OWNER OF VOTING MANAGEMENT SHARES)"
"1007732","43514","7887","STEPHEN KING (DIRECTOR)"
"1007732","43514","7885","C12 HELIX LIQUID OPPORTUNITIES GENERAL PARTNER, LTD. (GENERAL PARTNER)"
"1007732","43514","7887","TAMMY JENNISSEN (DIRECTOR)"
"1008254","57045","11358","ETHIKA OPPS GP, LLC"
"1008254","57045","11356","ETHIKA OPPS GP, LLC"
"1008254","57045","11357","ETHIKA OPPS GP, LLC"
"986756","4550","3160","LIQUIDATORS OF A VOLUNTARY SOLVENT LIQUIDATION-CHRISTOPHER ROWLAND AND MICHAEL PEARSON OF FUNDS FIDUCIARY PARTNERS LIMITED"
"986756","4550","3160","MANAGER:  CAMBRIDGE PLACE INVESTMENT MANAGEMENT LLP"
"986756","15286","3167","MANAGER: CAMBRIDGE PLACE INVESTMENT MANAGEMENT LLP"
"986756","15286","3167","LIQUIDATORS OF A VOLUNTARY SOLVENT LIQUIDATION - CHRISTOPHER ROWLAND AND MICHAEL PEARSON OF FUNDS FIDUCIARY PARTNERS LIMITED"
"986756","7145","1993","MANAGER: CAMBRIDGE PLACE INVESTMENT MANAGEMENT LLP"
"986756","7145","1993","LIQUIDATORS OF A VOLUNTARY SOLVENT LIQUIDATION- CHRISTOPHER ROWLAND AND MICHAEL PEARSON OF FUNDS FIDUCIARY PARTNERS LIMITED"
"1019422","11123","2608","ROGER ELLIS, MICHAEL BRADY, FRANCIS KIRKPATRICK, HENRY HARFORD, MARK WHITE"
"1014505","44538","8035","CDH SPECIAL OPPORTUNITY HOLDINGS COMPANY LIMITED"
"971036","13251","2840","CARL HUTTENLOCHER, SCOTT GAYNOR, WILLIAM JONES, MIKE EDLESON, JAMES WALKER"
"971036","13251","2842","CARL HUTTENLOCHER, SCOTT GAYNOR, MIKE EDLESON, JAMES WALKER, WILLIAM JONES"
"1015151","55571","109574","GENERAL PARTNER: ADP II GP LIMITED"
"1015182","33292","6112","BTG PACTUAL GLOBAL ASSET MANAGEMENT LIMITED,"
"1015182","33292","6115","BTG PACTUAL GLOBAL ASSET MANAGEMENT LIMITED,"
"1015182","53869","10552","BTG PACTUAL GLOBAL ASSET MANAGEMENT LIMITED"
"1015182","33292","6118","BTG PACTUAL GLOBAL ASSET MANAGEMENT LTD"
"1015182","53869","10553","BTG PACTUAL GLOBAL ASSET MANAGEMENT LIMITED"
"1015182","53869","10551","BTG PACTUAL GLOBAL ASSET MANAGEMENT LIMITED"
"1015188","39580","7467","MIDMARK ASSOCIATES II, LLC"
"1015499","26602","4890","SUMMERHILL VENTURE PARTNERS LP"
"1013592","57562","11563","MICHAEL PATRICK SMORCH"
"1013592","57562","11563","JAMES CROTHERS GILSHENAN"
"1010356","46018","8314","KNUT KJAER, MICHAEL KIRBY, EIMEAR COWHEY, DAVID MCGEOUGH"
"1010356","46018","10010","TRIENT GLOBAL MACRO L.L.C"
"1011328","10532","2494","CCA II FEEDER GP B.V."
"1011328","10551","2497","CCE II FEEDER GP B.V."
"1008763","5021","12987","PENSATO GENERAL PARTNER LIMITED"
"1008763","5021","12988","HEINZ SANER"
"1008763","5021","12988","CONOR WALSH"
"1008763","5021","12988","DAVID WATSON"
"1008763","120585","83431","DAVID WATSON"
"1008763","5021","12988","PAUL CARROLL"
"1008763","5021","12988","GLEN MACMULLIN"
"1008763","120585","83431","PAUL CARROLL"
"1008763","120585","83431","GLEN MACMULLIN"
"1008763","120585","83431","HEINZ SANER"
"1008763","120585","83431","PADDY SHANAHAN"
"1008763","120585","83432","PENSATO GENERAL PARTNER LIMITED"
"1011012","169119","116157","DON W. EBANKS - DIRECTOR"
"1011012","169119","116157","BARUN AGARWAL - DIRECTOR"
"1011012","169119","116157","FACTORIAL CAPITAL MANAGEMENT LIMITED - MANAGER"
"1011012","169119","116157","JONATHAN GLASS - DIRECTOR"
"999839","120717","83461","MATTHIAS FRISCH"
"999839","120717","83461","MICHAEL PARTON"
"999839","120717","83461","ROBERT THOMAS"
"1008211","41742","7549","MBK GP, INC."
"1008211","41835","7564","MBK GP II, INC."
"1008211","49412","12090","MBK GP III, INC."
"1006350","57045","11358","ETHIKA OPPS GP, LLC"
"1006350","57045","11356","ETHIKA OPPS GP, LLC"
"1006350","57045","11357","ETHIKA OPPS GP, LLC"
"1012339","4128","1447","JOHN GILDEA"
"1012339","4128","1448","GERARD GENNOTTE"
"1012339","4128","1448","DAVID MCGEOUGH"
"1012339","4128","1448","JOHN GILDEA"
"1012339","4128","1449","SOTHIC CAPITAL MANAGEMENT GENERAL PARTNER LIMITED"
"1012339","4128","1447","GERARD GENNOTTE"
"1012339","4128","1447","DAVID MCGEOUGH"
"1015165","55571","109574","GENERAL PARTNER: ADP II GP LIMITED"
"1015772","15474","3188","SAPEF GP LIMITED"
"1015796","167870","115980","GENESIS CAPITAL PARTNERS LLC"
"1015796","167870","115961","GENESIS CAPITAL PARTNERS LLC"
"1010408","3474","1377","QUANTEDGE CAPITAL PTE LTD"
"1010408","3474","1378","QUANTEDGE CAPITAL PTE LTD"
"1008991","171186","116756","ASIA LION CAPITAL (CAYMAN) - MANAGER"
"1008991","171186","116757","MR XINSONG LI - DIRECTOR"
"1008991","171186","116757","MR PATRICK HARRIGAN - DIRECTOR"
"1008991","171186","116756","MR XINSONG LI - DIRECTOR"
"1008991","171186","116756","MR PATRICK HARRIGAN - DIRECTOR"
"1008991","171186","116756","MR CHRISTOPHER DAY - DIRECTOR"
"1008991","171186","116757","MR CHRISTOPHER DAY - DIRECTOR"
"1008991","171186","116757","ASIA LION CAPITAL (CAYMAN) - MANAGER"
"1008260","177187","117816","YI XIN (DIRECTOR)"
"1008260","177187","117816","CHRISTOPHER LEBEAU (DIRECTOR)"
"1008260","177187","117816","BRIAN BURKHOLDER (DIRECTOR)"
"1008260","177187","117816","ARIOSE CAPITAL MANAGEMENT"
"1008260","177187","117817","YI XIN (DIRECTOR)"
"1008260","177187","117817","CHRISTOPHER LEBEAU (DIRECTOR)"
"1008260","177187","117817","BRIAN BURKHOLDER (DIRECTOR)"
"1008260","177187","117817","ARIOSE CAPITAL MANAGEMENT (MANAGER)"
"1012812","68560","107505","CRISPIN INFERENTIAL PARTNERS GP, LLC"
"1012812","68560","107504","MICHAEL T. CAHILL"
"1012812","68560","107504","STANLEY GONZALEZ"
"1004963","40165","7342","IRONSHIELD L1 GP LIMITED"
"1004963","40165","7340","IRONSHIELD L1 GP LIMITED"
"1004963","40165","7340","DAVID NAZAR"
"1004963","40165","7342","DAVID NAZAR"
"1004963","63059","12784","DAVID NAZAR"
"1004963","63059","12784","IRONSHIELD GP LIMITED"
"1008534","65231","13317","CM GROWTH CAPITAL PARTNERS GP, LLC"
"1013558","55167","10884","SILVARIS (GP) LTD"
"1013558","55167","10884","SILVARIS CAPITAL MANAGEMENT LP"
"1013558","55167","10885","SILVARIS CAPITAL MANAGEMENT LP"
"1013558","55167","10885","ANDREW GALLOWAY"
"1013558","55167","10885","CHRISTOPHE PIERRE ALAUX"
"1013558","55167","10885","PAUL KAJU"
"1013558","55167","10885","RALPH WOODFORD"
"1015140","47734","8730","TALISMAN GROUP PARTNERS, L.L.C."
"1015140","47734","8729","TALISMAN GROUP PARTNERS, L.L.C."
"1015455","64976","13264","KANG GLOBAL FUND GP LLC"
"1015798","31718","5776","BULWARKBAY INVESTMENT GROUP GP LLC"
"1015798","31718","5777","CRAIG CARLOZZI"
"1015798","31718","5777","INDERJIT SINGH"
"1015970","167870","115980","GENESIS CAPITAL PARTNERS LLC"
"1015970","167870","115961","GENESIS CAPITAL PARTNERS LLC"
"1011823","43409","7853","POLAR SECURITIES INC."
"1011823","43416","7858","POLAR SECURITIES INC."
"1011823","43409","7851","POLAR SECURITIES INC."
"1011823","43409","7852","POLAR FUND MANAGEMENT IV, LP"
"1009785","64827","13213","WILLIAM Y. YUN"
"1009785","64827","13213","ALOK SETHI"
"1009785","64827","13216","FRANKLIN TEMPLETON INSTITUTIONAL GP, LLC"
"1009785","64827","13213","WILLIAM JACKSON"
"1007118","166942","115786","RDC CAPITAL PARTNERS GP LP"
"1007405","68041","13952","ACION HOLDINGS LIMITED (INVESTMENT MANAGER)"
"1007405","68041","13952","GARY CHARLES LINFORD (DIRECTOR)"
"1007405","68041","13952","JAMES WALKER (DIRECTOR)"
"1007405","68041","13953","GARY CHARLES LINFORD (DIRECTOR)"
"1007405","68041","13952","FENG JIMMY HSIUNG (DIRECTOR)"
"1007405","68041","13953","JAMES WALKER (DIRECTOR)"
"1007405","68041","13953","FENG JIMMY HSIUNG (DIRECTOR)"
"1007405","68041","13953","ACION HOLDINGS LIMITED (INVESTMENT MANAGER)"
"1013545","23030","4360","HPEF6 GP LIMITED"
"1014500","43594","7899","CDH CHINA GROWTH CAPITAL HOLDINGS INVESTORS COMPANY LIMITED"
"1014500","43595","7900","CDH III HOLDINGS COMPANY LIMITED"
"1014500","43596","7901","CDH III HOLDINGS COMPANY LIMITED"
"1014500","43597","7902","CDH IV FEEDER HOLDINGS COMPANY LIMITED"
"1014500","51003","9805","CDH V FEEDER HOLDINGS COMPANY LIMITED"
"1014500","59330","11966","LI GANG, STUART SCHONBERGER, WILLIAM HSU"
"1014500","59330","11967","LI GANG, STUART SCHONBERGER, WILLIAM HSU"
"1015119","18608","3662","JOHN LEWIS (DIRECTOR)"
"1015119","18608","3662","WILLIAM JONES (DIRECTOR)"
"1015119","18608","3663","OCP ASIA (GP) LIMITED (GENERAL PARTNER)"
"1015119","18625","3666","OCP ASIA (GP) LIMITED (GENERAL PARTNER)"
"1015119","58578","11820","OCP ASIA (GP) LIMITED (GENERAL PARTNER)"
"1015119","58578","11821","JOHN LEWIS (DIRECTOR)"
"1015119","58578","11821","WILLIAM JONES (DIRECTOR)"
"1015119","18625","12370","JOHN LEWIS (DIRECTOR)"
"1015119","18625","12370","WILLIAM JONES (DIRECTOR)"
"1016083","43596","7901","CDH III HOLDINGS COMPANY LIMITED"
"1016083","43597","7902","CDH IV FEEDER HOLDINGS COMPANY LIMITED"
"1016083","51003","9805","CDH V FEEDER HOLDINGS COMPANY LIMITED"
"1016083","59330","11966","LI GANG, STUART SCHONBERGER, WILLIAM HSU"
"1016083","59330","11967","LI GANG, STUART SCHONBERGER, WILLIAM HSU"
"1016083","43594","7899","CDH CHINA GROWTH CAPITAL HOLDINGS INVESTORS COMPANY LIMITED"
"1016083","43595","7900","CDH III HOLDINGS COMPANY LIMITED"
"1016085","44538","8035","CDH SPECIAL OPPORTUNITY HOLDINGS COMPANY LIMITED"
"1016091","44538","8035","CDH SPECIAL OPPORTUNITY HOLDINGS COMPANY LIMITED"
"1015137","66787","13676","MARC TOWERS"
"1015137","66787","13676","XIAO LIN"
"1015137","66787","13676","VANESSA BARRETT"
"1015137","67080","13741","MARC TOWERS"
"1015137","67080","13741","VANESSA BARRETT"
"1015137","67080","13741","XIAO LIN"
"1015834","100229","74364","TANNOR CAPITAL ADVISORS, LLC"
"1015834","100229","74365","TANNOR CAPITAL ADVISORS, LLC"
"1016290","58345","11940","MADHAV DHAR"
"1016290","58345","11940","MICHAEL SOFAER"
"1016290","58345","11940","GAURAV DALMIA"
"1016290","58345","11940","AKSHAR MAHERALLY"
"1016290","58345","11940","JONATHAN SCHULHOF"
"1016290","58345","11940","SUSAN WEBB"
"1016290","58345","11940","MICHAEL SCHULHOF"
"1016290","59208","11943","AKSHAR MAHERALLY"
"1016290","59208","11943","SANGEETA BISSESSUR"
"1016290","59208","11943","JONATHAN SCHULHOF"
"1016316","59062","11928","GTI MEDIVENTURES GP, LLC"
"1016316","59062","11929","GTI MEDIVENTURES GP, LLC"
"1010432","177306","117841","RONAN GUILFOYLE - DIRECTOR"
"1010432","177306","117841","JOHN BARRY PURCELL - DIRECTOR"
"1017214","32906","6967","TDR CAPITAL GENERAL PARTNER II LTD"
"1017749","72373","58365","JON A. FOSHEIM"
"1017749","72373","58365","PETER A. HEAPS"
"1017749","72373","58365","JEFFREY M. WEINGARTEN"
"998781","174144","117269","EQT SERVICES (UK) LIMITED"
"998781","174144","117267","EQT SERVICES (UK) LIMITED"
"998781","177337","117845","EQT SERVICES (UK) LIMITED"
"998781","177337","117846","EQT SERVICES (UK) LIMITED"
"998781","177323","117839","EQT SERVICES (UK) LIMITED"
"998781","177323","117840","EQT SERVICES (UK) LIMITED"
"1017495","15999","3238","CBPE CAPITAL FEEDER FUND GP LIMITED"
"1017495","177616","117872","CBPE CAPITAL IX GP LLP"
"1017495","177616","117872","CBPE CAPITAL VIII GP LIMITED"
"1017597","1084","1037","CORMAC SHEEHAN"
"1017597","1084","1036","ELLIS LAKE GP, LLC"
"1017597","1084","1037","INDERJIT SINGH"
"1017597","1084","1037","GABRIEL S. NECHAMKIN"
"1017733","67279","13760","G.A.S. (CAYMAN) LIMITED"
"1018020","37784","7590","RICHARD CRAWSHAW"
"1018020","34831","6460","G�VEA WEALTH MANAGEMENT LTD"
"1018020","50487","9443","APOENA JUS BGL II GP LTD. (GP)"
"1018020","50487","9445","APOENA JUS BGL II GP LTD. (GP)"
"1018020","61813","12528","RICHARD CRAWSHAW"
"1018020","61813","12528","CLIVE HARRIS"
"1018020","61813","12529","GH HOLDINGS LTD"
"1018020","37784","7590","CLIVE HARRIS"
"1018020","37784","7591","APOENA INVESTMENTS LTD"
"1018020","34831","6460","GWM TOTAL LTD"
"1018020","34831","6458","APOENA INVESTMENTS LTD"
"1015450","64976","13264","KANG GLOBAL FUND GP LLC"
"1002558","177313","117848","KREOS CAPITAL GROUP V (FEEDER) LIMITED"
"1016973","167050","115787","H.FISCHER, H.KUNDERT, H.SANER, D.STAINROD"
"1016973","167050","115788","CAMOX GP LIMITED"
"1018792","18813","3852","LALIT AGGARWAL - DIRECTOR"
"1018792","18813","3852","ANTAL DESAI - DIRECTOR"
"1018792","18813","3856","FORTELUS GP LIMITED - GENERAL PARTNER"
"1018792","18813","3852","FORTELUS CAPITAL MANAGEMENT LIMITED - MANAGER"
"1018792","18813","3852","FORTELUS CAPITAL MANAGEMENT LLP - INVESTMENT MANAGER"
"1018792","18813","3856","FORTELUS CAPITAL MANAGEMENT LIMITED - MANAGER"
"1018792","18813","3856","FORTELUS CAPITAL MANAGEMENT LLP - INVESTMENT MANAGER"
"1007423","174582","117361","IAN GOODALL"
"1007423","174582","117361","RYAN MELKONIAN"
"1007423","174582","117361","KARL O'REILLY"
"1007423","174582","117360","LTE MANAGEMENT, LLC"
"1007423","174582","117361","LTE MANAGMENT, LLC"
"1000568","53836","10555","NANODIMENSION II GP LIMITED PARTNERSHIP"
"1000568","40348","10556","NANODIMENSION MANAGEMENT LTD"
"1000555","53837","10557","NANODIMENSION II GP LIMITED PARTNERSHIP"
"1000555","41051","10558","NANODIMENSION MANAGEMENT LTD"
"1004640","45513","10461","KEROGEN PARTICIPATING GENERAL PARTNER LIMITED"
"1007556","65550","13381","JOHN B. HELMERS"
"1007556","65550","13382","LONG FOCUS CAPITAL PARTNERS, LLC"
"1002905","44430","8019","PEDRO FONTANA GARCIA"
"1002905","44430","8019","KEITH DAY"
"1002905","44430","8019","EMILIO COCO FORISCOT"
"1002905","44430","8022","TYRUS CAPITAL GENERAL PARTNER LIMITED"
"1002905","44430","14101","EMILIO COCO FORISCOT"
"1002905","44430","14101","KEITH DAY"
"1002905","44430","14101","PEDRO FONTANA GARCIA"
"1002905","44430","14101","TONY CHEDRAOUI"
"1002905","44430","14101","GUSTAVO HERRERO"
"1002905","44430","14102","TYRUS CAPITAL GENERAL PARTNER LIMITED"
"1002905","44430","8019","GUSTAVO HERRERO"
"1002905","44430","8019","TONY CHEDRAOUI"
"1006213","63477","12863","CHIMNEY ROCK GP, LLC"
"1006213","63477","12864","DIRECTORS: VICTOR MURRAY, GEORGIA PRINSLOO, AND BEAU LESCOTT"
"1006441","177081","117803","GRANT JACKSON, DIRECTOR"
"1006441","177081","117803","STEVEN CHAPMAN, DIRECTOR"
"1006441","177081","117803","GARY LINFORD, DIRECTOR"
"1006441","64792","13197","MANAGER: DSAM CAYMAN LP"
"1006441","43506","7878","MANAGER: DSAM CAYMAN LP"
"1006441","64792","13197","GENERAL PARTNER:  DSAM CAYMAN GP LIMITED"
"1006441","64792","13198","DIRECTOR:  GARY LINFORD"
"1006441","64792","13198","DIRECTOR:  STEVEN CHAPMAN"
"1006441","64792","13198","DIRECTOR:  GRANT JACKSON"
"1006441","43506","7878","DIRECTOR:  GARY LINFORD"
"1006441","43506","7878","DIRECTOR:  STEVEN CHAPMAN"
"1006441","43506","7878","DIRECTOR:  GRANT JACKSON"
"1006441","43506","7879","MANAGER: DSAM CAYMAN LP"
"1006441","177081","117803","DSAM CAYMAN LP, MANAGER"
"1006441","43506","7879","GENERAL PARTNER:  DSAM CAYMAN GP LIMITED"
"1006441","64792","13198","MANAGER: DSAM CAYMAN LP"
"1015142","174068","117263","IRE AFIII, LTD - GENERAL PARTNER; IRE (CAYMAN) LIMITED - INVESTMENT MANAGER"
"1015142","17361","9124","DAVID N FARMER"
"1015142","17361","9124","R. SCOTT DENNIS"
"1015142","17361","9124","CHENG SOON LAU"
"1015142","17361","9124","R. LEE PHEGLEY"
"1010069","172814","116980","FRANCOIS JANSEN VAN RENSBURG"
"1010069","172814","116980","PETER HEAPS"
"1010069","172814","116980","JULIE O'HARA"
"1010069","172814","116981","FRANCOIS JANSEN VAN RENSBURG"
"1010069","172814","116981","PETER HEAPS"
"1010069","172814","116981","JULIE O'HARA"
"1010069","172814","116981","JOE HARDIMAN"
"1010069","172929","117019","FRANCOIS JANSEN VAN RENSBURG"
"1010069","172929","117019","PETER HEAPS"
"1010069","172929","117019","JULIE O'HARA"
"1010069","172929","117020","FRANCOIS JANSEN VAN RENSBURG"
"1010069","172929","117020","PETER HEAPS"
"1010069","172929","117020","JULIE O'HARA"
"1010069","172929","117020","JOE HARDIMAN"
"1010342","44794","8083","TARGET PARTNERS GMBH"
"1018437","170319","117820","CONNOR CAPITAL TRANSPORTATION OPPORTUNITIES I GP, LLC"
"1017146","41742","7549","MBK GP, INC."
"1017146","41835","7564","MBK GP II, INC."
"1017146","49412","12090","MBK GP III, INC."
"1024732","32066","5879","CAPULA MANAGEMENT LIMITED"
"1024732","32066","5880","CAPULA MANAGEMENT LIMITED"
"1024732","32066","5881","INTERTRUST SPV (CAYMAN) LIMITED"
"1024732","32066","5882","CAPULA MANAGEMENT LIMITED"
"1024732","32066","5877","CAPULA GENERAL PARTNER LIMITED"
"1024732","32149","5888","CAPULA MANAGEMENT LIMITED"
"1024732","32149","5889","INTERTRUST SPV (CAYMAN) LIMITED"
"1024732","32149","13092","CAPULA MANAGEMENT LIMITED"
"1019430","166837","115722","CHARLIE WOOLNOUGH - DIRECTOR"
"1019430","166837","115722","TIM SWEETING - DIRECTOR"
"1019430","166837","115723","WESTRAY GP LIMITED"
"1025296","170160","116597","WARWICK EUROPEN OPPORTUNITIES FUND II (GP) LTD"
"1026498","42206","7618","DIRECTORS, CHANDRA KUMAR GUJADHUR,MAHESHWAR DOORGAKANT"
"1026498","42237","7626","DIRECTORS - JIMMY WONG YUEN TIEN,LINA HOW AH CHONG"
"1023996","29044","5471","AVALON VENTURES IX GP, LLC"
"1023996","29044","5471","AVALON VENTURES IX MANAGEMENT, LLC"
"1023996","28558","5473","AVALON VENTURES MANAGEMENT, LLC"
"1024792","169119","116157","RONAN GUILFOYLE - DIRECTOR"
"1024792","169119","116157","BARUN AGARWAL - DIRECTOR"
"1024792","169119","116157","FACTORIAL CAPITAL MANAGEMENT LIMITED - MANAGER"
"1024792","169119","116157","JONATHAN GLASS - DIRECTOR"
"999016","54944","10839","MICHAEL APPEL"
"999016","54944","10839","ARNAUD AJDLER"
"1013590","177538","117956","PELHAM GLOBAL FINANCIALS MANAGEMENT LTD- MANAGER"
"1013590","177538","117956","ROMAN DALY- DIRECTOR"
"1013590","177538","117956","STEPHEN EDMONDS- DIRECTOR"
"1013590","177538","117956","STEPHEN KIRK- DIRECTOR"
"1013590","177538","117955","ROMAN DALY- DIRECTOR"
"1013590","177538","117955","STEPHEN EDMONDS- DIRECTOR"
"1013590","177538","117955","STEPHEN KIRK- DIRECTOR"
"1013590","177538","117955","PELHAM GLOBAL FINANCIALS MANAGEMENT LTD- MANAGER"
"1013590","177538","117956","PELHAM GLOBAL FINANCIALS BERMUDA LTD- GENERAL PARTNER"
"1013590","66829","13680","CHARLES HADYN CUNNINGHAM - DIRECTOR OF THE GP"
"1013590","66829","13680","RONAN DALY - DIRECTOR OF GP"
"1013590","66759","13660","LAURENT QUIRIN- DIRECTOR"
"1013590","66759","13660","RONAN DALY - DIRECTOR"
"1013590","66759","13660","ROSS TURNER - DIRECTOR"
"1013590","66759","13660","STEPHEN EDMONDS - DIRECTOR"
"1013590","66829","13680","PELHAM LONG/SHORT (BERMUDA) LTD - GENERAL PARTNER (GP)"
"1013590","66829","13680","STEPHEN EDMONDS - DIRECTOR OF GP"
"1013590","66829","13680","ROSS TURNER- DIRECTOR OF GP"
"1013590","66829","13680","PELHAM CAPITAL LTD - INVESTMENT MANAGER"
"1013590","66829","13680","PELHAM CAPITAL MANAGEMENT LIMITED - MANAGER"
"1013590","66829","13681","CHARLES HADYN CUNNINGHAM - DIRECTOR"
"1013590","66759","13661","PELHAM LONG/SHORT (BERMUDA) LTD - GENERAL PARTNER"
"1013590","66829","13681","RONAN DALY - DIRECTOR"
"1013590","66829","13681","STEPHEN EDMONDS - DIRECTOR"
"1013590","66829","13681","LAURENT QUIRIN - DIRECTOR"
"1013590","66829","13681","ROSS TURNER- DIRECTOR"
"1013590","66829","13681","PELHAM CAPITAL MANAGEMENT LIMITED - MANAGER"
"1013590","66829","13681","PELHAM CAPITAL LTD - INVESTMENT MANAGER"
"1013590","66759","13661","PELHAM CAPITAL LTD - INVESTMENT MANAGER"
"1013590","66759","13660","PELHAM CAPITAL LTD - INVESTMENT MANAGER"
"1013590","66759","13660","CHARLES HADYN CUNNINGHAM - DIRECTOR"
"1013590","66759","13661","PELHAM CAPITAL MANAGEMENT LIMITED - MANAGER"
"1013590","66759","13660","PELHAM CAPITAL MANAGEMENT LIMITED - MANAGER"
"1013590","66829","13680","LAURENT QUIRIN - DIRECTOR OF GP"
"1013590","66759","13661","CHARLES HADYN CUNNINGHAM - DIRECTOR GP"
"1013590","66759","13661","RONAN DALY - DIRECTOR GP"
"1013590","66759","13661","STEPHEN EDMONDS - DIRECTOR GP"
"1013590","66759","13661","LAURENT QUIRIN DIRECTOR GP"
"1013590","66759","13661","ROSS TURNER - DIRECTOR GP"
"1025277","19062","5329","ABOOBAKAR JAVED"
"1025277","19062","5329","GOVIND GORAC NATH"
"1025277","19062","5329","THACOOR YUVRAJ"
"1016720","32408","5932","PHILIP WALTERS"
"1016720","32408","5932","FRANCOISE CHUNG KEE MEW"
"1016720","32408","5933","FRANCOISE CHUNG KEE MEW"
"1016720","32408","5933","PHILIP WALTERS"
"1016165","7583","2056","SUN-APOLLO INDIA REAL ESTATE FEEDER FUND GP, LLC"
"1016165","7583","2057","SUN-APOLLO INDIA REAL ESTATE (CAYMAN) FEEDER FUND GP LTD"
"1025301","48602","8922","ELLIOT GREENBERG, JOSHUA NADELL, PAUL SINGER"
"1025301","65195","13315","ELLIOT GREENBERG, JOSHUA NADELL, PAUL SINGER"
"1021416","168225","116009","CQS AIGUILLE DU CHARDONNET, S.A.R.L."
"1021741","66483","13591","BRIAN BURKHOLDER"
"1021741","66483","13591","PATRICK HARRIGAN"
"1021741","66483","13591","HS GROUP LTD."
"1021741","66483","13592","MICHAEL P. GARROW"
"1021741","66483","13592","BRIAN BURKHOLDER"
"1021741","66483","13592","PATRICK HARRIGAN"
"1021741","66483","13592","HS GROUP LTD."
"1021741","66483","13591","MICHAEL P. GARROW"
"1025913","39186","7505","MACQUARIE CROP PARTNERS GP, LLC"
"1016384","40133","7337","PARALLEL GENERAL PARTNER LIMITED"
"1016384","66278","13561","PARALLEL GENERAL PARTNER LIMITED"
"1022876","7538","4431","MOREOF GP2 LLP"
"1022876","7538","5339","MOREOF GP2 LLP"
"1022876","7538","118029","MOUNTGRANGE IOM MANAGER LIMITED"
"1022876","7538","4431","MARTIN MYERS (DIRECTOR OF GP)"
"1022876","7538","4431","MANISH CHANDE (DIRECTOR OF GP)"
"1022876","7538","5000","MOREOF (PARALLEL II) GP LIMITED"
"1022876","7538","5000","MARTIN MYERS (DIRECTOR OF GP)"
"1022876","7538","5000","MANISH CHANDE (DIRECTOR OF GP)"
"1022876","7538","4431","MOUNTGRANGE (S) GP LIMITED"
"1022876","7538","5339","MARTIN MYERS (DIRECTOR OF GP)"
"1022876","7538","5339","MANISH CHANDE (DIRECTOR OF GP)"
"1022876","7538","5339","MOUNTGRANGE GP LIMITED"
"1022876","7538","118029","JULIAN POWER (DIRECTOR OF MANAGER)"
"1022876","7538","5000","MOREOF GP2 LLP"
"1027069","68643","14040","INVICTUS MANAGED ACCOUNT-P GP1, L.P."
"1027069","76258","117727","INVICTUS OPPORTUNITY GP. LLC"
"1020076","24533","4529","APAX EUROPE VII GP CO. LTD."
"1020076","34010","6605","APAX VIII COINVESTMENT GP CO. LIMITED"
"1020076","54999","10853","APAX VIII COINVESTMENT GP CO. LIMITED"
"1020076","24533","4528","APAX EUROPE VII GP CO. LTD."
"1020076","24539","13098","APAX VII FOUNDER GP CO. LTD."
"1020076","24533","13099","APAX EUROPE VII GP LP INC."
"1020076","24537","13100","APAX VII FOUNDER GP CO. LTD."
"1020076","158920","107500","AMI GP L.P. INC"
"1022805","18748","3695","KARLA BODDEN"
"1022805","18748","3695","DENNIS HUNTER"
"1022805","18748","3695","PHILIPPE LESPINARD"
"1022805","18748","3695","RISTO SILANDER"
"1022805","18748","3695","JONAS RINNE"
"1022805","18748","3695","PHIL SCHMITT"
"1022805","18748","3695","JAMES VERNON"
"1022805","18748","3697","BREVAN HOWARD GENERAL PARTNER LIMITED"
"1022805","17577","3473","BREVAN HOWARD GENERAL PARTNER LIMITED"
"1022805","17577","3469","KARLA BODDEN"
"1022805","17577","3469","DENNIS HUNTER"
"1022805","17577","3469","PHILIPPE LESPINARD"
"1022805","17577","3469","RISTO SILANDER"
"1022805","17577","3469","JONAS RINNE"
"1022805","17577","3469","PHIL SCHMITT"
"1022805","17577","3469","JAMES VERNON"
"1022805","17577","3474","IAN PLENDERLEITH"
"1022805","17577","3474","HUW EVANS"
"1022805","17577","3474","ANTHONY HALL"
"1022805","17577","3474","CHRISTOPHER LEGGE"
"1022805","17577","3474","TALMAI MORGAN"
"1022805","17577","3474","STEPHEN STONBERG"
"1022805","17943","3537","KARLA BODDEN"
"1022805","17943","3537","DENNIS HUNTER"
"1022805","17943","3537","PHILIPPE LESPINARD"
"1022805","17943","3537","RISTO SILANDER"
"1022805","17943","3537","JONAS RINNE"
"1022805","17943","3537","PHIL SCHMITT"
"1022805","17943","3537","JAMES VERNON"
"1022805","157794","106473","KARLA BODDEN"
"1022805","157794","106473","DENNIS HUNTER"
"1022805","157794","106473","PHILIPPE LESPINARD"
"1022805","157794","106473","RISTO SILANDER"
"1022805","157794","106473","PHIL SCHMITT"
"1022805","157794","106473","JAMES VERNON"
"1022805","157794","106474","BREVAN HOWARD GENERAL PARTNER LIMITED"
"1022805","17943","10064","BREVAN HOWARD GENERAL PARTNER LIMITED"
"1021268","120357","83389","MARIO XERRI, WADE KENNY, DON EBANKS"
"1021434","177958","117948","METHODOLOGY GROUP CAPITAL MANAGEMENT LTD, MANAGER"
"1021434","177958","117948","DR. MARKO LEHTIMAKI, DIRECTOR"
"1021434","177958","117948","CHRISTINE KERBOULL, DIRECTOR"
"1021434","177958","117948","TEJ GUJADHUR, DIRECTOR"
"1017496","32351","5920","FRANCOISE CHUNG KEE MEW"
"1017496","32351","5920","PHILIP WALTERS"
"1017496","32351","5922","FRANCOISE CHUNG KEE MEW"
"1017496","32351","5922","PHILIP WALTERS"
"1024029","67089","13744","NICK GAZE"
"1024029","67089","13744","RUSSELL BURT"
"1024029","67089","13744","BARBARA HEALY"
"1024029","67089","13744","ABBEVILLE ASSET MANAGEMENT (CAYMAN) LTD (MANAGER)"
"1024029","67089","13745","NICK GAZE (DIRECTOR)"
"1024029","67089","13745","RUSSELL HURT (DIRECTOR)"
"1024029","67089","13745","BARBARA HEALY (DIRECTOR)"
"1024029","67089","13745","ABBEVILLE ASSET MANAGEMENT LTD (CAYMAN) (MANAGER)"
"1024029","67089","13745","ABBEVILLE OPPORTUNITY FUND GP (CAYMAN) (GENERAL PARTNER)"
"1025031","20396","117602","OSAGE UNIVERSITY GP, LP"
"1025031","73316","117603","OSAGE UNIVERSITY GP II, LP"
"1025031","20384","117605","OSAGE GP III, LP"
"1025031","174155","117607","OSAGE GP IV, LP"
"1023162","67449","13805","AITHON CAPITAL GP LLC"
"1023162","67449","13806","AITHON CAPITAL MANAGEMENT, LP"
"1023162","67449","13805","AITHON CAPITAL MANAGEMENT, LP"
"1023162","67449","13806","SCOTT CRAVEN JONES"
"1023162","67449","13806","PHILIP DICKIE"
"1023162","67449","13806","HAROLD LEHR"
"1023162","67449","116764","HAROLD LEHR"
"1023162","67449","116764","AITHON CAPITAL MANAGEMENT, LP"
"1023162","67449","116764","PHILIP DICKIE"
"1023162","67449","116764","SCOTT CRAVEN JONES"
"1018602","45973","8303","MOF FEEDER C (GP) LIMITED"
"1025274","18092","5327","TAPOSEEA RAJKAMAL"
"1025274","18092","5327","THAMOTHIRAM MANOGARAN"
"1025274","18092","5327","SHETH MANISH CHHABILDAS"
"1026540","68643","14040","INVICTUS MANAGED ACCOUNT-P GP1, L.P."
"1026540","76258","117727","INVICTUS OPPORTUNITY GP. LLC"
"1026580","68661","14116","FORMIC MASTER OPPORTUNITIES FUND GP LLC"
"1026580","68661","14117","CORMAC SHEENAN"
"1026580","68661","14117","JONATHAN RONEY"
"1026580","68661","14117","TONG ZHAO"
"1023294","167044","115784","ROKOS GLOBAL MACRO (GP) LIMITED"
"1023294","167044","115785","VICTORIA PARRY, DARREN STAINROD, TIMOTHY SWEETING"
"1020040","63667","12900","ROBERT ENSERRO"
"1020040","63667","12899","ROBERT ENSERRO"
"1020040","63667","12899","SEAN FLYNN"
"1020040","63667","12899","PATRICK HARRIGAN"
"1020040","63667","12899","VICTORIA PARRY"
"1020040","63667","12900","MACROSYNERGY GENERAL PARTNER LIMITED"
"1020040","63667","12900","SEAN FLYNN"
"1020040","63667","12900","PATRICK HARRIGAN"
"1020040","63667","12900","VICTORIA PARRY"
"1023513","34655","6634","TASOS ANASTASIADES (DIRECTOR)"
"1023513","34655","6634","COSTAS CHRISTOFOROU (DIRECTOR)"
"1023513","36600","6962","RP CAPITAL PARTNERS CAYMAN ISLANDS LIMITED (SOLE MANAGER)"
"1023513","36600","6963","RAFAEL BERBER (DIRECTOR)"
"1023513","36600","6963","ALAN VICTOR TIDY (DIRECTOR)"
"1023513","36600","6965","COSTAS CHRISTOFOROU (DIRECTOR)"
"1023513","36600","6965","TASOS ANASTASIADES (DIRECTOR)"
"1023513","36600","6965","PETER OLDEN (DIRECTOR)"
"1023513","34655","6442","RP CAPITAL PARTNERS CAYMAN ISLANDS LIMITED (SOLE MANAGER)"
"1023513","34655","6432","RAFAEL BERBER (DIRECTOR)"
"1023513","34655","6432","ALAN VICTOR TIDY (DIRECTOR)"
"1023513","34655","6432","PETER OLDEN (DIRECTOR)"
"1023513","34655","6634","PETER OLDEN (DIRECTOR)"
"1023513","36600","6962","DOUGLAS WEIRENS (PRESIDENT)"
"1024366","178175","117985","PAUL EVERITT"
"1024366","178175","117985","RICHARD BOLEAT"
"1024366","178175","117985","SANDRA CRANE"
"1024366","7904","2107","RICHARD BOLEAT"
"1024366","7904","2107","PAUL EVERITT"
"1024366","7904","107534","HABROK GENERAL PARTNER LTD"
"1024366","7904","2107","SANDRA CRANE"
"1026285","43411","7850","ESDF IV LIMITED"
"1026675","17940","3709","WFCOF USA LLC"
"1026675","17011","3383","WEST FACE (CAYMAN) INC."
"1026675","17011","3382","WEST FACE CAPITAL LLC"
"1026675","17940","3536","WFCOF CAYMAN INC."
"1026675","58420","11781","WEST FACE ACF CAYMAN GP INC."
"1026675","58420","11780","WEST FACE ACF USA GP, LLC"
"1021321","27676","7134","ROBERT STRICKER, DIRECTOR"
"1021321","27676","7134","KARLA BODDEN, DIRECTOR"
"1021321","27184","6961","KARLA BODDEN, DIRECTOR"
"1021321","27184","6961","JONATHAN CROWTHER, DIRECTOR"
"1021321","27184","6961","GARY GLADSTEIN, DIRECTOR"
"1021321","27184","6961","DENNIS HUNTER, DIRECTOR"
"1021321","27184","7085","CQS US FEEDER FUNDS (GP) LLC"
"1021321","27676","7134","JONATHAN CROWTHER, DIRECTOR"
"1021321","27676","7134","GARY GLADSTEIN, DIRECTOR"
"1021321","27676","7134","DENNIS HUNTER, DIRECTOR"
"1021321","27676","7136","CQS US FEEDER FUNDS (GP) LLC"
"1021321","27184","6961","CHRISTIAN BEHRING, DIRECTOR"
"1021321","73736","39368","KARLA BODDEN, DIRECTOR"
"1021321","73736","39368","JONATHAN CROWTHER, DIRECTOR"
"1021321","73736","39368","GARY GLADSTEIN, DIRECTOR"
"1021321","73736","39368","DENNIS HUNTER, DIRECTOR"
"1021321","73736","39368","ERIC BERTRAND, DIRECTOR"
"1021440","168225","116009","CQS AIGUILLE DU CHARDONNET, S.A.R.L."
"1023748","28183","5170","GCP FEEDER PARTNERSHIP (GENERAL PARTNER) LIMITED"
"1023748","28213","5179","SCP FEEDER GP LIMITED"
"1023748","28213","5180","GCP III FP LIMITED"
"1023748","28167","5164","GCP FEEDER PARTNERSHIP (GENERAL PARTNER) LIMITED"
"1014520","177507","117861","DAVID BREE"
"1014520","177507","117862","DAVID BREE"
"1014520","177507","117861","QI ZHOU"
"1014520","177507","117861","VINCENT FOK"
"1014520","177507","117862","VINCENT FOK"
"1014520","177507","117862","QI ZHOU"
"1018947","157776","106466","EVERSTONE III PARTNERS LTD"
"1024033","168593","116074","MARK AZZOPARDI"
"1024033","168593","116074","MATTHEW GRECH"
"1024033","168593","116074","CHRIS FINCKE"
"1024033","168593","116073","MATTHEW GRECH"
"1024033","168593","116073","MARK AZZOPARDI"
"1024033","168593","116074","PORTSEA GP LIMITED"
"1024033","168593","116073","CHRIS FINCKE"
"1019323","67269","13770","PRIMESTONE CAPITAL (GP) LIMITED (CAYMAN)"
"1019323","67269","13770","MARTIN DONNELLY"
"1019323","67269","13769","PRIMESTONE CAPITAL (GP) LIMITED (CAYMAN)"
"1019323","67269","13770","ROBERT THOMAS"
"1019323","67269","13770","BARBARA HEALY"
"1027133","177932","117941","JENNIFER COLLINS - DIRECTOR"
"1027133","177932","117941","JOHN J. D'AGOSTINO - DIRECTOR"
"1027133","177932","117941","PEDRO J. RAMOS - DIRECTOR"
"1027133","177932","117942","SOMAR PARTNERS (GP) LLC"
"1021760","4128","1447","JOHN GILDEA"
"1021760","4128","1448","GERARD GENNOTTE"
"1021760","4128","1448","DAVID MCGEOUGH"
"1021760","4128","1448","JOHN GILDEA"
"1021760","4128","1449","SOTHIC CAPITAL MANAGEMENT GENERAL PARTNER LIMITED"
"1021760","4128","1447","GERARD GENNOTTE"
"1021760","4128","1447","DAVID MCGEOUGH"
"1020943","12438","2762","PAUL KAJU"
"1020943","12438","2762","ROLAND LIENAU"
"1020943","12438","2762","PETER ANDERSON"
"1020943","12438","2760","THELEME GENERAL PARTNER LLC"
"1020943","12438","2762","BRUNO SCHERRER"
"1021435","27676","7134","KARLA BODDEN, DIRECTOR"
"1021435","27184","6961","KARLA BODDEN, DIRECTOR"
"1021435","27184","6961","JONATHAN CROWTHER, DIRECTOR"
"1021435","27184","6961","GARY GLADSTEIN, DIRECTOR"
"1021435","27676","7134","ROBERT STRICKER, DIRECTOR"
"1021435","27184","6961","DENNIS HUNTER, DIRECTOR"
"1021435","27184","7085","CQS US FEEDER FUNDS (GP) LLC"
"1021435","27676","7134","JONATHAN CROWTHER, DIRECTOR"
"1021435","27676","7134","GARY GLADSTEIN, DIRECTOR"
"1021435","27676","7134","DENNIS HUNTER, DIRECTOR"
"1021435","27676","7136","CQS US FEEDER FUNDS (GP) LLC"
"1021435","27184","6961","CHRISTIAN BEHRING, DIRECTOR"
"1021435","73736","39368","KARLA BODDEN, DIRECTOR"
"1021435","73736","39368","JONATHAN CROWTHER, DIRECTOR"
"1021435","73736","39368","GARY GLADSTEIN, DIRECTOR"
"1021435","73736","39368","DENNIS HUNTER, DIRECTOR"
"1021435","73736","39368","ERIC BERTRAND, DIRECTOR"
"1024082","8724","2259","TAAVI DAVIES (DIRECTOR)"
"1024082","8724","2259","DAVID SARGISON (DIRECTOR)"
"1024082","8724","2259","SCOTT BAKER (DIRECTOR)"
"1024082","8724","2260","ALTIMA GENERAL PARTNER LTD (GENERAL PARTNER)"
"1024082","8693","2261","SCOTT BAKER (DIRECTOR)"
"1024082","8693","2261","TAAVI DAVIES (DIRECTOR)"
"1024082","8693","2261","DAVID SARGISON (DIRECTOR)"
"1024082","8693","2262","ALTIMA GENERAL PARTNER LTD (GENERAL PARTNER)"
"1025048","6865","1947","3I INVESTMENTS PLC"
"1025048","6641","1904","3I INVESTMENTS PLC"
"1017553","30607","11730","COLLWICK FUNDS GP, LLC"
"1022531","55146","10883","RONIT CAPITAL INVESTMENTS LP"
"1022531","55146","10882","RONIT CAPITAL (GP) LTD"
"1026461","177771","117975","KALEIDOSCOPE GP LP"
"1026461","177771","117976","NICK NANDA"
"1026461","177771","117976","SCOTT CRAVEN JONES"
"1026461","177771","117976","GEORGE BASHFORTH"
"1026492","68041","13952","ACION HOLDINGS LIMITED (INVESTMENT MANAGER)"
"1026492","68041","13952","GARY CHARLES LINFORD (DIRECTOR)"
"1026492","68041","13952","JAMES WALKER (DIRECTOR)"
"1026492","68041","13953","GARY CHARLES LINFORD (DIRECTOR)"
"1026492","68041","13952","FENG JIMMY HSIUNG (DIRECTOR)"
"1026492","68041","13953","JAMES WALKER (DIRECTOR)"
"1026492","68041","13953","FENG JIMMY HSIUNG (DIRECTOR)"
"1026492","68041","13953","ACION HOLDINGS LIMITED (INVESTMENT MANAGER)"
"1026324","178363","118027","TRITON VALUE FUND GENERAL PARTNER L.P."
"1026324","178363","118028","TRITON VALUE FUND GENERAL PARTNER L.P."
"1026324","29855","5576","CHARLMAINE VELLA"
"1026324","29855","5576","MATTHEW CRILL"
"1026324","54149","10617","TRITON FUND IV GENERAL PARTNER LP"
"1026324","29855","5576","JONATHAN WILD"
"1026324","63998","12980","TRITON DEBT OPPORTUNITIES FUND I GENERAL PARTNER LP"
"1024758","178219","118002","EPSILON VENTURE PARTNERS GP, L.P."
"1021764","157792","106470","NEW PEAK CAPITAL CAYMAN LP, MANAGER"
"1021764","157792","106470","NEW PEAK FUND GP LIMITED, GENERAL PARTNER"
"1021764","157792","106471","GRANT JACKSON, DIRECTOR"
"1021764","157792","106471","GREG LINK, DIRECTOR"
"1021764","157792","106471","MARTIN LANG, DIRECTOR"
"1021764","157792","106471","NEW PEAK CAPITAL CAYMAN LP, MANAGER"
"1021764","46571","8416","GRANT JACKSON, DIRECTOR"
"1021764","46571","8416","GREG LINK, DIRECTOR"
"1021764","46571","8416","MARTIN LANG, DIRECTOR"
"1021764","46571","8416","NEW PEAK CAPITAL CAYMAN LP, MANAGER"
"1021764","46571","8417","NEW PEAK CAPITAL CAYMAN LP, MANAGER"
"1021764","46571","8417","NEW PEAK FUND GP LIMITED, GENERAL PARTNER"
"1017500","31080","5665","FRANCOISE CHUNG KEE MEW"
"1017500","31080","5665","PETER GIDEON LESBURG"
"1022295","57999","14080","ERIC BERTRAND - DIRECTOR"
"1022295","57999","14080","TAAVI DAVIES - DIRECTOR"
"1022295","57999","14080","BRIAN BURKHOLDER - DIRECTOR"
"1022295","57999","14079","BRIAN BURKHOLDER - DIRECTOR"
"1022295","57999","14079","ERIC BERTRAND  - DIRECTOR"
"1022295","57999","14079","TAAVI DAVIES - DIRECTOR"
"1022295","57999","14079","BYBROOK CAPITAL MANAGEMENT LIMITED - MANAGER"
"1022295","57999","14080","BYBROOK CAPITAL FUND (GP) LIMITED  - GP"
"1022295","57999","14080","BYBROOK CAPITAL MANAGEMENT LTD - MANAGER"
"1020210","52082","10050","HIP III GP L.P."
"1020210","12382","2755","HIP GP L.P."
"1020210","12652","2773","HIP II GP L.P."
"1020210","52082","10049","HIP III G.P L.P."
"1021287","120360","115590","STANDARD CAPITAL N.V., GENERAL PARTNER"
"1021287","120360","83384","DON MARVIN SEYMOUR, DIRECTOR, CRD NUMBER 5081604"
"1021287","120360","83384","WADE KENNY, DIRECTOR, CRD NUMBER 6334524"
"1021287","63934","12972","STANDARD CAPITAL N.V., GENERAL PARTNER"
"1021287","63934","12973","DON MARVIN SEYMOUR, DIRECTOR, CRD NUMBER 5081604"
"1021287","120360","83384","JONATHAN BAIN, DIRECTOR"
"1021287","63934","12973","WADE KENNY, DIRECTOR, CRD NUMBER 6334524"
"1021287","63934","12973","JONATHAN BAIN, DIRECTOR"
"1021407","168225","116009","CQS AIGUILLE DU CHARDONNET, S.A.R.L."
"1020557","58441","24376","SCOTT RICHMAN-DIRECTOR"
"1020557","58441","11827","WHITEHAVEN CREDIT OPPORTUNITIES GP, LLC- GENERAL PARTNER"
"1026265","47327","8648","DIRECTORS:  ROISIN ADDLESTONE, JOHN DONOHOE AND WALTER WOMERSLEY"
"1026265","47327","8649","WHARD STEWART GP CAYMAN LIMITED"
"1026265","47327","8648","MANAGER:  WHARD STEWART ASSET MANAGEMENT LIMITED"
"1025464","17940","3536","WFCOF CAYMAN INC."
"1025464","58420","11781","WEST FACE ACF CAYMAN GP INC."
"1025464","58420","11780","WEST FACE ACF USA GP, LLC"
"1025464","17940","3709","WFCOF USA LLC"
"1025464","17011","3383","WEST FACE (CAYMAN) INC."
"1025464","17011","3382","WEST FACE CAPITAL LLC"
"1026023","65453","13379","NICHOLAS GAZE"
"1026023","65453","13379","GREGORY BENNETT"
"1026023","65453","13379","SHAWN WELLS"
"1026023","65453","13380","EAST LODGE CAPITAL GP LTD"
"1026023","65453","13379","THOMAS SILBERSTEIN"
"1022339","169368","116329","DV IV GENERAL PARTNER S.A., GENERAL PARTNER"
"1022339","169368","116329","JEAN-LOUIS CAMUZAT, DIRECTOR OF THE GENERAL PARTNER"
"1022339","169368","116329","TOM LOESCH,  DIRECTOR OF THE GENERAL PARTNER"
"1022339","169368","116329","PIERRE VAQUIER,  DIRECTOR OF THE GENERAL PARTNER"
"1021580","20444","3980","DAVID DEROSA"
"1021580","20444","3980","JAMES WEBB"
"1021580","20444","3980","HORACE JOSEPH LEITCH III"
"1021580","20444","3981","RUBICON FUND MANAGEMENT LIMITED"
"1020857","177954","117969","NIGEL DAVID STEAD - DIRECTOR"
"1020857","177954","117969","PHILIP ANDREW TYE - DIRECTOR"
"1020857","177954","117969","ZHANG HAO - DIRECTOR"
"1020857","177954","117968","NIGEL DAVID STEAD - DIRECTOR"
"1020857","177954","117968","PHILIP ANDREW TYE - DIRECTOR"
"1020857","177954","117968","ZHANG HAO - DIRECTOR"
"1020857","177954","117969","HAO CAPITAL MANAGEMENT LIMITED"
"1020857","177954","117968","HAO CAPITAL MANAGEMENT LIMITED"
"1020149","177932","117941","JENNIFER COLLINS - DIRECTOR"
"1020149","177932","117941","JOHN J. D'AGOSTINO - DIRECTOR"
"1020149","177932","117941","PEDRO J. RAMOS - DIRECTOR"
"1020149","177932","117942","SOMAR PARTNERS (GP) LLC"
"1026018","23059","4566","MICHAEL COREY, DECLAN QUILLIGAN, JEREMY HERRMANN, LUKE ELLIS, FRANK MEYER, MARC NITSCHE"
"1021419","168225","116009","CQS AIGUILLE DU CHARDONNET, S.A.R.L."
"1020922","65182","13307","ROGER H. HANSON"
"1020922","65182","13306","SQN PARTNERS (GP) LLC"
"1020922","65182","13307","KEVIN PHILLIP"
"994238","46249","8357","ICHIRIZUKA FUND GP"
"1025535","167329","115856","EVAN ERLANSON"
"1025535","167329","115856","PATRICK HARRIGAN"
"1025535","167329","115856","RICHARD COLES"
"1025535","167329","115856","EVE CRESTANI"
"1026776","43416","118036","POLAR FUND MANAGEMENT IV, LP"
"1026776","43416","118035","GREGORY S. BENNETT, GARY LINFORD, RICHARD VAUGHAN"
"1026776","43416","118037","GREGORY S. BENNETT, GARY LINFORD, RICHARD VAUGHAN"
"1023141","54982","10850","KITE LAKE CAPITAL LTD."
"1023141","54982","10850","KL GENERAL PARTNER LTD"
"1023141","54982","10851","KITE LAKE CAPITAL LTD."
"1023141","54982","10851","JOHN LEWIS"
"1023141","54982","10851","GRANT JACKSON"
"1023141","54982","10851","JAN MANTEL"
"1023141","54982","10850","GRANT JACKSON"
"1023141","54982","10850","JOHN LEWIS"
"1023141","54982","10850","JAN MANTEL"
"1016441","171237","116760","KURAMO AFRICA OPPORTUNITY FUND II GP, LLC"
"1016441","171237","116761","KURAMO AFRICA OPPORTUNITY OFFSHORE FUND II GP, LTD."
"1016441","171244","116762","KURAMO AFRICA OPPORTUNITY FUND II GP, LLC"
"1016441","171244","116763","KURAMO AFRICA OPPORTUNITY OFFSHORE FUND II GP, LTD."
"1016441","47077","8576","KURAMO AFRICA OPPORTUNITY FUND GP, LLC"
"1016441","47077","8577","KURAMO AFRICA OPPORTUNITY OFFSHORE FUND GP, LTD"
"1021187","6853","1945","GREYSON CAPITAL MANAGEMENT, LLC"
"1021187","6853","1944","YOO-HANG HUGH KIM"
"1021187","6853","1944","GREYSON GP, LLC"
"1021187","6853","1945","YOO-HANG HUGH KIM"
"1021187","6853","1945","DAVID BREE"
"1021187","6853","1945","JASON FITZGERALD"
"1023226","42357","7666","RMF 2 CO-INVESTMENT GP, LTD."
"1023226","55022","10857","DRUG ROYALTY III GP, LLC"
"1023226","55022","10858","DRUG ROYALTY III GP, LLC"
"1008634","30257","5506","INTERNATIONAL SCC GP, LIMITED"
"1016092","159085","107554","TATA CAPITAL GENERAL PARTNERS LLP"
"1016092","159085","107554","JAGANNATHAN NIRANJAN"
"1025000","158930","107527","IMMERSION CAPITAL FUND (GP) LIMITED/GENERAL PARTNER"
"1025000","158930","107528","WILLIAM JONES DIRECTOR"
"1025000","158930","107528","JIM KANDUNIAS DIRECTOR"
"1025000","158930","107528","JOHN LEWIS DIRECTOR"
"1022924","64535","13103","BLH (1) PTE LTD."
"1022924","64535","13102","BLH (1) PTE LTD."
"1022924","64535","13105","GLP HOLDINGS D-2 LLC"
"1022924","64535","13106","GLP HOLDINGS D-3 LLC"
"1022924","64536","13107","BLH (2) PTE LTD."
"1022924","64536","13108","BLH (2) PTE LTD."
"1022924","64536","13113","BLH (2) PTE LTD."
"1022924","64536","13110","GLP HOLDINGS S-3 LLC"
"1022924","64536","13111","GLP HOLDINGS S-2 LLC"
"1022924","64536","13112","GLP HOLDINGS S-4 LLC"
"1022924","158962","107513","BLH (3) PTE. LTD."
"1022924","158962","107514","BLH (3) PTE. LTD."
"1022924","158962","107515","MONK HOLDINGS LLC"
"1022924","158962","107516","BEBOP HOLDINGS LLC"
"1023767","177958","117948","METHODOLOGY GROUP CAPITAL MANAGEMENT LTD, MANAGER"
"1023767","177958","117948","DR. MARKO LEHTIMAKI, DIRECTOR"
"1023767","177958","117948","CHRISTINE KERBOULL, DIRECTOR"
"1023767","177958","117948","TEJ GUJADHUR, DIRECTOR"
"1021452","55571","109574","GENERAL PARTNER: ADP II GP LIMITED"
"1026963","178359","118026","GRIFFITH, PEARSE, JAMES"
"1026963","178359","118026","BRUDER, HENNING, ERNST ALFRED"
"1026963","178359","118026","REINHOLD, ALAIN, JEAN RENE"
"1026963","178359","118026","MCCORMICK, JESSE, MICHAEL"
"1026978","32066","5879","CAPULA MANAGEMENT LIMITED"
"1026978","32066","5880","CAPULA MANAGEMENT LIMITED"
"1026978","32066","5881","INTERTRUST SPV (CAYMAN) LIMITED"
"1026978","32066","5882","CAPULA MANAGEMENT LIMITED"
"1026978","32066","5877","CAPULA GENERAL PARTNER LIMITED"
"1026978","32149","5888","CAPULA MANAGEMENT LIMITED"
"1026978","32149","5889","INTERTRUST SPV (CAYMAN) LIMITED"
"1026978","32149","13092","CAPULA MANAGEMENT LIMITED"
"1024797","5558","1679","DIRECTORS:  FRANK ENNIS; RALPH WOODFORD & TIM ARENGO-JONES"
"1024797","5558","1677","GENERAL PARTNER: ECLECTICA MANAGEMENT LIMITED; DIRECTORS TO THE GENERAL PARTNER: RALPH WOODFORD; BRIAN GUYETT & TIM ARENGO-JONES"
"1026298","65759","13429","ESDF V LIMITED"
"1025791","33524","10833","TINA SAUNDERS , DIRECTOR"
"1025791","33524","10833","CARL MCCONNELL , DIRECTOR"
"1019687","14189","3008","WILLIAM WALMSLEY"
"1019687","14189","3008","PHILIP DICKIE"
"1019687","14189","3008","JOHN HAWKINS"
"1019687","14189","3008","JOSEPH BANNISTER"
"1019687","14193","3009","WILLIAM WALMSLEY"
"1019687","14193","3009","PHILIP DICKIE"
"1019687","14193","3009","JOSEPH BANNISTER"
"1019687","14193","3009","JOHN HAWKINS"
"1019687","14196","3010","WILLIAM WALMSLEY"
"1019687","14196","3010","PHILIP DICKIE"
"1019687","14196","3010","JOHN HAWKINS"
"1019687","14196","3010","JOSEPH BANNISTER"
"1019687","14198","3011","WILLIAM WALMSLEY"
"1019687","14198","3011","PHILIP DICKIE"
"1019687","14198","3011","JOSEPH BANNISTER"
"1019687","14198","3011","JOHN HAWKINS"
"1019687","14201","3012","WILLIAM WALMSLEY"
"1019687","14201","3012","PHILIP DICKIE"
"1019687","14201","3012","JOSEPH BANNISTER"
"1019687","14201","3012","JOHN HAWKINS"
"1019687","53933","10576","WILLIAM WALMSLEY"
"1019687","53933","10576","PHILIP DICKIE"
"1019687","53933","10576","JOSEPH BANNISTER"
"1019687","53933","10576","JOHN HAWKINS"
"1018756","51396","117922","GARY BUTLER"
"1018756","51396","117922","PHILIP CATER"
"1018756","51396","117923","WOODSON CAPITAL GENERAL PARTNER, LLC"
"1018756","51396","117922","JAMES W. DAVIS"
"1019162","55146","10883","RONIT CAPITAL INVESTMENTS LP"
"1019162","55146","10882","RONIT CAPITAL (GP) LTD"
"1025463","2655","1274","ROISIN ADDLESTONE"
"1025463","2655","1274","DAVID BREE"
"1026311","178359","118026","GRIFFITH, PEARSE, JAMES"
"1026311","178359","118026","BRUDER, HENNING, ERNST ALFRED"
"1026311","178359","118026","REINHOLD, ALAIN, JEAN RENE"
"1026311","178359","118026","MCCORMICK, JESSE, MICHAEL"
"1018516","17359","4050","MELFORD REALTY INVESTORS 1 (GP) LIMITED"
"1018516","64691","13154","MRI II (GP) LTD."
"1025032","168513","116037","ELECTRIC PEAK I, LLC"
"1021402","66136","13538","BRIDGES VENTURES LLP"
"1021402","66184","13539","BRIDGES VENTURES LLP"
"1017276","177771","117975","KALEIDOSCOPE GP LP"
"1017276","177771","117976","NICK NANDA"
"1017276","177771","117976","SCOTT CRAVEN JONES"
"1017276","177771","117976","GEORGE BASHFORTH"
"1026904","58256","11756","THREE COURT GP, LLC"
"1026904","58256","118039","THREE COURT GP, LLC"
"1017057","177977","117951","SW7 US EQUITIES FUND I GP LIMITED - GENERAL PARTNER"
"1017057","177977","117952","VICTORIA PARRY - DIRECTOR"
"1017057","177977","117952","TIMOTHY SWEETING - DIRECTOR"
"1017057","177977","117952","KRISHNAN NARAYANAN - DIRECTOR"
"1017057","166658","117950","SW7 US EQUITIES FUND I GP LIMITED - GENERAL PARTNER"
"1017057","166658","117949","VICTORIA PARRY - DIRECTOR"
"1017057","166658","117949","TIMOTHY SWEETING - DIRECTOR"
"1017057","166658","117949","KRISHNAN NARAYANAN - DIRECTOR"
"1022273","90230","67364","PETER HUBER"
"1022273","90230","67366","THUNDERBIRD FUND MANAGEMENT LIMITED"
"1022273","90230","67365","THUNDERBIRD FUND MANAGEMENT LIMITED"
"1022273","90230","67364","SEAN FLYNN"
"1022273","90230","67364","PATRICK AGEMIAN"
"1024647","167104","115801","DAMIAN JURIC"
"1024647","167104","115802","QUADRATURE PARTNER LIMITED"
"1024647","167104","115801","ALAN TOOKER"
"1027040","172002","116855","DAVID S. URQUHART"
"1027040","14033","2985","JACOB GRAY"
"1027040","14033","2985","HO, JOHN, CHI ON"
"1027040","14033","2985","WARREN KEENS"
"1027040","14033","3650","HO, JOHN, CHI ON"
"1027040","14033","3650","JACOB GRAY"
"1027040","14033","3650","WARREN KEENS"
"1027040","172002","116855","WONG LEUNG MAN"
"1027040","172002","116854","WONG LEUNG MAN"
"1027040","172002","116854","DAVID S. URQUHART"
