"FilingID","ReferenceID","SubreferenceID","Website Address"
"951271","15995","5727","HTTP://WWW.SAMENACAPITAL.COM/"
"951271","16002","5729","HTTP://WWW.SAMENACAPITAL.COM/"
"954862","27067","13284","WWW.BLOOMBERG.COM ""SEE PAGE MSSM"""
"954862","27067","13282","WWW.MORGANMARKETS.COM"
"954862","27067","18922","WWW.TRADEWEB.COM"
"954862","27067","18922","WWW.BLOOMBERG.COM"
"954862","27067","18925","WWW.TRADEWEB.COM"
"954862","27067","18925","WWW.BLOOMBERG.COM"
"956769","35449","21123","WWW.FUND-CHANNEL.COM"
"960373","168386","61887","WWW.REALTYSHARES.COM"
"960373","168358","61864","WWW.REALTYSHARES.COM"
"960373","168359","61865","WWW.REALTYSHARES.COM"
"960373","168362","61868","WWW.REALTYSHARES.COM"
"960373","168363","61869","WWW.REALTYSHARES.COM"
"960373","168366","61871","WWW.REALTYSHARES.COM"
"960373","168398","61899","WWW.REALTYSHARES.COM"
"960373","168399","61900","WWW.REALTYSHARES.COM"
"960373","168400","61901","WWW.REALTYSHARES.COM"
"960373","168382","61883","WWW.REALTYSHARES.COM"
"960373","168383","61884","WWW.REALTYSHARES.COM"
"960373","168335","61843","WWW.REALTYSHARES.COM"
"960373","168336","61844","WWW.REALTYSHARES.COM"
"960373","168354","61860","WWW.REALTYSHARES.COM"
"960373","168303","61811","WWW.REALTYSHARES.COM"
"960373","168376","61877","WWW.REALTYSHARES.COM"
"960373","168377","61878","WWW.REALTYSHARES.COM"
"960373","168379","61880","WWW.REALTYSHARES.COM"
"960373","168384","61885","WWW.REALTYSHARES.COM"
"960373","168385","61886","WWW.REALTYSHARES.COM"
"960373","168356","61862","WWW.REALTYSHARES.COM"
"960373","168364","61870","WWW.REALTYSHARES.COM"
"960373","168332","61840","WWW.REALTYSHARES.COM"
"960373","168304","61812","WWW.REALTYSHARES.COM"
"960373","168305","61813","WWW.REALTYSHARES.COM"
"960373","168328","61836","WWW.REALTYSHARES.COM"
"960373","168333","61841","WWW.REALTYSHARES.COM"
"960373","168334","61842","WWW.REALTYSHARES.COM"
"960373","168337","61845","WWW.REALTYSHARES.COM"
"960373","168338","61846","WWW.REALTYSHARES.COM"
"960373","168339","61847","WWW.REALTYSHARES.COM"
"960373","168340","61848","WWW.REALTYSHARES.COM"
"960373","168341","61849","WWW.REALTYSHARES.COM"
"960373","168342","61850","WWW.REALTYSHARES.COM"
"960373","168343","61851","WWW.REALTYSHARES.COM"
"960373","168347","61853","WWW.REALTYSHARES.COM"
"960373","168348","61854","WWW.REALTYSHARES.COM"
"960373","168349","61855","WWW.REALTYSHARES.COM"
"960373","168351","61857","WWW.REALTYSHARES.COM"
"960373","168352","61858","WWW.REALTYSHARES.COM"
"960373","168353","61859","WWW.REALTYSHARES.COM"
"960373","168361","61867","WWW.REALTYSHARES.COM"
"960373","168375","61876","WWW.REALTYSHARES.COM"
"960373","168380","61881","WWW.REALTYSHARES.COM"
"960373","168360","61866","WWW.REALTYSHARES.COM"
"960373","168367","61872","WWW.REALTYSHARES.COM"
"960373","168368","61873","WWW.REALTYSHARES.COM"
"960373","168302","61810","WWW.REALTYSHARES.COM"
"960373","168306","61814","WWW.REALTYSHARES.COM"
"960373","168307","61815","WWW.REALTYSHARES.COM"
"960373","168308","61816","WWW.REALTYSHARES.COM"
"960373","168309","61817","WWW.REALTYSHARES.COM"
"960373","168301","61809","WWW.REALTYSHARES.COM"
"960373","168310","61818","WWW.REALTYSHARES.COM"
"960373","168311","61819","WWW.REALTYSHARES.COM"
"960373","168312","61820","WWW.REALTYSHARES.COM"
"960373","168313","61821","WWW.REALTYSHARES.COM"
"960373","168314","61822","WWW.REALTYSHARES.COM"
"960373","168315","61823","WWW.REALTYSHARES.COM"
"960373","168316","61824","WWW.REALTYSHARES.COM"
"960373","168317","61825","WWW.REALTYSHARES.COM"
"960373","168318","61826","WWW.REALTYSHARES.COM"
"960373","168319","61827","WWW.REALTYSHARES.COM"
"960373","168325","61833","WWW.REALTYSHARES.COM"
"960373","168321","61829","WWW.REALTYSHARES.COM"
"960373","168322","61830","WWW.REALTYSHARES.COM"
"960373","168323","61831","WWW.REALTYSHARES.COM"
"960373","168324","61832","WWW.REALTYSHARES.COM"
"960373","168326","61834","WWW.REALTYSHARES.COM"
"960373","168327","61835","WWW.REALTYSHARES.COM"
"960373","168329","61837","WWW.REALTYSHARES.COM"
"960373","168330","61838","WWW.REALTYSHARES.COM"
"960373","168331","61839","WWW.REALTYSHARES.COM"
"960373","168350","61856","WWW.REALTYSHARES.COM"
"960373","168355","61861","WWW.REALTYSHARES.COM"
"960373","168357","61863","WWW.REALTYSHARES.COM"
"960373","168370","61874","WWW.REALTYSHARES.COM"
"960373","168371","61875","WWW.REALTYSHARES.COM"
"960373","168378","61879","WWW.REALTYSHARES.COM"
"960373","168381","61882","WWW.REALTYSHARES.COM"
"960373","168387","61888","WWW.REALTYSHARES.COM"
"960373","168388","61889","WWW.REALTYSHARES.COM"
"960373","168389","61890","WWW.REALTYSHARES.COM"
"960373","168390","61891","WWW.REALTYSHARES.COM"
"960373","168391","61892","WWW.REALTYSHARES.COM"
"960373","168392","61893","WWW.REALTYSHARES.COM"
"960373","168393","61894","WWW.REALTYSHARES.COM"
"960373","168394","61895","WWW.REALTYSHARES.COM"
"960373","168395","61896","WWW.REALTYSHARES.COM"
"960373","168396","61897","WWW.REALTYSHARES.COM"
"960373","168397","61898","WWW.REALTYSHARES.COM"
"962741","35449","21123","WWW.FUND-CHANNEL.COM"
