"FilingID","Primary Business","Business Name"
"982112","THE PRIMARY BUSINESS (DEFINED AS REGULATED ACTIVITIES UNDER THE SECURITIES AND FUTURES ACT ISSUED BY THE MONETARY AUTHORITY OF SINGAPORE) ARE FUND MANAGEMENT, DEALING IN SECURITIES AND TRADING FUTURES CONTRACTS.","NA"
"1019087","MANAGEMENT OF VENTURE CAPITAL FUNDS.",""
"1017601","OPERATOR OF UNREGULATED COLLECTIVE INVESTMENT SCHEMES",""
"1022687","REGENESIS FUND LP MANAGED BY FITZPATRICK & PARTNERS LLC (GENERAL PARTNER)",""
"1022270","MANAGE AND ADVISE VENTURE CAPITAL FUNDS",""
"1025549","VENTURE CAPITAL INVESTMENT MANAGER",""
"1022027","LEGAL PRACTICE AND EDUCATION","HOWARD AND ASSOCIATES CAMBRIDGE GRADUATE UNIVERSITY INTERNATIONAL"
"1016052","AVANT, INC. IS AN ONLINE CONSUMER LENDING PLATFORM THAT OFFERS CONSUMER LOANS TO BORROWERS IN THE U.S., U.K. AND CANADA.","AVANT OPERATES AS AVANTCREDIT IN THE U.K. AND CANADA"
"1016109","MANAGER OF PRIVATE EQUITY FUNDS",""
"1020015","SERVE AS THE GENERAL PARTNER OF PRIVATE EQUITY INVESTMENT FUNDS FORMED IN JAPAN",""
"1023119","GLOBAL FINANCIAL ADVISORY INCLUDE M&A AND STRATEGIC ADVISORY AND FINANCING ADVISORY (INCLUDING RESTRUCTURING) TO GOVERNMENTS, CORPORATIONS, INSTITUTIONS AND INDIVIDUALS.",""
"990448","LENDING",""
"1006539","AULDBRASS PARTNERS, LP PROVIDES PORTFOLIO MONITORING SERVICES. SUCH SERVICES ARE ADMINISTRATIVE AND INCLUDE ATTENDING MEETINGS AND CATEGORIZING INFORMATION WITH RESPECT TO INVESTMENTS IN THE CLIENT'S PORTFOLIO.",""
"1025362","THE PRIMARY BUSINESS OF EXWORKS CAPITAL, LLC IS PROVIDING DEBT FINANCING SERVICES.",""
"1023751","FUND MANAGEMENT",""
"986609","MANAGEMENT OF PRIVATE EQUITY FUNDS.",""
"1018099","THE FIRM INVESTS INTO DYNAMIC, GROWTH COMPANIES IN THE UK LOWER-TO-MID MARKET IN COMPANIES VALUED FROM �10M TO �75M IN A VARIETY OF SITUATIONS INCLUDING, INTER ALIA, MINORITY INVESTMENTS, MANAGEMENT BUYOUTS / BUY-INS, DEVELOPMENT AND REPLACEMENT CAPITAL.",""
"1014000","ACTING AS A SPONSOR, GENERAL PARTNER, MANAGER, OPERATOR AND/OR MANAGING MEMBER (OR EQUIVALENT) OF INVESTMENT VEHICLES AND POOLED ASSETS.",""
"985254","ORIGINATING FIRST MORTGAGE FIXED AND FLOATING RATE LOANS, MEZZANINE LOANS AND PREFERRED EQUITY INVESTMENTS SECURED BY COMMERCIAL REAL ESTATE PROPERTIES OR OWNERSHIP INTERESTS IN ENTITIES THAT OWN AND CONTROL COMMERCIAL REAL ESTATE PROPERTIES.","BASIS REAL ESTATE CAPITAL, LLC, BASIS REAL ESTATE CAPITAL II, LLC, MACH I BASIS INVESTMENTS, LLC, MACH I REAL ESTATE CAPITAL I,"
"1008333","INVESTMENT MANAGER",""
"995150","COMMERCIAL REAL ESTATE LENDING",""
"1013643","AGAMERICA LENDING LLC, A LICENSED MORTGAGE LENDER,BROKER,AND SERVICER,ORIGINATES AND SERVICES LOANS, PROVIDES UNDERWRITING AND DUE DILIGENCE SERVICES FOR THE FUNDS' ASSETS, AS WELL AS LOANS ORIGINATED FOR THE FEDERAL AGRICULTURAL MORTGAGE CORPORATION.",""
"1013408","AVANT, INC. IS AN ONLINE CONSUMER LENDING PLATFORM THAT OFFERS CONSUMER LOANS TO BORROWERS IN THE U.S., U.K. AND CANADA.","AVANT OPERATES AS AVANTCREDIT IN THE U.K. AND CANADA"
"1015813","SERVING AS GENERAL PARTNER AND MANAGER OF PRIVATE FUNDS DOMICILIED OUTSIDE THE US AND CONDUCING BUSINESS OUTSIDE OF  THE US.",""
"1016146","PROVISION OF CORPORATE GOVERNANCE SERVICES AND MANAGEMENT COMPANY SERVICES FOR UCITS AND AIFS.","N/A"
"1016757","REGENESIS FUND LP MANAGED BY FITZPATRICK & PARTNERS LLC (GENERAL PARTNER)",""
"994357","VENTURE ADVISORY AND DEVELOPMENT SERVICES FOR EARLY STAGE COMPANIES.",""
"1019369","ADVISING AND INVESTING ON BEHALF OF A SMALL, PRIVATE, INVESTMENT FUND WITH LESS THAN $25MM IN ASSETS.",""
"1008721","SERVE AS THE GENERAL PARTNER OF PRIVATE EQUITY INVESTMENT FUNDS FORMED IN JAPAN",""
"1006412","OWNING AND OPERATING SELF-STORAGE FACILITIES.",""
"992011","VENTURE CAPITAL INVESTMENT MANAGEMENT FIRM",""
"1017404","VANGUARD INVESTMENTS CANADA PROVIDES ITS CLIENTS WITH DAY-TO-DAY CORPORATE, MANAGEMENT, AND ADMINISTRATIVE SERVICES, INCLUDING LEGAL, ACCOUNTING, TRANSFER AGENCY, AND DISTRIBUTION SERVICES.",""
"1026620","MANAGER VENTURE CAPITAL FUND",""
