"FilingID","Other Products and Services","Business Name"
1048701,"N/A","N/A"
1044182,"PORTFOLIO MANAGEMENT",""
1039751,"AVANT, INC. OR ONE OF ITS AFFILIATES MAY SELL CONSUMER LOANS ORIGINATED THROUGH THE AVANT PLATFORM TO CLIENTS.  AVANT, INC. ALSO ACTS AS SERVICER WITH RESPECT TO SUCH CONSUMER LOANS ON BEHALF OF ITS CLIENTS.",""
1051938,"AIFML IS THE GLOBAL DISTRIBUTOR FOR ABERDEEN'S LUXEMBOURG DOMICILED UCITS FUNDS AND IS RESPONSIBLE FOR THE APPOINTMENT OF SUB-DISTRIBUTORS IN COUNTRIES AROUND THE WORLD FOR THE FUNDS' DISTRIBUTION.",""
1047244,"NON-EXCLUSIVE SALES AGENT IN RESPECT OF THE SHARES AND INTERESTS (AS APPLICABLE) OF ITS CLIENTS, IN MONACO",""
1051170,"SALES OF PRIVATELY PLACED MEMBERSHIP INTEREST IN AN INVESTMENT VEHICLE (EAGLE ENERGY FUND II, LLC) WHICH IS THE SOLE CLIENT TO WHOM WE PROVIDE INVESTMENT ADVICE.",""
1032462,"NO","NO"
1058323,"PINEBRIDGE INVESTMENTS ASIA LIMITED ENGAGES IN FUND DISTRIBUTION BUSINESS.",""
1049971,"SAME AS 6.B.(2)",""
1049398,"LLOYDS BANK PLC ALSO PROVIDES HEDGING. ADMINISTRATIVE, LIQUIDITY AND OTHER LENDING FACILITIES (WHICH MAY INCLUDE REPURCHASE ARRANGEMENTS) TO CANCARA  THE PRIVATE FUND DESCRIBED IN SECTION 7B(1)",""
1054600,"ACTING AS ADMINISTRATIVE AGENT ON BANK LOAN AGREEMENTS",""
1044217,"GATE RESIDENTIAL PROPERTIES, LLC OFFERS PROJECT AND DEVELOPMENT MANAGEMENT SERVICES TO ITS CLIENTS.",""
1047667,"THE ADVISER PROVIDES THE FOLLOWING OTHER SERVICES TO CERTAIN CLIENTS:  1. STRATEGY FOR NEW FUNDS/BUSINESSES; 2. FINANCIAL AND INTERNAL CONTROL PROCESSES - ASSESSMENT AND OVERSIGHT; AND 3. ASSISTANCE AND ADVICE ON FINANCIAL AND SOCIAL REPORTING.",""
1054884,"ACTING AS ADMINISTRATIVE AGENT ON BANK LOAN AGREEMENTS",""
1046651,"LLOYDS BANK PLC ALSO PROVIDES HEDGING. ADMINISTRATIVE, LIQUIDITY AND OTHER LENDING FACILITIES (WHICH MAY INCLUDE REPURCHASE ARRANGEMENTS) TO CANCARA  THE PRIVATE FUND DESCRIBED IN SECTION 7B(1)",""
1054877,"ABERDEEN GLOBAL SERVICES SA (AGS) ALSO PROVIDES DOMICILIARY AND LISTING AGENCY SERVICES TO ALL THE FUNDS FOR WHICH IT IS APPOINTED MANAGEMENT COMPANY.",""
1044591,"IN ADDITION TO PROVIDING MANAGEMENT AND COMMODITY POOL OPERATOR SERVICES TO OUR ADVISORY CLIENTS, WE ALSO PROVIDE MANAGEMENT, CORPORATE ADMINISTRATION AND FUND ADMINISTRATION SERVICES TO OUR NON-ADVISORY CLIENTS.",""
1056863,"REGENESIS CAPITAL LP IS AN INSTITUTIONAL GROWTH-ORIENTED PRIVATE EQUITY FUND TARGETING SUPERIOR QUALITY SECTOR-BASED AND EARLY-STAGE INVESTMENTS ACROSS MULTIPLE GEOGRAPHIES.",""
