"FilingID","Other Products and Services","Business Name"
"869016","BNP PARIBAS FORTIS SA/NV AS ENTITY PROVIDES THE FOLLOWING SERVICES TO THE SCALDIS ENTITIES: ECP DEALER, LIQUIDITY FACILITY PROVIDER, LETTER OF CREDIT PROVIDER, ADMINISTRATIVE AGENT, HEDGING AGENT, VARIABLE FUNDING NOTE AGENT, REPO COUNTERPARTY",""
"883878","PRIVATE EQUITY INVESTMENT MONITORING SERVICES",""
"890555","FUND ADMINISTRATION (E.G. CAPITAL CALLS AND DISTRIBUTIONS, DISTRIBUTION OF ANNUAL REPORTS AND K-1'S)","LEVERPOINT MANAGEMENT, LLC"
"892508","FUND ADMINISTRATION (E.G. CAPITAL CALLS AND DISTRIBUTIONS, DISTRIBUTION OF ANNUAL REPORTS AND K-1'S)","LEVERPOINT MANAGEMENT, LLC"
"893405","ACCOUNTING AND ADMINISTRATIVE SERVICES",""
"893824","IN ADDITION TO ADVISORY SERVICES, WE PROVIDE DEVELOPMENT MANAGEMENT SERVICES TO CLIENTS.",""
"887310","GROWTH CAPITAL- PROVIDE EQUITY AND/OR MEZZANINE CAPITAL FOR LOWER-MIDDLE MARKET COMPANIES. REAL ESTATE- OFFER COMPREHENSIVE REAL ESTATE SERVICES.",""
"872262","ORBIS ASSET MANAGEMENT LIMITED SERVES AS GENERAL PARTNER OF THREE POOLED INVESTMENT VEHICLES THAT ARE ITS ADVISORY CLIENTS.",""
"871436","BROAD MANAGEMENT, ADMINISTRATION AND DISTRIBUTION SERVICES TO A NUMBER OF PRIVATE FUND CLIENTS ALTHOUGH THE MAJORITY OF SUCH SERVICES ARE OUTSOURCED TO OTHER ENTITIES.",""
"895916","TRADING AND COMPLIANCE TECHNOLOGY TOOLS","TRILLIUM LABS, LLC"
"892101","PINEBRIDGE INVESTMENTS ASIA LIMITED ENGAGES IN FUND DISTRIBUTION BUSINESS.",""
"892716","WE PROVIDE INVESTMENT MANAGEMENT SERVICES.",""
"887543","ACTING AS ADMINISTRATIVE AGENT ON BANK LOAN AGREEMENTS",""
"896893","REAL ESTATE MANAGEMENT, DEVELOPMENT AND BROKERAGE SERVICES, INCLUDING AS A COMPONENT OF THOSE SERVICES LEGAL, ACCOUNTING, INFORMATION TECHNOLOGY, MARKETING AND ARCHITECTURAL SERVICES.","STERLING BAY COMPANIES, LLC; STERLING BAY PROPERTY MANAGEMENT, LLC; STERLING BAY DEVELOPMENT MGMT, LLC; STERLING BAY REALTY, LLC"
"886622","BLACKROCK INVESTMENT MANAGEMENT (UK) LTD. PROVIDES REAL ESTATE INVESTMENT SERVICES. THE REAL ESTATE SERVICES ARE PRINCIPALLY RELATED TO THE ACQUISITION, DISPOSITION AND SUPERVISION OF MANAGEMENT AND IMPROVEMENT OF REAL ESTATE INVESTMENTS FOR ITS CLIENTS.",""
"885976","IN ADDITION TO PROVIDING MANAGEMENT AND COMMODITY POOL OPERATOR SERVICES TO OUR ADVISORY CLIENTS, WE ALSO PROVIDE MANAGEMENT, CORPORATE ADMINISTRATION AND FUND ADMINISTRATION SERVICES TO OUR NON-ADVISORY CLIENTS.",""
"889331","SAME AS 6.B.(2)",""
"893152","PROVIDE SERVICES RELATED TO THE CONSTRUCTION AND DEVELOPMENT OF REAL ESTATE.",""
"894669","AN AFFILIATE IN JAPAN PROVIDES ASSET MANAGEMENT SERVICES TO ADVISORY CLIENTS AND OTHER NON ADVISORY CLIENT PARTIES. (LICENSED BY JAPAN MINISTRY OF JUSTICE)","PAG SERVICING LIMITED"
"900000","INVESTMENT MONITORING- AND REPORTING SERVICES, INCLUDING PERFORMANCE EVALUATIONS, MONITORING AND RECONCILIATION OF CASH FLOWS, REVIEW OF ASSET ALLOCATIONS, AND PREPARATION OF RESPECTIVE REPORTS.",""
"902242","PROVIDE CONSULTING SERVICES INCLUDING ASIAN HEDGE FUND DUE DILIGENCE AND HEDGE FUND BUSINESS BUILDING.",""
"887325","LLOYDS BANK PLC ALSO PROVIDES HEDGING. ADMINISTRATIVE, LETTER OF CREDIT, LIQUIDITY AND OTHER LENDING FACILITIES (WHICH MAY INCLUDE REPURCHASE ARRANGEMENTS) TO CANCARA  THE PRIVATE FUND DESCRIBED IN SECTION 7B(1)",""
"898353","REINSURANCE MANAGEMENT SERVICES.",""
"904404","SEE RESPONSE TO SECTION 6.B(2) ABOVE.",""
"877526","WE PROVIDE ANCILLARY ACCOUNTING AND LEGAL SERVICES TO OUR CLIENTS AS PART OF OUR INVESTMENT ADVISORY SERVICES.",""
"904723","ACTING AS ADMINISTRATIVE AGENT ON BANK LOAN AGREEMENTS",""
"900957","LAND SOUTH LENDING LLC, A LICENSED MORTGAGE LENDER AND BROKER, ORIGINATES LOANS, SERVICES LOANS, PROVIDES UNDERWRITING AND DUE DILIGENCE SERVICES FOR THE FUNDS' ASSETS.","BANKERS SOUTH LENDING & FINANCE, LLC IS A FICTITIOUS NAME REGISTERED WITH THE FLORIDA DEPARTMENT OF STATE ON 01/20/2015."
"882052","AULDBRASS PARTNERS, LP PROVIDES PORTFOLIO MONITORING SERVICES. SUCH SERVICES ARE ADMINISTRATIVE AND INCLUDE ATTENDING MEETINGS AND CATEGORIZING INFORMATION WITH RESPECT TO INVESTMENTS IN THE CLIENT'S PORTFOLIO.",""
"899416","SEE ITEM 6.B.(2).",""
"899535","ADMINISTRATION, MONITORING AND REPORTING",""
"904481","BOLT INNOVATION MANAGEMENT PROVIDES TECHNICAL ADVICE AND SUPPORT TO ITS CLIENT BOLT FUND II LP AND TO ITS PORTFOLIO COMPANIES",""
"906093","MANAGEMENT SERVICES OF FUNDS",""
"905002","NON-EXCLUSIVE SALES AGENT IN RESPECT OF THE SHARES AND INTERESTS (AS APPLICABLE) OF ITS CLIENTS, IN MONACO",""
"896953","FINANCIAL ADVISORY, PRIVATE PLACEMENTS, M&A ADVISORY","WINDY CITY ADVISORS LLC"
"908179","INVESTMENT MANAGEMENT",""
"908222","INVESTMENT MANAGEMENT",""
"909514","NON-EXCLUSIVE SALES AGENT IN RESPECT OF THE SHARES AND INTERESTS (AS APPLICABLE) OF ITS CLIENTS, IN MONACO",""
"904764","PROVIDES ADMINISTRATIVE SUPPORT SERVICES TO INVESTMENT ADVISORY CLIENTS AND RELATED ENTITIES.  OFFERED AS PART OF THE SOFT WIND DOWN SERVICES PROVIDED TO ENTITIES IN RUN OFF OR LIQUIDATION. INCLUDES FUND ACCOUNTING, INVESTOR SERVICES FUNCTIONS.",""
"900086","OPERATIVE COMPANY CONSULTING AND RESTRUCTURING SERVICES",""
"914168","VALUATION RELATED SERVICES, LITIGATION SUPPORT, AND CAPITAL MARKETS ADVISORY SERVICES","CAPSTONE VALUATION SERVICES, LLC, AND CAPSTONE CAPITAL MARKETS ADVISORS"
"915224","REAL ESTATE MANAGEMENT, DEVELOPMENT AND BROKERAGE SERVICES, INCLUDING AS A COMPONENT OF THOSE SERVICES LEGAL, ACCOUNTING, INFORMATION TECHNOLOGY, MARKETING AND ARCHITECTURAL SERVICES.","STERLING BAY COMPANIES, LLC; STERLING BAY PROPERTY MANAGEMENT, LLC; STERLING BAY DEVELOPMENT MGMT, LLC; STERLING BAY REALTY, LLC"
"914339","IN ADDITION TO PROVIDING MANAGEMENT AND COMMODITY POOL OPERATOR SERVICES TO OUR ADVISORY CLIENTS, WE ALSO PROVIDE MANAGEMENT, CORPORATE ADMINISTRATION AND FUND ADMINISTRATION SERVICES TO OUR NON-ADVISORY CLIENTS.",""
"910807","THE FILER (OR AN AFFILIATE) PROVIDES PROPERTY MANAGEMENT SERVICES TO ITS CLIENTS (OR SUBSIDIARIES OF ITS CLIENT).",""
"916176","THE ADVISORY CLIENTS OF ARIXA MANAGEMENT, LLC, INVEST IN PRIVATE LOANS SECURED BY REAL ESTATE.  AN AFFILIATE OF THE INVESTMENT ADVISER ORIGINATES THE LOANS IN WHICH THE ADVISORY CLIENTS INVEST AND IS COMPENSATED FOR THIS SERVICE.","ARIXA CAPITAL ADVISORS, LLC"
"917945","FINANCIAL ADVISORY, PRIVATE PLACEMENTS, M&A ADVISORY","WINDY CITY ADVISORS LLC"
"918672","LAND SOUTH LENDING LLC, A LICENSED MORTGAGE LENDER AND BROKER, ORIGINATES LOANS, SERVICES LOANS, PROVIDES UNDERWRITING AND DUE DILIGENCE SERVICES FOR THE FUNDS' ASSETS.","BANKERS SOUTH LENDING & FINANCE, LLC IS A FICTITIOUS NAME REGISTERED WITH THE FLORIDA DEPARTMENT OF STATE ON 01/20/2015."
"919539","IN ADDITION TO PROVIDING MANAGEMENT AND COMMODITY POOL OPERATOR SERVICES TO OUR ADVISORY CLIENTS, WE ALSO PROVIDE MANAGEMENT, CORPORATE ADMINISTRATION AND FUND ADMINISTRATION SERVICES TO OUR NON-ADVISORY CLIENTS.",""
"927654","WE ARE THE MANAGER OF TRIBRIDGE EQUITY PARTNERS I, LLC, WHICH IS A FUND THAT INVESTMENTS IN MULTIFAMILY REAL ESTATE LOCATED PRIMARILY IN THE SOUTHEASTERN UNITED STATES.  OUR CLIENTS ARE INVESTORS IN THE FUND.",""
"925222","IN ADDITION TO PROVIDING MANAGEMENT AND COMMODITY POOL OPERATOR SERVICES TO OUR ADVISORY CLIENTS, WE ALSO PROVIDE MANAGEMENT, CORPORATE ADMINISTRATION AND FUND ADMINISTRATION SERVICES TO OUR NON-ADVISORY CLIENTS.",""
"928217","OUR CLIENTS ARE PRIVATE FUNDS AND IN ADDITION TO PROVIDING THEM WITH INVESTMENT ADVICE, WE PROVIDE BOOKKEEPING, ACCOUNTING AND GENERAL ADMINISTRATION SERVICES TO THEM.",""
"906413","BLACKROCK INVESTMENT MANAGEMENT (UK) LTD. PROVIDES REAL ESTATE INVESTMENT SERVICES. THE REAL ESTATE SERVICES ARE PRINCIPALLY RELATED TO THE ACQUISITION, DISPOSITION AND SUPERVISION OF MANAGEMENT AND IMPROVEMENT OF REAL ESTATE INVESTMENTS FOR ITS CLIENTS.",""
"930437","NON-EXCLUSIVE SALES AGENT IN RESPECT OF THE SHARES AND INTERESTS (AS APPLICABLE) OF ITS CLIENTS, IN MONACO",""
"914262","ADMINISTRATIVE AND MINISTERIAL SERVICES.",""
"924450","VENTURE CAPITAL MANAGEMENT SERVICES INCLUDING REPORTING, CONCLUDING TRANSACTIONS AND FUND ADMINISTRATION",""
"933274","EXECUTION ONLY SERVICES. ALSO, SERVICES THAT RELATE TO ETHICAL INVESTING AND RESPONSIBLE SHAREHOLDER VOTING AND ENGAGEMENT.",""
"932673","LLOYDS BANK PLC ALSO PROVIDES HEDGING. ADMINISTRATIVE, LETTER OF CREDIT, LIQUIDITY AND OTHER LENDING FACILITIES (WHICH MAY INCLUDE REPURCHASE ARRANGEMENTS) TO CANCARA  THE PRIVATE FUND DESCRIBED IN SECTION 7B(1)",""
"934453","EXECUTION ONLY SERVICES. ALSO, SERVICES THAT RELATE TO ETHICAL INVESTING AND RESPONSIBLE SHAREHOLDER VOTING AND ENGAGEMENT.",""
"934774","BLACKROCK INVESTMENT MANAGEMENT (UK) LTD. PROVIDES REAL ESTATE INVESTMENT SERVICES. THE REAL ESTATE SERVICES ARE PRINCIPALLY RELATED TO THE ACQUISITION, DISPOSITION AND SUPERVISION OF MANAGEMENT AND IMPROVEMENT OF REAL ESTATE INVESTMENTS FOR ITS CLIENTS.",""
"932374","AN AFFILIATE IN JAPAN PROVIDES ASSET MANAGEMENT SERVICES TO ADVISORY CLIENTS AND OTHER NON ADVISORY CLIENT PARTIES. (LICENSED BY JAPAN MINISTRY OF JUSTICE)","PAG SERVICING LIMITED"
"936415","INVESTMENT MANAGEMENT SERVICES",""
"934835","SAME AS 6.B.(2)",""
"938265","G. ROBERT BLANCHARD, JR. AND ROBERT BLENKER ALSO ENGAGE IN BUSINESS FOR W.R.B. ENTERPRISES, INC.  AND WRB ENERGY WHICH DEVELOP ENERGY INFRASTRUCTURE ASSETS IN THE CARIBBEAN, IN SOME OF WHICH FILER'S PRIVATE FUND CLIENTS INVEST.","SEE ABOVE"
"942126","BACK-OFFICE, ADMINISTRATIVE SUPPORT, RECORD KEEPING, REPORTING, DUE DILIGENCE",""
"944232","THE ADVISORY CLIENTS OF ARIXA MANAGEMENT, LLC, INVEST IN PRIVATE LOANS SECURED BY REAL ESTATE.  AN AFFILIATE OF THE INVESTMENT ADVISER ORIGINATES THE LOANS IN WHICH THE ADVISORY CLIENTS INVEST AND IS COMPENSATED FOR THIS SERVICE.","ARIXA CAPITAL ADVISORS, LLC"
"942591","BLACKROCK INVESTMENT MANAGEMENT (UK) LTD. PROVIDES REAL ESTATE INVESTMENT SERVICES. THE REAL ESTATE SERVICES ARE PRINCIPALLY RELATED TO THE ACQUISITION, DISPOSITION AND SUPERVISION OF MANAGEMENT AND IMPROVEMENT OF REAL ESTATE INVESTMENTS FOR ITS CLIENTS.",""
"944948","PENSION ADMINISTRATION; TRUST COMPANY AND ADMINISTRATION",""
"947433","WE PROVIDE CERTAIN NON-INVESTMENT ADVISORY SERVICES TO OUR CLIENTS, INCLUDING ACCOUNTING, REPORTING, REGULATORY COMPLIANCE, TREASURY AND OPERATIONS, CORPORATE GOVERNANCE, INVESTMENT ADMINISTRATION AND GENERAL ADMINISTRATION SERVICES.",""
"947793","NON-EXCLUSIVE SALES AGENT IN RESPECT OF THE SHARES AND INTERESTS (AS APPLICABLE) OF ITS CLIENTS, IN MONACO",""
"947572","CORPORATE FINANCE ADVISORY SERVICES",""
"948887","PENTRUST RECEIVES MONTHLY OR QUARTERLY MANAGEMENT FEES PAID BY THE FUNDS FOR PERFORMING MONITORING SERVICES WITH RESPECT TO EACH REAL ESTATE PROJECT. PENTRUST PROVIDES THESE SAME LOAN-SERVICING FUNCTIONS FOR UNRELATED PRIVATE INVESTMENT FUNDS FOR A FEE.",""
