"FilingID","ReferenceID","SubreferenceID","Private Fund Name","Fund ID","State","Country","3(c)(1) Exclusion","3(c)(7) Exclusion"
"1016091","44538","8035","CDH SPECIAL OPPORTUNITY FEEDER FUND, L.P.","805-5866065211","","Cayman Islands","N","Y"
"1010432","177306","117841","OLD FARM PARTNERS OFFSHORE FUND LTD.","805-4473261484","","Cayman Islands","N","Y"
"1002879","175709","117556","GLEN POINT GLOBAL MACRO FUND LP","805-2494411562","Delaware","United States","N","Y"
"1002879","175709","117555","GLEN POINT GLOBAL MACRO FUND LIMITED","805-5875578621","","Cayman Islands","N","Y"
"1020288","158918","107497","ENGLE CAPITAL PARTNERS OFFSHORE, LTD.","805-5965825424","","Cayman Islands","N","Y"
"1020288","158918","107496","ENGLE CAPITAL PARTNERS, L.P.","805-8412055177","Delaware","United States","N","Y"
"1017146","41835","7564","MBK EMPLOYEES INVESTMENT FUND II, L.P.","805-3328900169","","Cayman Islands","N","Y"
"1017146","41742","7549","MBK EMPLOYEE INVESTMENT, L.P.","805-7919955672","","Cayman Islands","N","Y"
"1017146","49412","12090","MBK EMPLOYEES INVESTMENT FUND III, L.P.","805-1687617626","","Cayman Islands","N","Y"
"1024732","32149","13092","CAPULA TRF II LIMITED","805-6881383654","","Cayman Islands","N","Y"
"1024732","32066","5880","CAPULA GRV II LIMITED","805-8229494858","","Cayman Islands","N","Y"
"1024732","32066","5879","CAPULA GLOBAL RELATIVE VALUE FUND LIMITED","805-5717491750","","Cayman Islands","N","Y"
"1024732","32066","5877","CAPULA GLOBAL RELATIVE VALUE FUND L.P.","805-3454369038","","Cayman Islands","N","Y"
"1024732","32149","5889","CAPULA TAIL RISK TRUST","805-2760619751","","Cayman Islands","N","Y"
"1024732","32149","5888","CAPULA TAIL RISK FUND LIMITED","805-9903304586","","Cayman Islands","N","Y"
"1024732","32066","5882","CAPULA GRV III LIMITED","805-4665177252","","Cayman Islands","N","Y"
"1024732","32066","5881","CAPULA GLOBAL RELATIVE VALUE TRUST","805-6820198155","","Cayman Islands","N","Y"
"996710","72373","58365","GROSVENOR GLOBAL REAL ESTATE MASTER FUND LIMITED","805-8843283420","","Cayman Islands","Y","Y"
"1007118","166942","117635","RDC CAPITAL PARTNERS OFFSHORE FUND LTD.","805-8703251893","","Cayman Islands","N","Y"
"1007118","166942","115786","RDC CAPITAL PARTNERS FUND LP","805-3898885556","Delaware","United States","N","Y"
"1017276","177771","117975","KALEIDOSCOPE PRISM FUND LP","805-3885669684","Delaware","United States","N","Y"
"1017276","177771","117976","KALEIDOSCOPE PRISM OFFSHORE FUND, LTD.","805-1726253082","","Cayman Islands","N","Y"
"994238","46249","8357","ICHIRIZUA DOMESTIC FEEDER FUND","805-4957037377","Delaware","United States","Y","N"
"1025535","167329","115856","SERES ASIAN OPPORTUNITIES FUND","805-1498098147","","Cayman Islands","N","Y"
"1023141","54982","10851","KL SPECIAL OPPORTUNITIES FUND LTD","805-6378412220","","Cayman Islands","Y","Y"
"1023141","54982","10850","KL SPECIAL OPPORTUNITIES FUND LP","805-8067262915","Delaware","United States","Y","Y"
"1016441","171244","116763","KURAMO AFRICA OPPORTUNITY OFFSHORE CO-INVESTMENT VEHICLE II, L.P.","805-7920692253","","Cayman Islands","N","Y"
"1016441","47077","8577","KURAMO AFRICA OPPORTUNITY OFFSHORE FUND, L.P.","805-4373779648","","Cayman Islands","N","Y"
"1016441","47077","8576","KURAMO AFRICA OPPORTUNITY FUND, L.P.","805-3122564361","Delaware","United States","N","Y"
"1016441","171244","116762","KURAMO AFRICA OPPORTUNITY CO-INVESTMENT VEHICLE II, L.P.","805-4487945637","Delaware","United States","N","Y"
"1016441","171237","116761","KURAMO AFRICA OPPORTUNITY OFFSHORE FUND II, L.P.","805-2588436756","","Cayman Islands","N","Y"
"1016441","171237","116760","KURAMO AFRICA OPPORTUNITY FUND II, L.P.","805-9999469575","Delaware","United States","N","Y"
"1025463","2655","1274","ONSLOW MACRO FUND (CAYMAN) LIMITED","805-8736996285","","Cayman Islands","N","Y"
"1026311","178359","118026","PALMERSTON CREDIT FEEDER FUND","805-8874807982","","Cayman Islands","N","Y"
"1021452","55571","109574","ADP II GP COMMITMENT L.P.","805-5714850229","","Guernsey","N","Y"
"1026963","178359","118026","PALMERSTON CREDIT FEEDER FUND","805-8874807982","","Cayman Islands","N","Y"
"1026978","32149","13092","CAPULA TRF II LIMITED","805-6881383654","","Cayman Islands","N","Y"
"1026978","32066","5880","CAPULA GRV II LIMITED","805-8229494858","","Cayman Islands","N","Y"
"1026978","32066","5879","CAPULA GLOBAL RELATIVE VALUE FUND LIMITED","805-5717491750","","Cayman Islands","N","Y"
"1026978","32066","5877","CAPULA GLOBAL RELATIVE VALUE FUND L.P.","805-3454369038","","Cayman Islands","N","Y"
"1026978","32149","5889","CAPULA TAIL RISK TRUST","805-2760619751","","Cayman Islands","N","Y"
"1026978","32149","5888","CAPULA TAIL RISK FUND LIMITED","805-9903304586","","Cayman Islands","N","Y"
"1026978","32066","5882","CAPULA GRV III LIMITED","805-4665177252","","Cayman Islands","N","Y"
"1026978","32066","5881","CAPULA GLOBAL RELATIVE VALUE TRUST","805-6820198155","","Cayman Islands","N","Y"
"1026904","58256","118039","THREE COURT FUND OFFSHORE, LP","805-4618298827","","Bermuda","Y","N"
"1026904","58256","11756","THREE COURT FUND, LP","805-6471388247","Delaware","United States","Y","N"
"1016316","59062","11929","GTI MEDIVENTURES, LP","805-1075191430","Delaware","United States","Y","N"
"1016316","59062","11928","GTI MEDIVENTURES QP, LP","805-7441511344","Delaware","United States","Y","N"
"1017601","6385","2317","NEWSMITH OPPORTUNITIES INTERNATIONAL FUND LIMITED","805-4442983329","","Cayman Islands","N","Y"
"1017601","6385","2263","NEWSMITH OPPORTUNITIES FUND LP","805-1484407635","","United Kingdom","N","Y"
"1017601","6385","2318","NEWSMITH OPPORTUNITIES US FUND LIMITED","805-3268682016","","Cayman Islands","N","Y"
"1013592","57562","11563","GNS HILLIER ONSHORE GROWTH FUND","805-9859526963","","Cayman Islands","N","Y"
"1019430","166837","115723","WESTRAY LONG/SHORT US FEEDER L.P.","805-2715266759","Delaware","United States","Y","Y"
"1019430","166837","115722","WESTRAY LONG/SHORT FEEDER FUND","805-9230183154","","Cayman Islands","Y","Y"
"1025296","170160","116597","WARWICK EUROPEAN  OPPORTUNITIES FUND II LP","805-8861993221","","Cayman Islands","N","Y"
"1026498","42237","7626","INDIA SELECT OPPORTUNITIES FUND LIMITED","805-7079655861","","Mauritius","Y","N"
"1026498","42206","7618","GLOBAL INDIA GROWTH OPPORTUNITIES FUND LIMITED","805-3096434715","","Mauritius","Y","N"
"1020864","6853","1945","GREYSON ASIA OFFSHORE FUND, LTD.","805-1550038542","","Cayman Islands","N","Y"
"1020864","6853","1944","GREYSON ASIA FUND, L.P.","805-3097829962","Delaware","United States","N","Y"
"1013786","44777","8097","THE GALLERY ALGO FUND, LTD.","805-1841938511","","Cayman Islands","N","Y"
"1017214","32906","6967","TDR CAPITAL II C HOLDINGS L.P.","805-2773142840","","United Kingdom","Y","Y"
"1023996","28558","5473","AVALON VENTURES VII BLOCKER, LLC","805-3717168895","Delaware","United States","Y","Y"
"1023996","29044","5471","AVALON VENTURES IX-A BLOCKER, LLC","805-3930181998","Delaware","United States","Y","Y"
"1024792","169119","116157","FACTORIAL FEEDER FUND I","805-8465208372","","Cayman Islands","N","Y"
"999016","54944","10839","ENGINE CAPITAL OFFSHORE FUND, LTD.","805-2523199514","","British Virgin Islands","Y","N"
"1013590","177538","117955","PELHAM GLOBAL FINANCIALS FUND LTD","805-5026165158","","Bermuda","N","Y"
"1013590","177538","117956","PELHAM GLOBAL FINANCIALS FUND LP","805-1107257112","Delaware","United States","N","Y"
"1013590","66759","13661","PELHAM LONG/SHORT FUND LP","805-1585666017","Delaware","United States","N","Y"
"1013590","66829","13681","PELHAM LONG/SHORT SMALL CAP LTD","805-9902088489","","Bermuda","N","Y"
"1013590","66759","13660","PELHAM LONG/SHORT FUND LTD","805-4993739278","","Bermuda","N","Y"
"1013590","66829","13680","PELHAM LONG/SHORT SMALL CAP FUND LP","805-2698120741","Delaware","United States","N","Y"
"1025277","19062","5329","JM FINANCIAL INDIA PROPERTY FUND LIMITED","805-1631925762","","Mauritius","Y","N"
"1016702","60377","12197","SCREP V JAPAN INSTITUTIONAL FEEDER G, L.P.","805-7625615767","","Cayman Islands","N","Y"
"1016702","60376","12195","SCREP V JAPAN INSTITUTIONAL FEEDER C, L.P.","805-7172332107","","Cayman Islands","N","Y"
"1016702","60375","12194","SCREP V JAPAN FEEDER B, L.P.","805-3312073702","","Cayman Islands","N","Y"
"1016702","60375","12193","SCREP V JAPAN FEEDER A, L.P.","805-3878579359","","Cayman Islands","N","Y"
"1016702","22136","9534","PACIFIC ALLIANCE ASIA OPPORTUNITY FEEDER FUND IV L.P.","805-3446083476","","Cayman Islands","N","Y"
"1016702","22994","4351","PACIFIC ALLIANCE-FF FEEDER FUND, L.P.","805-1445493966","","Cayman Islands","N","Y"
"1016702","23013","4354","PAG ASIA I FEEDER FUND LP","805-8114356887","","Cayman Islands","N","Y"
"1016702","22985","4347","PACIFIC ALLIANCE SPECIAL SITUATIONS FEEDER FUND L.P.","805-2087714037","","Cayman Islands","N","Y"
"1016702","22136","4270","PACIFIC ALLIANCE ASIA OPPORTUNITY FEEDER FUND III LIMITED","805-3299265325","","Cayman Islands","N","Y"
"1016702","22136","4269","PACIFIC ALLIANCE ASIA OPPORTUNITY FEEDER FUND II LIMITED","805-4833591087","","Cayman Islands","N","Y"
"1016702","22136","4268","PACIFIC ALLIANCE ASIA OPPORTUNITY FEEDER FUND LIMITED","805-3631386866","","Cayman Islands","N","Y"
"1016702","22136","4267","PACIFIC ALLIANCE ASIA OPPORTUNITY FUND LIMITED","805-1261677471","","Cayman Islands","N","Y"
"1016702","50037","9258","PAG ASIA LOAN FEEDER FUND II LP","805-8965402736","","Cayman Islands","N","Y"
"1016702","50037","9257","PAG ASIA LOAN FEEDER FUND LP","805-4893849940","","Cayman Islands","N","Y"
"1016702","21571","9357","SECURED CAPITAL JAPAN REAL ESTATE PARTNERS IV, L.P.","805-6210072598","Delaware","United States","N","Y"
"1016702","21571","9355","SECURED CAPITAL JAPAN REAL ESTATE PARTNERS IV CAYMAN L.P.","805-9456759624","","Cayman Islands","N","Y"
"1016702","50352","9353","SCREP V FEEDER B, L.P.","805-3844046057","","Cayman Islands","N","Y"
"1016702","50352","9352","SCREP V FEEDER A, L.P.","805-5457241567","","Cayman Islands","N","Y"
"1016702","73932","39379","PAG ASIA LOAN II FEEDER FUND II L.P.","805-8348551117","","Cayman Islands","N","Y"
"1016702","73932","39378","PAG ASIA LOAN FEEDER FUND LP","805-7417060723","","Cayman Islands","N","Y"
"1016702","73928","39376","PAG ASIA SPECIAL SITUATIONS II FEEDER FUND L.P.","805-9607667655","","Cayman Islands","N","Y"
"1016702","176165","117708","PAG ASIA ALPHA FEEDER LIMITED","805-8612552779","","Cayman Islands","N","Y"
"1016702","176108","117651","PAG CA PARTNERS LP","805-2470193633","","Cayman Islands","N","Y"
"1016165","7583","2057","SUN-APOLLO INDIA REAL ESTATE (CAYMAN) FEEDER FUND LP","805-6961009514","","Cayman Islands","N","Y"
"1016165","7583","2056","SUN-APOLLO INDIA REAL ESTATE FEEDER FUND LP","805-5978602563","Delaware","United States","N","Y"
"1015772","15474","3188","BRAIT IV FUND, L.P.","805-7141545738","","Cayman Islands","N","Y"
"1008264","64136","13012","ALEUTIAN FUND","805-7148496586","","Cayman Islands","N","Y"
"1008264","64137","13013","GCI JAPAN HYBRIDS","805-7856937210","","Cayman Islands","N","Y"
"1016295","58981","11903","GTI CO-INVESTMENT, LP","805-6434033609","Delaware","United States","Y","N"
"1016186","1084","1036","ELLIS LAKE DOMESTIC FUND, LP","805-6501148271","Delaware","United States","N","Y"
"1016186","1084","1037","ELLIS LAKE OFFSHORE FUND, LTD.","805-9182901166","","Cayman Islands","N","Y"
"989734","47358","8665","SMI OPPORTUNITIES FUND LIMITED","805-1309451003","","Cayman Islands","Y","N"
"989734","47358","8663","SMI OPPORTUNITIES (USA) LP","805-8987923313","Delaware","United States","Y","N"
"989734","47333","8661","SMI DEFENSIVE FUND LIMITED","805-6872991932","","Cayman Islands","Y","N"
"989734","47333","8653","SMI DEFENSIVE (USA) LP","805-2893384023","Delaware","United States","Y","N"
"1018724","170363","116630","AQS EMERGING MARKETS CORPORATE DEBT TOTAL RETURN FEEDER FUND II LLC","805-3978127648","","Ireland","N","Y"
"1018724","170363","116629","AQS EMERGING MARKETS CORPORATE DEBT TOTAL RETURN FEEDER FUND I PLC","805-7114452882","","Ireland","N","Y"
"1025301","65195","13315","ELLIOTT HAWKEYE HOLDINGS LIMITED","805-7144568905","","Cayman Islands","Y","N"
"1025301","48602","8922","GOSHAWK HOLDINGS LIMITED","805-7868181463","","Cayman Islands","Y","N"
"1018338","45485","8176","BERYLSON VALUE FUND LP","805-8348791059","Delaware","United States","N","Y"
"1016384","66278","13561","SIMMONS PRIVATE EQUITY II FOUNDER L.P","805-2807235962","","Guernsey","Y","Y"
"1016384","40133","7337","SPE LP","805-3069944291","","Guernsey","Y","Y"
"1022876","7538","5339","MOUNTGRANGE REAL ESTATE OPPORTUNITY FUND L.P.","805-7995250414","","United Kingdom","Y","Y"
"1022876","7538","5000","MOREOF (PARALLEL II) L.P.","805-8499997407","","United Kingdom","Y","Y"
"1022876","7538","118029","MOREOF (PARALLEL I) UNIT TRUST","805-3399584008","","Isle of Man","Y","Y"
"1022876","7538","4431","MOUNTGRANGE REAL ESTATE OPPORTUNITY FUND (S) L.P.","805-2161201142","","United Kingdom","Y","Y"
"1027069","68643","14040","INVICTUS MANAGED ACCOUNT-P FEEDER, L.P.","805-9860094631","","United Kingdom","N","Y"
"1027069","76258","117727","INVICTUS OPPORTUNITY OFFSHORE FEEDER, L.P.","805-9422803145","","Cayman Islands","N","Y"
"1020076","55001","10854","A8-B (FEEDER) L.P.","805-6650694471","","Guernsey","N","Y"
"1020076","158920","107500","AIOF - I FEEDER L.P.","805-8687829123","","Guernsey","N","Y"
"1020076","24537","13100","APAX EUROPE VII FOUNDER LP","805-1175975098","","Other","N","Y"
"1020076","24533","13099","APAX EUROPE VII FOUNDER LP","805-1175975098","","Other","N","Y"
"1020076","24539","13098","APAX EUROPE VII FOUNDER LP","805-1175975098","","Other","N","Y"
"1020076","54999","10853","A8 COINVESTMENT L.P. (USD)","805-5733873648","","Guernsey","N","Y"
"1020076","34010","6605","A8 COINVESTMENT L.P. (EUR)","805-6397282429","","Guernsey","N","Y"
"1020076","34048","6518","A8-A (FEEDER) L.P.","805-7178897109","","Guernsey","N","Y"
"1020076","24533","4529","APAX EUROPE VII-A (FEEDER) L.P.","805-7250907079","","United Kingdom","N","Y"
"1020076","24533","4528","APAX EUROPE VII-A (ERISA FEEDER) L.P","805-6977951653","","United Kingdom","N","Y"
"1020076","24539","7540","APAX EUROPE VII CO-INVESTMENT LP","805-8929749172","","Other","N","Y"
"1022805","17943","10064","BREVAN HOWARD ASIA FUND LP","805-8824433611","Delaware","United States","N","Y"
"1022805","157794","106474","BREVAN HOWARD ARGENTINA FUND, LP","805-4934441435","Delaware","United States","N","Y"
"1022805","157794","106473","BREVAN HOWARD ARGENTINA FUND LIMITED","805-6453732511","","Cayman Islands","N","Y"
"1022805","18748","3697","BREVAN HOWARD MULTI-STRATEGY FUND LP","805-2273598814","Delaware","United States","N","Y"
"1022805","18748","3695","BREVAN HOWARD MULTI-STRATEGY FUND LIMITED","805-7433830682","","Cayman Islands","N","Y"
"1022805","17943","3537","BREVAN HOWARD ASIA FUND LIMITED","805-2331479675","","Cayman Islands","N","Y"
"1022805","17577","3474","BH MACRO LIMITED","805-6016002521","","Guernsey","N","Y"
"1022805","17577","3473","BREVAN HOWARD LP","805-6393974386","Delaware","United States","N","Y"
"1022805","17577","3469","BREVAN HOWARD FUND LIMITED","805-2827951402","","Cayman Islands","N","Y"
"986756","7145","1993","CPIM STUCTURED CREDIT FUND 20 INC.","805-7484177072","","Cayman Islands","N","Y"
"986756","15286","3167","CPIM STRUCTURED CREDIT FUND 1500 INC.","805-3989655750","","Cayman Islands","N","Y"
"986756","4550","3160","CPIM STRUCTURED CREDIT FUND 1000 INC.","805-2388274623","","Cayman Islands","N","Y"
"1021268","120357","83389","RASCASSE CAPITAL LIMITED","805-8187313863","","Cayman Islands","Y","N"
"1021434","177958","117948","METHODOLOGY FUND LTD","805-8549881057","","Cayman Islands","N","Y"
"1020015","177206","117860","PRIMROSE HILL FUND, L.P.","805-3340375401","","Cayman Islands","Y","Y"
"1020015","177206","117859","KLIMANJARO FUND, L.P.","805-2955711974","","Cayman Islands","Y","Y"
"1020015","41838","7565","SHEPHERDS HILL FUND L.P.","805-7978853789","","Cayman Islands","Y","Y"
"1009785","64827","13216","FRANKLIN TEMPLETON EMERGING MARKET DEBT OPPORTUNITIES FUND, L.P.","805-9012652721","Delaware","United States","N","Y"
"1009785","64827","13213","FRANKLIN TEMPLETON EMERGING MARKET DEBT OPPORTUNITIES (CAYMAN) FUND, LTD.","805-9699929632","","Cayman Islands","N","Y"
"1014505","44538","8035","CDH SPECIAL OPPORTUNITY FEEDER FUND, L.P.","805-5866065211","","Cayman Islands","N","Y"
"1017597","1084","1036","ELLIS LAKE DOMESTIC FUND, LP","805-6501148271","Delaware","United States","N","Y"
"1017597","1084","1037","ELLIS LAKE OFFSHORE FUND, LTD.","805-9182901166","","Cayman Islands","N","Y"
"1018792","18813","3856","FORTELUS SPECIAL SITUATIONS FUND LP","805-3608075846","Delaware","United States","N","Y"
"1018792","18813","3852","FORTELUS SPECIAL SITUATIONS FUND LIMITED","805-1065547725","","Cayman Islands","N","Y"
"1019594","170319","117820","CONNOR CAPITAL TRANSPORTATION OPPORTUNITIES INT I, LP","805-3251445285","","Cayman Islands","N","Y"
"1017496","32351","5922","INDIVISION (CAYMAN) II LTD","805-8080806285","","Cayman Islands","Y","N"
"1017496","32351","5920","INDIVISION (CAYMAN) LTD","805-4980851127","","Cayman Islands","Y","N"
"1003427","66278","13561","SIMMONS PRIVATE EQUITY II FOUNDER L.P","805-2807235962","","Guernsey","Y","Y"
"1003427","40133","7337","SPE LP","805-3069944291","","Guernsey","Y","Y"
"980393","177121","117810","QUINTI SPECIAL OPPORTUNTIES FUND LTD.","805-8008841394","","Cayman Islands","N","Y"
"980393","177121","117809","QUINTI SPECIAL OPPORTUNTIES FUND L.P.","805-2279263253","Delaware","United States","N","Y"
"1006539","13454","14110","AULDBRASS SOF ACCESS FUND, LP","805-1570875599","Delaware","United States","N","Y"
"1008254","57045","11358","ETHIKA OPPS FOREIGN FEEDER II, L.P.","805-9828727676","","Cayman Islands","Y","Y"
"1008254","57045","11356","ETHIKA OPPS DOMESTIC FEEDER, L.P.","805-7754288962","Delaware","United States","Y","Y"
"1008254","57045","11357","ETHIKA OPPS FOREIGN FEEDER I, L.P.","805-7051793521","","Cayman Islands","Y","Y"
"1011012","169119","116157","FACTORIAL FEEDER FUND I","805-8465208372","","Cayman Islands","N","Y"
"1008991","171186","116757","ASIA LION INVESTMENT OPPORTUNITY NON-US FEEDER FUND","805-1944460636","","Cayman Islands","N","Y"
"1008991","171186","116756","ASIA LION INVESTMENT OPPORTUNITY US FEEDER FUND","805-9346929066","","Cayman Islands","N","Y"
"1024029","67089","13745","ABBEVILLE OPPORTUNITY FUND LP (DELAWARE)","805-9642152691","Delaware","United States","Y","Y"
"1024029","67089","13744","ABBEVILLE OPPORTUNITY FUND","805-5147895824","","Cayman Islands","Y","Y"
"1025031","20384","117605","OSAGE VENTURE PARTNERS III BRIDGE FUND, LP","805-5190174700","Delaware","United States","Y","Y"
"1025031","174155","117607","OVP IV AFF, LP","805-2695827614","Delaware","United States","N","Y"
"1025031","73316","117603","OUP II AFF PARTNERSHIP, LP","805-8018829732","Delaware","United States","N","Y"
"1025031","20396","117602","OSAGE UNIVERSITY PARTNERS SEED FUND, LP","805-9289587128","Delaware","United States","Y","N"
"1023162","67449","13806","AITHON OFFSHORE LTD.","805-9078912538","","Cayman Islands","N","Y"
"1023162","67449","13805","AITHON PARTNERS LP","805-1164046047","Delaware","United States","N","Y"
"1023162","67449","116764","AITHON OFFSHORE II LTD.","805-6777134306","","Cayman Islands","N","Y"
"1018602","45973","8303","MOF FEEDER C LP","805-8722838670","","United Kingdom","N","Y"
"1025274","18092","5327","JM FINANCIAL - OLD LANE INDIA CORPORATE OPPORTUNITIES II LIMITED","805-1542831184","","Mauritius","Y","N"
"1015137","66787","13676","TRILOGY CAYMAN FEEDER LIMITED","805-8794719839","","Cayman Islands","N","Y"
"1015137","67080","13741","TRILOGY CAYMAN FEEDER LIMITED","805-8794719839","","Cayman Islands","N","Y"
"1023294","167044","115785","ROKOS GLOBAL MACRO FUND LIMITED","805-6246858655","","Cayman Islands","N","Y"
"1023294","167044","115784","ROKOS GLOBAL MACRO FUND LP","805-5117878927","Delaware","United States","N","Y"
"1020193","57981","11703","SEA CREST FEEDER FUND LIMITED","805-1762144430","","Cayman Islands","Y","N"
"1020040","63667","12900","MACROSYNERGY TRADING FUND LP","805-6226397215","","Cayman Islands","Y","Y"
"1020040","63667","12899","MACROSYNERGY TRADING FUND LIMITED","805-7165020311","","Cayman Islands","Y","Y"
"1023513","36600","6965","JAPAN OPPORTUNITIES FUND (CYPRUS) LIMITED","805-2439935589","","Cyprus","Y","N"
"1023513","36600","6963","JAPAN OPPORTUNITIES FUND","805-6980817344","","Cayman Islands","Y","N"
"1023513","34655","6432","RP EXPLORER FUND","805-4613467789","","Cayman Islands","Y","N"
"1023513","36600","6962","RP JAPAN OPPORTUNITIES FUND LLC","805-5905805603","Delaware","United States","Y","N"
"1023513","34655","6634","RP EXPLORER FUND (CYPRUS) LIMITED","805-8448178954","","Cyprus","Y","N"
"1023513","34655","6442","RP EXPLORER FUND LLC","805-8265692511","Delaware","United States","Y","N"
"1024366","7904","107534","HABROK FUND LP","805-9777871329","Delaware","United States","N","Y"
"1024366","7904","2107","HABROK FUND LTD","805-8150471264","","Cayman Islands","N","Y"
"1024366","178175","117985","HABROK INDIA FUND LTD","805-2199618986","","Cayman Islands","N","Y"
"1026285","43411","7850","ESDF IV, LP","805-4635622514","","Cayman Islands","N","Y"
"1026675","58420","11780","WEST FACE ALTERNATIVE CREDIT USA L.P.","805-1054490668","Delaware","United States","N","Y"
"1026675","58420","11781","WEST FACE ALTERNATIVE CREDIT CAYMAN L.P.","805-4157335568","","Cayman Islands","N","Y"
"1026675","17940","3709","WEST FACE CREDIT OPPORTUNITIES (USA) L.P.","805-4362463594","Delaware","United States","N","Y"
"1026675","17940","3536","WEST FACE CREDIT OPPORTUNITIES (CAYMAN) L.P.","805-2846252179","","Cayman Islands","N","Y"
"1026675","17011","3383","WEST FACE LONG TERM OPPORTUNITIES MASTER FUND L.P.","805-2305180186","","Cayman Islands","N","Y"
"1026675","17011","3382","WEST FACE LONG TERM OPPORTUNITIES (USA) LIMITED PARTNERSHIP","805-8980590969","Delaware","United States","N","Y"
"1014520","177507","117861","BOYU CAPITAL OFFSHORE FUND","805-3375112006","","Cayman Islands","N","Y"
"1014520","177507","117862","BOYU CAPITAL US FUND","805-1534286290","","Cayman Islands","N","Y"
"1018947","157776","106466","EVERSTONE CAPITAL PARTNERS III LP","805-5624353366","","Mauritius","N","Y"
"1024033","168593","116073","PORTSEA FUND SICAV PLC","805-5613632519","","Malta","Y","N"
"1024033","168593","116074","PORTSEA US FEEDER FUND LLC","805-5101456285","Delaware","United States","Y","N"
"1006958","77685","62385","PEPPY CAPITAL PARTNERS 2.5 LP","805-9967663965","","Cayman Islands","Y","N"
"1006958","77489","62379","DUFFY CAPITAL LP","805-5133462712","","Cayman Islands","Y","N"
"997986","40654","10855","DL PARTNERS OPPORTUNITIES FUND LP","805-6995939471","Delaware","United States","N","Y"
"997986","40654","10856","DL PARTNERS OPPORTUNITIES FUND LTD","805-9675988244","","Cayman Islands","N","Y"
"1021013","162198","109583","TCI REAL ESTATE PARTNERS FUND I LIMITED","805-7915370072","","Cayman Islands","N","Y"
"1021013","162203","109586","THE CHILDREN'S INVESTMENT FUND LP","805-8527362041","Delaware","United States","N","Y"
"1021013","162203","109585","THE CHILDREN'S INVESTMENT FUND","805-9399433920","","Cayman Islands","N","Y"
"1002905","44430","8022","TYRUS CAPITAL EVENT FUND, L.P.","805-1565693646","","Cayman Islands","N","Y"
"1002905","44430","14101","TYRUS CAPITAL OPPORTUNITIES FUND LIMITED","805-1574683702","","Cayman Islands","N","Y"
"1002905","44430","8019","TYRUS CAPITAL EVENT FUND LIMITED","805-9553849450","","Cayman Islands","N","Y"
"1002905","44430","14102","TYRUS CAPITAL OPPORTUNITIES FUND, L.P.","805-9423536706","","Cayman Islands","N","Y"
"1012812","68560","107504","CRISPIN INFERENTIAL OFFSHORE PARTNERS, LTD.","805-6004277997","","Cayman Islands","N","Y"
"1012812","68560","107505","CRISPIN INFERENTIAL PARTNERS, LP","805-2311116848","Delaware","United States","N","Y"
"1019323","67269","13769","PRIMESTONE CAPITAL FUND LP (DELAWARE)","805-7554238539","Delaware","United States","Y","Y"
"1019323","67269","13770","PRIMESTONE CAPITAL FUND LTD (CAYMAN)","805-1955870007","","Cayman Islands","Y","Y"
"1027133","177932","117941","SOMAR GLOBAL LTD.","805-8105135074","","Cayman Islands","N","Y"
"1027133","177932","117942","SOMAR PARTNERS LP","805-8491091968","Delaware","United States","N","Y"
"1008211","41835","7564","MBK EMPLOYEES INVESTMENT FUND II, L.P.","805-3328900169","","Cayman Islands","N","Y"
"1008211","41742","7549","MBK EMPLOYEE INVESTMENT, L.P.","805-7919955672","","Cayman Islands","N","Y"
"1008211","49412","12090","MBK EMPLOYEES INVESTMENT FUND III, L.P.","805-1687617626","","Cayman Islands","N","Y"
"1006350","57045","11358","ETHIKA OPPS FOREIGN FEEDER II, L.P.","805-9828727676","","Cayman Islands","Y","Y"
"1006350","57045","11356","ETHIKA OPPS DOMESTIC FEEDER, L.P.","805-7754288962","Delaware","United States","Y","Y"
"1006350","57045","11357","ETHIKA OPPS FOREIGN FEEDER I, L.P.","805-7051793521","","Cayman Islands","Y","Y"
"1009219","43357","7836","CITI GREENWICH STREET PARTNERS II OFFSHORE FUND","805-3562098082","","Cayman Islands","N","Y"
"1006213","63477","12863","CHIMNEY ROCK VALUE FUND LP","805-4256708500","Delaware","United States","N","Y"
"1006213","63477","12864","CHIMNEY ROCK VALUE FUND OFFSHORE LTD.","805-4206816341","","Cayman Islands","N","Y"
"999839","120717","83461","CT INVEST FUND LIMITED","805-7709067721","","Cayman Islands","N","Y"
"1012339","4128","1448","SOTHIC CAPITAL EUROPEAN OPPORTUNITIES FUND II LIMITED","805-6861913074","","Cayman Islands","N","Y"
"1012339","4128","1447","SOTHIC CAPITAL EUROPEAN OPPORTUNITIES FUND LIMITED","805-8625167670","","Cayman Islands","N","Y"
"1012339","4128","1449","SOTHIC CAPITAL EUROPEAN OPPORTUNITIES FUND L.P.","805-7398817168","","Cayman Islands","N","Y"
"1013558","55167","10884","SILVARIS ONSHORE FUND LP","805-6476653302","Delaware","United States","N","Y"
"1013558","55167","10885","SILVARIS OFFSHORE FUND LIMITED","805-2631971628","","Cayman Islands","N","Y"
"1015165","55571","109574","ADP II GP COMMITMENT L.P.","805-5714850229","","Guernsey","N","Y"
"1016083","59330","11967","CEPHEI QFII CHINA ABSOLUTE RETURN US FEEDER FUND LTD.","805-9352776299","","Cayman Islands","N","Y"
"1016083","59330","11966","CEPHEI QFII CHINA ABSOLUTE RETURN OFFSHORE FEEDER FUND LTD.","805-5148055909","","Cayman Islands","N","Y"
"1016083","51003","9805","CDH FUND V FEEDER, L.P.","805-1406487444","","Cayman Islands","N","Y"
"1016083","43597","7902","CDH FUND IV FEEDER, L.P.","805-1684919112","","Cayman Islands","N","Y"
"1016083","43596","7901","CDH SUPPLEMENTARY FUND III FEEDER, L.P.","805-3033562214","","Cayman Islands","N","Y"
"1016083","43595","7900","CDH CHINA FUND III FEEDER, L.P.","805-2899417443","","Cayman Islands","N","Y"
"1016083","43594","7899","CDH CHINA GROWTH CAPITAL FUND II INVESTORS, L.P.","805-5627454529","","Cayman Islands","N","Y"
"1019201","23111","5717","SEAGRASS INVESTMENTS LIMITED","805-1294671635","","Cayman Islands","Y","Y"
"1020943","12438","2762","THELEME FUND LIMITED","805-9924139094","","Cayman Islands","N","Y"
"1020943","12438","2760","THELEME FUND LP","805-2439049755","Delaware","United States","N","Y"
"1008534","65231","13317","CAMELOT ACQUISITIONS: SECONDARY OPPORTUNITIES OFFSHORE, L.P.","805-9901907348","","Cayman Islands","Y","N"
"1015182","33292","6115","BTG PACTUAL BRAZIL INVESTMENT FUND IA, LP","805-9380102789","","Cayman Islands","Y","Y"
"1015182","33292","6112","BTG PACTUAL BRAZIL INVESTMENT FUND I, LP","805-3889172477","","Cayman Islands","Y","Y"
"1015182","53869","10553","BTG PACTUAL INFRASTRUCTURE IIB, LP","805-1095235369","","Cayman Islands","Y","Y"
"1015182","53869","10552","BTG PACTUAL INFRASTRUCTURE IIA, LP","805-2089926899","","Cayman Islands","Y","Y"
"1015182","33292","6118","BTG PACTUAL BRAZIL INVESTMENT FUND IB, LP","805-3429269911","","Cayman Islands","Y","Y"
"1015182","53869","10551","BTG PACTUAL INFRASTRUCTURE II, LP","805-1341029276","","Cayman Islands","Y","Y"
"1015188","39580","7467","MIDMARK CAPITAL II, L.P.","805-9148698025","Delaware","United States","Y","N"
"1016973","167050","115787","CAMOX FUND","805-3459051493","","Cayman Islands","N","Y"
"1016973","167050","115788","CAMOX (US) FUND LP","805-4005602884","Delaware","United States","N","Y"
"1017553","30607","11730","THE COLLWICK PREMIER ACCESS FUND, LTD.","805-8724855629","","Cayman Islands","Y","N"
"1022531","55146","10883","RONIT GLOBAL OPPORTUNITIES FUND LTD","805-1095637041","","Cayman Islands","N","Y"
"1022531","55146","10882","RONIT GLOBAL OPPORTUNITIES FUND LP","805-4099512482","Delaware","United States","N","Y"
"1026461","177771","117975","KALEIDOSCOPE PRISM FUND LP","805-3885669684","Delaware","United States","N","Y"
"1026461","177771","117976","KALEIDOSCOPE PRISM OFFSHORE FUND, LTD.","805-1726253082","","Cayman Islands","N","Y"
"1026492","68041","13953","ACION ONSHORE FUND","805-3470864645","","Cayman Islands","N","Y"
"1026492","68041","13952","ACION OFFSHORE FUND","805-9257858188","","Cayman Islands","N","Y"
"1026324","63998","12980","TRITON DEBT OPPORTUNITIES FUND US LP","805-9557533698","","Jersey","N","Y"
"1026324","29855","5576","TRITON FUND III US LIMITED","805-5881125683","","Jersey","N","Y"
"1026324","54149","10617","TRITON FUND IV US LP","805-5827149023","","Jersey","N","Y"
"1026324","178363","118028","TRITON VALUE FUND (CAYMAN) L.P.","805-8752940702","","Cayman Islands","N","Y"
"1026324","178363","118027","TRITON VALUE FUND LIMITED","805-2854419832","","Cayman Islands","N","Y"
"1013545","23030","4360","HPEF6 FEEDER FUND L.P.","805-3884406134","","Cayman Islands","Y","Y"
"1015140","47734","8730","TALISMAN REALTY CAPITAL OFFSHORE, L.P.","805-9316404859","","Cayman Islands","N","Y"
"1015140","47734","8729","TALISMAN REALTY CAPITAL, L.P.","805-7966130187","Delaware","United States","N","Y"
"1018944","171186","116757","ASIA LION INVESTMENT OPPORTUNITY NON-US FEEDER FUND","805-1944460636","","Cayman Islands","N","Y"
"1018944","171186","116756","ASIA LION INVESTMENT OPPORTUNITY US FEEDER FUND","805-9346929066","","Cayman Islands","N","Y"
"1024758","178219","118002","EVP (FEEDER), L.P.","805-3184759878","","Cayman Islands","Y","N"
"1007732","43514","7885","C12 HELIX LIQUID OPPORTUNITIES INTERMEDIATE L.P.","805-2683153864","","Cayman Islands","N","Y"
"1007732","43514","7887","C12 HELIX LIQUID OPPORTUNITIES LTD.","805-8021775258","","Cayman Islands","N","Y"
"1007732","43514","7886","C12 HELIX LIQUID OPPORTUNITIES LP","805-9532837272","Delaware","United States","N","Y"
"1012351","63975","12976","ARKKAN OPPORTUNITIES FEEDER FUND I LIMITED","805-1302877362","","Cayman Islands","Y","Y"
"1012351","63975","12977","ARKKAN OPPORTUNITIES FEEDER FUND II LIMITED","805-5279688405","","Cayman Islands","Y","Y"
"1019905","63975","12976","ARKKAN OPPORTUNITIES FEEDER FUND I LIMITED","805-1302877362","","Cayman Islands","Y","Y"
"1019905","63975","12977","ARKKAN OPPORTUNITIES FEEDER FUND II LIMITED","805-5279688405","","Cayman Islands","Y","Y"
"1018230","177663","117886","QFM CHINA (US) FUND LIMITED","805-2228133590","","Cayman Islands","N","Y"
"1018230","177663","117885","QFM CHINA FUND LIMITED","805-6453300223","","Cayman Islands","N","Y"
"1021416","168225","116009","CQS AIGUILLE DU CHARDONNET FF S.C.A. SICAV-SIF","805-9292779020","","Luxembourg","Y","N"
"1021321","27184","7085","CQS ABS FEEDER FUND, LP","805-6429981081","Delaware","United States","N","Y"
"1021321","27184","6961","CQS ABS FEEDER FUND LIMITED","805-6339203210","","Cayman Islands","N","Y"
"1021321","27676","7136","CQS DIRECTIONAL OPPORTUNITIES FEEDER FUND, LP","805-1919423369","Delaware","United States","N","Y"
"1021321","27676","7134","CQS DIRECTIONAL OPPORTUNITIES FEEDER FUND LIMITED","805-8129460675","","Cayman Islands","N","Y"
"1021321","73736","39368","CQS GLOBAL CONVERTIBLE ARBITRAGE FEEDER FUND LIMITED","805-8869198690","","Cayman Islands","N","Y"
"1021440","168225","116009","CQS AIGUILLE DU CHARDONNET FF S.C.A. SICAV-SIF","805-9292779020","","Luxembourg","Y","N"
"1004640","45513","10461","KEROGEN PARTICIPATING, L.P.","805-3335652418","","Cayman Islands","N","Y"
"1011823","43409","7852","NORTH POLE DELEWARE, LP","805-3498150038","Delaware","United States","N","Y"
"1011823","43409","7851","NORTH POLE CAPITAL INVESTMENTS LIMITED","805-7691766952","","Cayman Islands","N","Y"
"1011823","43416","7858","NORTH POLE SELECT","805-2482004574","","Cayman Islands","N","Y"
"1011823","43409","7853","NORTH POLE OFFSHORE","805-4708458066","","Cayman Islands","N","Y"
"1015798","31718","5776","BULWARKBAY CREDIT OPPORTUNITIES FUND LP","805-6112747695","Delaware","United States","N","Y"
"1015798","31718","5777","BULWARKBAY CREDIT OPPORTUNITIES FUND LTD","805-6522028437","","Cayman Islands","N","Y"
"1022295","57999","14079","BYBROOK CAPITAL FUND LIMITED","805-6314946407","","Cayman Islands","N","Y"
"1022295","57999","14080","BYBROOK CAPITAL FUND LP","805-4354435791","Delaware","United States","N","Y"
"1007405","68041","13953","ACION ONSHORE FUND","805-3470864645","","Cayman Islands","N","Y"
"1007405","68041","13952","ACION OFFSHORE FUND","805-9257858188","","Cayman Islands","N","Y"
"1015813","35639","6570","BRAZIL REAL ESTATE OPPORTUNITIES FUND I (CAYMAN), L.P.","805-9225682637","","Cayman Islands","Y","Y"
"971036","13251","2842","MYRIAD OPPORTUNITIES OFFSHORE FUND LIMITED","805-6216119059","","Cayman Islands","N","Y"
"971036","13251","2840","MYRIAD OPPORTUNITIES US FUND LIMITED","805-6193080310","","Cayman Islands","N","Y"
"1015834","100229","74365","TANNOR PARTNERS CREDIT FUND II, LP","805-5439403428","Delaware","United States","Y","N"
"1015834","100229","74364","TANNOR PARTNER CREDIT FUND I, LP","805-3750131689","Delaware","United States","Y","N"
"998781","177337","117846","EQT MID MARKET US (NO.1) FEEDER LIMITED PARTNERSHIP","805-7433505347","","United Kingdom","N","Y"
"998781","177337","117845","EQT MID MARKET US (NO.2) FEEDER LIMITED PARTNERSHIP","805-6693982045","","United Kingdom","N","Y"
"998781","174144","117269","EQT INFRASTRUCTURE II (NO.2) FEEDER LIMITED PARTNERSHIP","805-1978530795","","United Kingdom","N","Y"
"998781","177323","117840","EQT MID MARKET (NO.2) FEEDER LIMITED PARTNERSHIP","805-8084889224","","United Kingdom","N","Y"
"998781","177323","117839","EQT MID MARKET (NO.1) FEEDER LIMITED PARTNERSHIP","805-1054743770","","United Kingdom","N","Y"
"998781","174144","117267","EQT INFRASTRUCTURE II (NO.1) FEEDER LIMITED PARTNERSHIP","805-4812292068","","United Kingdom","N","Y"
"1017733","67279","13760","SIMPLEX VALUE UP TRUST","805-1670877449","","Cayman Islands","N","Y"
"1019919","50212","9328","EQT INFRASTRUCTURE II (NO. 2) FEEDER LIMITED PARTNERSHIP","805-1978530795","","United Kingdom","N","Y"
"1019919","50212","9327","EQT INFRASTRUCTURE II (NO. 1) FEEDER LIMITED PARTNERSHIP","805-4812292068","","United Kingdom","N","Y"
"1021435","27184","7085","CQS ABS FEEDER FUND, LP","805-6429981081","Delaware","United States","N","Y"
"1021435","27184","6961","CQS ABS FEEDER FUND LIMITED","805-6339203210","","Cayman Islands","N","Y"
"1021435","27676","7136","CQS DIRECTIONAL OPPORTUNITIES FEEDER FUND, LP","805-1919423369","Delaware","United States","N","Y"
"1021435","27676","7134","CQS DIRECTIONAL OPPORTUNITIES FEEDER FUND LIMITED","805-8129460675","","Cayman Islands","N","Y"
"1021435","73736","39368","CQS GLOBAL CONVERTIBLE ARBITRAGE FEEDER FUND LIMITED","805-8869198690","","Cayman Islands","N","Y"
"1021764","46571","8416","NEW PEAK FUND LIMITED","805-8986877761","","Cayman Islands","N","Y"
"1021764","46571","8417","NEW PEAK FUND LP","805-4823196957","Delaware","United States","N","Y"
"1021764","157792","106471","NEW PEAK ENHANCED FUND LIMITED","805-6741801146","","Cayman Islands","N","Y"
"1021764","157792","106470","NEW PEAK ENHANCED FUND LP","805-8850789182","Delaware","United States","N","Y"
"1024082","8693","2262","ALTIMA GLOBAL SPECIAL SITUATIONS FUND LP","805-5336161167","Delaware","United States","N","Y"
"1024082","8693","2261","ALTIMA GLOBAL SPECIAL SITUATIONS FUND LTD","805-8596269204","","Cayman Islands","N","Y"
"1024082","8724","2260","ALTIMA ONE WORLD AGRICULTURE FUND LP","805-5710811088","Delaware","United States","Y","Y"
"1024082","8724","2259","ALTIMA ONE WORLD AGRICULTURE FUND LIMITED","805-9322140778","","Cayman Islands","Y","Y"
"1014500","59330","11967","CEPHEI QFII CHINA ABSOLUTE RETURN US FEEDER FUND LTD.","805-9352776299","","Cayman Islands","N","Y"
"1014500","59330","11966","CEPHEI QFII CHINA ABSOLUTE RETURN OFFSHORE FEEDER FUND LTD.","805-5148055909","","Cayman Islands","N","Y"
"1014500","51003","9805","CDH FUND V FEEDER, L.P.","805-1406487444","","Cayman Islands","N","Y"
"1014500","43597","7902","CDH FUND IV FEEDER, L.P.","805-1684919112","","Cayman Islands","N","Y"
"1014500","43596","7901","CDH SUPPLEMENTARY FUND III FEEDER, L.P.","805-3033562214","","Cayman Islands","N","Y"
"1014500","43595","7900","CDH CHINA FUND III FEEDER, L.P.","805-2899417443","","Cayman Islands","N","Y"
"1014500","43594","7899","CDH CHINA GROWTH CAPITAL FUND II INVESTORS, L.P.","805-5627454529","","Cayman Islands","N","Y"
"1015119","18625","12370","ORCHARD MAKIRA LIMITED","805-8494151482","","British Virgin Islands","N","Y"
"1015119","18625","3666","ORCHARD MAKIRA LP","805-4714901703","Delaware","United States","N","Y"
"1015119","58578","11821","ORCHARD LANDMARK LIMITED","805-9748090212","","Cayman Islands","N","Y"
"1015119","58578","11820","ORCHARD LANDMARK LP","805-8667871467","Delaware","United States","N","Y"
"1015119","18608","3662","ORCHARD CENTAR LIMITED","805-8319835674","","British Virgin Islands","N","Y"
"1015119","18608","3663","ORCHARD CENTAR LP","805-2889501482","Delaware","United States","N","Y"
"1012350","61893","12572","ARKKAN OPPORTUNITIES FEEDER FUND II LIMITED","805-5279688405","","Cayman Islands","Y","Y"
"1012350","61893","12571","ARKKAN OPPORTUNITIES FEEDER FUND I LIMITED","805-1302877362","","Cayman Islands","Y","Y"
"1021741","66483","13591","HS GROUP SPONSOR FUND LTD.","805-1232440314","","Cayman Islands","Y","N"
"1021741","66483","13592","HS GROUP SPONSOR FUND (US) LTD.","805-3744008751","","Cayman Islands","Y","N"
"1021760","4128","1448","SOTHIC CAPITAL EUROPEAN OPPORTUNITIES FUND II LIMITED","805-6861913074","","Cayman Islands","N","Y"
"1021760","4128","1447","SOTHIC CAPITAL EUROPEAN OPPORTUNITIES FUND LIMITED","805-8625167670","","Cayman Islands","N","Y"
"1021760","4128","1449","SOTHIC CAPITAL EUROPEAN OPPORTUNITIES FUND L.P.","805-7398817168","","Cayman Islands","N","Y"
"1016720","32408","5933","ECP II (CAYMAN) LTD. B","805-5933677367","","Cayman Islands","N","Y"
"1016720","32408","5932","ECP II (CAYMAN) LTD. A","805-2426319678","","Cayman Islands","N","Y"
"1017500","31080","5665","INDOSPACE LOGISTICS PARKS (CAYMAN) LTD.","805-7316506756","","Cayman Islands","N","Y"
"1020210","12652","2773","HIP II INTERNATIONAL L.P.","805-8408341840","","United Kingdom","N","Y"
"1020210","12382","2755","HIP INTERNATIONAL L.P.","805-5105915710","","United Kingdom","N","Y"
"1020210","52082","10050","HIP III GUERNSEY L.P. INC","805-9548817708","","Guernsey","N","Y"
"1020210","52082","10049","HIP III INTERNATIONAL L.P.","805-9012001843","","United Kingdom","N","Y"
"1021287","63934","12973","RBR EUROPEAN LONG SHORT LTD","805-6534340863","","Cayman Islands","N","Y"
"1021287","63934","12972","RBR EUROPEAN LONG SHORT LP","805-6009720812","Delaware","United States","N","Y"
"1021287","120360","83384","RBR STRATEGIC VALUE LTD","805-8048525456","","Cayman Islands","N","Y"
"1021287","120360","115590","RBR STRATEGIC VALUE LP","805-5811060229","Delaware","United States","N","Y"
"1021407","168225","116009","CQS AIGUILLE DU CHARDONNET FF S.C.A. SICAV-SIF","805-9292779020","","Luxembourg","Y","N"
"1020557","58441","11827","WHITEHAVEN CREDIT OPPORTUNITIES FUND, LP","805-4209012447","Delaware","United States","N","Y"
"1020557","58441","24376","WHITEHAVEN CREDIT OPPORTUNITIES FUND, LTD.","805-4015133100","","Cayman Islands","N","Y"
"1026265","47327","8648","WHARD STEWART FUND LIMITED","805-1078196948","","Cayman Islands","N","Y"
"1026265","47327","8649","WHARD STEWART PARTNERS, L.P.","805-9780696843","Delaware","United States","N","Y"
"1025464","58420","11780","WEST FACE ALTERNATIVE CREDIT USA L.P.","805-1054490668","Delaware","United States","N","Y"
"1025464","58420","11781","WEST FACE ALTERNATIVE CREDIT CAYMAN L.P.","805-4157335568","","Cayman Islands","N","Y"
"1025464","17940","3709","WEST FACE CREDIT OPPORTUNITIES (USA) L.P.","805-4362463594","Delaware","United States","N","Y"
"1025464","17940","3536","WEST FACE CREDIT OPPORTUNITIES (CAYMAN) L.P.","805-2846252179","","Cayman Islands","N","Y"
"1025464","17011","3383","WEST FACE LONG TERM OPPORTUNITIES MASTER FUND L.P.","805-2305180186","","Cayman Islands","N","Y"
"1025464","17011","3382","WEST FACE LONG TERM OPPORTUNITIES (USA) LIMITED PARTNERSHIP","805-8980590969","Delaware","United States","N","Y"
"1026023","65453","13380","EAST LODGE CAPITAL CREDIT OPPORTUNITIES FUND L.P.","805-3508558381","Delaware","United States","N","Y"
"1026023","65453","13379","EAST LODGE CAPITAL CREDIT OPPORTUNITIES FUND LTD.","805-4189621677","","Cayman Islands","N","Y"
"1015970","167870","115961","GENESIS CAPITAL PARTNERS ONSHORE FUND LLC","805-5970356362","Delaware","United States","Y","N"
"1015970","167870","115980","GENESIS CAPITAL PARTNERS OFFSHORE FUND LTD.","805-1421585864","","Cayman Islands","Y","N"
"1016085","44538","8035","CDH SPECIAL OPPORTUNITY FEEDER FUND, L.P.","805-5866065211","","Cayman Islands","N","Y"
"1002558","177313","117848","KREOS CAPITAL V (FEEDER) L.P.","805-1758295898","","Jersey","N","Y"
"1022339","169368","116329","DEVELOPMENT VENTURE IV FEEDER S.C.A.","805-3164720495","","Luxembourg","N","Y"
"1006211","16387","3291","VERRAZZANO EUROPEAN FOCUS FUND LP","805-4154042604","Delaware","United States","N","Y"
"1006211","16387","3290","VERRAZZANO EUROPEAN FOCUS FUND PLC","805-9068055166","","Ireland","N","Y"
"1006211","16342","3283","VERRAZZANO EUROPEAN OPPORTUNITIES FUND, L.P.","805-9645975024","Delaware","United States","N","Y"
"1006211","16342","3282","VERRAZZANO EUROPEAN OPPORTUNITIES FUND PLC","805-1485666139","","Ireland","N","Y"
"1008721","177206","117860","PRIMROSE HILL FUND, L.P.","805-3340375401","","Cayman Islands","Y","Y"
"1008721","177206","117859","KLIMANJARO FUND, L.P.","805-2955711974","","Cayman Islands","Y","Y"
"1008721","41838","7565","SHEPHERDS HILL FUND L.P.","805-7978853789","","Cayman Islands","Y","Y"
"1019846","157781","106469","N2 PARTNERS LP","805-1822485444","Delaware","United States","N","Y"
"1021580","20444","3980","RUBICON GLOBAL FUND","805-5565481960","","Cayman Islands","N","Y"
"1021580","20444","3981","RUBICON GLOBAL PARTNERS, L.P.","805-3672951193","Delaware","United States","N","Y"
"1018020","50487","9445","GAVEA JUS BRAZILIAN GOVERNMENT LIABILITIES FUND II-B L.P.","805-7207446081","","Cayman Islands","N","Y"
"1018020","50487","9443","GAVEA JUS BRAZILIAN GOVERNMENT LIABILITIES FUND II-A L.P.","805-4739126215","","Cayman Islands","N","Y"
"1018020","34831","6460","GAVEA INVESTMENT FUND LTD","805-1639515064","","Cayman Islands","Y","N"
"1018020","34831","6458","GAVEA INVESTMENT FUND US LP","805-9640245351","Delaware","United States","Y","N"
"1018020","37784","7590","G�VEA FUND LTD.","805-5873792409","","Cayman Islands","N","Y"
"1018020","37784","7591","G�VEA FUND (US) LP.","805-4355956517","Delaware","United States","N","Y"
"1018020","61813","12529","GAVEA FUND PLUS US LP","805-1966775717","Delaware","United States","N","Y"
"1018020","61813","12528","GAVEA FUND PLUS LTD","805-2648853380","","Cayman Islands","N","Y"
"1020858","70076","14334","BLG TURKISH REAL ESTATE FEEDER FUND II L.P.","805-6519520618","","United Kingdom","Y","N"
"1020858","70075","14333","BLG TURKISH REAL ESTATE FEEDER FUND L.P.","805-6519520618","","United Kingdom","Y","N"
"1016290","59208","11945","GTI INVESTMENTS ALPHA LP","805-1477205442","","British Virgin Islands","N","Y"
"1016290","59208","11943","GTI CAPITAL GROUP HOLDINGS (SINGAPORE) PTE LIMITED","805-2720734505","","Singapore","N","Y"
"1016290","58345","11940","GTI CAPITAL GROUP LIMITED","805-7139526362","","Cayman Islands","N","Y"
"1017495","177616","117872","CBPE CAPITAL IX FOUNDERS LP","805-1535036938","","United Kingdom","Y","Y"
"1017495","15999","3238","CBPE CAPITAL VIII SPECIAL INVESTORS LP","805-1517672004","","United Kingdom","Y","Y"
"1020857","177954","117968","HAO GREAT CHINA FOCUS NON-US FEEDER FUND","805-9997360874","","Cayman Islands","N","Y"
"1020857","177954","117969","HAO GREAT CHINA FOCUS US FEEDER FUND","805-8514755295","","Cayman Islands","N","Y"
"1020149","177932","117941","SOMAR GLOBAL LTD.","805-8105135074","","Cayman Islands","N","Y"
"1020149","177932","117942","SOMAR PARTNERS LP","805-8491091968","Delaware","United States","N","Y"
"1025048","6641","1904","BUYOUTS C&C 2010A LP","805-1520191353","","United Kingdom","Y","N"
"1025048","6865","1947","GROWTH CCC 08-10A LP","805-9011695623","","United Kingdom","Y","N"
"1026018","23059","4566","FEROX FUND LIMITED","805-3470048611","","Cayman Islands","N","Y"
"1023748","28183","5170","GCP FUND IIB FEEDER LP","805-4003600077","","United Kingdom","Y","Y"
"1023748","28167","5164","GCP FUND IIA (FEEDER) LP","805-2690401753","","United Kingdom","Y","Y"
"1023748","28213","5180","GCP III FP LP","805-7879317941","","United Kingdom","Y","Y"
"1023748","28213","5179","SCP FEEDER LP","805-8862787997","","United Kingdom","Y","Y"
"1026540","68643","14040","INVICTUS MANAGED ACCOUNT-P FEEDER, L.P.","805-9860094631","","United Kingdom","N","Y"
"1026540","76258","117727","INVICTUS OPPORTUNITY OFFSHORE FEEDER, L.P.","805-9422803145","","Cayman Islands","N","Y"
"1026580","68661","14117","FORMIC MASTER OPPORTUNITIES FUND (OFFSHORE) LTD.","805-9100951855","Delaware","United States","N","Y"
"1026580","68661","14116","FORMIC MASTER OPPORTUNITIES FUND (DOMESTIC) LP","805-6473470177","Delaware","United States","N","Y"
"1026776","43416","118035","POLAR MULTI-STRATEGY FUND (LEGACY)","805-7691766952","","Cayman Islands","N","Y"
"1026776","43416","118037","POLAR MULTI-STRATEGY FUND","805-4708458066","","Cayman Islands","N","Y"
"1026776","43416","118036","POLAR MULTI-STRATEGY FUND (US) LP","805-3498150038","Delaware","United States","N","Y"
"1025913","39186","7505","MACQUARIE CROP PARTNERS FEEDER, LP","805-9312596228","","Bermuda","N","Y"
"1010356","46018","10010","TRIENT GLOBAL MACRO PARTNERS LP","805-1299697654","Delaware","United States","N","Y"
"1010356","46018","8314","TRIENT GLOBAL INVESTMENT FUNDS PLC","805-4048069266","","Ireland","N","Y"
"1015450","64976","13264","KANG GLOBAL FUND LP","805-9383497191","Delaware","United States","N","Y"
"1021187","6853","1945","GREYSON ASIA OFFSHORE FUND, LTD.","805-1550038542","","Cayman Islands","N","Y"
"1021187","6853","1944","GREYSON ASIA FUND, L.P.","805-3097829962","Delaware","United States","N","Y"
"1004963","63059","12784","IRONSHIELD SPECIAL SITUATIONS L2 FUND L.P","805-4636121692","","Cayman Islands","N","Y"
"1004963","40165","7342","IRONSHIELD SPECIAL SITUATIONS L1 FUND L.P","805-3488756569","Delaware","United States","N","Y"
"1004963","40165","7340","IRONSHIELD SPECIAL SITUATIONS L1 FUND","805-8421924870","","Cayman Islands","N","Y"
"1023226","55022","10858","DRUG ROYALTY III (FEEDER EU), L.P.","805-5443409195","Delaware","United States","N","Y"
"1023226","55022","10857","DRUG ROYALTY III (FEEDER DE), L.P.","805-7688610891","Delaware","United States","N","Y"
"1023226","42357","7666","RMF 2 FEEDER FUND, LP","805-2795091545","Delaware","United States","N","Y"
"1019045","29331","5340","BLACK RIVER COMMODITY MULTI-STRATEGY FUND LLC","805-7144367947","Delaware","United States","Y","Y"
"1019045","29331","5342","BLACK RIVER COMMODITY MULTI-STRATEGY FUND LTD.","805-2857216479","","Cayman Islands","Y","Y"
"1008634","30257","5506","INTERNATIONAL SINDICATUM CLIMATE CHANGE PARTNERSHIP FEEDER FUND, L.P.","805-4355255690","","Cayman Islands","N","Y"
"1016092","159085","107554","TATA CAPITAL GROWTH FUND LP","805-3372861659","","Singapore","N","Y"
"1025000","158930","107528","IMMERSION CAPITAL FUND LTD","805-5995566008","","Cayman Islands","N","Y"
"1025000","158930","107527","IMMERSION CAPITAL FUND LP","805-6599265057","Delaware","United States","N","Y"
"1022924","64536","13112","GLP INVESTMENTS S-4 LLC","805-5229871292","Delaware","United States","Y","Y"
"1022924","64536","13111","GLP INVESTMENTS S-2 LLC","805-4579086686","Delaware","United States","Y","Y"
"1022924","64536","13110","GLP INVESTMENTS S-3 LLC","805-3441785882","Delaware","United States","Y","Y"
"1022924","64536","13113","GLP HOLDINGS S-4 LLC","805-9575713108","Delaware","United States","Y","Y"
"1022924","64536","13108","GLP HOLDINGS S-3 LLC","805-1077261406","Delaware","United States","Y","Y"
"1022924","64536","13107","GLP HOLDINGS S-2 LLC","805-9439138564","Delaware","United States","Y","Y"
"1022924","64535","13106","GLP INVESTMENTS D-3 LLC","805-5991248577","Delaware","United States","Y","Y"
"1022924","64535","13105","GLP INVESTMENTS D-2 LLC","805-1399185501","Delaware","United States","Y","Y"
"1022924","64535","13103","GLP HOLDINGS D-3 LLC","805-5478317094","Delaware","United States","Y","Y"
"1022924","64535","13102","GLP HOLDINGS D-2 LLC","805-2962986680","Delaware","United States","Y","Y"
"1022924","158962","107516","FAIRWAY INVESTMENTS LLC","805-8866812541","Delaware","United States","Y","Y"
"1022924","158962","107515","CRUX INVESTMENTS LLC","805-3511709024","Delaware","United States","Y","Y"
"1022924","158962","107514","BEBOP HOLDINGS LLC","805-9238248106","Delaware","United States","Y","Y"
"1022924","158962","107513","MONK HOLDINGS LLC","805-1918643518","Delaware","United States","Y","Y"
"1007423","174582","117361","LTE PARTNERS LTD","805-4053131017","","Cayman Islands","N","Y"
"1007423","174582","117360","LTE PARTNERSI, LLC","805-4655253551","Delaware","United States","Y","N"
"1000568","40348","10556","CANTILEVER LIMITED PARTNERSHIP","805-4839375733","","Cayman Islands","Y","N"
"1000568","53836","10555","CANTILEVER II LIMITED PARTNERSHIP","805-8920614861","","Cayman Islands","Y","N"
"1000555","41051","10558","CANTILEVER LIMITED PARTNERSHIP","805-4839375733","","Cayman Islands","Y","N"
"1000555","53837","10557","CANTILEVER II LIMITED PARTNERSHIP","805-8920614861","","Cayman Islands","Y","N"
"1007556","65550","13382","LONG FOCUS CAPITAL, LLC","805-7472763919","Delaware","United States","N","Y"
"1007556","65550","13381","LONG FOCUS CAPITAL OFFSHORE, LTD.","805-1350423891","","Cayman Islands","N","Y"
"1006441","64792","13198","DSAM+ FUND","805-6342575080","","Cayman Islands","N","Y"
"1006441","64792","13197","DSAM+ FUND LP","805-8257434336","Delaware","United States","N","Y"
"1006441","43506","7878","DSAM LONG/SHORT EQUITY FUND","805-8107146811","","Cayman Islands","N","Y"
"1006441","43506","7879","DSAM LONG/SHORT EQUITY FUND LP","805-9973907511","Delaware","United States","N","Y"
"1006441","177081","117803","DSAM NEUTRAL","805-7205571857","","Cayman Islands","N","Y"
"1015142","174068","117263","INVESCO ASIA REAL ESTATE FUND III (FEEDER), L.P.","805-5066443624","","Cayman Islands","Y","Y"
"1015142","17361","9124","INVESCO ASIA REAL ESTATE FEEDER FUND I, LTD.","805-2525538556","","Cayman Islands","Y","Y"
"1024797","5558","1677","THE ECLECTICA FUND LP","805-7842531793","Delaware","United States","N","Y"
"1024797","5558","1679","THE ECLECTICA FUND","805-4311087449","","Cayman Islands","N","Y"
"1026298","65759","13429","ESDF V, LP","805-1572979588","","Cayman Islands","N","Y"
"1010069","172929","117020","AQS FRONTIERS FUND LLC","805-3388756995","Delaware","United States","N","Y"
"1010069","172929","117019","AQS FRONTIERS FUND LIMITED","805-5666224027","","Cayman Islands","N","Y"
"1010069","172814","116981","AQS MENA FUND LLC","805-5039804577","Delaware","United States","N","Y"
"1010069","172814","116980","AQS MENA FUND LIMITED","805-5122258986","","Cayman Islands","N","Y"
"1018437","170319","117820","CONNOR CAPITAL TRANSPORTATION OPPORTUNITIES INT I, LP","805-3251445285","","Cayman Islands","N","Y"
"1025791","33524","10833","TARA FEEDER FUND LIMITED","805-2529131330","","Jersey","Y","Y"
"1019687","14201","3012","SR PHOENICIA INC - PHOENICIA PORTFOLIO","805-7812451032","","Cayman Islands","N","Y"
"1019687","14198","3011","SR GLOBAL FUND INC - FRONTIER PORTFOLIO","805-3608635473","","Cayman Islands","N","Y"
"1019687","14196","3010","SR GLOBAL FUND INC - JAPAN PORTFOLIO","805-1564645788","","Cayman Islands","N","Y"
"1019687","14193","3009","SR GLOBAL FUND INC  - GLOBAL OPPORTUNITIES PORTFOLIO","805-4557896877","","Cayman Islands","N","Y"
"1019687","14189","3008","SR GLOBAL FUND INC - INTERNATIONAL PORTFOLIO","805-1714071585","","Cayman Islands","N","Y"
"1019687","53933","10576","SR GLOBAL FUND INC - EMERGING MARKET EQUITY PORTFOLIO","805-4940931732","","Cayman Islands","N","Y"
"1018756","51396","117922","WOODSON CAPITAL OFFSHORE FUND, LTD.","805-7326103847","","Cayman Islands","Y","N"
"1018756","51396","117923","WOODSON CAPITAL PARTNERS, LP","805-1934907517","Delaware","United States","Y","N"
"1004968","29364","5348","SEGULAH IV F&F, L.P.","805-4966870190","","United Kingdom","N","Y"
"1010019","177280","117829","BH-DG SYSTEMATIC TRADING FUND LIMITED","805-9090397459","","Cayman Islands","N","Y"
"1010019","177280","117830","BH-DG SYSTEMATIC TRADING FUND L.P.","805-4604229177","Delaware","United States","N","Y"
"1011328","10551","2497","COMPOSITION CAPITAL EUROPE II FEEDER C.V.","805-2884709490","","Netherlands","N","Y"
"1011328","10532","2494","COMPOSITION CAPITAL ASIA II FEEDER C.V.","805-7292551843","","Netherlands","N","Y"
"1015151","55571","109574","ADP II GP COMMITMENT L.P.","805-5714850229","","Guernsey","N","Y"
"1015499","26602","4890","SUMMERHILL VENTURE PARTNERS HOLDINGS LP","805-9924773267","Delaware","United States","N","Y"
"1015796","167870","115961","GENESIS CAPITAL PARTNERS ONSHORE FUND LLC","805-5970356362","Delaware","United States","Y","N"
"1015796","167870","115980","GENESIS CAPITAL PARTNERS OFFSHORE FUND LTD.","805-1421585864","","Cayman Islands","Y","N"
"1010408","3474","1377","QUANTEDGE GLOBAL FUND (OFFSHORE)","805-2008544436","","Cayman Islands","N","Y"
"1010408","3474","1378","QUANTEDGE GLOBAL FUND (US)","805-7469730888","","Cayman Islands","N","Y"
"1015455","64976","13264","KANG GLOBAL FUND LP","805-9383497191","Delaware","United States","N","Y"
"1007834","65827","13451","LIQUIDALTS H2O FORCE 10 FEEDER FUND","805-5828069236","","Jersey","N","Y"
"1007834","65805","13439","LIQUIDALTS TUDOR TENSOR FEEDER FUND","805-2311533065","","Jersey","N","Y"
"1018516","17359","4050","MELFORD REALTY INVESTORS 1 LP","805-4108970529","","United Kingdom","Y","Y"
"1018516","64691","13154","MELFORD REALTY INVESTORS II LP","805-3541615507","","United Kingdom","Y","Y"
"1010342","44794","8083","TARGET PARTNERS EXECUTIVE FUND II GMBH & CO. KG","805-3672596410","","Germany","Y","N"
"1025032","168513","116037","TFF CIMARRON I, LP","805-3933139091","Delaware","United States","Y","Y"
"1021402","66184","13539","BRIDGES PROPERTY ALTERNATIVES FUND III UNIT TRUST","805-1943996712","","United Kingdom","Y","N"
"1021402","66136","13538","BRIDGES SUSTAINABLE PROPERTY FUND UNIT TRUST","805-5358932385","","United Kingdom","Y","N"
"1004514","176363","117709","ACTIVUM SG IBERIA FEEDER FUND I L.P.","805-7119939593","","Jersey","Y","N"
"1004514","73211","33370","ACTIVUM SG FORMART CO-INVESTMENT FEEDER L.P.","805-5502378497","","Jersey","Y","N"
"1004514","44418","13131","ACTIVUM SG FEEDER FUND II L.P.","805-8154653098","","Jersey","Y","N"
"1004514","44417","13130","ACTIVUM SG FEEDER FUND I C L.P.","805-8732244489","","Jersey","Y","N"
"1004514","64578","13129","ACTIVUM SG FEEDER FUND III L.P.","805-9724771986","","Jersey","Y","N"
"1021419","168225","116009","CQS AIGUILLE DU CHARDONNET FF S.C.A. SICAV-SIF","805-9292779020","","Luxembourg","Y","N"
"1019162","55146","10882","RONIT GLOBAL OPPORTUNITIES FUND LP","805-4099512482","Delaware","United States","N","Y"
"1019162","55146","10883","RONIT GLOBAL OPPORTUNITIES FUND LTD","805-1095637041","","Cayman Islands","N","Y"
"1020922","65182","13306","SQN INVESTORS FUND LP","805-9996892043","Delaware","United States","N","Y"
"1020922","65182","13307","SQN INVESTORS OFFSHORE LTD","805-1112888417","","Cayman Islands","N","Y"
"1023767","177958","117948","METHODOLOGY FUND LTD","805-8549881057","","Cayman Islands","N","Y"
"1008255","177186","117814","ETHIKA OPPS II DOMESTIC FEEDER, L.P.","805-4614230614","Delaware","United States","Y","Y"
"1008255","177186","117813","ETHIKA OPPS II FOREIGN FEEDER I , L.P.","805-7839314145","","Cayman Islands","Y","Y"
"1008255","57045","11358","ETHIKA OPPS FOREIGN FEEDER II, L.P.","805-9828727676","","Cayman Islands","Y","Y"
"1008255","57045","11356","ETHIKA OPPS DOMESTIC FEEDER, L.P.","805-7754288962","Delaware","United States","Y","Y"
"1008255","57045","11357","ETHIKA OPPS FOREIGN FEEDER I, L.P.","805-7051793521","","Cayman Islands","Y","Y"
"1008763","120585","83432","PENSATO EUROPEAN EQUITY FUND LP","805-3773139227","Delaware","United States","N","Y"
"1008763","120585","83431","PENSATO EUROPEAN EQUITY FUND LIMITED","805-5271977183","","Cayman Islands","N","Y"
"1008763","5021","12987","PENSATO EUROPA FUND LP","805-3730142819","Delaware","United States","N","Y"
"1008763","5021","12988","PENSATO EUROPA FUND LIMITED","805-9339983486","","Cayman Islands","N","Y"
"1019422","11123","2608","EB ASIA ABSOLUTE RETURN FUND LIMITED","805-7831413185","","Cayman Islands","Y","Y"
"1017057","166658","117949","SW7 US EQUITIES FUND I LIMITED","805-8334538567","","Cayman Islands","Y","N"
"1017057","166658","117950","SW7 US EQUITIES FUND I LP","805-7259213423","Delaware","United States","Y","N"
"1017057","177977","117952","SW7 US EQUITIES FUND I LIMITED","805-8334538567","","Cayman Islands","Y","N"
"1017057","177977","117951","SW7 US EQUITIES FUND I LP","805-7259213423","Delaware","United States","Y","N"
"1022273","90230","67364","THUNDERBIRD OFFSHORE FUND LIMITED","805-8174250948","","Cayman Islands","N","Y"
"1022273","90230","67366","THUNDERBIRD PARTICIPATION LP","805-3724472141","","Cayman Islands","N","Y"
"1022273","90230","67365","THUNDERBIRD ONSHORE FUND LLC","805-5846466586","Delaware","United States","N","Y"
"1009460","59037","11925","WATERMILL-TPG INVESTOR PARTNERS, LLC","805-6214884973","Delaware","United States","Y","N"
"1009460","50692","9518","WATERMILL-TENERE INVESTOR PARTNERS, LLC","805-8569265171","Delaware","United States","Y","N"
"1009460","50689","9517","WATERMILL-TUBES INVESTMENTS, LTD.","805-8101061442","Delaware","United States","Y","N"
"1009460","33279","6102","WATERMILL-C&M INVESTOR PARTNERS, LLC","805-7474080353","Delaware","United States","Y","N"
"1009460","68739","14057","WATERMILL-MCT INVESTOR PARTNERS, LLC","805-6425832129","Delaware","United States","Y","N"
"1009460","169991","116540","WATERMILL-QMC INVESTOR PARTNERS LLC","805-4569803606","Delaware","United States","Y","N"
"1008260","177187","117817","ARIOSE CHINA GROWTH ONSHORE FUND","805-4540576822","","Cayman Islands","N","Y"
"1008260","177187","117816","ARIOSE CHINA GROWTH OFFSHORE FUND","805-5611184705","","Cayman Islands","N","Y"
"1017749","72373","58365","GROSVENOR GLOBAL REAL ESTATE MASTER FUND LIMITED","805-8843283420","","Cayman Islands","Y","Y"
"1024647","167104","115801","QUADRATURE CAPITAL VECTOR FUND LIMITED","805-2382882862","","Cayman Islands","Y","N"
"1024647","167104","115802","QUADRATURE CAPITAL VECTOR FUND LP","805-4762365581","Delaware","United States","Y","N"
"1027040","172002","116855","J189","805-7297954271","","Cayman Islands","N","Y"
"1027040","172002","116854","J188","805-5266652058","","Cayman Islands","N","Y"
"1027040","14033","3650","J382","805-6102525716","","Cayman Islands","N","Y"
"1027040","14033","2985","J383","805-2044322605","","Cayman Islands","N","Y"
