"FilingID","ReferenceID","Foreign Regulatory Authority"
"948977","64763","Cayman Islands - Cayman Islands Monetary Authority"
"941702","55320","Bermuda - Bermuda Monetary Authority"
"945830","65182","Cayman Islands - Cayman Islands Monetary Authority"
"944288","162278","Luxembourg, Grand Duchy of - Commission to Surveillance of the Finance Sector"
"944288","162277","Luxembourg, Grand Duchy of - Commission to Surveillance of the Finance Sector"
"945841","167006","Cayman Islands - Cayman Islands Monetary Authority"
"943962","167140","Mauritius, Republic of - Financial Services Commission"
"943962","167139","Mauritius, Republic of - Financial Services Commission"
"943962","167138","Mauritius, Republic of - Financial Services Commission"
"943962","167137","Mauritius, Republic of - Financial Services Commission"
"943962","167136","Mauritius, Republic of - Financial Services Commission"
"943962","167135","Mauritius, Republic of - Financial Services Commission"
"943962","167134","Mauritius, Republic of - Financial Services Commission"
"943962","167133","Mauritius, Republic of - Financial Services Commission"
"943962","167132","Mauritius, Republic of - Financial Services Commission"
"943962","167131","Mauritius, Republic of - Financial Services Commission"
"943962","167130","Mauritius, Republic of - Financial Services Commission"
"943962","167128","Mauritius, Republic of - Financial Services Commission"
"943962","167127","Mauritius, Republic of - Financial Services Commission"
"943962","167129","Mauritius, Republic of - Financial Services Commission"
"943962","167125","Mauritius, Republic of - Financial Services Commission"
"946490","41676","Cayman Islands - Cayman Islands Stock Exchange Authority"
"946490","41661","Cayman Islands - Cayman Islands Stock Exchange Authority"
"946490","41647","Cayman Islands - Cayman Islands Stock Exchange Authority"
"946490","42259","Ireland -  Central Bank of Ireland"
"946490","42336","Ireland -  Central Bank of Ireland"
"946490","42347","Ireland -  Central Bank of Ireland"
"946490","42243","Cayman Islands - Cayman Islands Stock Exchange Authority"
"946490","42319","Ireland -  Central Bank of Ireland"
"946490","42223","Cayman Islands - Cayman Islands Stock Exchange Authority"
"946490","42301","Ireland -  Central Bank of Ireland"
"946490","42288","Ireland -  Central Bank of Ireland"
"946490","42213","Cayman Islands - Cayman Islands Stock Exchange Authority"
"946490","41724","Cayman Islands - Cayman Islands Stock Exchange Authority"
"946490","41711","Cayman Islands - Cayman Islands Stock Exchange Authority"
"946490","41687","Cayman Islands - Cayman Islands Stock Exchange Authority"
"946490","68657","Ireland -  Central Bank of Ireland"
"946490","68552","Cayman Islands - Cayman Islands Monetary Authority"
"950181","167189","Cayman Islands - Cayman Islands Monetary Authority"
"950181","167191","Cayman Islands - Cayman Islands Monetary Authority"
"950181","167187","Cayman Islands - Cayman Islands Monetary Authority"
"945839","167030","Other - CAYMAN ISLANDS MONETARY AUTHORITY"
"945839","167031","Other - CAYMAN ISLANDS MONETARY AUTHORITY"
"945839","50037","Other - CAYMAN ISLANDS MONETARY AUTHORITY"
"945839","23013","Other - CAYMAN ISLANDS MONETARY AUTHORITY"
"945839","23012","Other - CAYMAN ISLANDS MONETARY AUTHORITY"
"945839","22993","Other - CAYMAN ISLANDS MONETARY AUTHORITY"
"945839","22985","Other - CAYMAN ISLANDS MONETARY AUTHORITY"
"945839","23009","Other - CAYMAN ISLANDS MONETARY AUTHORITY"
"945839","22136","Other - CAYMAN ISLANDS MONETARY AUTHORITY"
"945839","22994","Other - CAYMAN ISLANDS MONETARY AUTHORITY"
"945839","73932","Other - CAYMAN ISLANDS MONETARY AUTHORITY"
"945839","73928","Other - CAYMAN ISLANDS MONETARY AUTHORITY"
"948111","167177","Cayman Islands - Cayman Islands Monetary Authority"
"950428","32359","Other - CAYMAN ISLANDS MONETARY AUTHORITY"
"949947","65815","Jersey - Jersey Financial Services Commission"
"949947","65827","Jersey - Jersey Financial Services Commission"
"949947","65805","Jersey - Jersey Financial Services Commission"
"939628","166393","United Kingdom - Financial Conduct Authority"
"939628","166393","Sweden - Swedish Financial Supervisory Authority"
"939628","166393","Luxembourg, Grand Duchy of - Commission to Surveillance of the Finance Sector"
"939628","166393","Belgium - Banking, Finance and Insurance Commission"
"939628","166393","Netherlands - The Netherlands Authority for the Financial Markets"
"939628","166392","Norway - The Banking, Insurance and Securities Commission"
"939628","166380","Ireland -  Central Bank of Ireland"
"939628","166380","United Kingdom - Financial Conduct Authority"
"939628","166380","Netherlands - The Netherlands Authority for the Financial Markets"
"939628","166379","Luxembourg, Grand Duchy of - Commission to Surveillance of the Finance Sector"
"939628","166379","Netherlands - The Netherlands Authority for the Financial Markets"
"939628","166379","Belgium - Banking, Finance and Insurance Commission"
"939628","166392","Luxembourg, Grand Duchy of - Commission to Surveillance of the Finance Sector"
"939628","166392","Canada - Ontario Securities Commission"
"939628","166352","United Kingdom - Financial Conduct Authority"
"939628","166352","Canada - Ontario Securities Commission"
"939628","166379","United Kingdom - Financial Conduct Authority"
"939628","166392","Netherlands - The Netherlands Authority for the Financial Markets"
"939628","166352","Netherlands - The Netherlands Authority for the Financial Markets"
"951091","167006","Cayman Islands - Cayman Islands Monetary Authority"
"951271","15995","Other - CAYMAN ISLANDS MONETARY AUTHORITY"
"951271","16002","Other - CAYMAN ISLANDS MONETARY AUTHORITY"
"950861","66139","Guernsey - Guernsey Financial Services Commission"
"950861","66138","Guernsey - Guernsey Financial Services Commission"
"951140","67541","Cayman Islands - Cayman Islands Monetary Authority"
"951140","65670","Cayman Islands - Cayman Islands Monetary Authority"
"951140","46743","Cayman Islands - Cayman Islands Monetary Authority"
"951484","167066","Mauritius, Republic of - Financial Services Commission"
"951484","166271","Mauritius, Republic of - Financial Services Commission"
"947985","64110","Cayman Islands - Cayman Islands Monetary Authority"
"940577","76380","Cayman Islands - Cayman Islands Monetary Authority"
"950022","167298","Cayman Islands - Cayman Islands Monetary Authority"
"952200","56954","Cayman Islands - Cayman Islands Monetary Authority"
"952200","56956","Cayman Islands - Cayman Islands Monetary Authority"
"950839","45579","Other - CAYMAN ISLANDS MONETARY AUTHORITY"
"950839","55706","Other - CAYMAN ISLANDS MONETARY AUTHORITY"
"952469","167104","Cayman Islands - Cayman Islands Monetary Authority"
"950422","66648","Australia - Australian Securities and Investments Commission"
"950422","66651","Australia - Australian Securities and Investments Commission"
"950422","66650","Australia - Australian Securities and Investments Commission"
"950422","66649","Australia - Australian Securities and Investments Commission"
"950422","29110","Other - REGISTER OF COMPANIES FOR ENGLAND & WALES, UK"
"950422","29087","Other - REGISTER OF COMPANIES FOR ENGLAND & WALES, UK"
"952493","39708","Other - CAYMAN ISLANDS MONETARY AUTHORITY"
"952762","162202","Guernsey - Guernsey Financial Services Commission"
"952762","162201","Guernsey - Guernsey Financial Services Commission"
"952306","167519","Jersey - Jersey Financial Services Commission"
"950258","12681","Guernsey - Guernsey Financial Services Commission"
"950258","12652","Guernsey - Guernsey Financial Services Commission"
"950258","12382","Guernsey - Guernsey Financial Services Commission"
"950258","52082","Guernsey - Guernsey Financial Services Commission"
"952739","167567","Mauritius, Republic of - Financial Services Commission"
"939894","67656","Cayman Islands - Cayman Islands Monetary Authority"
"953689","55146","Other - CAYMAN ISLANDS MONETARY AUTHORITY"
"954083","67021","Ireland -  Central Bank of Ireland"
"933715","166919","Bermuda - Bermuda Monetary Authority"
"954862","27067","Jersey - Jersey Financial Services Commission"
"937068","166836","Cayman Islands - Cayman Islands Monetary Authority"
"954777","55167","Other - CAYMAN ISLANDS MONETARY AUTHORITY"
"953905","167657","Luxembourg, Grand Duchy of - Commission to Surveillance of the Finance Sector"
"954020","167644","Other - EXEMPT FROM REGISTRATION WITH MONETARY AUTHORITY OF CAYMAN ISLANDS"
"954020","167622","Other - EXEMPT FROM REGISTRATION WITH MONETARY AUTHORITY OF CAYMAN ISLANDS"
"954020","167626","Other - EXEMPT FROM REGISTRATION WITH MONETARY AUTHORITY OF CAYMAN ISLANDS"
"954020","66579","Other - EXEMPT FROM REGISTRATION WITH MONETARY AUTHORITY OF CAYMAN ISLANDS"
"954020","66578","Other - EXEMPT FROM REGISTRATION WITH MONETARY AUTHORITY OF CAYMAN ISLANDS"
"954020","66563","Other - EXEMPT FROM REGISTRATION WITH MONETARY AUTHORITY OF CAYMAN ISLANDS"
"954020","66562","Other - EXEMPT FROM REGISTRATION WITH MONETARY AUTHORITY OF CAYMAN ISLANDS"
"954020","66561","Other - EXEMPT FROM REGISTRATION WITH MONETARY AUTHORITY OF CAYMAN ISLANDS"
"954020","66559","Other - EXEMPT FROM REGISTRATION WITH MONETARY AUTHORITY OF CAYMAN ISLANDS"
"954020","66558","Other - EXEMPT FROM REGISTRATION WITH MONETARY AUTHORITY OF CAYMAN ISLANDS"
"954020","66556","Other - EXEMPT FROM REGISTRATION WITH MONETARY AUTHORITY OF CAYMAN ISLANDS"
"954020","66560","Other - EXEMPT FROM REGISTRATION WITH MONETARY AUTHORITY OF CAYMAN ISLANDS"
"954020","56600","Other - EXEMPT FROM REGISTRATION WITH MONETARY AUTHORITY OF CAYMAN ISLANDS"
"954020","56599","Other - EXEMPT FROM REGISTRATION WITH MONETARY AUTHORITY OF CAYMAN ISLANDS"
"954020","56597","Other - EXEMPT FROM REGISTRATION WITH MONETARY AUTHORITY OF CAYMAN ISLANDS"
"954020","56596","Other - EXEMPT FROM REGISTRATION WITH MONETARY AUTHORITY OF CAYMAN ISLANDS"
"954020","56590","Other - EXEMPT FROM REGISTRATION WITH MONETARY AUTHORITY OF CAYMAN ISLANDS"
"954020","44150","Other - EXEMPT FROM REGISTRATION WITH MONETARY AUTHORITY OF CAYMAN ISLANDS"
"954020","44147","Other - EXEMPT FROM REGISTRATION WITH MONETARY AUTHORITY OF CAYMAN ISLANDS"
"954020","43959","Bermuda - Bermuda Monetary Authority"
"954020","167654","Other - EXEMPT FROM REGISTRATION WITH MONETARY AUTHORITY OF CAYMAN ISLANDS"
"954020","167645","Other - EXEMPT FROM REGISTRATION WITH MONETARY AUTHORITY OF CAYMAN ISLANDS"
"954020","167642","Other - EXEMPT FROM REGISTRATION WITH MONETARY AUTHORITY OF CAYMAN ISLANDS"
"955891","43416","Other - CAYMAN ISLANDS MONETARY AUTHORITY"
"955891","43409","Other - CAYMAN ISLANDS MONETARY AUTHORITY"
"955891","40506","Other - CAYMAN ISLANDS MONETARY AUTHORITY"
"942686","167044","Cayman Islands - Cayman Islands Monetary Authority"
"949275","27978","Other - CAYMAN ISLANDS MONETARY AUTHORITY"
"953374","56238","Other - CAYMAN ISLANDS MONETARY AUTHORITY"
"954296","59330","Cayman Islands - Cayman Islands Monetary Authority"
"954296","59333","Cayman Islands - Cayman Islands Monetary Authority"
"954529","54916","Other - CAYMAN ISLANDS MONETARY AUTHORITY"
"954529","54838","Other - CAYMAN ISLANDS MONETARY AUTHORITY"
"953908","167674","France - Financial Markets Authority"
"953908","167675","France - Financial Markets Authority"
"953908","167673","France - Financial Markets Authority"
"953908","167672","France - Financial Markets Authority"
"953908","167675","Luxembourg, Grand Duchy of - Commission to Surveillance of the Finance Sector"
"953908","167667","France - Financial Markets Authority"
"953908","167670","France - Financial Markets Authority"
"953908","167676","France - Financial Markets Authority"
"953908","167668","France - Financial Markets Authority"
"953908","167671","France - Financial Markets Authority"
"953908","167665","France - Financial Markets Authority"
"951512","167426","Other - THE FUND IS EXEMPT FROM REGISTRATION UNDER SECTION 4(4) OF THE MUTUAL FUNDS LAW (2013 REVISION) OF THE CAYMAN ISLANDS."
"951512","54907","Cayman Islands - Cayman Islands Monetary Authority"
"954527","54916","Other - CAYMAN ISLANDS MONETARY AUTHORITY"
"954527","54838","Other - CAYMAN ISLANDS MONETARY AUTHORITY"
"952263","113239","Cayman Islands - Cayman Islands Monetary Authority"
"954773","167697","Luxembourg, Grand Duchy of - Commission to Surveillance of the Finance Sector"
"954773","54138","Luxembourg, Grand Duchy of - Commission to Surveillance of the Finance Sector"
"944802","166975","Cayman Islands - Cayman Islands Monetary Authority"
"944802","166974","Cayman Islands - Cayman Islands Monetary Authority"
"953110","61813","Cayman Islands - Cayman Islands Monetary Authority"
"953110","37784","Other - CAYMAN - CAYMAN ISLANDS MONETARY AUTHORITY (CIMA)"
"953110","37552","Brazil - Securities and Exchange Commission"
"953110","41042","Brazil - Securities and Exchange Commission"
"956275","162212","Cayman Islands - Cayman Islands Monetary Authority"
"955316","167753","Jersey - Jersey Financial Services Commission"
"956504","65815","Jersey - Jersey Financial Services Commission"
"956504","65827","Jersey - Jersey Financial Services Commission"
"956504","65805","Jersey - Jersey Financial Services Commission"
"956182","167780","Canada - Alberta Securities Commission"
"951820","167703","United Kingdom - Financial Conduct Authority"
"955628","2655","Other - CIMA, CAYMAN ISLANDS"
"936703","165158","British Virgin Islands - British Virgin Islands Financial Services Commission"
"951295","167432","Cayman Islands - Cayman Islands Monetary Authority"
"950167","167323","Cayman Islands - Cayman Islands Monetary Authority"
"957381","162278","Luxembourg, Grand Duchy of - Commission to Surveillance of the Finance Sector"
"957381","162277","Luxembourg, Grand Duchy of - Commission to Surveillance of the Finance Sector"
"957276","26469","Other - CAYMAN ISLANDS MONETARY AUTHORITY"
"956769","35353","Ireland -  Central Bank of Ireland"
"956769","35294","Ireland -  Central Bank of Ireland"
"956769","35256","Ireland -  Central Bank of Ireland"
"956769","35468","Ireland -  Central Bank of Ireland"
"956769","35324","Ireland -  Central Bank of Ireland"
"956769","35279","Ireland -  Central Bank of Ireland"
"956769","35196","Ireland -  Central Bank of Ireland"
"956769","35415","Ireland -  Central Bank of Ireland"
"956769","35399","Ireland -  Central Bank of Ireland"
"956769","54186","Ireland -  Central Bank of Ireland"
"956769","54184","Ireland -  Central Bank of Ireland"
"956769","54166","Ireland -  Central Bank of Ireland"
"956769","64347","Ireland -  Central Bank of Ireland"
"956769","54183","Ireland -  Central Bank of Ireland"
"956769","34858","Ireland -  Central Bank of Ireland"
"956769","35449","Ireland -  Central Bank of Ireland"
"956769","54185","Ireland -  Central Bank of Ireland"
"956769","168079","Ireland -  Central Bank of Ireland"
"956769","168078","Ireland -  Central Bank of Ireland"
"956769","168077","Ireland -  Central Bank of Ireland"
"958415","168202","Ireland -  Central Bank of Ireland"
"959415","168241","Cayman Islands - Cayman Islands Monetary Authority"
"959415","27705","Other - CAYMAN ISLANDS MONETARY AUTHORITY"
"959415","27676","Other - CAYMAN ISLANDS MONETARY AUTHORITY"
"959415","168240","Cayman Islands - Cayman Islands Monetary Authority"
"959415","27556","Other - CAYMAN ISLANDS MONETARY AUTHORITY"
"959415","27184","Other - CAYMAN ISLANDS MONETARY AUTHORITY"
"959415","50095","Other - CAYMAN ISLANDS MONETARY AUTHORITY"
"959415","73736","Other - CAYMAN ISLANDS MONETARY AUTHORITY"
"960226","55167","Other - CAYMAN ISLANDS MONETARY AUTHORITY"
"953768","167593","United Kingdom - Financial Conduct Authority"
"953768","167594","United Kingdom - Financial Conduct Authority"
"956823","64531","United Kingdom - Financial Conduct Authority"
"956823","64533","United Kingdom - Financial Conduct Authority"
"956823","64529","United Kingdom - Financial Conduct Authority"
"956823","64532","United Kingdom - Financial Conduct Authority"
"956823","33349","United Kingdom - Financial Conduct Authority"
"956823","33367","United Kingdom - Financial Conduct Authority"
"956823","33342","United Kingdom - Financial Conduct Authority"
"956823","33363","United Kingdom - Financial Conduct Authority"
"956823","30333","United Kingdom - Financial Conduct Authority"
"956823","33352","United Kingdom - Financial Conduct Authority"
"956823","33376","United Kingdom - Financial Conduct Authority"
"956823","159082","United Kingdom - Financial Conduct Authority"
"957155","167937","Cayman Islands - Cayman Islands Monetary Authority"
"958131","2775","Other - CAYMAN ISLANDS MONETARY AUTHORITY"
"943885","166896","Cayman Islands - Cayman Islands Monetary Authority"
"948497","167250","Cayman Islands - Cayman Islands Monetary Authority"
"959232","168226","Ireland -  Central Bank of Ireland"
"959673","166919","Bermuda - Bermuda Monetary Authority"
"944693","166914","Cayman Islands - Cayman Islands Monetary Authority"
"958174","57011","Cayman Islands - Cayman Islands Monetary Authority"
"958174","19964","Cayman Islands - Cayman Islands Monetary Authority"
"958174","19978","Cayman Islands - Cayman Islands Monetary Authority"
"958174","67297","Luxembourg, Grand Duchy of - Commission to Surveillance of the Finance Sector"
"958174","168344","Luxembourg, Grand Duchy of - Commission to Surveillance of the Finance Sector"
"958966","36624","Other - MAURITIUS - MAURITIUS STOCK EXCHANGE"
"958966","36624","Other - IRELAND - IRISH STOCK EXCHANGE"
"957307","113233","Cayman Islands - Cayman Islands Monetary Authority"
"961096","113233","Cayman Islands - Cayman Islands Monetary Authority"
"957254","167951","Cayman Islands - Cayman Islands Monetary Authority"
"960386","68301","United Kingdom - Financial Conduct Authority"
"960386","68300","United Kingdom - Financial Conduct Authority"
"960386","68298","United Kingdom - Financial Conduct Authority"
"960386","68128","United Kingdom - Financial Conduct Authority"
"960386","67560","United Kingdom - Financial Conduct Authority"
"960453","166393","United Kingdom - Financial Conduct Authority"
"960453","166393","Sweden - Swedish Financial Supervisory Authority"
"960453","166393","Luxembourg, Grand Duchy of - Commission to Surveillance of the Finance Sector"
"960453","166393","Belgium - Banking, Finance and Insurance Commission"
"960453","166393","Netherlands - The Netherlands Authority for the Financial Markets"
"960453","166392","Norway - The Banking, Insurance and Securities Commission"
"960453","166380","Ireland -  Central Bank of Ireland"
"960453","166380","United Kingdom - Financial Conduct Authority"
"960453","166380","Netherlands - The Netherlands Authority for the Financial Markets"
"960453","166379","Luxembourg, Grand Duchy of - Commission to Surveillance of the Finance Sector"
"960453","166379","Netherlands - The Netherlands Authority for the Financial Markets"
"960453","166379","Belgium - Banking, Finance and Insurance Commission"
"960453","166392","Luxembourg, Grand Duchy of - Commission to Surveillance of the Finance Sector"
"960453","166392","Canada - Ontario Securities Commission"
"960453","166352","United Kingdom - Financial Conduct Authority"
"960453","166352","Canada - Ontario Securities Commission"
"960453","166379","United Kingdom - Financial Conduct Authority"
"960453","166392","Netherlands - The Netherlands Authority for the Financial Markets"
"960453","166352","Netherlands - The Netherlands Authority for the Financial Markets"
"950410","167329","Cayman Islands - Cayman Islands Monetary Authority"
"957303","168015","Cayman Islands - Cayman Islands Monetary Authority"
"960169","65815","Jersey - Jersey Financial Services Commission"
"960169","65827","Jersey - Jersey Financial Services Commission"
"960169","65805","Jersey - Jersey Financial Services Commission"
"961560","45904","Mauritius, Republic of - Financial Services Commission"
"961560","45901","Mauritius, Republic of - Financial Services Commission"
"961560","45896","Mauritius, Republic of - Financial Services Commission"
"961997","165158","British Virgin Islands - British Virgin Islands Financial Services Commission"
"961511","22991","Other - CAYMAN ISLANDS MONETARY AUTHORITY"
"963188","64065","Cayman Islands - Cayman Islands Monetary Authority"
"948438","64827","Cayman Islands - Cayman Islands Monetary Authority"
"955014","7080","Other - CAYMAN ISLANDS MONETARY AUTHORITY"
"963826","120734","Cayman Islands - Cayman Islands Monetary Authority"
"962416","168508","Cayman Islands - Cayman Islands Monetary Authority"
"962416","46825","Cayman Islands - Cayman Islands Stock Exchange Authority"
"962416","46823","Cayman Islands - Cayman Islands Stock Exchange Authority"
"962416","168510","Cayman Islands - Cayman Islands Monetary Authority"
"964417","7525","Other - CAYMAN ISLANDS / CAYMAN ISLANDS MONETARY AUTHORITY"
"962741","35353","Ireland -  Central Bank of Ireland"
"962741","35294","Ireland -  Central Bank of Ireland"
"962741","35256","Ireland -  Central Bank of Ireland"
"962741","35468","Ireland -  Central Bank of Ireland"
"962741","35324","Ireland -  Central Bank of Ireland"
"962741","35279","Ireland -  Central Bank of Ireland"
"962741","35196","Ireland -  Central Bank of Ireland"
"962741","35415","Ireland -  Central Bank of Ireland"
"962741","35399","Ireland -  Central Bank of Ireland"
"962741","54186","Ireland -  Central Bank of Ireland"
"962741","54184","Ireland -  Central Bank of Ireland"
"962741","54166","Ireland -  Central Bank of Ireland"
"962741","64347","Ireland -  Central Bank of Ireland"
"962741","54183","Ireland -  Central Bank of Ireland"
"962741","34858","Ireland -  Central Bank of Ireland"
"962741","35449","Ireland -  Central Bank of Ireland"
"962741","54185","Ireland -  Central Bank of Ireland"
"962741","168079","Ireland -  Central Bank of Ireland"
"962741","168078","Ireland -  Central Bank of Ireland"
"962741","168077","Ireland -  Central Bank of Ireland"
"954305","167655","Cayman Islands - Cayman Islands Monetary Authority"
"954305","64989","Cayman Islands - Cayman Islands Monetary Authority"
"954305","64988","Cayman Islands - Cayman Islands Monetary Authority"
"954305","64387","Cayman Islands - Cayman Islands Monetary Authority"
"954305","64987","Cayman Islands - Cayman Islands Monetary Authority"
"954305","64984","Cayman Islands - Cayman Islands Monetary Authority"
"948017","168037","Luxembourg, Grand Duchy of - Commission to Surveillance of the Finance Sector"
"948017","168038","Luxembourg, Grand Duchy of - Commission to Surveillance of the Finance Sector"
"964427","43506","Other - CAYMAN ISLANDS MONETARY AUTHORITY"
"964427","64792","Other - CAYMAN ISLANDS MONETARY AUTHORITY"
"961869","168593","Other - MALTA FINANCIAL SERVICES AUTHORITY (MFSA)"
"958890","168207","Cayman Islands - Cayman Islands Monetary Authority"
"958890","168206","Cayman Islands - Cayman Islands Monetary Authority"
"963977","41582","Other - CAYMAN ISLANDS/CAYMAN ISLANDS MONETARY AUTHORITY"
"960236","37647","Other - CAYMAN ISLANDS MONETARY AUTHORITY"
"962926","167432","Cayman Islands - Cayman Islands Monetary Authority"
"963255","158930","Cayman Islands - Cayman Islands Monetary Authority"
"958562","167184","Luxembourg, Grand Duchy of - Commission to Surveillance of the Finance Sector"
"958562","167068","Cayman Islands - Cayman Islands Monetary Authority"
"963577","49686","Ireland -  Central Bank of Ireland"
"963577","29502","Ireland -  Central Bank of Ireland"
"964672","27449","Germany - German Federal Financial Supervisory Agency"
"964672","54730","Guernsey - Guernsey Financial Services Commission"
"964672","27418","Germany - German Federal Financial Supervisory Agency"
"964672","27373","Germany - German Federal Financial Supervisory Agency"
"958715","25113","Ireland -  Central Bank of Ireland"
"958715","47660","Ireland -  Central Bank of Ireland"
"958715","47659","Ireland -  Central Bank of Ireland"
"958715","47658","Ireland -  Central Bank of Ireland"
"958715","47657","Ireland -  Central Bank of Ireland"
"958715","47655","Ireland -  Central Bank of Ireland"
"958715","47656","Ireland -  Central Bank of Ireland"
"958715","25075","Ireland -  Central Bank of Ireland"
