"FilingID","ReferenceID","Name of Adviser","SEC File Number","CRD Number"
1042297,67656,"SCIPION CAPITAL LTD.","",
1041387,27831,"JABRE CAPITAL PARTNERS LP","",
1041387,27821,"JABRE CAPITAL PARTNERS LP","",
1041387,27753,"JABRE CAPITAL PARTNERS LP","",
1041387,27846,"JABRE CAPITAL PARTNERS LP","",
1045609,180124,"CANYON BRIDGE CAPITAL PARTNERS, LLC","",
1058323,13337,"PINEBRIDGE ASIA PARTNERS G.P., L.L.C.","",
1058323,13317,"PINEBRIDGE ASIA PARTNERS II, LIMITED","",
1058323,13330,"PINEBRIDGE ASIA PARTNERS G.P., L.L.C.","",
1058323,61512,"PINEBRIDGE INVESTMENTS IRELAND LIMITED","",
1031422,178786,"SOUTHERN OAK CAPITAL MANAGEMENT COMPANY LIMITED","",
1036018,179973,"17 CAPITAL LLP","",
1036018,179972,"17 CAPITAL LLP","",
1036018,179971,"17 CAPITAL LLP","",
1051143,179972,"17 CAPITAL LLP","",
1051143,179971,"17 CAPITAL LLP","",
1051143,179973,"17 CAPITAL LLP","",
1053115,180721,"PINEBRIDGE INVESTMENTS LLC","",
1053115,180720,"PINEBRIDGE INVESTMENTS LLC","",
1053115,180722,"PINEBRIDGE INVESTMENTS LLC","",
1053115,180723,"PINEBRIDGE INVESTMENTS LLC","",
1053115,180724,"PINEBRIDGE INVESMENTS LLC","",
1049583,169046,"ARCUS INVESTMENT LIMITED","802-76646",162196
1049583,169047,"ARCUS INVESTMENT LIMITED","802-76646",162196
1049583,169043,"ARCUS INVESTMENT LIMITED","802-76646",162196
1049583,169044,"ARCUS INVESTMENT LIMITED","802-76646",162196
1049583,169045,"ARCUS INVESTMENT LIMITED","802-76646",162196
1054113,170127,"PTQ CAPITAL LIMITED","",
1054113,170127,"THIRDROCK CAPITAL PRIVATE LIMITED","",
1051100,7080,"SEGANTII CAPITAL","",286144
1058495,181106,"STAGEONE VENTURES","802-95170",175128
1058495,181107,"STAGEONE VENTURES","802-95170",175128
