"FilingID","Other Name","BD","RR","Pool","FCM","Real Estate","Insurance","Bank","Trust","Municipal","Swap Dealer","Swap Participant","Accountant","Lawyer","Other","Other Description"
1048701,"WEST FACE CAPITAL INC.","Y","N","N","N","N","N","N","N","N","N","N","N","N","N",""
1051170,"EAGLE EQUITY HOLDINGS, LLC","N","N","Y","N","N","N","N","N","N","N","N","N","N","N",""
1047040,"JRJV, LLC","N","N","N","N","Y","N","N","N","N","N","N","N","N","N",""
1049398,"C&G SAVINGS","N","N","N","N","N","N","Y","N","N","N","N","N","N","N",""
1049398,"WORLDWIDE SERVICE","N","N","N","N","N","N","Y","N","N","N","N","N","N","N",""
1046651,"C&G SAVINGS","N","N","N","N","N","N","Y","N","N","N","N","N","N","N",""
1046651,"WORLDWIDE SERVICE","N","N","N","N","N","N","Y","N","N","N","N","N","N","N",""
1056863,"REGENESIS CAPITAL LP","N","N","N","N","N","N","N","N","N","N","N","N","N","Y","EXEMPT REPORTING ADVISER"
