"FilingID","ReferenceID","Name of Adviser","SEC File Number","CRD Number"
1022648,178611,"VANGUARD GROUP INC","801-11953",105958
1022648,178610,"VANGUARD GROUP INC","801-11953",105958
1022648,178609,"VANGUARD GROUP INC","801-11953",105958
1022648,178608,"VANGUARD GROUP INC","801-11953",105958
1022648,178607,"VANGUARD GROUP INC","801-11953",105958
1022648,178606,"VANGUARD GROUP INC","801-11953",105958
1022648,178605,"VANGUARD GROUP INC","801-11953",105958
1022648,178604,"VANGUARD GROUP INC","801-11953",105958
1022648,178603,"VANGUARD GROUP INC","801-11953",105958
1022648,178602,"OAKTREE CAPITAL MANAGEMENT, L.P.","801-48923",106793
1022648,178602,"PZENA INVESTMENT MANAGEMENT LLC","801-50838",106847
1022648,178602,"VANGUARD GROUP INC","801-11953",105958
1022648,178601,"WELLINGTON MANAGEMENT COMPANY LLP","801-15908",106595
1022648,178602,"BAILLIE GIFFORD OVERSEAS LTD","801-21051",110296
1022648,178601,"VANGUARD GROUP INC","801-11953",105958
1022648,178600,"WELLINGTON MANAGEMENT COMPANY LLP","801-15908",106595
1022648,178600,"BAILLIE GIFFORD OVERSEAS LTD","801-21051",110296
1022648,178600,"VANGUARD GROUP INC","801-11953",105958
1022648,178599,"VANGUARD GROUP INC","801-11953",105958
1022648,178598,"VANGUARD GROUP INC","801-11953",105958
1022648,178597,"VANGUARD GROUP INC","801-11953",105958
1022648,178596,"VANGUARD GROUP INC","801-11953",105958
1022648,178595,"VANGUARD GROUP INC","801-11953",105958
1022648,178033,"VANGUARD GROUP INC","801-11953",105958
1022648,178670,"WELLINGTON MANAGEMENT COMPANY LLP","801-15908",106595
1022648,178670,"VANGUARD GROUP INC","801-11953",105958
1034191,178838,"MEDICXI VENTURES (JERSEY) LIMITED","",
1034191,178838,"MEDICXI VENTURES (UK) LLP","",
1034191,178837,"MEDICXI VENTURES (JERSEY) LIMITED","",
1034191,178837,"MEDICXI VENTURES (UK) LLP","",
1033170,64827,"FRANKLIN TEMPLETON INVESTMENT MANAGEMENT LIMITED","801-55170",111360
1036497,23032,"HPEF CAPITAL PARTNERS (SINGAPORE) PTE. LTD.","",
1036497,23030,"HPEF CAPITAL PARTNERS (SINGAPORE) PTE. LTD.","",
1023548,28572,"BABSON CAPITAL MANAGEMENT LLC","801-241",106006
1030190,64153,"CREDIT CAPITAL INVESTMENTS","801-74050",160537
1030190,64151,"ASHBURTON FUND MANAGERS (PTY) LIMITED","",
1026664,41888,"SAIF","802-75777",163673
1036502,23050,"HPEF CAPITAL PARTNERS (MAURITIUS) LIMITED","",
1031859,166251,"THE OBSERVATORY US INC.","",
1029409,23032,"HPEF CAPITAL PARTNERS (SINGAPORE) PTE. LTD.","",
1029409,23030,"HPEF CAPITAL PARTNERS (SINGAPORE) PTE. LTD.","",
1032649,178859,"CHAMP IV MANAGEMENT PTY LIMITED","",
1032649,178860,"CHAMP IV MANAGEMENT PTY LIMITED","",
1032649,56148,"CHAMP PRIVATE EQUITY","802-75533",162126
1032649,56150,"CHAMP PRIVATE EQUITY","802-75533",162126
1032649,56149,"CHAMP PRIVATE EQUITY","802-75533",162126
1032649,56146,"CHAMP III MANAGEMENT PTY LIMITED","",
1032649,35417,"CHAMP VENTURES 7 MANAGEMENT PTY LIMITED","",
1032649,24587,"CHAMP VENTURES 7 MANAGEMENT PTY LTD","",
1032649,21588,"CHAMP VENTURES 7 MANAGEMENT PTY LTD","",
1032649,21584,"CHAMP PRIVATE EQUITY PTE LTD","",
1032649,35571,"CHAMP VENTURES PTY LIMITED","",
1032649,35432,"CHAMP VENTURES PTY LIMITED","",
1029961,65805,"TUDOR INVESTMENT CORPORATION","801-73474",159792
1029961,65827,"H2O AM","801-78613",169065
1028898,7929,"PAULSON & CO.INC.","801-62794",127831
1028898,8413,"WINTON CAPITAL MANAGEMENT LTD.","801-73223",130566
1028898,8406,"ELLINGTON MANAGEMENT GROUP, L.L.C.","801-56399",112493
1028898,8387,"CAPITAL FUND MANAGEMENT S.A.","801-61960",125780
1028898,8359,"CANYON CAPITAL ADVISORS LLC","801-55592",107922
1028898,8340,"BRIDGEWATER ASSOCIATES, LP","801-35875",105129
1028898,8304,"GMT CAPITAL CORP.","801-74021",160404
1028898,8279,"SANDLER CAPITAL MANAGEMENT","801-31177",109856
1028898,8276,"PAULSON & CO.INC.","801-62794",127831
1028898,7884,"OBVERSATORY CAPITAL MANAGEMENT, LLP","",
1028898,7892,"OMEGA ADVISORS,INC.","801-43464",106867
1028898,7574,"JANA PARTNERS LLC","801-70627",151318
1028898,49935,"GAM INTERNATIONAL MANAGEMENT LIMITED","801-22307",110670
1028898,49937,"LYNX ASSET MANAGEMENT AB","",
1028898,58067,"TWIN SECURITIES, INC.","801-73786",158318
1038988,43389,"EXCELSIOR OPPORTUNITY ADVISORS LLC","802-76572",163123
1028890,175106,"SNOW LAKE CAPITAL (HK) LIMITED","802-75574",161823
1028890,23675,"SNOW LAKE CAPITAL (HK) LIMITED","802-75574",161823
1027548,64986,"GALENA PRIVATE EQUITY RESOURCES LIMITED","802-76022",162527
1028921,178673,"ZORA VENTURES, LLC","",
1028921,178672,"ZORA VENTURES, LLC","",
1028921,178674,"ZORA VENTURES, LLC","",
1036410,61235,"PERMIRA DEBT MANAGERS LIMITED","802-75497",162394
1036410,32837,"PERMIRA DEBT MANAGERS LIMITED","802-75497",162394
1029865,32149,"BLACKROCK INVESTMENT MANAGEMENT (UK) LIMITED","802-76129",162379
1029865,32149,"BLACKROCK FINANCIAL MANAGEMENT, INC","801-48433",107105
1029865,32066,"CAPULA  INVESTMENT MANAGEMENT ASIA LIMITED","802-76916",164564
1029865,32066,"CAPULA INVESTMENT US LP","801-73189",157589
1029865,32066,"CAPULA INVESTMENT  JAPAN LIMITED","802-75440",163365
1029865,32149,"CAPULA  INVESTMENT MANAGEMENT ASIA LIMITED","802-76916",164564
1033848,178838,"MEDICXI VENTURES (JERSEY) LIMITED","",
1033848,178838,"MEDICXI VENTURES (UK) LLP","",
1033848,178837,"MEDICXI VENTURES (JERSEY) LIMITED","",
1033848,178837,"MEDICXI VENTURES (UK) LLP","",
1032402,178838,"MEDICXI VENTURES (JERSEY) LIMITED","",
1032402,178838,"MEDICXI VENTURES (UK) LLP","",
1032402,178837,"MEDICXI VENTURES (JERSEY) LIMITED","",
1032402,178837,"MEDICXI VENTURES (UK) LLP","",
1036512,2222,"NORTHCROSS CAPITAL LLP","",159722
1034349,65805,"TUDOR INVESTMENT CORPORATION","801-73474",159792
1034349,65827,"H2O AM","801-78613",169065
1032860,178872,"ABAC SOLUTIONS MANAGER","",284881
1032572,178856,"ABAC CAPITAL","",284831
1028907,49937,"LYNX ASSET MANAGEMENT AB","",
1028907,58067,"TWIN SECURITIES, INC.","801-73786",158318
1028907,7929,"PAULSON & CO.INC.","801-62794",127831
1028907,8413,"WINTON CAPITAL MANAGEMENT LTD.","801-73223",130566
1028907,8406,"ELLINGTON MANAGEMENT GROUP, L.L.C.","801-56399",112493
1028907,8387,"CAPITAL FUND MANAGEMENT S.A.","801-61960",125780
1028907,8359,"CANYON CAPITAL ADVISORS LLC","801-55592",107922
1028907,8340,"BRIDGEWATER ASSOCIATES, LP","801-35875",105129
1028907,8304,"GMT CAPITAL CORP.","801-74021",160404
1028907,8279,"SANDLER CAPITAL MANAGEMENT","801-31177",109856
1028907,8276,"PAULSON & CO.INC.","801-62794",127831
1028907,7884,"OBVERSATORY CAPITAL MANAGEMENT, LLP","",
1028907,7892,"OMEGA ADVISORS,INC.","801-43464",106867
1028907,7574,"JANA PARTNERS LLC","801-70627",151318
1028907,49935,"GAM INTERNATIONAL MANAGEMENT LIMITED","801-22307",110670
1036337,66519,"LONDON & CAPITAL AM LIMITED","",
1036337,66519,"VESTRA US WEALTH MANAGEMENT LIMITED","",
1036337,66519,"NEDBANK PRIVATE WEALTH","",
1036337,66519,"CANNACORD GENUITY WEALTH MANAGEMENT","",
1027568,59333,"CEPHEI CAPITAL","801-76600",163621
1027568,59330,"CEPHEI CAPITAL","801-76600",163621
1027568,51003,"CDH V FEEDER HOLDINGS COMPANY LIMITED","",
1027568,51003,"CDH V HOLDINGS COMPANY LIMITED","",
1027568,51003,"CDH V MANAGEMENT COMPANY LIMITED","",
1027568,43594,"CDH CHINA GROWTH CAPITAL HOLDINGS COMPANY LIMITED","",
1027568,43597,"CDH IV FEEDER HOLDINGS COMPANY LIMITED","",
1027568,43597,"CDH IV HOLDINGS COMPANY LIMITED","",
1027568,43596,"CDH III HOLDINGS COMPANY LIMITED","",
1027568,43595,"CDH III HOLDINGS COMPANY LIMITED","",
1027568,43594,"CDH CHINA GROWTH CAPITAL HOLDINGS INVESTORS COMPANY LIMITED","",
1027568,175289,"CDH WEALTH MANAGEMENT COMPANY LIMITED","",
1027031,178417,"SIENA CARNICO CAPITAL LLC","",175396
1037511,66139,"HSBC MANAGEMENT (GUERNSEY) LIMITED","",
1037511,66138,"HSBC MANAGEMENT (GUERNSEY) LIMITED","",
1029407,23032,"HPEF CAPITAL PARTNERS (SINGAPORE) PTE. LTD.","",
1029407,23030,"HPEF CAPITAL PARTNERS (SINGAPORE) PTE. LTD.","",
1017618,65805,"TUDOR INVESTMENT CORPORATION","801-73474",159792
1017618,65827,"H2O AM","801-78613",169065
1029403,175106,"SNOW LAKE CAPITAL (HK) LIMITED","802-75574",161823
1029403,23675,"SNOW LAKE CAPITAL (HK) LIMITED","802-75574",161823
1029408,23050,"HPEF CAPITAL PARTNERS (MAURITIUS) LIMITED","",
1038394,40058,"MITTLEMAN INVESTMENT MANAGEMENT, LLC","801-65027",138338
1038394,40058,"J.P. MORGAN ASSET MANAGEMENT","801-21011",107038
1038394,40058,"ZPR INVESTMENT MANAGEMENT INC","801-66411",105587
1038397,40058,"MITTLEMAN INVESTMENT MANAGEMENT, LLC","801-65027",138338
1038397,40058,"J.P. MORGAN ASSET MANAGEMENT","801-21011",107038
1038397,40058,"ZPR INVESTMENT MANAGEMENT INC","801-66411",105587
1026599,171323,"DMS OMS","802-106788",173927
1026599,171371,"DMS OMS","802-106788",173927
1026599,171337,"DMS OMS","802-106788",173927
1026599,171315,"KESTREL PARTNERS OR KESTREL INVESTMENT PARTNERS","801-99337",226573
1026599,171339,"DMS OMS","802-106788",173927
1026599,171153,"DMS OMS","802-106788",173927
1035547,166169,"JAPAN IRELAND INVESTMENT PARTNERS-S, LTD","",
1035547,166168,"JAPAN IRELAND INVESTMENT PARTNERS, LTD.","",
1035547,166167,"AP CAYMAN PARTNERS II-S GENERAL PARTNER, L.P.","",
1035547,166166,"AP CAYMAN PARTNERS II GENERAL PARTNER, L.P.","",
1035547,166165,"CAYMAN CAPITAL MANAGEMENT, L.P.","",
1042510,69655,"OCP ASIA (HONG KONG) LIMITED","",
1042510,69655,"OCP ASIA (SINGAPORE) PTE LIMITED","",
1042510,58578,"OCP ASIA (HONG KONG) LIMITED","",
1042510,58578,"OCP ASIA (SINGAPORE) PTE LIMITED","",
1042510,18608,"OCP ASIA (HONG KONG) LIMITED","",
1042510,18625,"OCP ASIA (SINGAPORE) PTE LIMITED","",
1042510,18625,"OCP ASIA (HONG KONG) LIMITED","",
1042510,18608,"OCP ASIA (SINGAPORE) PTE LIMITED","",
1042511,166598,"ANCHOR EQUITY PARTNERS (ASIA) LIMITED","",
1042511,166598,"ANCHOR EQUITY PARTNERS KOREA LIMITED","",
1040178,43707,"ABRAAJ CAPITAL LIMITED","",
1040178,43708,"ABRAAJ CAPITAL LIMITED","",
1033466,30507,"CAPITAL INTERNATIONAL, INC.","801-32104",110682
1039200,64763,"PEDDER STREET ASIA LIMITED","802-78114",167430
1041150,65791,"BARINGS LLC","801-241",106006
1041150,65790,"BARINGS LLC","801-241",106006
1041150,65789,"BARINGS LLC","801-241",106006
1039263,65805,"TUDOR INVESTMENT CORPORATION","801-73474",159792
1039263,65827,"H2O AM","801-78613",169065
1041420,169685,"TEMBO CAPITAL MINING FUND GP LP","",
1041420,169684,"TEMBO CAPITAL MINING GP LP","",
1040919,64490,"WINTON CAPITAL MANAGEMENT LTD.","801-73223",130566
1040919,64505,"WINTON CAPITAL MANAGEMENT LTD.","801-73223",130566
1040919,64504,"WINTON CAPITAL MANAGEMENT LTD.","801-73223",130566
1040919,64503,"WINTON CAPITAL MANAGEMENT LTD.","801-73223",130566
1041136,28572,"BARINGS LLC","801-241",106006
1041613,57976,"RAIM LIMITED","",
1042302,58109,"RAIM LIMITED","",
1042758,167203,"TRAFALGAR CAPITAL MANAGEMENT (UK) LLP","",163596
1042758,167203,"TRAFALGAR COPLEY LIMITED","",163627
1042758,40113,"TRAFALGAR CAPITAL MANAGEMENT (UK) LLP","",163596
1042758,40209,"TRAFALGAR CAPITAL MANAGEMENT (UK) LLP","",163596
1042758,40113,"TRAFALGAR COPLEY LIMITED","",163627
1041161,169685,"TEMBO CAPITAL MINING FUND GP LP","",
1041161,169684,"TEMBO CAPITAL MINING GP LP","",
1042741,46917,"ANCHOR EQUITY PARTNERS KOREA LIMITED","",
1042741,46917,"ANCHOR EQUITY PARTNERS (ASIA) LIMITED","",
1043094,69322,"SIGMA ASSET MANAGEMENT (GUERNSEY) LIMITED","801-77914",167291
1043094,60526,"R2 CAPITAL LIMITED","",
1043094,60518,"SIGMA ASSET MANAGEMENT (GUERNSEY) LIMITED","801-77914",167291
1043094,60511,"SIGMA ASSET MANAGEMENT (GUERNSEY) LIMITED","801-77914",167291
1043094,60506,"KERRISDALE ADVISERS, LLC","801-73986",160804
1043094,69305,"CRYDER CAPITAL PARTNERS LLP","",
1043094,60503,"MASTERS CAPITAL MANAGEMENT, L.L.C.","801-65894",137605
1043094,60500,"EIFFEL INVESTMENT GROUP SAS","",
1043094,60517,"NEW GENERATION ADVISORS, LLC","801-33044",109776
1043094,51221,"QUANTITATIVE INVESTMENT MANAGEMENT, LLC","801-72583",156869
1043094,69289,"AAG CAPITAL MARKETS LLC","801-79002",168456
1043094,60534,"STATS INVESTMENT MANAGEMENT CO., LTD.","",
1043094,174019,"STEAMBOAT CAPITAL PARTNERS, LLC","802-80437",173141
1043094,174279,"REVOLUTION CAPITAL MANAGEMENT LLC","801-79678",170957
1043094,174310,"PANAGORA ASSET MANAGEMENT INC","801-35497",105201
1043094,173845,"APPLETREE CAPITAL LIMITED","",
1043094,174265,"PVE CAPITAL LLC","",
1043094,174012,"SIGMA ASSET MANAGEMENT (GUERNSEY) LIMITED","801-77914",167291
1043094,174189,"BLUE DIAMOND ASSET MANAGEMENT CAYMAN LIMITED","",
1043094,174154,"SUNRISE EVOLUTION","",
1043094,69711,"FLOWPOINT CAPITAL PARTNERS LP","",
1036812,35256,"MARSHALL WACE NORTH AMERICA L.P.","801-70586",135902
1036812,35256,"MARSHALL WACE ASIA LIMITED","801-72327",157501
1025019,179750,"LAURIUM CAPITAL PTY LTD","",
1025019,179753,"LAURIUM CAPITAL PTY LTD","",
1041447,69322,"SIGMA ASSET MANAGEMENT (GUERNSEY) LIMITED","801-77914",167291
1041447,60526,"R2 CAPITAL LIMITED","",
1041447,60518,"SIGMA ASSET MANAGEMENT (GUERNSEY) LIMITED","801-77914",167291
1041447,60511,"SIGMA ASSET MANAGEMENT (GUERNSEY) LIMITED","801-77914",167291
1041447,60506,"KERRISDALE ADVISERS, LLC","801-73986",160804
1041447,69305,"CRYDER CAPITAL PARTNERS LLP","",
1041447,60503,"MASTERS CAPITAL MANAGEMENT, L.L.C.","801-65894",137605
1041447,60500,"EIFFEL INVESTMENT GROUP SAS","",
1041447,60517,"NEW GENERATION ADVISORS, LLC","801-33044",109776
1041447,51221,"QUANTITATIVE INVESTMENT MANAGEMENT, LLC","801-72583",156869
1041447,69289,"AAG CAPITAL MARKETS LLC","801-79002",168456
1041447,60534,"STATS INVESTMENT MANAGEMENT CO., LTD.","",
1041447,174019,"STEAMBOAT CAPITAL PARTNERS, LLC","802-80437",173141
1041447,174279,"REVOLUTION CAPITAL MANAGEMENT LLC","801-79678",170957
1041447,174310,"PANAGORA ASSET MANAGEMENT INC","801-35497",105201
1041447,173845,"APPLETREE CAPITAL LIMITED","",
1041447,174265,"PVE CAPITAL LLC","",
1041447,174012,"SIGMA ASSET MANAGEMENT (GUERNSEY) LIMITED","801-77914",167291
1041447,174189,"BLUE DIAMOND ASSET MANAGEMENT CAYMAN LIMITED","",
1041447,174154,"SUNRISE EVOLUTION","",
1041447,69711,"FLOWPOINT CAPITAL PARTNERS LP","",
1041451,28572,"BARINGS LLC","801-241",106006
