"FilingID","Website"
1020053,"HTTP://WWW.RIVERROCK.EU"
1027144,"HTTPS://GEORGIANPARTNERS.COM/"
1025283,"HTTP://WWW.TELEIOSCAPITAL.COM"
1027107,"HTTP://WWW.PARCOMCAPITAL.COM/"
1032827,"HTTP://WWW.NDIMEDICAL.COM"
1027549,"HTTP://WWW.GALENA-INVEST.COM"
1031254,"HTTP://WWW.BARINGS.COM"
1025377,"HTTP://WWW.PAGFLP.COM"
1025540,"HTTP://WWW.UOBAIP.COM/"
1027385,"HTTP://WWW.VISIONCAPITAL.COM"
1026975,"HTTP://WWW.MCKINLEYCP.COM"
1029196,"HTTP://WWW.MELKONIANCAPITAL.COM"
1031200,"HTTP://WWW.SCIENSAM.COM"
1023548,"HTTPS://WWW.BABSONCAPITAL.COM/"
1030048,"HTTP://WWW.SALIXVENTURES.COM"
1032714,"HTTPS://WWW.ATLAS-SQUARE.COM"
1032649,"HTTP://WWW.CHAMPEQUITY.COM.AU"
1028591,"HTTP://WWW.ENDLESSLLP.COM"
1034752,"HTTP://WWW.SMNPE.COM"
1034752,"HTTP://WWW.SMNCAPITAL.COM"
1035021,"HTTP://WWW.ABERDEEN-ASSET.COM"
1035083,"HTTPS://WWW.ROUNDSHIELDLLP.COM"
1034138,"HTTP://WWW.TRITON-PARTNERS.COM"
1022666,"HTTP://WWW.JUNIPERFUNDS.COM"
1025543,"HTTPS://WWW.ADVANCEGLOBALCAP.COM"
1030259,"HTTP://WWW.KINGSWAYCAP.COM"
1030399,"HTTP://WWW.SOLAISECAPITAL.COM"
1028597,"HTTP://WWW.INTEGRATEDMACRO.COM"
1028325,"HTTP://WWW.LOTUS-INNOVATIONS.COM"
1029926,"HTTP://WWW.DFE-PARTNERS.COM"
1032402,"HTTP://WWW.MEDICXIVENTURES.COM"
1033567,"HTTP://WWW.DEUTSCHEAM.COM"
1034191,"HTTP://WWW.MEDICXIVENTURES.COM"
1031412,"HTTP://WWW.FOLIUMCAPITAL.COM"
1028898,"HTTP://WWW.LYXOR.COM/"
1028898,"HTTP://WWW.MYLYXORMAP.COM/"
1032321,"HTTP://WWW.CLESSIDRASGR.IT"
1032319,"HTTP://WWW.ORCHARDVIEWCAPITAL.COM"
1028106,"HTTP://WWW.IDFC.COM/PRIVATE_EQUITY/INDEX.HTM"
1025609,"HTTP://WWW.H2EP.COM"
1019419,"HTTP://WWW.CAVUVENTURES.COM/"
1029865,"HTTP://WWW.CAPULAGLOBAL.COM/"
1027548,"HTTP://WWW.GALENA-INVEST.COM"
1026255,"HTTP://WWW.TOKIOMARINEAM.CO.JP/"
1028703,"HTTP://WWW.EYESTREETDEVELOPMENT.COM"
1027183,"HTTP://WWW.ALPHAEDISON.COM/"
1022042,"HTTP://WWW.PRAXCAPITAL.COM"
1029408,"HTTP://WWW.HPEF.COM"
1027904,"HTTP://WWW.IDALIONCAPITAL.COM"
1025415,"HTTP://WWW.CINVEN.COM"
1027079,"HTTP://TEMCAN.COM/"
1009414,"HTTP://WWW.INFRASTRUCTURECAPITAL.COM.AU/"
1030412,"HTTP://WWW.CINVEN.COM"
1029413,"HTTPS://WWW.ATLAS-SQUARE.COM"
1028921,"HTTP://WWW.ZORA.VC/"
1031414,"HTTP://WWW.INFRASTRUCTURECAPITAL.COM.AU/"
1033278,"HTTP://WWW.BARINGS.COM"
1023407,"HTTP://WWW.BRAEMARENERGY.COM"
1022946,"HTTP://WWW.SNOW.VENTURES"
1030603,"HTTP://WWW.MUDDYWATERSRESEARCH.COM"
1030603,"HTTP://WWW.MUDDYWATERSCAPITAL.COM (UNDER CONSTRUCTION)"
1010018,"HTTP://WWW.VALUEQUESTCAPITAL.COM/"
1030458,"HTTPS://BROOKBAYCAPITAL.COM"
1027827,"HTTP://WWW.CAYGAN.COM"
1019995,"HTTP://SPRINGLAKEASSETMANAGEMENT.COM"
1030063,"HTTP://WWW.CHRYSALIX.COM"
1031416,"HTTP://WWW.HERMES-INVESTMENT.COM"
1028512,"HTTP://WWW.MAN.COM"
1031304,"HTTP://SERVICEPROVIDERCAPITAL.COM"
1031859,"HTTP://ASTRA-AMCO.COM"
1020638,"HTTP://WWW.EAM.BM"
1034335,"HTTP://WWW.DORICAPITAL.COM"
1024907,"HTTP://WWW.SWIGELCAPITALMANAGEMENT.COM"
1027916,"HTTP://WWW.ACT.IS"
1029803,"HTTP://WWW.BARINGS.COM"
1027660,"HTTP://WWW.CBREGLOBALINVESTORS.COM"
1024396,"HTTP://WWW.EVERETTCAP.COM/"
1023315,"HTTP://NORTHEDGECAPITAL.COM/"
1032620,"HTTP://GENERALCATALYST.COM"
1033350,"HTTP://WWW.PINEBRIDGE.COM.HK/"
1029276,"HTTP://WWW.OWNERSHIPCAPITAL.COM"
1033590,"HTTP://CHENAVARI.COM"
1027820,"HTTP://WWW.ABERDEEN-ASSET.COM"
1030509,"HTTP://WWW.THEWHITEOAKGROUP.COM"
1030226,"HTTP://WWW.EYESTREETDEVELOPMENT.COM"
1022648,"HTTP://WWW.VANGUARD.CO.UK"
1025788,"HTTP://WWW.ADMCAP.COM"
1028770,"HTTPS://WWW.ORANGEWOODPARTNERS.COM"
1033529,"HTTP://WWW.SANSARCAPITAL.COM"
1032866,"HTTP://WWW.FOLIUMCAPITAL.COM"
1033848,"HTTP://WWW.MEDICXIVENTURES.COM"
1033944,"HTTP://GRANITEVC.NET"
1033944,"HTTP://GRANITEVENTURES.ORG"
1033944,"HTTP://GRANITEVENTURES.NET"
1033944,"HTTP://GRANITEVC.ORG"
1033944,"HTTP://GRANITEVP.COM"
1033944,"HTTP://GRANITEVP.NET"
1033944,"HTTP://HQVA.COM"
1033944,"HTTP://GRANITEVENTURES.COM"
1033944,"HTTP://GRANITEVC.COM"
1033944,"HTTP://GRANITEVP.ORG"
1032386,"HTTP://WWW.LCAPITALASIA.COM"
1034462,"HTTP://WWW.CROSSOVERHCFUND.COM"
1032860,"HTTP://WWW.ABACCAPITAL.COM"
1035260,"HTTP://WWW.ANTERRACAPITAL.COM/"
1028103,"HTTP://WWW.LNGCAPITAL.COM"
1032452,"HTTP://WWW.ASTORIACAP.COM"
1029406,"HTTP://WWW.RCMA-ASSET.COM"
1026042,"HTTP://WWW.LIONTRUST.CO.UK"
1030467,"HTTP://WWW.INFLEXION.COM"
1018088,"HTTP://WWW.LIVEOAKRP.COM/"
1018088,"HTTP://WWW.LIVEOAKROYALTIES.COM"
1032929,"HTTP://CHENAVARI.COM"
1029376,"HTTP://WWW.LEADERVENTURES.COM"
1027982,"HTTP://WWW.ACT.IS"
1032329,"HTTP://WWW.WESTMOUNTAINLLC.COM"
1025938,"HTTPS://WWW.THEMARKETX.COM"
1035017,"HTTPS://WWW.LGIRESEARCH.COM"
1035456,"HTTP://WWW.CROSSOVERHCFUND.COM"
1030455,"HTTP://WWW.CINCYTECHUSA.COM"
1034996,"HTTP://WWW.VENROCK.COM"
1027833,"HTTP://WWW.ASTRACAPITALMGMT.COM"
1028594,"HTTP://WWW.INTEGRATEDMACRO.COM"
1033181,"HTTP://WWW.LOREMIPSUMPARTNERS.COM"
1030711,"HTTP://WWW.FIFTHWALL.VC"
1012077,"HTTP://AMIYACAPITAL.COM"
1031475,"HTTP://WWW.ANTERRACAPITAL.COM/"
1031950,"HTTP://WWW.PM-PARTNERS.IT"
1030449,"HTTP://WWW.CRECIENTE-PARTNERS.COM/"
1030382,"HTTP://SERVICEPROVIDERCAPITAL.COM"
1035086,"HTTP://WWW.GBFUND.ORG/"
1019743,"HTTP://WWW.FIFTHWALL.VC"
1029262,"HTTP://WWW.KLINEHILL.COM/"
1028878,"HTTP://WWW.BOWSTREETLLC.COM/"
1029909,"HTTP://WWW.ATHENIANVP.COM/"
1034802,"HTTP://WWW.ALTAPARKCAPITAL.COM"
1035549,"HTTP://WWW.ABERDEEN-ASSET.COM"
1027568,"HTTP://WWW.CDHFUND.COM/EN/PRIVATE_EQUITY/INDEX.HTML"
1032122,"HTTPS://WWW.ADVANCEGLOBALCAP.COM"
1026664,"HTTP://WWW.SOFTBANKVC.COM"
1030984,"HTTP://WWW.BERMONT.COM"
1025249,"HTTP://WWW.DOLPHINCAPITALGROUP.COM"
1034702,"HTTP://WWW.NEXTGENGP.COM/"
1028117,"HTTP://JERICACAPITAL.COM"
1027974,"HTTP://WWW.EYESTREETDEVELOPMENT.COM"
1028857,"HTTP://WWW.CLSVC.COM"
1027031,"HTTP://GORDIAN-CAPITAL.COM"
1028887,"HTTP://WWW.RCMA-ASSET.COM"
1028907,"HTTP://WWW.LYXOR.COM/"
1028907,"HTTP://WWW.MYLYXORMAP.COM/"
1029407,"HTTP://WWW.HPEF.COM"
1019876,"HTTP://WWW.TRISHIELDCAPITAL.COM"
1030609,"HTTP://WWW.THEWHITEOAKGROUP.COM"
1030363,"HTTP://WWW.RANCH.VC/"
1020222,"HTTP://WWW.HINDECAPITAL.COM"
1031035,"HTTP://WWW.LONGTAILALPHA.COM"
1016605,"HTTP://WWW.SOCIALCAPITAL.COM"
1031879,"HTTP://WWW.PROMERITUMGROUP.COM"
1033986,"HTTP://WWW.SUNDERLANDCAPITAL.COM"
1011556,"HTTP://WWW.COMGEST.COM"
1029171,"HTTP://PTQCAP.COM/"
1027552,"HTTP://WWW.REALESTATEALTERNATIVES.COM"
1026599,"HTTP://WWW.HILLTOP.CO.UK"
1030190,"HTTP://WWW.ASHBURTONINVESTMENTS.COM"
1028812,"HTTP://WWW.BAINCAPITAL.CO.UK"
1029409,"HTTP://WWW.HPEF.COM"
1029644,"HTTP://WWW.RAREINFRASTRUCTURE.COM"
1036502,"HTTP://WWW.HPEF.COM"
1041993,"HTTP://WWW.BARINGS.COM"
1035547,"HTTP://WWW.ADVANTAGEPARTNERS.COM/EN/INDEX.HTML"
1042510,"HTTPS://WWW.OCPASIA.COM"
1042511,"HTTP://WWW.ANCHORPE.COM"
1039938,"HTTP://WWW.PACROAD.COM.AU"
1041805,"HTTP://BLOG.TRIDENTCAP.COM"
1041805,"HTTP://WWW.TRIDENTCAP.COM"
1041805,"HTTP://WWW.TRIDENTCAPITAL.COM"
1040986,"HTTP://WWW.THECOLUMNGROUP.COM"
1036397,"HTTP://WWW.TEMPEREDINVESTMENT.CA"
1042060,"HTTP://WWW.LONGTAILALPHA.COM"
1040178,"HTTP://WWW.ABRAAJ.COM"
1038131,"HTTP://WWW.MARKEL-EAGLE.COM"
1040445,"HTTP://WWW.VERDANECAPITAL.COM"
1030232,"HTTP://WWW.COMGEST.COM"
1038397,"HTTP://YORKMANAGEMENT.COM"
1034619,"HTTP://WWW.STONEPINECAP.COM"
1043181,"HTTP://WWW.BORONIACAPITAL.COM.AU"
1041815,"HTTP://BLOG.TRIDENTCAP.COM"
1041815,"HTTP://WWW.TRIDENTCAP.COM"
1041815,"HTTP://WWW.TRIDENTCAPITAL.COM"
1038552,"HTTP://WWW.BAINCAPITAL.CO.UK"
1039991,"HTTP://WWW.TRIBECAIP.COM.AU"
1027721,"HTTP://WWW.QUANTZCAP.COM"
1027721,"HTTP://WWW.QUANTZCAPITAL.COM"
1042447,"HTTP://WWW.LGEFUND.COM"
1032572,"HTTPS://WWW.ABACSOLUTIONS.LU"
1033538,"HTTPS://WWW.INFRASHARES.COM"
1041410,"HTTP://WWW.1STPARTNERS.COM"
1040892,"HTTP://WWW.MIRABELLA.CO.UK"
1033466,"HTTPS://WWW.THECAPITALGROUP.COM"
1036325,"HTTP://WWW.CATCAPITAL.COM"
1041839,"HTTP://WWW.ETHOS.CO.ZA"
1036410,"HTTP://WWW.PERMIRA.COM"
1038912,"HTTP://WWW.OTSCAPITAL.COM"
1040442,"HTTP://WWW.MONTPELIER.COM"
1039966,"HTTP://WWW.METAGE.COM"
1043326,"HTTPS://WWW.EQUATORCAP.NET"
1037640,"HTTP://WWW.SANTEVENTURES.COM"
1037280,"HTTP://WWW.CKCCAPITAL.COM"
1040784,"HTTP://WWW.OBVIOUS.COM"
1040804,"HTTP://WWW.KLINEHILL.COM/"
1040533,"HTTP://WWW.LONGTAILALPHA.COM"
1034677,"HTTP://WWW.QIC.COM"
1039267,"HTTP://WWW.WYETREEAM.COM"
1036607,"HTTP://EESVENTURES.COM"
1038370,"HTTP://WWW.ISELECTFUND.COM"
1041814,"HTTP://WWW.SUNSTONEPARTNERS.COM"
1041420,"HTTP://WWW.TEMBOCAPITAL.COM"
1041573,"HTTP://WWW.HOVDECAPITAL.COM"
1035796,"HTTPS://WWW.LGIRESEARCH.COM"
1029910,"HTTP://WWW.GLASSWING.VC"
1030837,"HTTP://CYWPFUND.COM/"
1040674,"HTTP://WWW.OTSCAPITAL.COM"
1040919,"HTTPS://WWW.WINTONCAPITAL.COM"
1041316,"HTTP://WWW.MAN.COM"
1038017,"HTTP://BCPARTNERS.COM"
1041371,"HTTP://WWW.REGALFM.COM"
1032238,"HTTP://WWW.INVESTECASSETMANAGEMENT.COM"
1037430,"HTTP://WWW.VINTAGE-IP.COM"
1041136,"HTTPS://WWW.BARINGS.COM/"
1040182,"HTTP://WWW.WESTRAYCAPITAL.COM"
1041806,"HTTP://WWW.TRIDENTCYBERSECURITY.COM"
1042204,"HTTP://WWW.CAYUGAVENTURES.COM/"
1042204,"HTTP://WWW.CAYUGAVENTUREFUND.COM/"
1042204,"HTTP://WWW.CVF.BIZ/"
1041613,"HTTP://WWW.ARCAPITA.COM/"
1042302,"HTTP://WWW.ARCAPITA.COM/"
1043086,"HTTP://WWW.CVASSETMANAGEMENT.COM"
1039444,"HTTP://WWW.APPIANCAPITALADVISORY.COM"
1041361,"HTTP://WWW.CRESCENTCAP.COM.AU/"
1038065,"HTTP://WWW.SEP.CO.UK"
1038309,"HTTP://WWW.CINVEN.COM"
1033170,"HTTP://WWW.FRANKLINTEMPLETON.LU/"
1033170,"HTTPS://WWW.FRANKLINTEMPLETON.COM/"
1030377,"HTTPS://WWW.36ONE.CO.ZA/"
1025908,"HTTP://ACUMEN.ORG"
1041609,"HTTP://WWW.ABERDEEN-ASSET.COM"
1041802,"HTTP://WWW.SUNSTONEPARTNERS.COM"
1028811,"HTTP://WWW.OPCAPITA.COM"
1035939,"HTTPS://WWW.THEMARKETX.COM"
1039884,"HTTP://WWW.BARCACAPITAL.COM"
1036479,"HTTP://WWW.THEARDENTCOMPANIES.COM/"
1038170,"HTTP://WWW.LSVP.COM"
1028097,"HTTP://WWW.IDALIONCAPITAL.COM"
1040426,"HTTP://WWW.THEOREMLP.COM"
1041636,"HTTP://WWW.SILVARISCAPITAL.COM"
1034934,"HTTP://WWW.KEARNYVP.COM"
1032903,"HTTP://CYWPFUND.COM/"
1040214,"HTTP://WWW.ADVENTMORRO.COM"
1043185,"HTTP://WWW.BORONIACAPITAL.COM.AU"
1032700,"HTTP://WWW.TAURUSFUNDS.COM.AU"
1036777,"HTTP://WWW.ABERDEEN-ASSET.COM"
1037974,"HTTP://WWW.WYETREEAM.COM"
1037951,"HTTP://WWW.OLDPEAKGROUP.COM/"
1038520,"HTTP://WWW.PALISADEPARTNERS.COM.AU/"
1041830,"HTTP://WWW.PHOENIX-EQUITY.COM"
1042986,"HTTP://WWW.GROSVENOR.COM"
1036113,"HTTP://EESVENTURES.COM"
1028592,"HTTPS://WWW.LEADENHALLCP.COM/"
1034903,"HTTP://WWW.SCPINVESTMENT.COM/"
1033031,"HTTP://WWW.SYNERGYALTCAP.COM"
1042758,"HTTP://WWW.TRAFALGARCAPITAL.COM"
1034847,"HTTP://WWW.DANHUACAP.COM"
1041161,"HTTP://WWW.TEMBOCAPITAL.COM"
1042466,"HTTP://BCPARTNERS.COM"
1035554,"HTTP://CF-PARTNERS.COM"
1042752,"HTTP://WWW.LLOYDSBANK.COM"
1042752,"HTTP://WWW.LLOYDSBANKCOMMERCIAL.COM/"
1035709,"HTTP://WWW.OMAHABEACHCAPITAL.COM"
1036440,"HTTP://WWW.EAGLEMERCHANTPARTNERS.COM/"
1038779,"HTTP://WWW.HEADWAYCAP.COM"
1033137,"HTTP://WWW.SIMMONSPJC.COM"
1040947,"HTTP://WWW.MEDSCIENCEVENTURES.COM"
1039680,"HTTP://WWW.JMFL.COM"
1038244,"HTTPS://SOSV.COM/"
1039410,"HTTP://WWW.ALTASPARTNERS.COM"
1042679,"HTTP://WWW.ALCHEMYPARTNERS.COM"
1042685,"HTTP://WWW.ALCHEMYPARTNERS.COM"
1039720,"HTTP://WWW.NORTHBRIDGE.COM/"
1040296,"HTTP://ASCENSIONVENTURES.ORG"
1042423,"HTTP://WWW.AMADVISORSMX.COM/"
1043101,"HTTP://WWW.SCIENSAM.COM"
1036337,"HTTP://WWW.DOMINIONFS.COM"
1041194,"HTTP://WWW.HOVDECAPITAL.COM"
1041827,"HTTP://WWW.EMRCAPITAL.COM"
1039447,"HTTPS://WWW.DOWLINGCAPITALPARTNERS.COM"
1042741,"HTTP://WWW.ANCHORPE.COM"
1038929,"HTTP://ROCP.COM/"
1042954,"HTTP://WWW.QUADRANTPE.COM.AU"
1043094,"HTTP://WWW.SCIENSAM.COM"
1032662,"HTTP://WWW.COMPLUSAM.COM"
1040385,"HTTP://WWW.MUDDYWATERSRESEARCH.COM"
1040385,"HTTP://WWW.MUDDYWATERSCAPITAL.COM (UNDER CONSTRUCTION)"
1039660,"HTTP://WWW.ARCHERCAPITAL.COM.AU"
1035791,"HTTP://WWW.ADVENTMORRO.COM"
1036495,"HTTP://WWW.NEWFORESTS.COM.AU"
1036495,"HTTP://WWW.FORESTCARBONPARTNERS.COM"
1038715,"HTTP://WWW.BLUESKYFUNDS.COM.AU"
1043200,"HTTP://WWW.VERDANECAPITAL.COM"
1036335,"HTTP://WWW.MEDSCIENCEVENTURES.COM"
1042483,"HTTP://WWW.ACCEL.COM"
1024279,"HTTP://WWW.SANTECAPITAL.COM"
1028844,"HTTP://WWW.JPMAM.COM.BR"
1024398,"HTTPS://WWW.DECATHLONCAPITAL.COM"
1030091,"HTTP://WWW.SANDGROVECAPITAL.COM/"
1039523,"HTTPS://WWW.DOWLINGCAPITALPARTNERS.COM"
1040835,"HTTP://WWW.WESTFACECAPITAL.COM"
1042051,"HTTP://WWW.MARTOCAPITAL.COM"
1042838,"HTTP://WWW.LEAFCAPITALMANAGEMENT.COM"
1031009,"HTTP://WWW.FLAGSHIPVENTURES.COM"
1031009,"HTTP://WWW.AGTCFUNDS.COM"
1036812,"HTTP://WWW.MWAM.COM"
1042777,"HTTP://WWW.CHRYSALISVENTURES.COM"
1031271,"HTTP://AQUACAPITAL.NET/"
1036511,"HTTP://WWW.AZINI.COM"
1024369,"HTTP://LCMPARTNERS.EU/"
1036093,"HTTP://WWW.MIRAFUNDS.COM/"
1036719,"HTTP://WWW.SPIFUNDS.COM"
1038933,"HTTP://CF-PARTNERS.COM"
1040549,"HTTP://WWW.MBOPARTENAIRES.COM/"
1038968,"HTTP://WWW.SEMILLEROVENTURES.COM/"
1031207,"HTTP://WWW.GLOBISCAPITAL.CO.JP/EN/INDEX.HTML"
1036851,"HTTP://WWW.GSVACCELERATION.COM"
1035102,"HTTP://WWW.PROFOUNDERSCAPITAL.COM"
1034987,"HTTP://WWW.GSVACCELERATION.COM"
1036649,"HTTP://WWW.KINTAILCAPITAL.COM"
1038394,"HTTP://YORKMANAGEMENT.COM"
1036512,"HTTP://WWW.NORTHCROSSCAPITAL.COM"
1040434,"HTTP://WWW.THEGROWTHFUND.COM.AU"
1036497,"HTTP://WWW.HPEF.COM"
1033747,"HTTP://WWW.PETROCAPITALFUNDS.COM"
1036648,"HTTP://WWW.BIOMATICSCAPITAL.COM"
1037367,"HTTP://WWW.VENTURE-SCIENCE.COM/"
1039074,"HTTP://WWW.LONGTAILALPHA.COM"
1038713,"HTTPS://WWW.ANGELMD.CO/"
1035011,"HTTP://WWW.SEQUELHOLDINGS.COM"
1025019,"HTTP://WWW.LAURIUMCAPITAL.COM"
1036508,"HTTP://WWW.EMERALD-VENTURES.COM/"
1031850,"HTTP://IBISCP.COM"
1041447,"HTTP://WWW.SCIENSAM.COM"
1041451,"HTTPS://WWW.BARINGS.COM/"
1039601,"HTTP://WWW.ANCHORAGECAPITAL.COM.AU"
1041741,"HTTP://ONELIBERTY.COM"
1032696,"HTTPS://WWW.ENACAPITAL.COM/"
1037511,"HTTP://WWW.HSBCPRIVATEBANK.COM/INVEST/ALTERNATIVE-INVESTMENTS"
1038098,"HTTP://WWW.ISELECTFUND.COM"
1031125,"HTTP://WWW.MSTCAPITAL.COM/"
1022039,"HTTP://QATOCAPITAL.COM/"
1026219,"HTTP://WWW.OLDPEAKGROUP.COM/"
1035501,"HTTP://WWW.ARROWHEADMGT.COM"
1038316,"HTTP://CAPSTONETRADE.COM/"
1027816,"HTTP://WWW.AXIOMASIA.COM"
