"FilingID","ReferenceID","SubreferenceID","Related Person","Name of Marketer","SEC Number","CRD Number","City","State","Country","Websites"
1038085,64534,32927,"N","PARK HILL GROUP LLC","8-66958",135898,"NEW YORK","New York","United States","N"
1038085,64533,32926,"N","PARK HILL GROUP LLC","8-66958",135898,"NEW YORK","New York","United States","N"
1038085,64532,32925,"N","PARK HILL GROUP LLC","8-66958",135898,"NEW YORK","New York","United States","N"
1038085,64531,32924,"N","PARK HILL GROUP LLC","8-66958",135898,"NEW YORK","New York","United States","N"
1038085,33376,16967,"N","MONUMENT GROUP, INC.","8-47248",36399,"BOSTON","Massachusetts","United States","N"
1038085,33367,16966,"N","MONUMENT GROUP, INC.","8-47248",36399,"BOSTON","Massachusetts","United States","N"
1038085,33363,16964,"N","MONUMENT GROUP, INC.","8-47248",36399,"BOSTON","Massachusetts","United States","N"
1038085,33342,16952,"N","MONUMENT GROUP, INC.","8-47248",36399,"BOSTON","Massachusetts","United States","N"
1038085,64529,32923,"N","PARK HILL GROUP LLC","8-66958",135898,"NEW YORK","New York","United States","N"
1038085,33352,16960,"N","MONUMENT GROUP, INC.","8-47248",36399,"BOSTON","Massachusetts","United States","N"
1038085,33349,16959,"N","MONUMENT GROUP, INC.","8-47248",36399,"BOSTON","Massachusetts","United States","N"
1038085,30333,15508,"N","MONUMENT GROUP, INC.","8-47248",36399,"BOSTON","Massachusetts","United States","N"
1038434,179431,69265,"N","BLUE SAND SECURITIES LLC","8-67514",142976,"SCOTTSDALE","Arizona","United States","N"
1038434,179431,69055,"N","WELLS FARGO PRIME SERVICES, LLC","8-66677",133068,"NEW YORK","New York","United States","N"
1049479,179431,69055,"N","WELLS FARGO PRIME SERVICES, LLC","8-66677",133068,"NEW YORK","New York","United States","N"
1049479,179431,69265,"N","BLUE SAND SECURITIES LLC","8-67514",142976,"SCOTTSDALE","Arizona","United States","N"
1050159,65810,33563,"N","JMP SECURITIES LLC","8-39613",22208,"SAN FRANCISCO","California","United States","N"
1050159,56376,30451,"N","JMP SECURITIES LLC","8-39613",22208,"SAN FRANCISCO","California","United States","N"
1048311,64503,67541,"N","J.P. MORGAN SECURITIES LLC","801-3702",79,"NEW YORK","New York","United States","N"
1048311,64505,33161,"Y","WINTON CAPITAL US LLC","801-80294",171924,"NEW YORK","New York","United States","Y"
1048311,64505,33160,"Y","WINTON CAPITAL MANAGEMENT LTD.","801-73223",130566,"LONDON","","United Kingdom","Y"
1048311,64504,33159,"Y","WINTON CAPITAL MANAGEMENT LTD.","801-73223",130566,"LONDON","","United Kingdom","Y"
1048311,64504,33158,"Y","WINTON CAPITAL US LLC","801-80294",171924,"NEW YORK","New York","United States","Y"
1048311,64503,33157,"Y","WINTON CAPITAL US LLC","801-80294",171924,"NEW YORK","New York","United States","Y"
1048311,64503,33156,"Y","WINTON CAPITAL MANAGEMENT LTD.","801-73223",130566,"LONDON","","United Kingdom","Y"
1048311,64490,33153,"Y","WINTON CAPITAL US LLC","801-80294",171924,"NEW YORK","New York","United States","Y"
1048311,64490,33150,"Y","WINTON CAPITAL MANAGEMENT LTD.","801-73223",130566,"LONDON","","United Kingdom","Y"
1048311,64505,32911,"N","J.P. MORGAN SECURITIES LLC","801-3702",79,"NEW YORK","New York","United States","N"
1048311,180259,69526,"Y","WINTON CAPITAL MANAGEMENT LTD.","801-73223",130566,"LONDON","","United Kingdom","Y"
1048311,180259,69527,"Y","WINTON CAPITAL US LLC","801-80294",171924,"NEW YORK","New York","United States","Y"
1044225,179671,69222,"N","HEUNGKUK SECURITIES","",,"SEOUL","","Korea, South","N"
1044225,179671,69221,"N","FHG ADVISORY","",,"LONDON","","United Kingdom","N"
1044225,179671,69220,"N","HMC ITAJUBA","",,"GEORGE TOWN","","Cayman Islands","N"
1044225,179670,69219,"N","HEUNGKUK SECURITIES","",,"SEOUL","","Korea, South","N"
1044225,179670,69218,"N","FHG ADVISORY","",,"LONDON","","United Kingdom","N"
1044225,179670,69217,"N","HMC ITAJUBA","",,"GEORGE TOWN","","Cayman Islands","N"
1044225,179669,69215,"N","HEUNGKUK SECURITIES","",,"SEOUL","","Korea, South","N"
1044225,179669,69214,"N","FHG ADVISORY","",,"LONDON","","United Kingdom","N"
1044225,179669,69213,"N","HMC ITAJUBA","",,"GEORGE TOWN","","Cayman Islands","N"
1044225,179375,69037,"N","FHG ADVISORY","",,"LONDON","","United Kingdom","N"
1044225,179344,69006,"N","TRINITY GROUP LIMITED","",,"LONDON","","United Kingdom","N"
1044225,179344,69005,"N","FHG ADVISORY","",,"LONDON","","United Kingdom","N"
1044225,179345,69007,"N","FHG ADVISORY","",,"LONDON","","United Kingdom","N"
1044225,179345,69008,"N","TRINITY GROUP LIMITED","",,"LONDON","","United Kingdom","N"
1044225,179343,69003,"N","FHG ADVISORY","",,"LONDON","","United Kingdom","N"
1044225,179655,69193,"N","FHG ADVISORY","",,"LONDON","","United Kingdom","N"
1044225,179374,69036,"N","TRINITY GROUP LIMITED","",,"LONDON","","United Kingdom","N"
1044225,179374,69035,"N","FHG ADVISORY","",,"LONDON","","United Kingdom","N"
1044225,179342,69001,"N","FHG ADVISORY","",,"LONDON","","United Kingdom","N"
1044225,179343,69004,"N","TRINITY GROUP LIMITED","",,"LONDON","","United Kingdom","N"
1044225,179342,69002,"N","TRINITY GROUP LIMITED","",,"LONDON","","United Kingdom","N"
1044225,179336,69000,"N","TRINITY GROUP LIMITED","",,"LONDON","","United Kingdom","N"
1044225,179336,68999,"N","FHG ADVISORY","",,"LONDON","","United Kingdom","N"
1044225,179668,69212,"N","HEUNGKUK SECURITIES","",,"SEOUL","","Korea, South","N"
1044225,179668,69211,"N","FHG ADVISORY","",,"LONDON","","United Kingdom","N"
1044225,179668,69210,"N","HMC ITAJUBA","",,"GEORGE TOWN","","Cayman Islands","N"
1044225,179665,69205,"N","FHG ADVISORY","",,"LONDON","","United Kingdom","N"
1044225,179665,69204,"N","HMC ITAJUBA","",,"GEORGE TOWN","","Cayman Islands","N"
1044225,179665,69203,"N","HEUNGKUK SECURITIES","",,"SEOUL","","Korea, South","N"
1044225,179664,69202,"N","FHG ADVISORY","",,"LONDON","","United Kingdom","N"
1044225,179664,69201,"N","HMC ITAJUBA","",,"GEORGE TOWN","","Cayman Islands","N"
1044225,179664,69200,"N","HEUNGKUK SECURITIES","",,"SEOUL","","Korea, South","N"
1044225,179663,69199,"N","FHG ADVISORY","",,"LONDON","","United Kingdom","N"
1044225,179663,69197,"N","HMC ITAJUBA","",,"GEORGE TOWN","","Cayman Islands","N"
1044225,179662,69196,"N","FHG ADVISORY","",,"LONDON","","United Kingdom","N"
1044225,179662,69195,"N","HEUNGKUK SECURITIES","",,"SEOUL","","Korea, South","N"
1044225,179662,69194,"N","HMC ITAJUBA","",,"GEORGE TOWN","","Cayman Islands","N"
1044225,179663,69198,"N","HEUNGKUK SECURITIES","",,"SEOUL","","Korea, South","N"
1044225,179373,69034,"N","TRINITY GROUP LIMITED","",,"LONDON","","United Kingdom","N"
1044225,179373,69033,"N","FHG ADVISORY","",,"LONDON","","United Kingdom","N"
1044225,179666,69206,"N","HEUNGKUK SECURITIES","",,"SEOUL","","Korea, South","N"
1044225,179655,69192,"N","HEUNGKUK SECURITIES","",,"SEOUL","","Korea, South","N"
1044225,179372,69032,"N","TRINITY GROUP LIMITED","",,"LONDON","","United Kingdom","N"
1044225,179372,69031,"N","FHG ADVISORY","",,"LONDON","","United Kingdom","N"
1044225,179655,69191,"N","HMC ITAJUBA","",,"GEORGE TOWN","","Cayman Islands","N"
1044225,179666,69208,"N","FHG ADVISORY","",,"LONDON","","United Kingdom","N"
1044225,179666,69207,"N","HMC ITAJUBA","",,"GEORGE TOWN","","Cayman Islands","N"
1044225,179375,69038,"N","TRINITY GROUP LIMITED","",,"LONDON","","United Kingdom","N"
1045861,170088,68684,"N","UBP SA","",,"GENEVA","","Switzerland","N"
1045861,170088,62723,"N","LORETAN CONSULTING AG","",,"ZOLLIKON","","Switzerland","N"
1045861,170088,62722,"N","WISSINK CONSULTING GROUP","",,"PROVIDENCIALES","","Turks and Caicos Islands","N"
1045861,170088,62721,"N","SIMBA CAPITAL GROUP LIMITED","",,"GEORGETOWN","","Cayman Islands","N"
1045861,170088,62725,"N","THIS ADVISORS LLP","",,"LONDON","","United Kingdom","N"
1045861,170025,62720,"N","LORETAN CONSULTING AG","",,"ZOLLIKON","","Switzerland","N"
1045861,170088,62726,"N","AZLA ADVISORS K LTD.","",,"TORTOLA","","British Virgin Islands","N"
1045861,170025,62707,"N","WISSINK CONSULTING GROUP","",,"PROVIDENCIALES","","Turks and Caicos Islands","N"
1045861,170025,62708,"N","SIMBA CAPITAL GROUP LIMITED","",,"GEORGETOWN","","Cayman Islands","N"
1046697,170049,62704,"N","PARK HILL GROUP LLC","8-66958",135898,"NEW YORK","New York","United States","N"
1050051,19978,15716,"N","EUREKA CAPITAL PARTNERS","",,"SINGAPORE","","Singapore","N"
1050051,19964,15710,"N","EUREKA CAPITAL PARTNERS","",,"SINGAPORE","","Singapore","N"
1050051,19964,21461,"N","CHEETAH INVESTMENT MANAGEMENT LIMITED","",161532,"HONG KONG","","China","N"
1050051,67297,34255,"N","CAMPION CAPITAL LIMITED","",,"LONDON","","United Kingdom","N"
1050051,168344,61904,"N","NEW COLLEGE CAPITAL LTD","",,"LONDON","","United Kingdom","N"
1050051,67297,34250,"N","LINCHPIN IFM LIMITED","",,"LONDON","","United Kingdom","N"
1050051,67297,34251,"N","NEW COLLEGE CAPITAL LTD","",,"LONDON","","United Kingdom","N"
1050051,168344,61903,"N","CAMPION CAPITAL","",,"LONDON","","United Kingdom","N"
1045829,179776,69260,"N","QUEST FUND PLACEMENT LLP","",,"LONDON","","United Kingdom","N"
1050622,168722,69539,"N","IVP CAPITAL, LLC","8-52663",104197,"WATER MILL","New York","United States","N"
1050622,168722,69538,"N","GALLATIN CAPITAL LLC","8-65718",124738,"NEW YORK","New York","United States","N"
1042779,179776,69260,"N","QUEST FUND PLACEMENT LLP","",,"LONDON","","United Kingdom","N"
1048278,170363,63047,"Y","CREDIT SUISSE SECURITIES (USA) LLC","801-56264",816,"NY","New Jersey","United States","N"
1042534,177302,68316,"N","PARK HILL GROUP LLC","8-66958",135898,"NEW YORK","New York","United States","N"
1042534,64100,68315,"N","PARK HILL GROUP LLC","8-66958",135898,"NEW YORK","New York","United States","N"
1056226,180999,69604,"N","REDE PARTNERS LLP","",,"LONDON","","United Kingdom","N"
1056226,181006,69605,"N","REDE PARTNERS LLP","",,"LONDON","","United Kingdom","N"
1058663,56376,30451,"N","JMP SECURITIES LLC","8-39613",22208,"SAN FRANCISCO","California","United States","N"
1058663,65810,33563,"N","JMP SECURITIES LLC","8-39613",22208,"SAN FRANCISCO","California","United States","N"
1045026,179997,69324,"Y","HENDERSON REAL ESTATE ASSET MANAGEMENT LIMITED","",,"LONDON","","United Kingdom","Y"
1045026,179997,69328,"Y","TEACHERS PERSONAL INVESTORS SERVICES, INC.","8-47051",36130,"NEW YORK","New York","United States","N"
1045026,180022,69327,"Y","TEACHERS PERSONAL INVESTORS SERVICES, INC.","8-47051",36130,"NEW YORK","New York","United States","N"
1045026,180022,69326,"Y","HENDERSON REAL ESTATE ASSET MANAGEMENT LIMITED","",,"LONDON","","United Kingdom","Y"
1045026,179996,69323,"Y","HENDERSON REAL ESTATE ASSET MANAGEMENT LIMITED","",,"LONDON","","United Kingdom","Y"
1045026,179987,69322,"Y","HENDERSON REAL ESTATE ASSET MANAGEMENT LIMITED","",,"LONDON","","United Kingdom","Y"
1041955,179704,69242,"N","PARK HILL GROUP LLC","8-66958",135898,"LONDON","","United Kingdom","N"
1041955,178212,68489,"N","CITIGROUP GLOBAL MARKETS INC.","801-3387",7059,"LONDON","","United Kingdom","N"
1041955,178212,68490,"N","PARK HILL GROUP LLC","8-66958",135898,"LONDON","","United Kingdom","N"
1041955,178212,69058,"N","CITIGROUP GLOBAL MARKETS INC.","801-3387",7059,"NEW YORK","New York","United States","N"
1026985,55571,27902,"N","PARK HILL GROUP LLC","8-66958",135898,"SAN FRANCISCO","California","United States","N"
1050555,172929,64763,"Y","CREDIT SUISSE SECURITIES (USA) LLC","801-56264",816,"NY","New Jersey","United States","N"
1050555,172814,64689,"Y","CREDIT SUISSE SECURITIES (USA) LLC","801-56264",816,"NY","New Jersey","United States","N"
1052692,57430,61917,"N","FRONTIER SOLUTIONS, LLC","8-66972",136102,"RICHMOND","Virginia","United States","N"
1052692,29461,61915,"N","W CAMPION CAPITAL LLC","8-69453",171277,"RALEIGH","North Carolina","United States","N"
1039751,177412,68116,"N","BCW SECURITIES LLC","8-67685",144930,"WESTPORT","Connecticut","United States","N"
1039751,177412,68117,"N","E.L.K. CAPITAL ADVISORS, LLC","8-66882",134999,"NORTHBROOK","Illinois","United States","N"
1047422,167642,61482,"N","FAP USA, L.P.","8-67758",145860,"NEW YORK","New York","United States","N"
1047422,167642,61481,"N","SCARSDALE EQUITIES LLC","8-66845",134602,"NEW YORK","New York","United States","N"
1047422,167642,61480,"N","GALLATIN CAPITAL LLC","8-65718",124738,"NEW YORK","New York","United States","N"
1047422,167622,61471,"N","FAP USA, L.P.","8-67758",145860,"NEW YORK","New York","United States","N"
1047422,167622,61470,"N","GALLATIN CAPITAL LLC","8-65718",124738,"NEW YORK","New York","United States","N"
1047422,66562,33804,"N","FAP USA, L.P.","8-67758",145860,"NEW YORK","New York","United States","N"
1047422,66562,33802,"N","GALLATIN CAPITAL LLC","8-65718",124738,"NEW YORK","New York","United States","N"
1047422,66561,33801,"N","FAP USA, L.P.","8-67758",145860,"NEW YORK","New York","United States","N"
1047422,66561,33800,"N","GALLATIN CAPITAL LLC","8-65718",124738,"NEW YORK","New York","United States","N"
1047422,66579,61490,"N","FAP USA, L.P.","8-67758",145860,"NEW YORK","New York","United States","N"
1047422,66560,33798,"N","FAP USA, L.P.","8-67758",145860,"NEW YORK","New York","United States","N"
1047422,66558,33792,"N","GALLATIN CAPITAL LLC","8-65718",124738,"NEW YORK","New York","United States","N"
1047422,66558,33791,"N","FAP USA, L.P.","8-67758",145860,"NEW YORK","New York","United States","N"
1047422,66560,33796,"N","GALLATIN CAPITAL LLC","8-65718",124738,"NEW YORK","New York","United States","N"
1047422,66559,33795,"N","GALLATIN CAPITAL LLC","8-65718",124738,"NEW YORK","New York","United States","N"
1047422,66559,33794,"N","FAP USA, L.P.","8-67758",145860,"NEW YORK","New York","United States","N"
1047422,44147,21633,"N","FAP USA, L.P.","8-67758",145860,"NEW YORK","New York","United States","N"
1047422,44147,21631,"N","GALLATIN CAPITAL LLC","8-65718",124738,"NEW YORK","New York","United States","N"
1047422,167645,61489,"N","FAP USA, L.P.","8-67758",145860,"NEW YORK","New York","United States","N"
1047422,167645,61488,"N","SCARSDALE EQUITIES LLC","8-66845",134602,"NEW YORK","New York","United States","N"
1047422,43959,21560,"N","FAP USA, L.P.","8-67758",145860,"NEW YORK","New York","United States","N"
1047422,43959,21559,"N","HEDGECO SECURITIES, LLC","8-67470",142498,"NEW YORK","New York","United States","N"
1047422,43959,21558,"N","GALLATIN CAPITAL LLC","8-65718",124738,"NEW YORK","New York","United States","N"
1047422,56600,28325,"N","FAP USA, L.P.","8-67758",145860,"NEW YORK","New York","United States","N"
1047422,56600,28323,"N","GALLATIN CAPITAL LLC","8-65718",124738,"NEW YORK","New York","United States","N"
1047422,56597,28316,"N","FAP USA, L.P.","8-67758",145860,"NEW YORK","New York","United States","N"
1047422,56597,28314,"N","GALLATIN CAPITAL LLC","8-65718",124738,"NEW YORK","New York","United States","N"
1047422,167645,61487,"N","GALLATIN CAPITAL LLC","8-65718",124738,"NEW YORK","New York","United States","N"
1047422,56590,28300,"N","FAP USA, L.P.","8-67758",145860,"NEW YORK","New York","United States","N"
1047422,167626,61474,"N","FAP USA, L.P.","8-67758",145860,"NEW YORK","New York","United States","N"
1047422,167626,61473,"N","GALLATIN CAPITAL LLC","8-65718",124738,"NEW YORK","New York","United States","N"
1047422,56590,28298,"N","GALLATIN CAPITAL LLC","8-65718",124738,"NEW YORK","New York","United States","N"
1047422,66579,33817,"N","GALLATIN CAPITAL LLC","8-65718",124738,"NEW YORK","New York","United States","N"
1047422,180141,69364,"N","FAP USA, L.P.","8-67758",145860,"NEW YORK","New York","United States","N"
1047422,180141,69363,"N","GALLATIN CAPITAL LLC","8-65718",124738,"NEW YORK","New York","United States","N"
1047244,44430,47594,"Y","TYRUS CAPITAL ASSET MANAGEMENT EUROPE LIMITED","",,"GRAND CAYMAN","","Cayman Islands","N"
1047244,44430,21725,"Y","TYRUS CAPITAL MANAGEMENT COMPANY LIMITED","",,"GRAND CAYMAN","","Cayman Islands","N"
1047244,44430,21726,"Y","TYRUS CAPITAL LLP","",,"LONDON, ENGLAND","","United Kingdom","N"
1047244,169734,62574,"Y","TYRUS CAPITAL LLP","",,"LONDON, ENGLAND","","United Kingdom","N"
1047244,169734,62573,"Y","TYRUS CAPITAL MANAGEMENT COMPANY LIMITED","",,"GRAND CAYMAN","","Cayman Islands","N"
1047244,169734,62747,"Y","TYRUS CAPITAL ASSET MANAGEMENT EUROPE LIMITED","",,"GRAND CAYMAN","","Cayman Islands","N"
1050561,167930,61986,"Y","GALLATIN CAPITAL LLC","8-65718",124738,"NEW YORK","New York","United States","N"
1050561,167929,62000,"N","GALLATIN CAPITAL LLC","8-65718",124738,"NEW YORK","New York","United States","N"
1050561,167928,61999,"N","GALLATIN CAPITAL LLC","8-65718",124738,"NEW YORK","New York","United States","N"
1040308,179554,69124,"N","OLD CITY SECURITIES LLC","8-69488",171910,"CEDARHURST","New York","United States","N"
1052222,32149,16347,"N","MITSUBISHI CORPORATION ASSET MANAGEMENT LTD.","",,"TOKYO","","Japan","N"
1052222,32066,16344,"N","TOKAI TOKYO SECURITIES CO. LTD.","",,"TOKYO","","Japan","N"
1052222,32066,16343,"N","MITSUBISHI CORPORATION ASSET MANAGEMENT LTD.","",,"TOKYO","","Japan","N"
1047649,179446,69130,"N","ROTHSCHILD LIEBERMAN LLC","8-26080",10030,"NEW YORK","New York","United States","N"
1047649,179446,69129,"N","YOUNG AMERICA CAPITAL, LLC","8-68260",150443,"MAMARONECK","New York","United States","N"
1047649,179446,69128,"N","GREENWICH PRIME TRADING GROUP, LLC","8-65408",121430,"STAMFORD","Connecticut","United States","N"
1049869,174701,66204,"N","WEALTHFORGE SECURITIES, LLC","8-68464",152550,"RICHMOND","Virginia","United States","Y"
1049869,75456,40601,"N","WEALTHFORGE SECURITIES, LLC","8-68464",152550,"RICHMOND","Virginia","United States","Y"
1049869,75410,43082,"N","WEALTHFORGE SECURITIES, LLC","8-68464",152550,"RICHMOND","Virginia","United States","Y"
1049869,75417,43080,"N","WEALTHFORGE SECURITIES, LLC","8-68464",152550,"RICHMOND","Virginia","United States","Y"
1049869,75420,43077,"N","WEALTHFORGE SECURITIES, LLC","8-68464",152550,"RICHMOND","Virginia","United States","Y"
1049869,75424,43078,"N","WEALTHFORGE SECURITIES, LLC","8-68464",152550,"RICHMOND","Virginia","United States","Y"
1049869,76729,43210,"N","WEALTHFORGE SECURITIES, LLC","8-68464",152550,"RICHMOND","Virginia","United States","Y"
1049869,75468,40607,"N","WEALTHFORGE SECURITIES, LLC","8-68464",152550,"RICHMOND","Virginia","United States","Y"
1049869,75465,40605,"N","WEALTHFORGE SECURITIES, LLC","8-68464",152550,"RICHMOND","Virginia","United States","Y"
1049869,75452,40599,"N","WEALTHFORGE SECURITIES, LLC","8-68464",152550,"RICHMOND","Virginia","United States","Y"
1049869,75551,40659,"N","WEALTHFORGE SECURITIES, LLC","8-68464",152550,"RICHMOND","Virginia","United States","Y"
1049869,75547,40656,"N","WEALTHFORGE SECURITIES, LLC","8-68464",152550,"RICHMOND","Virginia","United States","Y"
1049869,75554,40660,"N","WEALTHFORGE SECURITIES, LLC","8-68464",152550,"RICHMOND","Virginia","United States","Y"
1049869,75534,40644,"N","WEALTHFORGE SECURITIES, LLC","8-68464",152550,"RICHMOND","Virginia","United States","Y"
1049869,75525,40637,"N","WEALTHFORGE SECURITIES, LLC","8-68464",152550,"RICHMOND","Virginia","United States","Y"
1049869,75520,40632,"N","WEALTHFORGE SECURITIES, LLC","8-68464",152550,"RICHMOND","Virginia","United States","Y"
1049869,75500,40621,"N","WEALTHFORGE SECURITIES, LLC","8-68464",152550,"RICHMOND","Virginia","United States","Y"
1049869,174724,66304,"N","WEALTHFORGE SECURITIES, LLC","8-68464",152550,"RICHMOND","Virginia","United States","Y"
1049869,174723,66303,"N","NORTH CAPITAL PRIVATE SECURITIES CORPORATION","8-68648",154559,"SALT LAKE CITY","Utah","United States","Y"
1049869,174721,66285,"N","NORTH CAPITAL PRIVATE SECURITIES CORPORATION","8-68648",154559,"SALT LAKE CITY","Utah","United States","Y"
1049869,174715,66280,"N","WEALTHFORGE SECURITIES, LLC","8-68464",152550,"RICHMOND","Virginia","United States","Y"
1049869,174685,66238,"N","WEALTHFORGE SECURITIES, LLC","8-68464",152550,"RICHMOND","Virginia","United States","Y"
1049869,174688,66237,"N","WEALTHFORGE SECURITIES, LLC","8-68464",152550,"RICHMOND","Virginia","United States","Y"
1049869,174717,66281,"N","WEALTHFORGE SECURITIES, LLC","8-68464",152550,"RICHMOND","Virginia","United States","Y"
1049869,174713,66263,"N","WEALTHFORGE SECURITIES, LLC","8-68464",152550,"RICHMOND","Virginia","United States","Y"
1049869,174711,66245,"N","WEALTHFORGE SECURITIES, LLC","8-68464",152550,"RICHMOND","Virginia","United States","Y"
1049869,174719,66283,"N","WEALTHFORGE SECURITIES, LLC","8-68464",152550,"RICHMOND","Virginia","United States","Y"
1049869,174698,66239,"N","WEALTHFORGE SECURITIES, LLC","8-68464",152550,"RICHMOND","Virginia","United States","Y"
1043294,179817,69275,"N","STONEHAVEN, LLC","8-53699",118913,"NEW YORK","New York","United States","N"
1045429,4729,29475,"N","EUREKACAP PARTNERS, INC.","8-67444",142248,"NEW YORK","New York","United States","N"
1045429,4729,2258,"N","EM FUNDING","",,"LONDON","","United Kingdom","N"
1045429,4729,34785,"N","SEEDCHANGE EXECUTION SERVICES INC.","8-69173",165587,"SAN FRANCISCO","California","United States","N"
1043956,68157,69325,"N","EMERSON EQUITY LLC","801-71293",130032,"SAN MATEO","California","United States","N"
1043956,68157,61520,"N","DR. TAN SIAN WEE","",,"SINGAPORE","","Singapore","N"
1043771,178355,68542,"N","SCOTT HARRIS UK LIMITED","",,"LONDON","","United Kingdom","N"
1049398,27067,18929,"Y","LLOYDS BANK PLC","",161257,"LONDON","","United Kingdom","N"
1049398,27067,18925,"N","CITIBANK INTERNATIONAL LIMITED","",,"LONDON","","United Kingdom","Y"
1049398,27067,18922,"N","BANK OF AMERICA MERRILL LYNCH INTERNATIONAL","",,"LONDON","","United Kingdom","Y"
1049398,27067,13282,"N","J.P. MORGAN SECURITIES LLC","801-3702",79,"NEW YORK","New York","United States","Y"
1049398,27067,13286,"Y","LLOYDS SECURITIES","8-68647",154515,"NEW YORK","New York","United States","N"
1049398,27067,13285,"N","MERRILL LYNCH, PIERCE, FENNER & SMITH INCORPORATED","801-14235",7691,"NEW YORK","New York","United States","N"
1056592,6853,3716,"N","GOLDMAN, SACHS & CO.","801-16048",361,"NEW YORK","New York","United States","N"
1056592,6853,3199,"N","MORGAN STANLEY & CO. LLC","8-15869",8209,"NEW YORK","New York","United States","N"
1057581,67715,34654,"N","HUDSON PARTNERS SECURITIES LLC","8-67726",145425,"STAMFORD","Connecticut","United States","N"
1040903,175106,66535,"Y","SNOW LAKE CAPITAL (HK) LIMITED","",161823,"CENTRAL","","Hong kong","N"
1040903,23675,8751,"Y","SNOW LAKE CAPITAL (HK) LIMITED","",161823,"CENTRAL","","Hong kong","N"
1054845,55571,27902,"N","PARK HILL GROUP LLC","8-66958",135898,"SAN FRANCISCO","California","United States","N"
1046130,180050,69343,"N","BAKER TILLY CAPITAL, LLC","8-53480",115333,"MADISON","Wisconsin","United States","N"
1046130,180049,69342,"N","SEE MISCELLANEOUS","",,"BEIJING","","China","N"
1046130,180051,69344,"N","SEE MISCELLANEOUS","",,"BEIJING","","China","N"
1046130,41340,69341,"N","TRUSTMONT FINANCIAL GROUP, INC.","8-36439",18312,"GREENSBURG","Pennsylvania","United States","N"
1046130,41352,20484,"N","SEE MISCELLANEOUS","",,"BEIJING","","China","N"
1046130,41361,69339,"N","SEE MISCELLANEOUS","",,"BEIJING","","China","N"
1046130,180052,69345,"N","SEE MISCELLANEOUS","",,"BEIJING","","China","N"
1046130,41322,69340,"N","SEE MISCELLANEOUS","",,"BEIJING","","China","N"
1049750,3474,68018,"Y","QUANTEDGE CAPITAL USA INC.","8-69679",281626,"NEW YORK","New York","United States","Y"
1054600,28572,14391,"Y","BARINGS LLC","801-241",106006,"CHARLOTTE","North Carolina","United States","N"
1054600,28572,26366,"N","AKTIA ASSET MANAGEMENT LIMITED","",,"HELSINKI","","Finland","N"
1054600,28572,39945,"N","BARCLAYS BANK PLC","",,"SINGAPORE","","Singapore","N"
1054600,28572,39944,"N","NH INVESTMENT & SECURITIES CO., LTD","",,"SEOUL","","Korea, South","N"
1054600,28572,25297,"Y","CORNERSTONE REAL ESTATE ADVISERS LLC","801-51633",106468,"HARTFORD","Connecticut","United States","N"
1054600,28572,25296,"Y","WOOD CREEK CAPITAL MANAGEMENT, LLC","801-69939",148944,"NEW HAVEN","Connecticut","United States","N"
1054600,28572,14402,"Y","BARINGS INVESTMENT ADVISERS (HONG KONG) LTD","",,"HONG KONG","","Hong kong","N"
1054600,28572,14399,"Y","BARINGS AUSTRALIA PTY LTD","",169697,"SYDNEY","","Australia","N"
1054600,28572,62745,"N","JP MORGAN INTERNATIONAL BANK LIMITED","",,"LONDON","","United Kingdom","N"
1054600,28572,62744,"N","UBS AG","",,"BASEL AND ZURICH","","Switzerland","N"
1054600,28572,14392,"Y","BARINGS SECURITIES LLC","8-47589",36929,"BOSTON","Massachusetts","United States","N"
1043201,179831,69334,"N","TGP SECURITIES, INC.","8-68955",159008,"SUMMIT","New Jersey","United States","N"
1043201,179831,69335,"N","AWARD CAPITAL ADVISORY LTD.","",,"LONDON","","United Kingdom","Y"
1043201,179831,69336,"N","TIGERN ADVISORY LTD","",,"CRANLEIGH, SURREY","","United Kingdom","N"
1042297,67656,34554,"N","CITIGROUP GLOBAL MARKETS INC.","801-3387",7059,"NEW YORK","New York","United States","N"
1054884,28572,14391,"Y","BARINGS LLC","801-241",106006,"CHARLOTTE","North Carolina","United States","N"
1054884,28572,26366,"N","AKTIA ASSET MANAGEMENT LIMITED","",,"HELSINKI","","Finland","N"
1054884,28572,39945,"N","BARCLAYS BANK PLC","",,"SINGAPORE","","Singapore","N"
1054884,28572,39944,"N","NH INVESTMENT & SECURITIES CO., LTD","",,"SEOUL","","Korea, South","N"
1054884,28572,25297,"Y","CORNERSTONE REAL ESTATE ADVISERS LLC","801-51633",106468,"HARTFORD","Connecticut","United States","N"
1054884,28572,25296,"Y","WOOD CREEK CAPITAL MANAGEMENT, LLC","801-69939",148944,"NEW HAVEN","Connecticut","United States","N"
1054884,28572,14402,"Y","BARINGS INVESTMENT ADVISERS (HONG KONG) LTD","",,"HONG KONG","","Hong kong","N"
1054884,28572,14399,"Y","BARINGS AUSTRALIA PTY LTD","",169697,"SYDNEY","","Australia","N"
1054884,28572,62745,"N","JP MORGAN INTERNATIONAL BANK LIMITED","",,"LONDON","","United Kingdom","N"
1054884,28572,62744,"N","UBS AG","",,"BASEL AND ZURICH","","Switzerland","N"
1054884,28572,14392,"Y","BARINGS SECURITIES LLC","8-47589",36929,"BOSTON","Massachusetts","United States","N"
1045571,173951,69357,"N","CREWE CAPITAL, LLC","8-68460",152527,"SALT LAKE CITY","Utah","United States","N"
1053778,167702,61517,"N","ASTIR CAPITAL","",,"LONDON","","United Kingdom","N"
1053778,167703,61518,"N","ASTIR CAPITAL","",,"LONDON","","United Kingdom","N"
1055664,64503,67541,"N","J.P. MORGAN SECURITIES LLC","801-3702",79,"NEW YORK","New York","United States","N"
1055664,64505,33161,"Y","WINTON CAPITAL US LLC","801-80294",171924,"NEW YORK","New York","United States","Y"
1055664,64505,33160,"Y","WINTON CAPITAL MANAGEMENT LTD.","801-73223",130566,"LONDON","","United Kingdom","Y"
1055664,64504,33159,"Y","WINTON CAPITAL MANAGEMENT LTD.","801-73223",130566,"LONDON","","United Kingdom","Y"
1055664,64504,33158,"Y","WINTON CAPITAL US LLC","801-80294",171924,"NEW YORK","New York","United States","Y"
1055664,64503,33157,"Y","WINTON CAPITAL US LLC","801-80294",171924,"NEW YORK","New York","United States","Y"
1055664,64503,33156,"Y","WINTON CAPITAL MANAGEMENT LTD.","801-73223",130566,"LONDON","","United Kingdom","Y"
1055664,64490,33153,"Y","WINTON CAPITAL US LLC","801-80294",171924,"NEW YORK","New York","United States","Y"
1055664,64490,33150,"Y","WINTON CAPITAL MANAGEMENT LTD.","801-73223",130566,"LONDON","","United Kingdom","Y"
1055664,64505,32911,"N","J.P. MORGAN SECURITIES LLC","801-3702",79,"NEW YORK","New York","United States","N"
1055664,180259,69526,"Y","WINTON CAPITAL MANAGEMENT LTD.","801-73223",130566,"LONDON","","United Kingdom","Y"
1055664,180259,69527,"Y","WINTON CAPITAL US LLC","801-80294",171924,"NEW YORK","New York","United States","Y"
1046651,27067,18929,"Y","LLOYDS BANK PLC","",161257,"LONDON","","United Kingdom","N"
1046651,27067,18925,"N","CITIBANK INTERNATIONAL LIMITED","",,"LONDON","","United Kingdom","Y"
1046651,27067,18922,"N","BANK OF AMERICA MERRILL LYNCH INTERNATIONAL","",,"LONDON","","United Kingdom","Y"
1046651,27067,13282,"N","J.P. MORGAN SECURITIES LLC","801-3702",79,"NEW YORK","New York","United States","Y"
1046651,27067,13286,"Y","LLOYDS SECURITIES","8-68647",154515,"NEW YORK","New York","United States","N"
1046651,27067,13285,"N","MERRILL LYNCH, PIERCE, FENNER & SMITH INCORPORATED","801-14235",7691,"NEW YORK","New York","United States","N"
1046260,21456,65093,"N","AVENDUS CAPITAL, INC.","",150160,"NEW YORK","New York","United States","N"
1046260,21570,65092,"N","AVENDUS CAPITAL, INC.","",150160,"NEW YORK","New York","United States","N"
1046260,21456,14701,"N","BHARGAVA CAPITAL","8-66507",131817,"FRANKLIN LAKES","New Jersey","United States","N"
1046260,21456,37682,"N","BHA SELECT NETWORK, LLC","8-69341",168883,"SOUTHBOROUGH","Massachusetts","United States","N"
1046260,21570,37681,"N","BHA SELECT NETWORK, LLC","8-69341",168883,"SOUTHBOROUGH","Massachusetts","United States","N"
1047246,179776,69260,"N","QUEST FUND PLACEMENT LLP","",,"LONDON","","United Kingdom","N"
1048868,174701,66204,"N","WEALTHFORGE SECURITIES, LLC","8-68464",152550,"RICHMOND","Virginia","United States","Y"
1048868,75456,40601,"N","WEALTHFORGE SECURITIES, LLC","8-68464",152550,"RICHMOND","Virginia","United States","Y"
1048868,75410,43082,"N","WEALTHFORGE SECURITIES, LLC","8-68464",152550,"RICHMOND","Virginia","United States","Y"
1048868,75417,43080,"N","WEALTHFORGE SECURITIES, LLC","8-68464",152550,"RICHMOND","Virginia","United States","Y"
1048868,75420,43077,"N","WEALTHFORGE SECURITIES, LLC","8-68464",152550,"RICHMOND","Virginia","United States","Y"
1048868,75424,43078,"N","WEALTHFORGE SECURITIES, LLC","8-68464",152550,"RICHMOND","Virginia","United States","Y"
1048868,76729,43210,"N","WEALTHFORGE SECURITIES, LLC","8-68464",152550,"RICHMOND","Virginia","United States","Y"
1048868,75468,40607,"N","WEALTHFORGE SECURITIES, LLC","8-68464",152550,"RICHMOND","Virginia","United States","Y"
1048868,75465,40605,"N","WEALTHFORGE SECURITIES, LLC","8-68464",152550,"RICHMOND","Virginia","United States","Y"
1048868,75452,40599,"N","WEALTHFORGE SECURITIES, LLC","8-68464",152550,"RICHMOND","Virginia","United States","Y"
1048868,75551,40659,"N","WEALTHFORGE SECURITIES, LLC","8-68464",152550,"RICHMOND","Virginia","United States","Y"
1048868,75547,40656,"N","WEALTHFORGE SECURITIES, LLC","8-68464",152550,"RICHMOND","Virginia","United States","Y"
1048868,75554,40660,"N","WEALTHFORGE SECURITIES, LLC","8-68464",152550,"RICHMOND","Virginia","United States","Y"
1048868,75534,40644,"N","WEALTHFORGE SECURITIES, LLC","8-68464",152550,"RICHMOND","Virginia","United States","Y"
1048868,75525,40637,"N","WEALTHFORGE SECURITIES, LLC","8-68464",152550,"RICHMOND","Virginia","United States","Y"
1048868,75520,40632,"N","WEALTHFORGE SECURITIES, LLC","8-68464",152550,"RICHMOND","Virginia","United States","Y"
1048868,75500,40621,"N","WEALTHFORGE SECURITIES, LLC","8-68464",152550,"RICHMOND","Virginia","United States","Y"
1048868,174724,66304,"N","WEALTHFORGE SECURITIES, LLC","8-68464",152550,"RICHMOND","Virginia","United States","Y"
1048868,174723,66303,"N","NORTH CAPITAL PRIVATE SECURITIES CORPORATION","8-68648",154559,"SALT LAKE CITY","Utah","United States","Y"
1048868,174721,66285,"N","NORTH CAPITAL PRIVATE SECURITIES CORPORATION","8-68648",154559,"SALT LAKE CITY","Utah","United States","Y"
1048868,174715,66280,"N","WEALTHFORGE SECURITIES, LLC","8-68464",152550,"RICHMOND","Virginia","United States","Y"
1048868,174685,66238,"N","WEALTHFORGE SECURITIES, LLC","8-68464",152550,"RICHMOND","Virginia","United States","Y"
1048868,174688,66237,"N","WEALTHFORGE SECURITIES, LLC","8-68464",152550,"RICHMOND","Virginia","United States","Y"
1048868,174717,66281,"N","WEALTHFORGE SECURITIES, LLC","8-68464",152550,"RICHMOND","Virginia","United States","Y"
1048868,174713,66263,"N","WEALTHFORGE SECURITIES, LLC","8-68464",152550,"RICHMOND","Virginia","United States","Y"
1048868,174711,66245,"N","WEALTHFORGE SECURITIES, LLC","8-68464",152550,"RICHMOND","Virginia","United States","Y"
1048868,174719,66283,"N","WEALTHFORGE SECURITIES, LLC","8-68464",152550,"RICHMOND","Virginia","United States","Y"
1048868,174698,66239,"N","WEALTHFORGE SECURITIES, LLC","8-68464",152550,"RICHMOND","Virginia","United States","Y"
1057773,25259,12481,"Y","HSBC INVESTMENT FUNDS (CANADA) INC.","",,"VANCOUVER","","Canada","Y"
1057773,25257,12449,"Y","HSBC INVESTMENT FUNDS (CANADA) INC.","",,"VANCOUVER","","Canada","Y"
1057773,25255,12157,"Y","HSBC INVESTMENT FUNDS (CANADA) INC.","",,"VANCOUVER","","Canada","Y"
1057773,45133,22053,"Y","HSBC INVESTMENT FUNDS (CANADA) INC.","",,"VANCOUVER","","Canada","Y"
1057773,25291,13147,"Y","HSBC INVESTMENT FUNDS (CANADA) INC.","",,"VANCOUVER","","Canada","Y"
1057773,61296,30946,"Y","HSBC INVESTMENT FUNDS (CANADA) INC.","",,"VANCOUVER","","Canada","Y"
1057773,25290,13146,"Y","HSBC INVESTMENT FUNDS (CANADA) INC.","",,"VANCOUVER","","Canada","Y"
1057773,25289,13145,"Y","HSBC INVESTMENT FUNDS (CANADA) INC.","",,"VANCOUVER","","Canada","Y"
1057773,174741,66720,"Y","HSBC INVESTMENT FUNDS (CANADA) INC.","",,"VANCOUVER","","Canada","Y"
1057773,72711,40405,"Y","HSBC INVESTMENT FUNDS (CANADA) INC.","",,"VANCOUVER","","Canada","Y"
1057773,72800,38135,"Y","HSBC INVESTMENT FUNDS (CANADA) INC.","",,"VANCOUVER","","Canada","Y"
1057773,25273,13137,"Y","HSBC INVESTMENT FUNDS (CANADA) INC.","",,"VANCOUVER","","Canada","Y"
1057773,25268,13132,"Y","HSBC INVESTMENT FUNDS (CANADA) INC.","",,"VANCOUVER","","Canada","Y"
1057773,25265,12826,"Y","HSBC INVESTMENT FUNDS (CANADA) INC.","",,"VANCOUVER","","Canada","Y"
1057773,25264,12511,"Y","HSBC INVESTMENT FUNDS (CANADA) INC.","",,"VANCOUVER","","Canada","Y"
1041387,27846,13590,"Y","JABRE CAPITAL PARTNERS (CAYMAN) LTD","",,"GRAND CAYMAN","","Cayman Islands","N"
1041387,27831,13585,"Y","JABRE CAPITAL PARTNERS (CAYMAN) LTD","",,"GRAND CAYMAN","","Cayman Islands","N"
1041387,27821,13576,"Y","JABRE CAPITAL PARTNERS (CAYMAN) LTD","",,"GRAND CAYMAN","","Cayman Islands","N"
1041387,27753,13575,"Y","JABRE CAPITAL PARTNERS (CAYMAN) LTD","",,"GRAND CAYMAN","","Cayman Islands","N"
1047747,180198,69372,"N","CORSAIR ADVISORS LLC","8-69103",164469,"NEW YORK","New York","United States","N"
1043205,180058,69371,"N","GROWTH CAPITAL SERVICES, INC.","",124658,"SAN FRANCISCO","California","United States","N"
1043205,180055,69346,"N","GROWTH CAPITAL SERVICES, INC.","",124658,"SAN FRANCISCO","California","United States","N"
1050152,179446,69130,"N","ROTHSCHILD LIEBERMAN LLC","8-26080",10030,"NEW YORK","New York","United States","N"
1050152,179446,69129,"N","YOUNG AMERICA CAPITAL, LLC","8-68260",150443,"MAMARONECK","New York","United States","N"
1050152,179446,69128,"N","GREENWICH PRIME TRADING GROUP, LLC","8-65408",121430,"STAMFORD","Connecticut","United States","N"
1048342,180264,69389,"N","STANWICH ADVISORS LLC","",,"STAMFORD","Connecticut","United States","N"
1048342,180265,69390,"N","STANWICH ADVISORS LLC","",,"STAMFORD","Connecticut","United States","N"
1048342,180266,69391,"N","STANWICH ADVISORS LLC","",,"STAMFORD","Connecticut","United States","N"
1048342,21863,32503,"N","STANWICH ADVISORS LLC","",,"STAMFORD","Connecticut","United States","N"
1048342,25260,11392,"N","STANWICH ADVISORS LLC","",,"STAMFORD","Connecticut","United States","N"
1048342,25056,11390,"N","STANWICH ADVISORS LLC","",,"STAMFORD","Connecticut","United States","N"
1057320,19978,15716,"N","EUREKA CAPITAL PARTNERS","",,"SINGAPORE","","Singapore","N"
1057320,19964,15710,"N","EUREKA CAPITAL PARTNERS","",,"SINGAPORE","","Singapore","N"
1057320,19964,21461,"N","CHEETAH INVESTMENT MANAGEMENT LIMITED","",161532,"HONG KONG","","China","N"
1057320,67297,34255,"N","CAMPION CAPITAL LIMITED","",,"LONDON","","United Kingdom","N"
1057320,168344,61904,"N","NEW COLLEGE CAPITAL LTD","",,"LONDON","","United Kingdom","N"
1057320,67297,34250,"N","LINCHPIN IFM LIMITED","",,"LONDON","","United Kingdom","N"
1057320,67297,34251,"N","NEW COLLEGE CAPITAL LTD","",,"LONDON","","United Kingdom","N"
1057320,168344,61903,"N","CAMPION CAPITAL","",,"LONDON","","United Kingdom","N"
1039854,178531,68621,"N","MONUMENT GROUP, INC.","",,"BOSTON","Massachusetts","United States","N"
1039854,178555,68725,"N","BERCHWOOD PARTNERS LLP","",,"LONDON","","United Kingdom","N"
1039854,178555,68624,"N","AMALA PARTNERS LLP","",,"LONDON","","United Kingdom","N"
1054821,29718,18225,"N","LYNX CAPITAL, LLC","8-67068",137178,"LOS ANGELES","California","United States","N"
1054825,170368,63037,"N","CALTON & ASSOCIATES, INC.","801-70036",20999,"TAMPA","Florida","United States","N"
1046742,68211,69585,"N","FRONTIER SOLUTIONS, LLC","8-66972",136102,"RICHMOND","Virginia","United States","N"
1046742,68211,69584,"N","ARIANE CAPITAL PARTNERS LLC","8-47026",36143,"DEVON","Pennsylvania","United States","N"
1046742,68211,69583,"N","CARY STREET PARTNERS","8-66085",128089,"RICHMOND","Virginia","United States","N"
1042058,179714,69361,"N","EUREKACAP PARTNERS, INC.","8-67444",142248,"NEW YORK","New York","United States","N"
1042058,179713,69362,"N","EUREKACAP PARTNERS, INC.","8-67444",142248,"NEW YORK","New York","United States","N"
1058615,32502,28026,"N","SEEDCHANGE EXECUTION SERVICES INC.","8-69173",165587,"GREENWICH","Connecticut","United States","N"
1058615,32502,28025,"N","ARM CAPITAL LIMITED","",,"ST HELIER","","Jersey","N"
1058615,32502,16458,"N","ALVINE CAPITAL MANAGEMENT LIMITED","",,"LONDON","","United Kingdom","N"
1058615,65425,33517,"N","ARM CAPITAL LIMITED","",,"ST HELIER","","Jersey","N"
1058615,65425,33516,"N","ALVINE CAPITAL MANAGEMENT","",,"LONDON","","United Kingdom","N"
1058615,65425,33515,"N","SEEDCHANGE EXECUTION SERVICES INC.","8-69173",165587,"GREENWICH","Connecticut","United States","N"
1058615,55577,27903,"N","ARM CAPITAL LIMITED","",,"ST HELIER","","Jersey","N"
1058615,55577,28028,"N","SEEDCHANGE EXECUTION SERVICES INC.","8-69173",165587,"GREENWICH","Connecticut","United States","N"
1058615,55577,28027,"N","ALVINE CAPITAL MANAGEMENT LIMITED","",,"LONDON","","United Kingdom","N"
1048334,177679,68180,"Y","CREDIT SUISSE SECURITIES (USA) LLC","801-56264",816,"NEW YORK","New York","United States","N"
1049583,169046,62085,"N","EUREKA CAPITAL PARTNERS","",,"SINGAPORE","","Singapore","N"
1049583,169045,62083,"N","NEW COLLEGE CAPITAL LTD","",,"LONDON","","United Kingdom","N"
1049583,169044,62081,"N","NEW COLLEGE CAPITAL LTD","",,"LONDON","","United Kingdom","N"
1049583,169044,62080,"N","LINCHPIN IFM LIMITED","",,"LONDON","","United Kingdom","N"
1049583,169044,62079,"N","CAMPION CAPITAL LIMITED","",,"LONDON","","United Kingdom","N"
1049583,169047,62089,"N","EUREKA CAPITAL PARTNERS","",,"SINGAPORE","","Singapore","N"
1049583,169046,62084,"N","CHEETAH INVESTMENT MANAGEMENT LIMITED","",161532,"HONG KONG","","China","N"
1049583,169045,62082,"N","CAMPION CAPITAL","",,"LONDON","","United Kingdom","N"
1051669,64827,33142,"Y","FRANKLIN TEMPLETON FINANCIAL SERVICES CORP.","8-29504",13594,"SAN MATEO","California","United States","N"
1045573,65810,33563,"N","JMP SECURITIES LLC","8-39613",22208,"SAN FRANCISCO","California","United States","N"
1045573,56376,30451,"N","JMP SECURITIES LLC","8-39613",22208,"SAN FRANCISCO","California","United States","N"
1039387,179939,69316,"N","EMERSON EQUITY LLC","801-71293",130032,"SAN MATEO","California","United States","N"
1039387,179906,69318,"N","EMERSON EQUITY LLC","801-71293",130032,"SAN MATEO","California","United States","N"
1039387,179939,69317,"N","KENMAR SECURITIES, LLC","8-69482",171793,"NEW YORK","New York","United States","N"
1039387,179906,69319,"N","KENMAR SECURITIES, LLC","8-69482",171793,"NEW YORK","New York","United States","N"
1052051,55205,64960,"Y","NYLIFE DISTRIBUTORS LLC","8-46655",35350,"JERSEY CITY","New Jersey","United States","N"
1052051,62846,64962,"Y","NYLIFE DISTRIBUTORS LLC","8-46655",35350,"JERSEY CITY","New Jersey","United States","N"
1052051,55202,64950,"Y","NYLIFE DISTRIBUTORS LLC","8-46655",35350,"JERSEY CITY","New Jersey","United States","N"
1052051,55206,64959,"Y","NYLIFE DISTRIBUTORS LLC","8-46655",35350,"JERSEY CITY","New Jersey","United States","N"
1044240,36952,18687,"Y","SEED ADVISORS PRIVATE LTD","",,"MUMBAI","","India","N"
1044240,36932,18686,"Y","SEED ADVISORS PRIVATE LTD","",,"MUMBAI","","India","N"
1044591,65827,35133,"Y","DEUTSCHE BANK TRUST COMPANY AMERICAS","",,"NEW YORK","New York","United States","N"
1044591,65827,33584,"Y","DEUTCHE BANK AG, LONDON BRANCH","",,"LONDON","","United Kingdom","N"
1044591,65827,33583,"Y","DEUTSCHE BANK SECURITIES INC.","801-9638",2525,"NEW YORK","New York","United States","N"
1044591,65805,33561,"Y","DEUTSCHE BANK SECURITIES INC.","801-9638",2525,"NEW YORK","New York","United States","N"
1044591,65805,33562,"Y","DEUTCHE BANK AG, LONDON BRANCH","",,"LONDON","","United Kingdom","N"
1057146,173603,65133,"N","FALMOUTH INVESTMENT COMPANY, INC.","801-61436",122268,"SHAKER HEIGHTS","Ohio","United States","N"
1057146,171793,65112,"N","ALAGAPPAN FAMILY TRUST","",,"NEW YORK CITY","New York","United States","N"
1051108,178876,68967,"N","MITSUBISHI CORPORATION ASSET MANAGEMENT LIMITED","",,"TOKYO","","Japan","N"
1054859,55571,27902,"N","PARK HILL GROUP LLC","8-66958",135898,"SAN FRANCISCO","California","United States","N"
1045075,178660,69315,"N","XT CAPITAL PARTNERS, LLC","8-53683",118719,"WESTPORT","Connecticut","United States","N"
1048284,67269,68513,"N","CB FINANCES","",,"PARIS","","France","N"
1048284,67269,68511,"N","CF FINANCES","",,"PARIS","","France","N"
1048284,67269,68512,"N","CONATUS FINANCE","",,"PARIS","","France","N"
1048284,67269,68514,"N","HAYO WILLMS CONSULTING","",,"KIEFERSFELDEN","","Germany","N"
1052787,66395,33846,"N","OPPENHEIMER & CO. INC.","801-887",249,"NEW YORK","New York","United States","N"
1052787,66395,33829,"N","TGP SECURITIES, INC.","8-68955",159008,"SUMMIT","New Jersey","United States","N"
1046503,180070,69347,"N","EATON PARTNERS, LLC","8-46718",31170,"HONG KONG","","Hong kong","N"
1052077,180651,69516,"N","THREADMARK LP","8-69535",173318,"NEW YORK","New York","United States","N"
