"FilingID","Full Legal Name","CIK Number"
1042060,"JANUS CAPITAL GROUP INC",1065865
1038131,"MARKEL CORPORATION",1096343
1040892,"AMERICAN CAPITAL LTD.",817473
1029961,"DEUTSCHE BANK AG",948046
1040533,"JANUS CAPITAL GROUP INC",1065865
1030577,"MORGAN STANLEY",895421
1039263,"DEUTSCHE BANK AG",948046
1027660,"CBRE GROUP, INC.",1138118
1032238,"INVESTEC PLC",1354272
1029865,"AFFILIATED MANAGERS GROUP, INC.",1004434
1017618,"DEUTSCHE BANK AG",948046
1031621,"INVESCO LTD.",914208
1033170,"FRANKLIN RESOURCES, INC.",38777
1033553,"INVESCO LTD.",914208
1031859,"N/A",12345678
1030575,"MORGAN STANLEY",895421
1034349,"DEUTSCHE BANK AG",948046
1034934,"STIFEL FINANCIAL CORP",720672
1042405,"CTRIP.COM INTERNATIONAL LTD.",1269238
1033137,"PIPER JAFFRAY COMPANIES",1230245
1028093,"INVESCO LTD.",914208
1028518,"MORGAN STANLEY",895421
1033567,"DEUTSCHE BANK AG",948046
1028844,"JPMORGAN CHASE & CO",19617
1037511,"HSBC HOLDINGS PLC",1089113
1029644,"LEGG MASON INC",704051
1025540,"UNITED OVERSEAS BANK LIMITED",867530
