"FilingID","ReferenceID","Name of Adviser","SEC File Number","CRD Number"
"948977","64763","PEDDER STREET ASIA LIMITED","802-78114","167430"
"946440","65173","INFINITAS CAPITAL LLC","","157503"
"946440","65172","EXODUS MANAGEMENT ISRAEL, LTD","",""
"946440","65170","COBIA CAPITAL MANAGEMENT LP","802-76633","163103"
"946440","65145","CLEARANCE CAPITAL LLP","802-79533","166644"
"946440","65144","JORDAN CAPITAL AM, LLC","802-77234","149243"
"946440","167148","RACON CAPITAL","801-77629","166508"
"946440","167148","PIOLET CAPITAL, L.P.","802-77374","165867"
"946440","167148","PCJ INVESTMENT COUNSEL LTD.","801-80724","174083"
"946440","167148","MIDWEST CAPITAL MANAGEMENT, INC.","",""
"946440","167148","DLD ASSET MANAGEMENT, LP","801-79166","170377"
"946440","167148","APPLIED FUNDAMENTAL RESEARCH, LLC","","167645"
"946440","167148","ACCLIVITY CAPITAL MANAGEMENT, LLC","",""
"946440","167149","PROLIFIC CAPITAL MAKRKETS, LLC","",""
"950428","32359","ANDA ASSET MANAGEMENT CO., LTD.","801-77146","165123"
"949947","65827","H2O AM","801-78613","169065"
"949947","65805","TUDOR INVESTMENT CORPORATION","801-73474","159792"
"949947","65815","OMEGA ADVISORS,INC.","801-43464","106867"
"951271","16002","SAMENA CAPITAL INVESTMENTS LIMITED","","169740"
"951271","15995","SAMENA CAPITAL INVESTMENTS LIMITED","","169740"
"951271","16002","SAMENA CAPITAL HONG KONG LIMITED","","161673"
"951271","15995","SAMENA CAPITAL HONG KONG LIMITED","","161673"
"950861","66139","HSBC MANAGEMENT (GUERNSEY) LIMITED","",""
"950861","66138","HSBC MANAGEMENT (GUERNSEY) LIMITED","",""
"951484","167066","KAE CAPITAL MANAGEMENT PRIVATE LIMITED","","175414"
"951484","166271","KAE CAPITAL MANAGEMENT PRIVATE LIMITED","","175414"
"950422","29110","IRONBRIDGE CAPITAL MANAGEMENT PTY LIMITED","",""
"950422","29110","IRONBRIDGE CAPITAL II G.P. LTD","",""
"950422","29087","IRONBRIDGE CAPITAL MANAGEMENT PTY LIMITED","",""
"950422","29087","IRONBRIDGE CAPITAL G.P. LTD","",""
"952996","75462","PERMIRA EUROPE B.V.","802-75501","163379"
"954083","67021","VERITAS ASSET MANAGEMENT LLP","",""
"953775","120684","DEUTSCHE ALTERNATIVE ASSET MANAGEMENT (GLOBAL) LIMITED","801-6627",""
"954296","59333","CEPHEI CAPITAL","801-76600","163621"
"954296","59330","CEPHEI CAPITAL","801-76600","163621"
"954296","51003","CDH V FEEDER HOLDINGS COMPANY LIMITED","",""
"954296","51003","CDH V HOLDINGS COMPANY LIMITED","",""
"954296","51003","CDH V MANAGEMENT COMPANY LIMITED","",""
"954296","43594","CDH CHINA GROWTH CAPITAL HOLDINGS COMPANY LIMITED","",""
"954296","43597","CDH IV FEEDER HOLDINGS COMPANY LIMITED","",""
"954296","43597","CDH IV HOLDINGS COMPANY LIMITED","",""
"954296","43596","CDH III HOLDINGS COMPANY LIMITED","",""
"954296","43595","CDH III HOLDINGS COMPANY LIMITED","",""
"954296","43594","CDH CHINA GROWTH CAPITAL HOLDINGS INVESTORS COMPANY LIMITED","",""
"953503","27043","SC X MANAGEMENT, LLC","",""
"953503","27041","SC IX.I MANAGEMENT, LLC","",""
"953503","27037","SC IX.I MANAGEMENT, LLC","",""
"953503","27034","SC IX.I MANAGEMENT, LLC","",""
"953503","50951","SC U.S. VENTURE 2010 MANAGEMENT, L.P.","",""
"953503","50949","SC U.S. VENTURE XIV MANAGEMENT, L.P.","",""
"953503","61453","SC U.S. SCOUT SEED FUND 2013 MANAGEMENT, L.P.","",""
"953503","61429","SEQUOIA CAPITAL U.S. SCOUT SEED FUND 2013, L.P.","",""
"953503","50943","SC U.S. VENTURE XIV MANAGEMENT, L.P.","",""
"953503","50942","SC U.S. VENTURE XIV MANAGEMENT, L.P.","",""
"953503","35479","SCGGF MANAGEMENT, L.P.","",""
"953503","35487","SC U.S. VENTURE 2010 MANAGEMENT, L.P.","",""
"953503","35480","SC U.S. VENTURE 2010 MANAGEMENT, L.P.","",""
"953503","27327","SCGF V MANAGEMENT, L.P.","",""
"953503","27292","SCGF IV MANAGEMENT, L.P.","",""
"953503","27312","SC U.S. VENTURE 2010 MANAGEMENT, L.P.","",""
"953503","27317","SC U.S. VENTURE 2010 MANAGEMENT, L.P.","",""
"953503","27310","SC U.S. VENTURE 2010 MANAGEMENT, L.P.","",""
"953503","27325","SCGF V MANAGEMENT, L.P.","",""
"953503","27289","SCGF IV MANAGEMENT, L.P.","",""
"953503","27256","SCGF III MANAGEMENT, LLC","",""
"953503","27330","SCGGF MANAGEMENT, L.P.","",""
"953503","27272","SCGF III MANAGEMENT, LLC","",""
"953503","27262","SCGF III MANAGEMENT, LLC","",""
"953503","27258","SCGF III MANAGEMENT, LLC","",""
"953503","27250","SCFF MANAGEMENT, LLC","",""
"953503","27245","SCFF MANAGEMENT, LLC","",""
"953503","27201","SC XII MANAGEMENT, LLC","",""
"953503","27199","SC XII MANAGEMENT, LLC","",""
"953503","27175","SC XII MANAGEMENT, LLC","",""
"953503","27171","SC XI MANAGEMENT, LLC","",""
"953503","27168","SC XI MANAGEMENT, LLC","",""
"953503","27158","SC XI MANAGEMENT, LLC","",""
"953503","27046","SC X MANAGEMENT, LLC","",""
"953503","27045","SC X MANAGEMENT, LLC","",""
"953503","77536","SC U.S. GROWTH VI MANAGEMENT, L.P.","",""
"953503","77537","SC U.S. GROWTH VI MANAGEMENT, L.P.","",""
"956504","65827","H2O AM","801-78613","169065"
"956504","65805","TUDOR INVESTMENT CORPORATION","801-73474","159792"
"956504","65815","OMEGA ADVISORS,INC.","801-43464","106867"
"952491","167508","ADVANTECH ADVISORS (HK) LIMITED","",""
"956428","128739","MVM LIFE SCIENCE PARTNERS","802-74926","159225"
"956428","65893","MVM LIFE SCIENCE PARTNERS","802-74926","159225"
"956428","3134","MVM LIFE SCIENCE PARTNERS","802-74926","159225"
"956428","3893","MVM LIFE SCIENCE PARTNERS","802-74926","159225"
"956428","3892","MVM LIFE SCIENCE PARTNERS","802-74926","159225"
"956867","120684","DEUTSCHE ALTERNATIVE ASSET MANAGEMENT (GLOBAL) LIMITED","801-6627",""
"955011","167715","REDVIEW ADVISORS (HK) LIMITED","",""
"950167","167323","CAPRA IBEX ADVISORS LLC","801-74377","160834"
"957434","65173","INFINITAS CAPITAL LLC","","157503"
"957434","65172","EXODUS MANAGEMENT ISRAEL, LTD","",""
"957434","65170","COBIA CAPITAL MANAGEMENT LP","802-76633","163103"
"957434","65145","CLEARANCE CAPITAL LLP","802-79533","166644"
"957434","65144","JORDAN CAPITAL AM, LLC","802-77234","149243"
"957434","167148","RACON CAPITAL","801-77629","166508"
"957434","167148","PIOLET CAPITAL, L.P.","802-77374","165867"
"957434","167148","PCJ INVESTMENT COUNSEL LTD.","801-80724","174083"
"957434","167148","MIDWEST CAPITAL MANAGEMENT, INC.","",""
"957434","167148","DLD ASSET MANAGEMENT, LP","801-79166","170377"
"957434","167148","APPLIED FUNDAMENTAL RESEARCH, LLC","","167645"
"957434","167148","ACCLIVITY CAPITAL MANAGEMENT, LLC","",""
"957434","167149","PROLIFIC CAPITAL MAKRKETS, LLC","",""
"957276","26469","ACORN ADVISORY CAPITAL, L.P.","801-63741","133040"
"956769","35256","MARSHALL WACE ASIA LIMITED","801-72327","157501"
"956769","35256","MARSHALL WACE NORTH AMERICA L.P.","801-70586","135902"
"959415","73736","CQS (HONG KONG) LIMITED","",""
"959415","73736","CQS (US), LLC","801-69452","147329"
"959415","73736","CQS (UK) LLP","",""
"959415","27676","CQS (HONG KONG) LIMITED","",""
"959415","27556","CQS (UK) LLP","",""
"959415","27184","CQS (US), LLC","801-69452","147329"
"959415","27184","CQS (UK) LLP","",""
"959415","27705","CQS (UK) LLP","",""
"959415","27676","CQS (US), LLC","801-69452","147329"
"959415","27676","CQS (UK) LLP","",""
"959415","27556","CQS (US), LLC","801-69452","147329"
"959415","27556","CQS (HONG KONG) LIMITED","",""
"959415","50095","CQS (UK) LLP","",""
"959415","50094","CQS (HONG KONG) LIMITED","",""
"959415","50094","CQS (UK) LLP","",""
"959415","50094","CQS (US), LLC","801-69452","147329"
"959415","168241","CQS (HONG KONG) LIMITED","",""
"959415","168241","CQS (UK) LLP","",""
"959415","168240","CQS (US), LLC","801-69452","147329"
"959415","168240","CQS (HONG KONG) LIMITED","",""
"959232","168225","CQS (HONG KONG) LIMITED","",""
"959232","168226","CQS (HONG KONG) LIMITED","",""
"959232","168226","CQS (US), LLC","801-69452","147329"
"959232","168225","CQS (US), LLC","801-69452","147329"
"958966","36751","IMARA ASSET MANAGEMENT ZIMBABWE (PRIVATE) LIMITED","",""
"947198","167304","BOLDSTART VENTURES GP, LLC","",""
"947198","167305","BOLDSTART VENTURES GP, LLC","",""
"961518","23030","HEADLAND CAPITAL PARTNERS (SINGAPORE) PTE. LTD.","",""
"961518","23032","HEADLAND CAPITAL PARTNERS (SINGAPORE) PTE. LTD.","",""
"961518","23030","HEADLAND CAPITAL PARTNERS (SHANGHAI) LIMITED","",""
"961518","21580","HEADLAND CAPITAL PARTNERS (SHANGHAI) LIMITED","",""
"961518","23032","HEADLAND CAPITAL PARTNERS (SHANGHAI) LIMITED","",""
"960169","65827","H2O AM","801-78613","169065"
"960169","65805","TUDOR INVESTMENT CORPORATION","801-73474","159792"
"960169","65815","OMEGA ADVISORS,INC.","801-43464","106867"
"961596","43707","ABRAAJ CAPITAL LIMITED","",""
"961596","43708","ABRAAJ CAPITAL LIMITED","",""
"961511","22991","ICHIGO ASSET MANAGEMENT LTD.","",""
"961511","22991","ICHIGO (CAYMAN) LIMITED","",""
"948438","64827","FRANKLIN TEMPLETON INVESTMENT MANAGEMENT LIMITED","801-55170","111360"
"955014","7080","SEGANTII CAPITAL MANAGEMENT (CAYMAN) LIMITED","",""
"955014","7080","MIRABELLA FINANCIAL SERVICES LLP","802-75591","160328"
"962416","168510","LAV INVESTMENT CONSULTANCY (SHANGHAI) CO., LTD.","",""
"962416","168510","LAV MANAGEMENT (HONG KONG) COMPANY, LIMITED","",""
"962416","168508","LAV INVESTMENT CONSULTANCY (SHANGHAI) CO., LTD.","",""
"962416","168508","LAV MANAGEMENT (HONG KONG) COMPANY, LIMITED","",""
"962741","35256","MARSHALL WACE NORTH AMERICA L.P.","801-70586","135902"
"962741","35256","MARSHALL WACE ASIA LIMITED","801-72327","157501"
"954305","64986","GALENA PRIVATE EQUITY RESOURCES LIMITED","802-76022","162527"
"954305","64988","T WEALTH MANAGEMENT SA","",""
"948017","168037","ECM","801-63516","132377"
"948017","168038","ECM","801-63516","132377"
"964414","16214","STEEL PARTNERS II GP LLC","",""
"964414","16243","STEEL PARTNERS II GP LLC","",""
"964414","16236","STEEL PARTNERS II GP LLC","",""
"964414","16222","STEEL PARTNERS II GP LLC","",""
"962202","168524","COMPASS PARTNERS INTERNATIONAL JERSEY LIMITED","","282337"
"962202","168522","COMPASS PARTNERS INTERNATIONAL JERSEY LIMITED","","282337"
"962202","168527","COMPASS PARTNERS INTERNATIONAL JERSEY LIMITED","","282337"
"962202","168528","COMPASS PARTNERS INTERNATIONAL JERSEY LIMITED","","282337"
"962202","168526","COMPASS PARTNERS INTERNATIONAL JERSEY LIMITED","","282337"
"962202","168496","COMPASS PARTNERS INTERNATIONAL JERSEY LIMITED","","282337"
"962592","139742","ADVANTAGE ADVISORS, INC.","",""
"962592","139744","ADVANTAGE ADVISORS, INC.","",""
"958025","33897","IDG VIETNAM VENTURES, LLC","",""
