"FilingID","ReferenceID","Name of Prime Broker","SEC Number","CRD Number","City","State","Country","Custodian"
1038434,179431,"WELLS FARGO PRIME SERVICES, LLC","8-66677",133068,"NEW YORK","New York","United States","Y"
1048701,17940,"RBC DOMINION SECURITIES INC.","",,"TORONTO","","Canada","Y"
1048701,17011,"MORGAN STANLEY & CO. LLC","8-15869",8209,"NEW YORK","New York","United States","Y"
1048701,17011,"RBC DOMINION SECURITIES INC.","",,"TORONTO","","Canada","Y"
1048701,17011,"THE BANK OF NOVA SCOTIA","",,"TORONTO","","Canada","Y"
1048701,17011,"BMO NESBITT BURNS INC.","",,"TORONTO","","Canada","Y"
1049479,179431,"WELLS FARGO PRIME SERVICES, LLC","8-66677",133068,"NEW YORK","New York","United States","Y"
1058668,120317,"WEDBUSH SECURITIES INC.","8-12987",877,"NEW YORK","New York","United States","Y"
1043187,56601,"UBS AG","",,"LONDON","","United Kingdom","Y"
1043187,56601,"MORGAN STANLEY & CO INTERNATIONAL PLC","",,"LONDON","","United Kingdom","Y"
1043187,56601,"MERRILL LYNCH INTERNATIONAL","",,"LONDON","","United Kingdom","Y"
1050159,56374,"UBS SECURITIES LLC","8-22651",7654,"SAN FRANCISCO","California","United States","Y"
1050159,56374,"MORGAN STANLEY & CO. LLC","8-15869",8209,"SAN FRANCISCO","California","United States","Y"
1048968,180323,"PERSHING LLC","8-17574",7560,"JERSEY CITY","New Jersey","United States","Y"
1046863,180097,"ICBC STANDARD SECURITIES INC.","8-46816",35560,"NEW YORK","New York","United States","Y"
1046863,180097,"GLOBAL INVESTMENT STRATEGY UK LIMITED","",,"LONDON","","United Kingdom","Y"
1048311,64503,"DEUTSCHE BANK AG","",,"LONDON","","United Kingdom","Y"
1048311,64490,"DEUTSCHE BANK AG","",,"LONDON","","United Kingdom","Y"
1048311,64505,"DEUTSCHE BANK AG","",,"LONDON","","United Kingdom","Y"
1048311,64505,"MERRILL LYNCH INTERNATIONAL","",,"LONDON","","United Kingdom","Y"
1048311,64505,"SOCIETE GENERALE NEWEDGE UK LIMITED","",,"LONDON","","United Kingdom","Y"
1048311,64505,"JP MORGAN SECURITIES PLC","",,"LONDON","","United Kingdom","Y"
1048311,64505,"GOLDMAN SACHS INTERNATIONAL","",,"LONDON","","United Kingdom","Y"
1048311,64505,"CREDIT SUISSE SECURITIES (EUROPE) LIMITED","",,"LONDON","","United Kingdom","Y"
1048311,64504,"GOLDMAN, SACHS & CO.","8-129",361,"NEW YORK","New York","United States","Y"
1048311,64504,"CREDIT SUISSE SECURITIES (EUROPE) LIMITED","",,"LONDON","","United Kingdom","Y"
1048311,64504,"SOCIETE GENERALE NEWEDGE UK LIMITED","",,"LONDON","","United Kingdom","Y"
1048311,64504,"J.P. MORGAN SECURITIES LTD","",,"LONDON","","United Kingdom","Y"
1048311,64503,"SOCIETE GENERALE NEWEDGE UK LIMITED","",,"LONDON","","United Kingdom","Y"
1048311,64503,"J.P. MORGAN SECURITIES LTD","",,"LONDON","","United Kingdom","Y"
1048311,64490,"SOCIETE GENERALE NEWEDGE UK LIMITED","",,"LONDON","","United Kingdom","Y"
1048311,64490,"GOLDMAN SACHS INTERNATIONAL","",,"LONDON","","United Kingdom","Y"
1048311,64490,"CREDIT SUISSE SECURITIES (EUROPE) LIMITED","",,"LONDON","","United Kingdom","Y"
1048311,64504,"GOLDMAN SACHS INTERNATIONAL","",,"LONDON","","United Kingdom","N"
1048311,180259,"GOLDMAN SACHS INTERNATIONAL","",,"LONDON","","United Kingdom","Y"
1048311,180259,"CREDIT SUISSE SECURITIES EUROPE LTD","",,"LONDON","","United Kingdom","Y"
1048311,180259,"DEUTSCHE BANK AG","",,"LONDON","","United Kingdom","N"
1051954,72601,"MORGAN STANLEY & CO. INTERNATIONAL PLC","",,"LONDON","","United Kingdom","Y"
1051954,72601,"GOLDMAN SACHS INTERNATIONAL","",,"LONDON","","United Kingdom","Y"
1055927,22991,"MORGAN STANLEY & CO INTERNATIONAL PLC","",,"SINGAPORE","","Singapore","Y"
1047951,180211,"CREDIT SUISSE","",,"NEW YORK","New York","United States","Y"
1047951,180211,"BANK OF AMERICA MERRILL LYNCH","",,"NEW YORK","New York","United States","Y"
1050051,19978,"GOLDMAN SACHS INTERNATIONAL","",,"LONDON","","United Kingdom","Y"
1050622,168722,"MORGAN STANLEY & CO. LLC","8-15869",8209,"NEW YORK","New York","United States","Y"
1048278,170363,"J.P. MORGAN CLEARING CORP.","8-43724",28432,"JERSEY","New Jersey","United States","Y"
1044759,179968,"MORGAN STANLEY & CO. INTERNATIONAL PLC.","",,"LONDON","","United Kingdom","Y"
1051100,7080,"HSBC BANK PLC","",,"HONG KONG","","Hong kong","Y"
1051100,7080,"CREDIT SUISSE SECURITIES (EUROPE) LIMITED","",,"HONG KONG","","Hong kong","Y"
1051100,7080,"UBS AG, LONDON BRANCH","",,"HONG KONG","","Hong kong","Y"
1051100,7080,"DEUTSCHE BANK AG, LONDON BRANCH","",,"HONG KONG","","Hong kong","Y"
1051100,7080,"MERRILL LYNCH INTERNATIONAL","",,"HONG KONG","","Hong kong","Y"
1051100,7080,"MORGAN STANLEY AND CO","",,"HONG KONG","","Hong kong","Y"
1051100,7080,"GOLDMAN SACHS INTERNATIONAL","",,"HONG KONG","","Hong kong","Y"
1051100,7080,"JP MORGAN SECURITIES PLC","",,"HONG KONG","","Hong kong","Y"
1058663,56374,"UBS SECURITIES LLC","8-22651",7654,"SAN FRANCISCO","California","United States","Y"
1058663,56374,"MORGAN STANLEY & CO. LLC","8-15869",8209,"SAN FRANCISCO","California","United States","Y"
1057517,35669,"CONIFER SECURITIES, LLC","",,"SAN FRANCISCO","California","United States","Y"
1057517,35664,"CONIFER SECURITIES, LLC","",,"SAN FRANCISCO","California","United States","Y"
1057517,35657,"GOLDMAN SACHS & CO.","",,"SAN FRANCISCO","California","United States","Y"
1054808,22425,"MERRILL LYNCH PIERCE, FENNER & SMITH INCORPORATED","",,"SAN FRANSISCO","California","United States","Y"
1054808,22425,"MORGAN STANLEY SMITH BARNEY LLC","",,"SANTA BARBARA","California","United States","Y"
1054808,22442,"MORGAN STANLEY SMITH BARNEY LLC","",,"SANTA BARBARA","California","United States","N"
1051220,180600,"MORGAN STANLEY & CO INTERNATIONAL PLC","",,"LONDON","","United Kingdom","N"
1051220,180600,"UBS AG","",,"LONDON","","United Kingdom","N"
1050555,172929,"MORGAN STANLEY & CO. INTERNATIONAL PLC","",,"LONDON","","United Kingdom","Y"
1052692,29461,"UBS AG","",,"LONDON","","United Kingdom","Y"
1052692,29461,"MORGAN STANLEY & CO. INTERNATIONAL PLC","",,"LONDON","","United Kingdom","Y"
1052692,29461,"GOLDMAN SACHS INTERNATIONAL","",,"LONDON","","United Kingdom","Y"
1052692,57430,"GOLDMAN SACHS INTERNATIONAL","",,"LONDON","","United Kingdom","Y"
1052692,57430,"UBS AG","",,"LONDON","","United Kingdom","Y"
1058256,24059,"MORGAN STANLEY & CO. LLC","8-15869",8209,"NEW YORK","New York","United States","Y"
1058256,24070,"MORGAN STANLEY & CO. LLC","8-15869",8209,"NEW YORK","New York","United States","Y"
1047388,179224,"INTERACTIVE BROKERS LLC","8-47257",36418,"GREENWICH","Connecticut","United States","Y"
1049406,180371,"CREDIT SUISSE PRIVATE ADVISORS AG","8-53440",112892,"ZURICH","","Switzerland","Y"
1047244,44430,"HSBC BANK PLC","",,"LONDON, ENGLAND","","United Kingdom","Y"
1047244,44430,"CREDIT SUISSE SECURITIES (EUROPE) LIMITED","",,"LONDON, ENGLAND","","United Kingdom","Y"
1047244,68939,"MORGAN STANLEY & CO. INTERNATIONAL PLC","",,"LONDON","","United Kingdom","Y"
1047244,44430,"UBS AG, ACTING THROUGH ITS LONDON BRANCH","",,"LONDON, ENGLAND","","United Kingdom","Y"
1047244,44430,"MERRILL LYNCH INTERNATIONAL","",,"LONDON, ENGLAND","","United Kingdom","Y"
1047244,44430,"MORGAN STANLEY & CO. INTERNATIONAL PLC","",,"LONDON, ENGLAND","","United Kingdom","Y"
1052084,67329,"INTERACTIVE BROKERS LLC","8-47257",36418,"GREENWICH","Connecticut","United States","Y"
1051170,180589,"INTERACTIVE BROKERS LLC","8-47257",36418,"GREENWICH","Connecticut","United States","Y"
1054958,171912,"RICHARDSON GMP (USA) CORP.","8-52658",104204,"CALGARY, ALBERTA","","Canada","Y"
1054958,47222,"DUNDEE SECURITIES INC.","8-48886",39759,"CALGARY","","Canada","Y"
1054958,47222,"RICHARDSON GMP (USA) CORP.","8-52658",104204,"CALGARY, ALBERTA","","Canada","Y"
1054958,47222,"FIRST ENERGY CAPITAL","",,"CALGARY, ALBERTA","","Canada","Y"
1054958,2230,"NATIONAL BANK OF CANADA FINANCIAL INC.","8-39947",22698,"CALGARY, ALBERTA","","Canada","Y"
1054958,2234,"FIRST ENERGY CAPITAL","",,"CALGARY, ALBERTA","","Canada","Y"
1054958,2234,"PETERS & CO. EQUITIES INC.","8-48219",38165,"CALGARY, ALBERTA","","Canada","Y"
1054958,2234,"RICHARDSON GMP (USA) CORP.","8-52658",104204,"CALGARY, ALBERTA","","Canada","Y"
1054958,2230,"RICHARDSON GMP (USA) CORP.","8-52658",104204,"CALGARY, ALBERTA","","Canada","Y"
1054958,171928,"RICHARDSON GMP (USA) CORP.","8-52658",104204,"CALGARY, ALBERTA","","Canada","Y"
1054958,171929,"RICHARDSON GMP (USA) CORP.","8-52658",104204,"CALGARY, ALBERTA","","Canada","Y"
1047040,158794,"TD AMERITRADE, INC.","8-23395",7870,"OMAHA","Nebraska","United States","Y"
1031422,43597,"DEUTSCHE BANK AG HO CHI MINH CITY BRANCH","",,"HO CHI MINH CITY","","Vietnam","Y"
1031422,43597,"CHINA INTERNATIONAL CAPITAL CORPORATION LIMITED","",,"SHENZHEN","","China","N"
1031422,178778,"MORGAN STANLEY & CO., INTERNATIONAL PLC","",,"LONDON","","United Kingdom","Y"
1031422,43597,"CHINA INTERNATIONAL CAPITAL CORPORATION HONG KONG SECURITIES LIMITED","",,"HONG KONG","","China","N"
1031422,43595,"BOC INTERNATIONAL (CHINA) LIMITED","",,"BEIJING","","China","N"
1031422,43595,"CHINA INTERNATIONAL CAPITAL CORPORATION LIMITED","",,"SHENZHEN","","China","N"
1031422,43594,"CHINA INTERNATIONAL CAPITAL CORPORATION LIMITED","",,"SHENZHEN","","China","N"
1031422,43594,"GF SECURITIES CO LTD","",,"GUANGZHOU","","China","N"
1031422,43597,"MORGAN STANLEY & CO., INTERNATIONAL PLC","",,"LONDON","","United Kingdom","N"
1031422,178817,"JPMORGAN CHASE BANK, N.A., LONDON BRANCH","",,"LONDON","","United Kingdom","Y"
1031422,43597,"PT. CIMB SECURITIES INDONESIA","",,"JAKARTA","","Indonesia","N"
1031422,43594,"JPMORGAN CHASE BANK, N.A., LONDON BRANCH","",,"LONDON","","United Kingdom","Y"
1031422,43594,"UBS AG HONG KONG BRANCH","",,"HONG KONG","","China","Y"
1031422,43595,"CHINA INTERNATIONAL CAPITAL CORPORATION LIMITED","",,"BEIJING","","China","N"
1031422,43595,"JPMORGAN CHASE BANK, N.A., LONDON BRANCH","",,"LONDON","","United Kingdom","Y"
1031422,178786,"GOLDMAN SACHS INTERNATIONAL","",,"LONDON","","United Kingdom","Y"
1031422,178781,"CHINA INTERNATIONAL CAPITAL CORPORATION LIMITED","",,"BEIJING","","China","N"
1050432,1703,"MORGAN STANLEY & CO. LLC","8-15869",8209,"NEW YORK","New York","United States","N"
1050432,1703,"FIDELITY BROKERAGE SERVICES LLC","8-23292",7784,"BOSTON","Massachusetts","United States","Y"
1050432,1697,"MORGAN STANLEY & CO. LLC","8-15869",8209,"NEW YORK","New York","United States","N"
1050432,1697,"FIDELITY BROKERAGE SERVICES LLC","8-23292",7784,"BOSTON","Massachusetts","United States","Y"
1053725,5409,"BTIG, LLC","8-65473",122225,"SAN FRANCISCO","California","United States","N"
1044136,179904,"WEEDEN PRIME SERVICES, LLC.","8-67787",146103,"GREENWICH","Connecticut","United States","N"
1044136,179903,"WEEDEN PRIME SERVICES, LLC.","8-67787",146103,"GREENWICH","Connecticut","United States","N"
1052717,180600,"UBS AG","",,"LONDON","","United Kingdom","N"
1052717,180600,"MORGAN STANLEY & CO INTERNATIONAL PLC","",,"LONDON","","United Kingdom","N"
1041051,179630,"SOCIETE GENERALE","",,"DUBLIN","","Ireland","N"
1041051,33054,"DEUTSCHE BANK SECURITIES INC.","8-17822",2525,"NEW YORK","New York","United States","Y"
1050950,180558,"COWEN PRIME SERVICES","",,"NEW YORK","New York","United States","N"
1040308,179554,"FIDELITY BROKERAGE SERVICES LLC","8-23292",7784,"SMITHFIELD","Rhode Island","United States","N"
1047424,180147,"SHARD CAPITAL PARTNERS, LP","",,"LONDON","","United Kingdom","N"
1047424,180146,"ALBERT FRIED & COMPANY, LLC","8-3337",1914,"NEW YORK","New York","United States","N"
1047424,180146,"SHARD CAPITAL PARTNERS, LP","",,"LONDON","","United Kingdom","N"
1047424,180147,"ALBERT FRIED & COMPANY, LLC","8-3337",1914,"NEW YORK","New York","United States","N"
1047424,180148,"ALBERT FRIED & COMPANY, LLC","8-3337",1914,"NEW YORK","New York","United States","N"
1047424,180148,"SHARD CAPITAL PARTNERS, LP","",,"LONDON","","United Kingdom","N"
1047823,168125,"MERRILL LYNCH PROFESSIONAL CLEARING CORP.","8-33359",16139,"NEW YORK","New York","United States","Y"
1047823,168125,"NOMURA SECURITIES INTERNATIONAL, INC.","8-15255",4297,"NEW YORK","New York","United States","Y"
1052222,32149,"BNP PARIBAS, LONDON BRANCH","",,"LONDON","","United Kingdom","Y"
1052222,32149,"MERRILL LYNCH, PIERCE, FENNER & SMITH INCORPORATED","8-7221",7691,"NEW YORK","New York","United States","Y"
1052222,32149,"MERRILL LYNCH INTERNATIONAL","",,"LONDON","","United Kingdom","Y"
1052222,32066,"BARCLAYS CAPITAL INC.","8-41342",19714,"NEW YORK","New York","United States","Y"
1052222,32149,"BARCLAYS CAPITAL INC.","8-41342",19714,"NEW YORK","New York","United States","Y"
1052222,32149,"UBS AG, LONDON BRANCH","",,"LONDON","","United Kingdom","Y"
1052222,32066,"BARCLAYS BANK PLC","",,"LONDON","","United Kingdom","Y"
1052222,32066,"CREDIT SUISSE SECURITIES (EUROPE) LTD","",,"LONDON","","United Kingdom","Y"
1052222,32066,"BNP PARIBAS, LONDON BRANCH","",,"LONDON","","United Kingdom","Y"
1052222,32066,"UBS AG, LONDON BRANCH","",,"LONDON","","United Kingdom","Y"
1052222,32149,"BARCLAYS CAPITAL SECURITES LIMITED","",,"LONDON","","United Kingdom","Y"
1052222,32066,"MERRILL LYNCH, PIERCE, FENNER & SMITH INCORPORATED","8-7221",7691,"NEW YORK","New York","United States","Y"
1052222,32066,"MERRILL LYNCH INTERNATIONAL","",,"LONDON","","United Kingdom","Y"
1052222,32066,"CREDIT SUISSE SECURITIES (USA) LLC","8-422",816,"NEW YORK","New York","United States","Y"
1052222,32066,"BARCLAYS CAPITAL SECURITES LIMITED","",,"LONDON","","United Kingdom","Y"
1052222,32149,"BARCLAYS BANK PLC","",,"LONDON","","United Kingdom","Y"
1047649,179446,"GREENWICH PRIME TRADING GROUP, LLC","8-65408",121430,"STAMFORD","Connecticut","United States","N"
1047649,179446,"WELLS FARGO PRIME SERVICES, LLC","8-66677",133068,"NEW YORK","New York","United States","N"
1049869,75410,"WEALTHFORGE SECURITIES, LLC","8-68464",152550,"RICHMOND","Virginia","United States","N"
1049869,75554,"WEALTHFORGE SECURITIES, LLC","8-68464",152550,"RICHMOND","Virginia","United States","N"
1049869,75551,"WEALTHFORGE SECURITIES, LLC","8-68464",152550,"RICHMOND","Virginia","United States","N"
1049869,75547,"WEALTHFORGE SECURITIES, LLC","8-68464",152550,"RICHMOND","Virginia","United States","N"
1049869,75534,"WEALTHFORGE SECURITIES, LLC","8-68464",152550,"RICHMOND","Virginia","United States","N"
1049869,75525,"WEALTHFORGE SECURITIES, LLC","8-68464",152550,"RICHMOND","Virginia","United States","N"
1049869,75520,"WEALTHFORGE SECURITIES, LLC","8-68464",152550,"RICHMOND","Virginia","United States","N"
1049869,75500,"WEALTHFORGE SECURITIES, LLC","8-68464",152550,"RICHMOND","Virginia","United States","N"
1049869,75465,"WEALTHFORGE SECURITIES, LLC","8-68464",152550,"RICHMOND","Virginia","United States","N"
1049869,75468,"WEALTHFORGE SECURITIES, LLC","8-68464",152550,"RICHMOND","Virginia","United States","N"
1049869,75452,"WEALTHFORGE SECURITIES, LLC","8-68464",152550,"RICHMOND","Virginia","United States","N"
1049869,75456,"WEALTHFORGE SECURITIES, LLC","8-68464",152550,"RICHMOND","Virginia","United States","N"
1049869,76729,"WEALTHFORGE SECURITIES, LLC","8-68464",152550,"RICHMOND","Virginia","United States","N"
1049869,174685,"WEALTHFORGE SECURITIES, LLC","8-68464",152550,"RICHMOND","Virginia","United States","N"
1049869,174715,"WEALTHFORGE SECURITIES, LLC","8-68464",152550,"RICHMOND","Virginia","United States","N"
1049869,174698,"WEALTHFORGE SECURITIES, LLC","8-68464",152550,"RICHMOND","Virginia","United States","N"
1049869,174688,"WEALTHFORGE SECURITIES, LLC","8-68464",152550,"RICHMOND","Virginia","United States","N"
1049869,174719,"WEALTHFORGE SECURITIES, LLC","8-68464",152550,"RICHMOND","Virginia","United States","N"
1049869,174717,"WEALTHFORGE SECURITIES, LLC","8-68464",152550,"RICHMOND","Virginia","United States","N"
1049869,174713,"WEALTHFORGE SECURITIES, LLC","8-68464",152550,"RICHMOND","Virginia","United States","N"
1049869,174711,"WEALTHFORGE SECURITIES, LLC","8-68464",152550,"RICHMOND","Virginia","United States","N"
1049869,174721,"NORTH CAPITAL PRIVATE SECURITIES CORPORATION","8-68648",154559,"SALT LAKE CITY","Utah","United States","N"
1049869,174701,"WEALTHFORGE SECURITIES, LLC","8-68464",152550,"RICHMOND","Virginia","United States","N"
1049869,174724,"WEALTHFORGE SECURITIES, LLC","8-68464",152550,"RICHMOND","Virginia","United States","N"
1049869,174723,"NORTH CAPITAL PRIVATE SECURITIES CORPORATION","8-68648",154559,"SALT LAKE CITY","Utah","United States","N"
1049869,75424,"WEALTHFORGE SECURITIES, LLC","8-68464",152550,"RICHMOND","Virginia","United States","N"
1049869,75420,"WEALTHFORGE SECURITIES, LLC","8-68464",152550,"RICHMOND","Virginia","United States","N"
1049869,75417,"WEALTHFORGE SECURITIES, LLC","8-68464",152550,"RICHMOND","Virginia","United States","N"
1044593,57630,"BTIG, LLC","",,"NEW YORK","New York","United States","Y"
1047588,178478,"INTERACTIVE BROKERS LLC","8-47257",36418,"GREENWICH","Connecticut","United States","Y"
1047795,180205,"GOLDMAN, SACHS & CO.","8-129",361,"NEW YORK","New York","United States","Y"
1047795,180205,"MORGAN STANLEY & CO. LLC","8-15869",8209,"NEW YORK","New York","United States","Y"
1048633,179224,"INTERACTIVE BROKERS LLC","8-47257",36418,"GREENWICH","Connecticut","United States","Y"
1049254,168722,"MORGAN STANLEY & CO. LLC","8-15869",8209,"NEW YORK","New York","United States","Y"
1051850,76378,"MORGAN STANLEY & CO. LLC","8-15869",8209,"NEW YORK","New York","United States","Y"
1051850,76380,"MORGAN STANLEY & CO. LLC","8-15869",8209,"NEW YORK","New York","United States","Y"
1051850,74122,"MORGAN STANLEY & CO. LLC","8-15869",8209,"NEW YORK","New York","United States","Y"
1054870,64987,"GOLDMAN SACHS INTERNATIONAL LIMITED","",,"LONDON","","United Kingdom","Y"
1057901,14107,"BTIG, LLC","8-65473",122225,"SAN FRANCISCO","California","United States","Y"
1057901,14101,"BTIG, LLC","8-65473",122225,"SAN FRANCISCO","California","United States","Y"
1043294,179817,"TD SECURITIES","",,"TORONTO","","Canada","Y"
1043294,179817,"BTIG, LLC","8-65473",122225,"NEW YORK","New York","United States","N"
1049074,180330,"INTERACTIVE BROKERS LLC","8-47257",36418,"LOS ANGELES","California","United States","Y"
1046273,180107,"UBS AG","",,"SINGAPORE","","Singapore","Y"
1046273,180106,"UBS AG","",,"SINGAPORE","","Singapore","Y"
1045429,4729,"MORGAN STANLEY & CO INTERNATIONAL PLC","",,"LONDON","","United Kingdom","Y"
1045429,4729,"CREDIT SUISSE SECURITIES (EUROPE) LTD","",,"LONDON","","United Kingdom","Y"
1044369,179943,"MERRILL LYNCH INTERNATIONAL","",,"LONDON","","United Kingdom","Y"
1044369,179943,"MORGAN STANLEY & CO. INTERNATIONAL PLC.","",,"LONDON","","United Kingdom","Y"
1044369,179943,"GOLDMAN, SACHS INTERNATIONAL","",,"LONDON","","United Kingdom","Y"
1055634,179968,"MORGAN STANLEY & CO. INTERNATIONAL PLC.","",,"LONDON","","United Kingdom","Y"
1045608,179801,"NORDEA BANK ASA","",,"OSLO","","Norway","Y"
1045608,179806,"NORDEA BANK ASA","",,"OSLO","","Norway","Y"
1045608,179575,"NORDEA BANK ASA","",,"OSLO","","Norway","Y"
1045608,179792,"NORDEA BANK ASA","",,"OSLO","","Norway","Y"
1043504,68661,"MORGAN STANLEY & CO. LLC","8-15869",8209,"NEW YORK","New York","United States","Y"
1048429,55596,"DEUTSCHE BANK SECURITIES INC.","8-17822",2525,"SAN FRANCISCO","California","United States","Y"
1048429,55596,"UBS SECURITIES LLC","8-22651",7654,"SAN FRANCISCO","California","United States","Y"
1048429,55652,"DEUTSCHE BANK SECURITIES INC.","8-17822",2525,"SAN FRANCISCO","California","United States","Y"
1048429,55652,"UBS SECURITIES LLC","8-22651",7654,"SAN FRANCISCO","California","United States","Y"
1047692,166896,"MORGAN STANLEY & CO. INTERNATIONAL PLC","",,"LONDON","","United Kingdom","Y"
1053988,178585,"UBS AG","",,"LONDON","","United Kingdom","Y"
1053988,178585,"MORGAN STANLEY INTERNATIONAL PLC","",,"LONDON","","United Kingdom","Y"
1058379,58989,"TD SECURITIES","",,"TORONTO, ON","","Canada","Y"
1058379,33223,"TD SECURITIES","",,"TORONTO, ON","","Canada","Y"
1056592,6853,"GOLDMAN, SACHS & CO.","8-129",361,"NEW YORK","New York","United States","Y"
1056592,6853,"MORGAN STANLEY & CO. LLC","8-15869",8209,"NEW YORK","New York","United States","Y"
1040903,23675,"CREDIT SUISSE SECURITIES (EUROPE) LIMITED","",,"LONDON, ENGLAND","","United Kingdom","Y"
1040903,23675,"UBS AG, LONDON BRANCH","",,"LONDON, ENGLAND","","United Kingdom","Y"
1040903,23675,"GOLDMAN SACHS INTERNATIONAL","",,"LONDON, ENGLAND","","United Kingdom","Y"
1040903,175106,"CREDIT SUISSE SECURITIES (EUROPE) LIMITED","",,"LONDON, ENGLAND","","United Kingdom","Y"
1040903,175106,"GOLDMAN SACHS INTERNATIONAL","",,"LONDON, ENGLAND","","United Kingdom","Y"
1043069,43715,"MUFG UNION BANK N.A.","",,"SAN FRANCISCO","California","United States","Y"
1043984,68499,"MORGAN STANLEY","8-68191",149777,"SAN JOSE","California","United States","Y"
1043984,68489,"MORGAN STANLEY","8-68191",149777,"SAN JOSE","California","United States","Y"
1042063,179716,"INTERACTIVE BROKERS","8-133440",,"GREENWICH","Connecticut","United States","Y"
1049750,3474,"CITIGROUP GLOBAL MARKETS LIMITED","",,"LONDON","","United Kingdom","Y"
1044165,168015,"GOLDMAN SACHS INTERNATIONAL","",,"LONDON","","United Kingdom","Y"
1043919,176102,"J.P. MORGAN CLEARING CORP.","8-43724",28432,"BROOKLYN","New York","United States","Y"
1043201,179831,"UBS","",,"LONDON","","United Kingdom","Y"
1043201,179831,"MORGAN STANLEY INTERNATIONAL","",,"LONDON","","United Kingdom","Y"
1052205,6480,"GMP SECURITIES LP","",,"TORONTO","","Canada","Y"
1052205,6480,"ALTACORP CAPITAL INC.","",,"CALGARY","","Canada","Y"
1052205,6475,"ALTACORP CAPITAL INC","",,"CALGARY","","Canada","Y"
1052205,6475,"GMP SECURITIES LP","",,"TORONTO","","Canada","Y"
1044778,168432,"CANTOR FITZGERALD & CO.","8-201",134,"NEW YORK","New York","United States","Y"
1043923,35615,"J.P. MORGAN CLEARING CORP.","8-43724",28432,"BROOKLYN","New York","United States","Y"
1049673,47294,"COWEN PRIME SERVICES TRADING LLC","8-40756",23857,"NEW YORK","New York","United States","Y"
1046747,46787,"MORGAN STANLEY & CO. LLC","8-15869",8209,"NEW YORK","New York","United States","Y"
1046699,46018,"UBS AG","",,"LONDON","","United Kingdom","Y"
1046699,46018,"GOLDMAN SACHS & CO.","",,"NEW YORK","New York","United States","Y"
1047153,43699,"SHORELINE TRADING GROUP LLC","8-49613",41888,"SANTAMONICA","California","United States","N"
1047153,43700,"SHORELINE TRADING GROUP LLC","8-49613",41888,"SANTAMONICA","California","United States","N"
1053561,137740,"JEFFERIES LLC","8-15074",2347,"NEW YORK","New York","United States","Y"
1056536,45323,"WEEDEN PRIME SERVICES, LLC.","8-67787",146103,"GREENWICH","Connecticut","United States","Y"
1043630,178285,"GOLDMAN SACHS & CO.","",,"NEW YORK","New York","United States","Y"
1043630,178277,"MORGAN STANLEY","",,"NEW YORK","New York","United States","Y"
1043630,178277,"GOLDMAN SACHS & CO.","",,"NEW YORK","New York","United States","Y"
1043630,178285,"MORGAN STANLEY","",,"NEW YORK","New York","United States","Y"
1043630,178730,"GOLDMAN SACHS & CO.","",,"NEW YORK","New York","United States","Y"
1043630,178278,"MORGAN STANLEY","",,"NEW YORK","New York","United States","Y"
1043630,178278,"GOLDMAN SACHS & CO.","",,"NEW YORK","New York","United States","Y"
1043630,178730,"MORGAN STANLEY","",,"NEW YORK","New York","United States","Y"
1048992,180359,"MORGAN STANLEY & CO INTERNATIONAL LIMITED","",,"LONDON","","United Kingdom","Y"
1048992,180359,"CREDIT SUISSE SECURITIES (EUROPE) LIMITED","",,"LONDON","","United Kingdom","Y"
1055664,64503,"DEUTSCHE BANK AG","",,"LONDON","","United Kingdom","Y"
1055664,64490,"DEUTSCHE BANK AG","",,"LONDON","","United Kingdom","Y"
1055664,64505,"DEUTSCHE BANK AG","",,"LONDON","","United Kingdom","Y"
1055664,64505,"MERRILL LYNCH INTERNATIONAL","",,"LONDON","","United Kingdom","Y"
1055664,64505,"SOCIETE GENERALE NEWEDGE UK LIMITED","",,"LONDON","","United Kingdom","Y"
1055664,64505,"JP MORGAN SECURITIES PLC","",,"LONDON","","United Kingdom","Y"
1055664,64505,"GOLDMAN SACHS INTERNATIONAL","",,"LONDON","","United Kingdom","Y"
1055664,64505,"CREDIT SUISSE SECURITIES (EUROPE) LIMITED","",,"LONDON","","United Kingdom","Y"
1055664,64504,"GOLDMAN, SACHS & CO.","8-129",361,"NEW YORK","New York","United States","Y"
1055664,64504,"CREDIT SUISSE SECURITIES (EUROPE) LIMITED","",,"LONDON","","United Kingdom","Y"
1055664,64504,"SOCIETE GENERALE NEWEDGE UK LIMITED","",,"LONDON","","United Kingdom","Y"
1055664,64504,"J.P. MORGAN SECURITIES LTD","",,"LONDON","","United Kingdom","Y"
1055664,64503,"SOCIETE GENERALE NEWEDGE UK LIMITED","",,"LONDON","","United Kingdom","Y"
1055664,64503,"J.P. MORGAN SECURITIES LTD","",,"LONDON","","United Kingdom","Y"
1055664,64490,"SOCIETE GENERALE NEWEDGE UK LIMITED","",,"LONDON","","United Kingdom","Y"
1055664,64490,"GOLDMAN SACHS INTERNATIONAL","",,"LONDON","","United Kingdom","Y"
1055664,64490,"CREDIT SUISSE SECURITIES (EUROPE) LIMITED","",,"LONDON","","United Kingdom","Y"
1055664,64504,"GOLDMAN SACHS INTERNATIONAL","",,"LONDON","","United Kingdom","N"
1055664,180259,"GOLDMAN SACHS INTERNATIONAL","",,"LONDON","","United Kingdom","Y"
1055664,180259,"CREDIT SUISSE SECURITIES EUROPE LTD","",,"LONDON","","United Kingdom","Y"
1055664,180259,"DEUTSCHE BANK AG","",,"LONDON","","United Kingdom","N"
1046260,21570,"GOLDMAN SACHS INTERNATIONAL","",,"LONDON","","United Kingdom","Y"
1046260,21570,"CITIGROUP GLOBAL MARKETS LIMITED","",,"LONDON","","United Kingdom","Y"
1046260,21456,"CITIGROUP GLOBAL MARKETS LIMITED","",,"LONDON","","United Kingdom","Y"
1048868,75410,"WEALTHFORGE SECURITIES, LLC","8-68464",152550,"RICHMOND","Virginia","United States","N"
1048868,75554,"WEALTHFORGE SECURITIES, LLC","8-68464",152550,"RICHMOND","Virginia","United States","N"
1048868,75551,"WEALTHFORGE SECURITIES, LLC","8-68464",152550,"RICHMOND","Virginia","United States","N"
1048868,75547,"WEALTHFORGE SECURITIES, LLC","8-68464",152550,"RICHMOND","Virginia","United States","N"
1048868,75534,"WEALTHFORGE SECURITIES, LLC","8-68464",152550,"RICHMOND","Virginia","United States","N"
1048868,75525,"WEALTHFORGE SECURITIES, LLC","8-68464",152550,"RICHMOND","Virginia","United States","N"
1048868,75520,"WEALTHFORGE SECURITIES, LLC","8-68464",152550,"RICHMOND","Virginia","United States","N"
1048868,75500,"WEALTHFORGE SECURITIES, LLC","8-68464",152550,"RICHMOND","Virginia","United States","N"
1048868,75465,"WEALTHFORGE SECURITIES, LLC","8-68464",152550,"RICHMOND","Virginia","United States","N"
1048868,75468,"WEALTHFORGE SECURITIES, LLC","8-68464",152550,"RICHMOND","Virginia","United States","N"
1048868,75452,"WEALTHFORGE SECURITIES, LLC","8-68464",152550,"RICHMOND","Virginia","United States","N"
1048868,75456,"WEALTHFORGE SECURITIES, LLC","8-68464",152550,"RICHMOND","Virginia","United States","N"
1048868,76729,"WEALTHFORGE SECURITIES, LLC","8-68464",152550,"RICHMOND","Virginia","United States","N"
1048868,174685,"WEALTHFORGE SECURITIES, LLC","8-68464",152550,"RICHMOND","Virginia","United States","N"
1048868,174715,"WEALTHFORGE SECURITIES, LLC","8-68464",152550,"RICHMOND","Virginia","United States","N"
1048868,174698,"WEALTHFORGE SECURITIES, LLC","8-68464",152550,"RICHMOND","Virginia","United States","N"
1048868,174688,"WEALTHFORGE SECURITIES, LLC","8-68464",152550,"RICHMOND","Virginia","United States","N"
1048868,174719,"WEALTHFORGE SECURITIES, LLC","8-68464",152550,"RICHMOND","Virginia","United States","N"
1048868,174717,"WEALTHFORGE SECURITIES, LLC","8-68464",152550,"RICHMOND","Virginia","United States","N"
1048868,174713,"WEALTHFORGE SECURITIES, LLC","8-68464",152550,"RICHMOND","Virginia","United States","N"
1048868,174711,"WEALTHFORGE SECURITIES, LLC","8-68464",152550,"RICHMOND","Virginia","United States","N"
1048868,174721,"NORTH CAPITAL PRIVATE SECURITIES CORPORATION","8-68648",154559,"SALT LAKE CITY","Utah","United States","N"
1048868,174701,"WEALTHFORGE SECURITIES, LLC","8-68464",152550,"RICHMOND","Virginia","United States","N"
1048868,174724,"WEALTHFORGE SECURITIES, LLC","8-68464",152550,"RICHMOND","Virginia","United States","N"
1048868,174723,"NORTH CAPITAL PRIVATE SECURITIES CORPORATION","8-68648",154559,"SALT LAKE CITY","Utah","United States","N"
1048868,75424,"WEALTHFORGE SECURITIES, LLC","8-68464",152550,"RICHMOND","Virginia","United States","N"
1048868,75420,"WEALTHFORGE SECURITIES, LLC","8-68464",152550,"RICHMOND","Virginia","United States","N"
1048868,75417,"WEALTHFORGE SECURITIES, LLC","8-68464",152550,"RICHMOND","Virginia","United States","N"
1047647,168125,"MERRILL LYNCH PROFESSIONAL CLEARING CORP.","8-33359",16139,"NEW YORK","New York","United States","Y"
1047647,168125,"NOMURA SECURITIES INTERNATIONAL, INC.","8-15255",4297,"NEW YORK","New York","United States","Y"
1058293,181095,"MORGAN STANLEY & CO. LLC","8-15869",8209,"NEW YORK","New York","United States","Y"
1041387,27753,"MERRILL LYNCH INTERNATIONAL","",,"LONDON","","United Kingdom","Y"
1041387,27846,"HSBC BANK PLC","",,"LONDON","","United Kingdom","Y"
1041387,27831,"HSBC BANK PLC","",,"LONDON","","United Kingdom","Y"
1041387,27846,"UBS AG","",,"LONDON","","United Kingdom","Y"
1041387,27846,"MORGAN STANLEY & CO. INTERNATIONAL PLC","",,"LONDON","","United Kingdom","Y"
1041387,27831,"DEUTSCHE BANK AG","",,"LONDON","","United Kingdom","Y"
1041387,27831,"UBS AG","",,"LONDON","","United Kingdom","Y"
1041387,27831,"MORGAN STANLEY & CO. INTERNATIONAL PLC","",,"LONDON","","United Kingdom","Y"
1041387,27821,"DEUTSCHE BANK AG","",,"LONDON","","United Kingdom","Y"
1041387,27821,"UBS AG","",,"LONDON","","United Kingdom","Y"
1041387,27821,"MORGAN STANLEY & CO. INTERNATIONAL PLC","",,"LONDON","","United Kingdom","Y"
1041387,27753,"DEUTSCHE BANK AG","",,"LONDON","","United Kingdom","Y"
1041387,27753,"UBS AG","",,"LONDON","","United Kingdom","Y"
1041387,27753,"MORGAN STANLEY & CO. INTERNATIONAL PLC","",,"LONDON","","United Kingdom","Y"
1041387,27846,"DEUTSCHE BANK AG","",,"LONDON","","United Kingdom","Y"
1043205,180055,"NORDEA BANK AB (PUBL), FILIAL I NORGE","",,"OSLO","","Norway","Y"
1043205,180058,"NORDEA BANK AB (PUBL), FILIAL I NORGE","",,"OSLO","","Norway","Y"
1046292,162210,"GOLDMAN, SACHS & CO.","8-129",361,"NEW YORK","New York","United States","Y"
1046292,162212,"GOLDMAN, SACHS & CO.","8-129",361,"NEW YORK","New York","United States","Y"
1046292,162212,"DEUTSCHE BANK SECURITIES INC.","8-17822",2525,"NEW YORK","New York","United States","Y"
1046292,162210,"DEUTSCHE BANK SECURITIES INC.","8-17822",2525,"NEW YORK","New York","United States","Y"
1046292,162212,"MORGAN STANLEY","",,"NEW YORK","New York","United States","Y"
1046292,162210,"MORGAN STANLEY","",,"NEW YORK","New York","United States","Y"
1050152,179446,"GREENWICH PRIME TRADING GROUP, LLC","8-65408",121430,"STAMFORD","Connecticut","United States","N"
1050152,179446,"WELLS FARGO PRIME SERVICES, LLC","8-66677",133068,"NEW YORK","New York","United States","N"
1055346,180854,"MERRILL LYNCH INTERNATIONAL","",,"HONG KONG","","Hong kong","Y"
1055346,180854,"HSBC BANK PLC","",,"HONG KONG","","Hong kong","Y"
1055346,180854,"DEUTSCHE BANK AG, LONDON BRANCH","",,"HONG KONG","","Hong kong","Y"
1055346,180854,"CREDIT SUISSE SECURITIES (EUROPE) LIMITED","",,"HONG KONG","","Hong kong","Y"
1055346,180854,"JP MORGAN SECURITIES PLC","",,"HONG KONG","","Hong kong","Y"
1055346,180854,"MORGAN STANLEY AND CO","",,"HONG KONG","","Hong kong","Y"
1055346,180854,"UBS AG, LONDON BRANCH","",,"HONG KONG","","Hong kong","Y"
1057320,19978,"GOLDMAN SACHS INTERNATIONAL","",,"LONDON","","United Kingdom","Y"
1058563,2212,"WELLS FARGO PRIME SERVICES, LLC","8-66677",133068,"SAN FRANCISCO","California","United States","N"
1048027,180256,"WEDBUSH SECURITIES INC.","8-12987",877,"LOS ANGELES","California","United States","Y"
1048027,56164,"MERRILL LYNCH, PIERCE, FENNER & SMITH INCORPORATED","8-7221",7691,"NEW YORK","New York","United States","Y"
1048027,56164,"WEDBUSH SECURITIES INC.","8-12987",877,"LOS ANGELES","California","United States","Y"
1047268,180131,"JP MORGAN SECURITIES PLC","",,"LONDON","","United Kingdom","Y"
1047268,180131,"UBS AG","",,"LONDON","","United Kingdom","Y"
1047268,180131,"JP MORGAN SECURITIES LLC","",,"NEW YORK","New York","United States","Y"
1047268,180131,"GOLDMAN SACHS INTERNATIONAL","",,"LONDON","","United Kingdom","Y"
1054113,170127,"DEUTSCHE BANK SECURITIES INC.","8-17822",2525,"NEW YORK","New York","United States","Y"
1050066,179474,"CONVERGEX EXECUTION SOLUTIONS LLC","8-46838",35693,"ALPHARETTA","Georgia","United States","N"
1050548,58911,"M.S. HOWELLS & CO","",,"SCOTTSDALE","Arizona","United States","Y"
1049583,169047,"GOLDMAN SACHS INTERNATIONAL","",,"LONDON","","United Kingdom","Y"
1056583,168206,"BANK OF AMERICA MERRILL LYNCH","",,"LONDON","","United Kingdom","Y"
1056583,168206,"MORGAN STANLEY & CO. INTERNATIONAL PLC","",,"LONDON","","United Kingdom","Y"
1056583,168206,"J.P. MORGAN SECURITIES PLC","",,"LONDON","","United Kingdom","Y"
1056583,168206,"GOLDMAN SACHS INTERNATIONAL","",,"LONDON","","United Kingdom","Y"
1045573,56374,"UBS SECURITIES LLC","8-22651",7654,"SAN FRANCISCO","California","United States","Y"
1045573,56374,"MORGAN STANLEY & CO. LLC","8-15869",8209,"SAN FRANCISCO","California","United States","Y"
1039387,179939,"GOLDMAN, SACHS & CO.","8-129",361,"NEW YORK","New York","United States","Y"
1039387,179906,"GOLDMAN, SACHS & CO.","8-129",361,"NEW YORK","New York","United States","Y"
1038333,179420,"BTIG, LLC","8-65473",122225,"SAN FRANCISCO","California","United States","Y"
1039036,55518,"GOLDMAN, SACHS & CO.","8-129",361,"NEW YORK","New York","United States","Y"
1045268,76524,"DEUTSCHE BANK SECURITIES","8-1782",,"BALTIMORE","Maryland","United States","Y"
1045268,76519,"DEUTSCHE BANK SECURITIES","8-1782",,"SANTA CLARA","California","United States","Y"
1045268,76515,"DEUTSCHE BANK SECURITIES","8-1782",,"BALTIMORE","Maryland","United States","Y"
1045268,76507,"DEUTSCHE BANK SECURITIES","8-1782",,"BALTIMORE","Maryland","United States","Y"
1045268,20497,"DEUTSCHE BANK SECURITIES INC.","8-17822",2525,"BALTIMORE","Maryland","United States","Y"
1045268,20493,"DEUTSCHE BANK SECURITIES INC.","8-17822",2525,"BALTIMORE","Maryland","United States","Y"
1045268,20487,"DEUTSCHE BANK SECURITIES INC.","8-17822",2525,"BALTIMORE","Maryland","United States","Y"
1045268,20476,"DEUTSCHE BANK SECURITIES INC.","8-17822",2525,"BALTIMORE","Maryland","United States","Y"
1045268,20471,"DEUTSCHE BANK SECURITIES INC.","8-17822",2525,"BALTIMORE","Maryland","United States","Y"
1045268,20465,"DEUTSCHE BANK SECURITIES INC.","8-17822",2525,"BALTIMORE","Maryland","United States","Y"
1045268,20460,"DEUTSCHE BANK SECURITIES INC.","8-17822",2525,"BALTIMORE","Maryland","United States","Y"
1045268,75271,"DEUTSCHE BANK SECURITIES INC.","8-17822",2525,"BALTIMORE","Maryland","United States","Y"
1045268,76527,"DEUTSCHE BANK SECURITIES","8-1782",,"BALTIMORE","Maryland","United States","Y"
1045929,180027,"JEFFERIES LLC","8-15074",2347,"NEW YORK","New York","United States","N"
1056896,4589,"GOLDMAN, SACHS & CO.","8-129",361,"NEW YORK","New York","United States","Y"
1037826,179319,"J.P. MORGAN CLEARING CORP.","8-43724",28432,"NEW YORK","New York","United States","Y"
1057146,173640,"FIDELITY BROKERAGE SERVICES LLC","8-23292",7784,"NEW YORK","New York","United States","Y"
1051108,178861,"CREDIT SUISSE SECURITIES (EUROPE) LIMITED","",,"LONDON","","United Kingdom","Y"
1051108,178861,"HSBC BANK PLC","",,"LONDON","","United Kingdom","Y"
1051108,178878,"DEUTSCHE BANK AG","",,"LONDON","","United Kingdom","Y"
1051108,178878,"HSBC BANK PLC","",,"LONDON","","United Kingdom","Y"
1051108,178878,"CREDIT SUISSE SECURITIES (EUROPE) LIMITED","",,"LONDON","","United Kingdom","Y"
1051108,178877,"DEUTSCHE BANK AG","",,"LONDON","","United Kingdom","Y"
1051108,178877,"HSBC BANK PLC","",,"LONDON","","United Kingdom","Y"
1051108,178877,"CREDIT SUISSE SECURITIES (EUROPE) LIMITED","",,"LONDON","","United Kingdom","Y"
1051108,178876,"HSBC BANK PLC","",,"LONDON","","United Kingdom","Y"
1051108,178876,"DEUTSCHE BANK AG","",,"LONDON","","United Kingdom","Y"
1051108,178861,"DEUTSCHE BANK AG","",,"LONDON","","United Kingdom","Y"
1046698,46018,"UBS AG","",,"LONDON","","United Kingdom","Y"
1046698,46018,"GOLDMAN SACHS & CO.","",,"NEW YORK","New York","United States","Y"
1048284,67269,"UBS AG","",,"LONDON","","United Kingdom","Y"
1048284,67269,"BANK OF AMERICA MERRILL LYNCH","",,"LONDON","","United Kingdom","Y"
1052787,66395,"HSBC BANK PLC","",,"LONDON","","United Kingdom","Y"
1047003,20143,"CANTOR FITZGERALD & CO.","8-201",134,"NEW YORK","New York","United States","Y"
1047003,20143,"INTERACTIVE BROKERS LLC","8-47257",36418,"CHICAGO","Illinois","United States","Y"
1057908,14107,"BTIG, LLC","8-65473",122225,"SAN FRANCISCO","California","United States","Y"
1057908,14101,"BTIG, LLC","8-65473",122225,"SAN FRANCISCO","California","United States","Y"
1048296,180258,"JEFFERIES LLC","8-15074",2347,"NEW YORK","New York","United States","Y"
