"FilingID","WEB_ADRS_NM"
"880303","HTTP://WWW.METRIC-CAPITAL.COM/"
"871933","HTTP://WWW.LCAPITAL.EU/"
"887565","HTTP://WWW.CENTRECOURTAM.COM"
"891318","HTTP://WWW.THESENTIENTGROUP.COM/"
"888276","HTTP://WWW.CARMELVENTURES.COM"
"888724","HTTP://WWW.LONGLEADCP.COM"
"889942","HTTP://WWW.ROCKWELLFULTON.COM"
"884743","HTTPS://WWW.4AINVESTMENTS.COM"
"879922","HTTP://FENOXVC.COM"
"891438","HTTPS://WWW.PONDVENTURES.COM"
"883675","HTTP://WWW.DOUGHTYHANSON.COM/"
"889844","HTTP://WWW.MILWAUKEECAPITAL.COM"
"883826","HTTP://WWW.KHOSLAVENTURES.COM"
"889235","HTTP://WWW.LINZORCAPITAL.COM/"
"891614","HTTP://VIRGINGREENFUND.COM"
"890262","HTTP://WWW.LINZORCAPITAL.COM"
"891425","HTTP://WWW.APPIANCAPITALADVISORY.COM"
"875489","HTTP://WWW.ENVESTVENTURES.COM"
"882168","HTTP://WWW.STARVESTPARTNERS.COM"
"891686","HTTP://WWW.ENVESTVENTURES.COM"
"878793","HTTP://WWW.LARSENMACCOLL.COM"
"883878","HTTP://WWW.WOLFPOINTAM.COM"
"867728","HTTP://WWW.APEXVC.COM"
"867696","HTTP://WWW.HYDEPARKVP.COM/"
"889061","HTTP://WWW.POUNDCAPITAL.COM"
"888365","HTTP://WWW.GALVANIZE.IT/VENTURE"
"889754","HTTP://WWW.IUVP.COM/"
"887136","HTTPS://WWW.WHITEROCKOILANDGAS.COM"
"881682","HTTP://WWW.HORIZONVC.COM"
"890024","HTTP://WWW.LIGHTBANK.COM"
"875960","HTTP://WWW.ABSCAPITAL.COM"
"883670","HTTPS://WWW.EQUATORCAP.NET"
"891976","HTTP://OMEGACAPITAL.COM"
"892302","HTTP://WWW.SYNERGYLSP.COM"
"885871","HTTP://WWW.DAVINCI-HOLDINGS.CO.JP/"
"877375","HTTP://WWW.DUKESTREET.COM/"
"878642","HTTP://WWW.DUKESTREET.COM/"
"892290","HTTP://WWW.MBVC.COM"
"889847","HTTP://WWW.TENFOLDCAPITAL.COM"
"890963","HTTP://WWW.QUESTM.COM"
"890877","HTTP://WWW.QUESTM.COM/"
"890555","HTTP://VILLAGEVENTURES.COM/"
"865893","HTTP://WWW.SIERRAVENTURES.COM/"
"892508","HTTP://VILLAGEVENTURES.COM/"
"866995","HTTP://WWW.SIERRAVENTURES.COM/"
"873273","HTTP://WWW.ABERDARE.COM/"
"891118","HTTPS://WWW.BANDANGELS.COM"
"892538","HTTP://WWW.IRONWOOD-PARTNERS.COM"
"889060","HTTP://WWW.HALL-CAPITAL.COM"
"889141","HTTP://WWW.LEXCAPITAL.CA"
"889264","HTTP://WWW.HALL-CAPITAL.COM"
"891982","HTTP://WWW.REDPOINT.COM/"
"892162","HTTP://LCP1.COM"
"887945","HTTP://WWW.FORWARDVENTURES.COM"
"889616","HTTP://SOFTTECHVC.COM"
"885997","HTTP://WWW.ILLUMINATE.COM"
"885498","HTTP://WWW.EAST-WESTADVISORS.COM/"
"867969","HTTP://WWW.THEBEEKMANGROUP.COM"
"867969","HTTPS://LPWEB.FLSV.COM/EPRIVATEEQUITY-BEEKMAN/UTILITY/EWEBLPLOGIN.ASPX"
"891028","HTTP://WWW.RODAGROUP.COM"
"892917","HTTP://WWW.ATAVENTURES.COM"
"892653","HTTP://WWW.VALLEYVENTURES.COM"
"891169","HTTP://WWW.RODAGROUP.COM"
"890482","HTTP://WWW.INDEACAPITAL.COM"
"877384","HTTP://WWW.COPPERLINE.US"
"881320","HTTP://WWW.AIFCAPITAL.COM"
"874630","HTTP://WWW.CITICCAPITAL.COM"
"890515","HTTP://WWW.CITICCAPITAL.COM"
"893012","HTTP://WWW.CITICCAPITAL.COM"
"893014","HTTP://WWW.CITICCAPITAL.COM"
"878915","HTTP://WWW.IOGCAPITAL.COM"
"878915","HTTP://WWW.IOGCAPITAL.SHAREFILE.COM"
"874637","HTTP://WWW.CITICCAPITAL.COM"
"893018","HTTP://WWW.CITICCAPITAL.COM"
"893027","HTTP://WWW.TVM-CAPITAL.COM"
"877795","HTTP://WWW.NPLUSONE.COM/"
"888920","HTTP://WWW.VKC-PARTNERS.COM/EN"
"892144","HTTP://WWW.LITORINA.SE"
"892144","HTTP://WWW.LITORINA.SE"
"892144","HTTP://WWW.LITORINAKAPITAL.SE"
"893054","HTTPS://WWW.SANDCAPLLC.COM"
"893065","HTTP://WWW.LITORINA.SE"
"893065","HTTP://WWW.LITORINA.SE"
"893065","HTTP://WWW.LITORINAKAPITAL.SE"
"890710","HTTP://WWW.1315CAPITAL.COM"
"885947","HTTP://WWW.REDABBEY.COM"
"892816","HTTP://WWW.LAKEVIEWEQUITY.COM"
"883221","HTTPS://WWW.EMPERYAM.COM"
"891036","HTTPS://BRIDGESCALE.COM"
"873620","HTTP://WWW.FERROCAPITAL.COM"
"888123","HTTP://WWW.JABCAP.COM"
"888123","HTTP://WWW.JABCAP.NET"
"892185","HTTP://WWW.SOMERS-CAPITAL.COM"
"893297","HTTP://WWW.SOMERS-CAPITAL.COM"
"888664","HTTP://WWW.CONCORDECO.COM"
"865137","HTTP://WWW.MASTERSRESEARCH.COM"
"891641","HTTP://WWW.EBEXCHANGE.COM"
"893308","HTTP://AKSIAGROUP.COM"
"893368","HTTP://WWW.DPBIOVENTURES.COM/"
"884031","HTTP://WWW.ANCAPPARTNERS.COM"
"875349","HTTP://WWW.ROMULUSCAP.COM"
"861376","HTTP://WWW.EBBETSFIELD.COM/"
"893405","HTTP://WWW.SATURNPARTNERSVC.COM"
"893461","HTTPS://WWW.TGFMANAGEMENT.COM"
"888941","HTTP://WWW.SYMPHONYCAPITAL.COM/"
"890145","HTTP://WWW.KPGVENTURES.COM"
"884088","HTTP://WWW.CLSVC.COM"
"887417","HTTP://RICHARDSONCAPITAL.COM"
"893419","HTTP://WWW.VALLEYFORGECAPITAL.COM/"
"889671","HTTP://WWW.FEDCAPPARTNERS.COM"
"889076","HTTP://WWW.ARCFINANCIAL.COM"
"893693","HTTP://WWW.DEEPFIELDAM.COM"
"890760","HTTP://WWW.FLYOVERCAPITAL.COM"
"891038","HTTP://WWW.YCOMBINATOR.COM"
"889654","HTTP://ATRIUMCAPITAL.COM"
"878504","HTTP://WWW.LIMETREECAPITAL.COM"
"893844","HTTP://WWW.CITICCAPITAL.COM"
"892117","HTTP://WWW.AMANSACAPITAL.COM"
"893848","HTTP://WWW.CITICCAPITAL.COM"
"893849","HTTP://WWW.CITICCAPITAL.COM"
"890518","HTTP://WWW.GREENWOODSASSET.COM/"
"892103","HTTP://WWW.GREENWOODSASSET.COM"
"875824","HTTP://WWW.RABCAP.COM"
"888935","HTTP://WWW.GENESISPARTNERS.COM"
"893855","HTTP://WWW.BHDGSYSTEMATIC.COM"
"893852","HTTP://WWW.GENESISPARTNERS.COM"
"893854","HTTP://WWW.REITENCO.NO"
"888264","HTTP://WWW.HIGHCAPE.COM"
"892692","HTTP://WWW.TRIPOINTECAPITAL.COM"
"893907","HTTP://WWW.RABCAP.COM"
"888374","HTTP://WWW.TSTVENTURES.COM/"
"893899","HTTP://WWW.COREVC.COM"
"888202","HTTP://WWW.KBCPARTNERS.COM"
"893887","HTTP://WWW.LDFM.COM"
"892822","HTTP://WWW.PHOENIX-VP.COM"
"872988","HTTP://WWW.ABVEN.COM"
"885008","HTTP://JOGCAPITAL.COM"
"866973","HTTP://WWW.SIERRAVENTURES.COM/"
"894075","HTTP://IKINVEST.COM"
"884402","HTTP://WWW.SELBYVENTURES.COM"
"893663","HTTP://WWW.GENERATION.COM"
"883524","HTTP://IRCP.COM/"
"883192","HTTP://WWW.THREECOURT.COM/"
"893209","HTTP://WWW.SILVERTONPARTNERS.COM"
"890956","HTTP://WWW.INTERATLANTICGROUP.COM"
"894172","HTTP://WWW.FEDCAPPARTNERS.COM"
"891403","HTTP://WWW.WELLINGTON-PARTNERS.COM"
"887825","HTTP://WWW.406VENTURES.COM"
"863989","HTTP://OAKHCFT.COM/"
"894311","HTTP://WWW.ECLECTICA-AM.COM"
"894287","HTTP://WWW.ROMULUSCAP.COM"
"885217","HTTP://WWW.COMMITTEDADVISORS.COM"
"894366","HTTP://WWW.TEMPOCAPITAL.COM.BR"
"890638","HTTP://WWW.COMMUNITYBANCAPITAL.COM/"
"894486","HTTP://WWW.PARTECHVC.COM"
"894515","HTTP://WWW.PARTECHVC.COM"
"893543","HTTP://WWW.PAVP.COM/"
"879069","HTTP://WWW.CANVAS.VC"
"891923","HTTP://WWW.ALTAPARTNERS.COM"
"884367","HTTP://WWW.ALTAPARTNERS.COM"
"891940","HTTP://WWW.ALTAPARTNERS.COM"
"885974","HTTP://WWW.LUXCAPITAL.COM"
"894297","HTTPS://WWW.CLEARSTONE.COM"
"886344","HTTP://WWW.MAYRIVERCAPITAL.COM"
"874488","HTTP://WWW.LEAVITTPARTNERS.COM"
"883467","HTTP://WWW.NEXXUSCAPITAL.COM"
"893824","HTTPS://WWW.REDWOODGROUP.COM"
"888109","HTTP://WWW.HQAP.COM"
"888110","HTTP://WWW.HQAP.COM"
"885068","HTTP://LVPCAPITAL.COM/"
"884477","HTTP://WWW.NQCAP.COM"
"868510","HTTP://WWW.PRIMAVERA-CAPITAL.COM"
"888973","HTTPS://WWW.VNSINVESTMENT.COM"
"894708","HTTP://WWW.GRANVILLE-PE.DE"
"887310","HTTP://WWW.JPBCAPITAL.COM"
"887310","HTTP://WWW.JPBPARTNERS.COM"
"888535","HTTP://WWW.METROPOLEGESTION.COM"
"892148","HTTP://WWW.AACCAPITALPARTNERS.COM"
"892148","HTTP://WWW.AACCAPITAL.COM"
"881955","HTTPS://WWW.LEADYONDCAPITAL.COM"
"894734","HTTPS://WWW.LEADYONDCAPITAL.COM"
"888156","HTTPS://WWW.SARATOGA-ASIA.COM"
"884706","HTTP://WWW.EDGEWOODCAPITAL.COM/"
"873331","HTTP://WWW.PRIMARY.VC"
"880764","HTTP://WWW.COUNCILCAPITAL.COM"
"893958","HTTP://WWW.COUNCILCAPITAL.COM"
"867614","HTTP://WWW.DEVELOPMICHIGAN.NET/"
"891618","HTTP://RENEWALFUNDS.COM/"
"892195","HTTP://WWW.CARDINALEP.COM"
"892307","HTTP://WWW.MAKURIA.COM"
"892259","HTTP://WWW.DVBBANK.COM"
"894114","HTTPS://WWW.ARUNDELCAP.COM"
"887849","HTTP://CCGLOBALADVISERS.COM"
"889382","HTTP://WWW.USV.COM"
"889382","HTTP://WWW.UNIONSQUAREVENTURES.COM"
"887415","HTTP://WWW.NEWSTATECP.COM"
"892730","HTTP://SHDPARTNERS.COM"
"891933","HTTP://WWW.LEARNCAPITAL.COM"
"885377","HTTP://WWW.EMETCAP.COM"
"894988","HTTP://WWW.NINEALPHACAP.COM/9A/HOME.HTML"
"889541","HTTP://WWW.MVPARTNERS.COM"
"895084","HTTP://WILDCATTP.COM/"
"889581","HTTP://WWW.DATAPOINTCAPITAL.COM/"
"868727","HTTP://BLOG.TRIDENTCAP.COM"
"868727","HTTP://WWW.TRIDENTCAP.COM"
"868727","HTTP://WWW.TRIDENTCAPITAL.COM"
"894537","HTTP://WWW.WINDHAMCAPITALGROUP.COM"
"872896","HTTPS://WWW.ORBISFUNDS.COM"
"872896","HTTPS://WWW.ORBIS.COM"
"891367","HTTP://WWW.CARTERHASTON.COM"
"892887","HTTP://WWW.HIGHBARPARTNERS.COM"
"892887","HTTP://WWW.HIGHBARVENTURES.COM"
"879943","HTTPS://WWW.DAGLLC.COM"
"885849","HTTP://WWW.ENIAC.VC"
"885704","HTTP://WWW.IGNITIONPARTNERS.COM"
"885704","HTTPS://SECURE.REPORTINGSYSTEM.COM/IGNITIONPARTNERS"
"885075","HTTPS://WWW.FORMATIVE.COM"
"890713","HTTP://WWW.IGNITIONPARTNERS.COM"
"890713","HTTPS://SECURE.REPORTINGSYSTEM.COM/IGNITIONPARTNERS/INDEX.CFM"
"895333","HTTP://WWW.VIRGOCAPITAL.COM"
"890761","HTTP://WWW.QIMINGVENTURES.COM"
"890761","HTTPS://SECURE.REPORTINGSYSTEM.COM/IGNITIONPARTNERS/INDEX.CFM"
"881904","HTTPS://WWW.AEGEACAPITAL.COM"
"893567","HTTP://ARISCAPITAL.COM"
"894720","HTTP://WWW.FUCHSCAPITALPARTNERS.COM"
"895433","HTTP://WWW.SEQUELVC.COM"
"886893","HTTP://GETGREENSHOE.COM/"
"894028","HTTP://WWW.CLPGROWTH.COM"
"893789","HTTP://WWW.HOUVEN.COM"
"893804","HTTP://WWW.HOUVEN.COM"
"893798","HTTP://WWW.SIGNETHEALTHCAREPARTNERS.COM"
"881956","HTTP://WWW.RRJCAP.COM/"
"893795","HTTP://WWW.SIGNETHEALTHCAREPARTNERS.COM"
"893792","HTTP://WWW.SIGNETHEALTHCAREPARTNERS.COM"
"893784","HTTP://WWW.SIGNETHEALTHCAREPARTNERS.COM"
"894018","HTTP://WWW.NOVAKBIDDLE.COM/"
"885921","HTTP://WWW.SANDGLASSCAPITAL.COM"
"891282","HTTP://WWW.CRANEPARTNERS.COM"
"893436","HTTP://RALLYVENTURES.COM"
"895525","HTTPS://WWW.VNSINVESTMENT.COM"
"883549","HTTP://WWW.SPPMEZZANINE.COM"
"893902","HTTP://WWW.CLARUSVENTURES.COM"
"882006","HTTP://WWW.BUCKLANDPARTNERS.COM"
"891965","HTTP://WWW.SURGICALFRONTIERS.COM"
"895537","HTTP://WWW.HCP.COM"
"895641","HTTP://WWW.MUTUALCAPITALPARTNERS.COM"
"895641","HTTP://WWW.ACCESSVENTURES.COM"
"892973","HTTP://WWW.VALUEADVISORS.CO.KR"
"887906","HTTP://ATLANTICSTREETCAPITAL.COM"
"893342","HTTP://WWW.ALTAPARKCAPITAL.COM"
"874684","HTTP://WWW.CUBEINFRASTRUCTURE.COM/"
"879280","HTTP://WWW.QUAKERBIO.COM"
"879280","HTTP://WWW.QUAKERPARTNERS.COM"
"876355","HTTP://WWW.WORLDVIEW.COM"
"884518","HTTP://BIOMARKCAPITAL.COM/"
"873467","HTTP://WWW.HDHCAPITAL.COM"
"895050","HTTP://WWW.AIRDRIEPARTNERS.COM"
"894965","HTTP://WWW.MTTAMCAP.COM/"
"891600","HTTP://WWW.ACCENTEQUITY.SE"
"889948","HTTP://WWW.ROSSERCAPITALPARTNERS.COM/"
"888125","HTTP://WWW.ZOUK.COM"
"880033","HTTP://WWW.PROSPECTVENTURES.COM"
"894574","HTTP://WWW.GREENRIDGEINV.COM"
"892827","HTTP://WWW.ENFOCA.COM.PE/"
"871458","HTTP://WWW.PIOLETCAPITAL.COM"
"891695","HTTP://WWW.POUSCHINECOOK.COM"
"892285","HTTP://WWW.HLMVP.COM"
"880651","HTTP://WWW.IHSINVESTMENTS.CO.ZA/"
"866062","HTTP://WWW.RWIVENTURES.COM"
"871350","HTTP://WWW.CEDARFUND.COM"
"880315","HTTP://WWW.BANKCAP.COM"
"894215","HTTP://WWW.5AMVENTURES.COM"
"882600","HTTP://WWW.CLAREMONTCREEK.COM"
"896339","HTTP://WWW.WALDEN.CO.IL"
"893714","HTTP://ROTHENBERGVENTURES.COM/"
"885610","HTTP://WWW.PCMCAPITAL.COM"
"873466","HTTP://WWW.JDCAPITAL.COM"
"887618","HTTP://WWW.XYZQ.COM.HK"
"867456","HTTP://WWW.AP-ASIA.COM"
"870354","HTTP://WWW.APAMHK.COM"
"894679","HTTP://WWW.LEGENDCAPITAL.COM.CN/"
"891254","HTTP://WWW.AFFINITYEQUITY.COM"
"893201","HTTP://WWW.HALDER.EU"
"887317","HTTP://ABRIS-CAPITAL.COM"
"889372","HTTP://WWW.HERONCAP.COM"
"891373","HTTP://WWW.CGS-MANAGEMENT.COM"
"887936","HTTP://WWW.OXBIO.COM"
"867514","HTTP://WWW.ECM-PE.DE"
"896610","HTTP://WWW.ABENEXCAPITAL.COM/"
"892668","HTTPS://WWW.MONUMENT-CAPITAL.COM"
"891491","HTTP://WWW.ATIKACAPITAL.COM"
"896592","HTTP://WWW.GTICAPITALGROUP.COM/"
"874043","HTTP://WWW.MOREHEADCAPITAL.COM/"
"889628","HTTP://WWW.SAUGATUCKCAPITAL.COM"
"896473","HTTP://LOWERCASECAPITAL.COM/"
"896473","HTTP://LOWERCASELLC.COM/"
"891331","HTTP://WWW.LANDMARKBANYAN.COM"
"895947","HTTP://WWW.ALDINECAPITAL.COM"
"893067","HTTP://WWW.BRADWAYCAPITAL.COM"
"884765","HTTP://WWW.ASTORG-PARTNERS.COM/"
"895596","HTTPS://WWW.GRAILPARTNERS.COM"
"879846","HTTP://WWW.ONSET.COM"
"895916","HTTP://WWW.TRLM.COM"
"884421","HTTP://ANACAPAPARTNERS.COM/"
"892954","HTTP://RUBICONTP.COM"
"884470","HTTP://WWW.ECIPARTNERS.COM"
"896857","HTTPS://WWW.IGNIA.COM.MX"
"888634","HTTP://WWW.GREATOAKSVC.COM/"
"887927","HTTP://WWW.ZENSHINCAP.COM"
"895018","HTTP://WWW.ALLOYVENTURES.COM"
"895021","HTTP://WWW.STONEPINECAP.COM"
"897062","HTTP://WWW.PLYMOUTHVC.COM/"
"884192","HTTP://WWW.VERSANTVENTURES.COM/"
"884192","HTTP://WWW.VERSANTVC.COM/"
"889782","HTTP://WWW.TIGERINFRASTRUCTURE.COM"
"878260","HTTP://WWW.HAWKRIDGELLC.COM"
"897139","HTTP://WWW.TIGERINFRASTRUCTURE.COM"
"889873","HTTP://WWW.EDFVC.COM"
"890392","HTTP://WWW.MIDEUROPA.COM"
"896166","HTTP://WWW.AURELIAN.NET"
"894230","HTTPS://WWW.JAFCO.COM"
"893510","HTTP://WWW.DELPHIVENTURES.COM"
"895803","HTTP://WWW.EASTSIDEPARTNERS.COM"
"874184","HTTP://WWW.GREYROCKEP.COM/"
"896377","HTTP://WWW.EASTSIDEPARTNERS.COM"
"893092","HTTP://WWW.GREYLOCK.COM"
"885113","HTTP://WWW.SHELTERCAP.COM"
"885938","HTTP://WWW.METWESTREALTYADVISORS.COM"
"889099","HTTP://WWW.POINTJUDITHCAPITAL.COM"
"894524","HTTP://WWW.DFJ.COM"
"895251","HTTP://WWW.DFJGROWTH.COM"
"894381","HTTP://WWW.DBLINVESTORS.COM"
"895272","HTTP://WWW.EPLANETCAPITAL.COM"
"895285","HTTP://WWW.DFJ-VINACAPITAL.COM"
"895290","HTTP://WWW.DFJFRONTIER.COM"
"879329","HTTP://WWW.EFMIDSTREAM.COM"
"888083","HTTP://WWW.BAYCITYCAPITAL.COM/"
"895296","HTTP://WWW.DFJATHENA.COM"
"890686","HTTP://IGNCAP.COM"
"890686","HTTPS://SECURE.REPORTINGSYSTEM.COM/IGNITIONPARTNERS/INDEX.CFM"
"874759","HTTP://WWW.ENCAPINVESTMENTS.COM"
"874759","HTTPS://SERVICES.SUNGARDDX.COM/DEFAULT.ASPX?DN=1,DOCUMENTS&URL=DN=1003428,1,DOCUMENTS"
"895297","HTTP://WWW.DFJDRAGON.COM"
"867418","HTTP://WWW.PEP.CO.JE"
"884186","HTTP://WWW.KERNPARTNERS.COM/"
"896479","HTTPS://MARCHCP.COM"
"897486","HTTP://UPDATA.COM/"
"892101","HTTP://WWW.PINEBRIDGE.COM.HK/"
"889055","HTTP://WWW.POSTOAKENERGY.COM"
"888908","HTTP://WWW.MARCOPOLOFUND.COM"
"881336","HTTP://WWW.KREOSCAPITAL.COM"
"897536","HTTP://WWW.ORCHIDASIA.COM"
"894714","HTTP://WWW.CAPITALTODAY.COM"
"895590","HTTP://WWW.NYLIMJB.NET"
"895672","HTTP://WWW.NYLIMJB.NET"
"873252","HTTP://WWW.SUMMITPARKLLC.COM"
"867861","HTTP://WWW.HOLTZBRINCK-VENTURES.COM"
"892716","HTTP://WWW.LASALLE.COM"
"893249","HTTP://WWW.CAPITON.DE"
"891958","HTTP://WWW.THECOLUMNGROUP.COM"
"885835","HTTP://WWW.ALOTHON.COM"
"883521","HTTP://WWW.SAGARD.COM"
"887543","HTTPS://WWW.BABSONCAPITALEUROPE.COM/"
"894101","HTTP://WWW.KELUSAFUNDS.COM"
"875819","HTTP://GROWMICAPITAL.COM"
"875888","HTTP://MICAPPARTNERS.COM"
"895547","HTTP://SADARAVC.COM"
"897760","HTTP://VERITASVC.COM"
"894164","HTTPS://WWW.UFGAM.COM"
"875207","HTTP://VESBRIDGE.COM"
"894183","HTTP://WWW.UFGAM.COM"
"889114","HTTP://WWW.CULTIVIANSBX.COM"
"897831","HTTP://WWW.THIRDROCKVENTURES.COM"
"857097","HTTP://WWW.EXCELVM.COM/"
"896846","HTTP://FTVCAPITAL.COM/"
"889533","HTTP://WWW.SAGEASSET.COM/"
"896769","HTTP://WWW.ACCEL.COM"
"897843","HTTP://WWW.SANDBOXINDUSTRIES.COM"
"882839","HTTP://WWW.YORKVILLEADVISORS.COM"
"893445","HTTP://WWW.WOODSIDEFUND.COM"
"883719","HTTPS://WWW.QUADRIGA-CAPITAL.DE"
"896429","HTTP://WWW.HALOFUND.COM"
"889162","HTTP://WWW.STANHOPECAPITAL.COM"
"897927","HTTP://WWW.RBSAM.COM"
"897364","HTTP://IRONCOMPASSINVESTORS.COM/"
"896464","HTTP://WWW.VICTORIACP.COM/"
"897938","HTTP://WWW.CHICAGOVENTURES.COM"
"892614","HTTP://WWW.STANHOPECAPITAL.COM"
"889048","HTTP://WWW.NVAMCO.COM"
"897444","HTTP://PROJECT11.COM"
"897444","HTTP://TWITTER.COM/P11"
"895806","HTTP://WWW.INNOVAMEMPHIS.COM"
"891006","HTTP://WWW.HARRISONMETAL.COM"
"885793","HTTP://WWW.OPUSCAPITALVENTURES.COM"
"885793","HTTP://WWW.OPUSCAPITAL.COM"
"876107","HTTP://WWW.GALNETAM.COM"
"896849","HTTP://WWW.ALDERCAP.COM"
"898156","HTTP://WWW.ODYSSEYLP.COM"
"893299","HTTP://WWW.PSILOS.COM"
"898096","HTTP://WWW.EMERALDMANAGERS.COM"
"892960","HTTP://WWW.VICTORIACP.COM/"
"896522","HTTP://WWW.VICTORIACP.COM/"
"896558","HTTP://WWW.VICTORIACP.COM/"
"896704","HTTP://WWW.VICTORIACP.COM/"
"898288","HTTP://WWW.SERENITASCAPITAL.COM"
"894184","HTTP://WWW.ARCISGROUP.COM"
"894416","HTTP://WWW.LFECAPITAL.COM"
"890814","HTTP://WWW.BRIOCAPITAL.COM"
"896881","HTTP://WWW.LEAPFROGINVEST.COM"
"898195","HTTP://WWW.ENERTECHCAPITAL.COM"
"895206","HTTP://WWW.THEFUNDINGFARM.COM"
"892587","HTTP://WWW.CAPITALZ.COM"
"891893","HTTP://WWW.CAPITALZ.COM"
"898434","HTTP://WWW.MKCAPITAL.COM"
"896455","HTTP://WWW.TENAYACAPITAL.COM"
"898510","HTTP://WWW.DOMINION.COM"
"898529","HTTP://WWW.DOMINION.COM"
"890487","HTTP://CAVANCAPITALLLC.COM"
"876665","HTTP://WWW.SCCPASIA.COM"
"876758","HTTP://WWW.SCCPASIA.COM"
"886538","HTTP://WWW.SCCPASIA.COM"
"893785","HTTP://WWW.RIBBITCAP.COM"
"888107","HTTP://WWW.TORINVESTMENT.COM"
"897507","HTTP://WWW.SYMPHONY-FP.COM"
"893841","HTTP://WWW.CITICCAPITAL.COM"
"898646","HTTP://WWW.CITICCAPITAL.COM"
"885891","HTTP://WWW.ACCESS-CAPITAL-PARTNERS.COM"
"873462","HTTP://WWW.ATCAPITAL.AE"
"886000","HTTP://WWW.SEGULAH.SE/START.ASPX?LANG=EN"
"895495","HTTP://WWW.FOUNTAINVEST.COM"
"881960","HTTP://WWW.CITICPE.COM"
"879050","HTTP://WWW.PINEBRIDGE.COM"
"891256","HTTP://WWW.DTCAP.COM"
"897809","HTTP://WWW.SANDBRIDGECAP.COM"
"875455","HTTP://WWW.TOKIOMARINEAM.CO.JP/"
"890902","HTTP://NEXTVIEWVENTURES.COM/"
"898348","HTTP://WWW.NCTVENTURES.COM"
"882508","HTTPS://WWW.YORKVILLEADVISORS.COM"
"898133","HTTP://WWW.NCTVENTURES.COM"
"872022","HTTP://WWW.NCTVENTURES.COM"
"898753","HTTP://WWW.YORKVILLEADVISORS.COM"
"898697","HTTP://WWW.CHRYSALISVENTURES.COM"
"896747","HTTP://WWW.LEAPFROGINVEST.COM"
"879771","HTTP://WWW.H2.NL"
"879771","HTTP://WWW.H2EP.COM"
"889314","HTTP://WWW.MONASHEES.COM.BR"
"896720","HTTP://WWW.ALPHACAPITALLLC.NET"
"874001","HTTP://WWW.BRIDGEPOINT.EU"
"896800","HTTP://MATRIXPARTNERS.IN"
"898793","HTTP://LINEAGECAP.COM"
"898793","HTTP://LINEAGECAPITAL.COM"
"898813","HTTP://WWW.JIVEINVESTMENTS.COM"
"893916","HTTP://WWW.FHINTERNATIONAL.COM"
"897562","HTTP://WWW.TREVIHEALTH.COM"
"893124","HTTP://NORWICHVENTURES.COM"
"893138","HTTP://NORWICHVENTURES.COM"
"898855","HTTP://WWW.ASCENDVENTURES.COM"
"892710","HTTP://WWW.PINETREEEQUITY.COM"
"891305","HTTPS://WWW.SECTOR.NO"
"876299","HTTP://WWW.SBAIF.COM"
"892018","HTTP://WWW.PARTNERSGROUP.COM"
"898580","HTTP://WWW.PACIFICAGRICAPITAL.COM/"
"888373","HTTP://WWW.PACVIEWAM.COM"
"893944","HTTPS://WWW.PROSPERITYCAPITAL.COM"
"891384","HTTP://WWW.GROTECH.COM"
"891384","HTTP://WWW.GROTECHVENTURES.COM"
"895142","HTTP://WWW.FARRINGDONCAP.COM"
"897606","HTTP://WWW.CARECAPITAL.COM/"
"896884","HTTP://WWW.BLUESTEMCAPITAL.COM"
"882405","HTTP://WWW.TALLWOODVC.COM"
"878525","HTTP://WWW.LIVINGBRIDGE.COM"
"896527","HTTP://WWW.JVPVC.COM/"
"899074","HTTP://WWW.OCEANSHOREVC.COM"
"898667","HTTP://WWW.SANTEVENTURES.COM"
"886617","HTTP://JAPAN.GLOBESPANCAPITAL.COM"
"886617","HTTP://WWW.GLOBESPANCAPITAL.COM"
"884961","HTTP://WWW.MAYFIELD.COM"
"898930","HTTP://WWW.COPELEYCAPITAL.COM"
"891464","HTTP://WWW.SMPLP.COM"
"899134","HTTP://WWW.CARDINALVC.COM"
"877184","HTTP://WWW.TASHTEGOLLC.COM"
"898150","HTTP://WWW.TELESOFTVC.COM"
"891793","HTTPS://WWW.KODIAKVP.COM"
"870446","HTTP://WWW.BIPFUNDS.COM"
"891747","HTTP://WWW.BOULDERVENTURES.COM"
"899183","HTTP://PRISMVENTURE.COM"
"899185","HTTP://WWW.EPLANETCAPITAL.COM"
"872527","HTTP://WWW.FIMI.CO.IL"
"896749","HTTP://MATRIXPARTNERS.COM"
"865326","HTTP://WWW.AUGUSTCAP.COM"
"895349","HTTP://WWW.YLVENTURES.COM"
"898057","HTTP://WWW.KANESTREETCAPITAL.COM"
"890256","HTTP://WWW.GRANITEHALL.COM"
"897622","HTTP://WWW.KEYSTAR.COM"
"897622","HTTP://WWW.NCVENTURES.COM"
"899427","HTTP://WWW.YORKVILLEADVISORS.COM"
"878422","HTTP://WWW.AISLINGCAPITAL.COM"
"889681","HTTP://WWW.BENCHMARK.COM"
"898173","HTTP://WWW.CKCCAPITAL.COM"
"890211","HTTP://WWW.ARMORYFUNDS.COM/"
"899403","HTTP://WWW.SALIENTPARTNERS.COM"
"899403","HTTP://WWW.SALIENTINDICES.COM"
"898582","HTTP://WWW.INITIALIZED.CO"
"899463","HTTPS://WWW.SEINTERACTIVE.COM"
"898500","HTTP://WWW.PETROCAPITALFUNDS.COM"
"896320","HTTP://WWW.BOYLESASSET.COM/"
"894608","HTTP://WWW.CATHAY-CAPITAL.COM"
"897463","HTTP://WWW.SANDERLING.COM/"
"899101","HTTP://WWW.GARLANDCG.COM"
"899101","HTTP://WWW.GARLANDFUNDS.COM"
"899348","HTTP://WWW.FIRELAKECAPITAL.COM"
"896207","HTTP://TRINITYVENTURES.COM"
"899542","HTTP://WWW.21STCGFUND.COM"
"899544","HTTP://WWW.FIRELAKECAPITAL.COM"
"896787","HTTP://WWW.83NORTH.COM"
"899578","HTTP://WWW.DENOVOVC.COM"
"881388","HTTP://WWW.BVP.COM"
"885959","HTTP://WWW.RAZORSVC.COM"
"889338","HTTP://WWW.303CAPITAL.COM"
"881724","HTTP://WWW.ELEVAREQUITY.COM/"
"879648","HTTP://WWW.DTVENTURES.COM/"
"870668","HTTP://WWW.MCMCHINA.COM/"
"899449","HTTP://WWW.SOURCE-CAP.COM"
"872876","HTTP://WWW.MCMCHINA.COM/"
"892811","HTTP://SOAPSTONECAPITAL.COM/"
"896893","HTTPS://WWW.STERLINGBAY.COM"
"892828","HTTP://ARCHVENTURE.COM"
"889142","HTTP://OMEGAGI.COM/"
"885416","HTTP://SSMPARTNERS.COM/"
"899676","HTTP://WWW.CATAMOUNTVENTURES.COM"
"897061","HTTP://WWW.ALMAZCAPITAL.COM"
"898073","HTTP://WWW.MAIDENLANE.COM"
"897146","HTTP://WWW.ALMAZCAPITAL.COM"
"882465","HTTP://WWW.BAYPARTNERS.COM"
"886296","HTTP://WWW.ICONVENTURES.COM"
"899730","HTTP://AZURECAP.COM"
"899737","HTTP://OMEGAGI.COM/"
"874829","HTTP://WWW.ICONVENTURES.COM"
"874832","HTTP://WWW.ICONVENTURES.COM"
"899802","HTTP://OMEGAGI.COM/"
"899007","HTTPS://WWW.ICONVENTURES.COM"
"874837","HTTP://WWW.ICONVENTURES.COM"
"881315","HTTP://WWW.AXIOMASIA.COM/"
"871662","HTTP://WWW.HERMITAGEFUND.COM"
"871073","HTTP://HERMITAGEFUND.COM"
"882650","HTTP://WWW.NHFUND.COM"
"893015","HTTP://WWW.LIMADVISORS.COM"
"872910","HTTP://WWW.SOUTHERNCAPITALGROUP.COM"
"872929","HTTP://WWW.SOUTHERNCAPITALGROUP.COM"
"867478","HTTP://TPF.HK/"
"895015","HTTP://WWW.ROSETTACAPITAL.COM"
"897098","HTTP://JLL.COM"
"897098","HTTP://WWW.LASALLE.COM"
"893575","HTTP://WWW.LITORINA.SE"
"898634","HTTP://BLUEPOOLCAPITAL.COM"
"894700","HTTP://WWW.CARDINALCAPITALGROUP.COM"
"883528","HTTP://WWW.CARDINALCAPITALGROUP.COM"
"889890","HTTP://WWW.HAOCAPITAL.NET"
"891328","HTTP://WWW.HAOCAPITAL.NET"
"893978","HTTP://WWW.BARING-VOSTOK.COM"
"895687","HTTP://WWW.MOORFIELD.COM"
"899890","HTTP://WWW.CONWAYMACKENZIE.COM"
"899887","HTTP://WWW.FRESHWATERGLOBAL.COM"
"889737","HTTP://WWW.HCOMPANY.COM"
"899534","HTTP://WWW.SOURCE-CAP.COM"
"889442","HTTP://WWW.SHORECP.COM"
"899921","HTTP://WWW.SOURCE-CAP.COM"
"898727","HTTP://WWW.LUMIRACAPITAL.COM"
"887613","HTTP://WWW.PRIMARYEUROPE.COM/"
"877126","HTTP://WWW.NEWSCIENCEVENTURES.COM/"
"891087","HTTP://WWW.RWBAIRD.COM"
"899939","HTTPS://WWW.VNSINVESTMENT.COM"
"899967","HTTPS://WWW.FISHHAWKLLC.COM"
"899554","HTTP://WWW.21STCGFUND.COM"
"893834","HTTP://WWW.CDHFUND.COM/EN/PRIVATE_EQUITY/INDEX.HTML"
"881969","HTTP://WWW.CAPVIS.COM"
"867544","HTTP://WWW.GLENCAPITAL.COM"
"893828","HTTP://WWW.CDHFUND.COM/VENTURE_CAPITAL/INDEX.HTML"
"898771","HTTP://WWW.ESPLP.COM"
"899001","HTTP://WWW.HARLANCAPITAL.COM"
"892657","HTTP://WWW.SEACREST.COM"
"889002","HTTP://WWW.LRVCAPITAL.COM"
"899589","HTTP://WWW.RIVERVEST.COM"
"899589","HTTP://WWW.3X5FUND.COM"
"892580","HTTP://WWW.GSRVENTURES.COM/EN/INDEX.HTML"
"894871","HTTP://WWW.AMVPARTNERS.COM/"
"893833","HTTP://WWW.CDHFUND.COM/VENTURE_CAPITAL/INDEX.HTML"
"886558","HTTP://WWW.RJDPARTNERS.COM/"
"899853","HTTP://WWW.CLSACAPITAL.COM"
"899853","HTTP://WWW.CLSA.COM"
"897054","HTTP://WWW.CORRIENTECAPITAL.COM"
"885893","HTTP://WWW.KINGDOMAM.COM"
"888299","HTTP://WWW.BENSONELLIOT.COM"
"895959","HTTP://OSAGEPARTNERS.COM"
"894257","HTTP://WWW.SAGHARBORCAP.COM"
"899941","HTTP://WWW.UNION.NO"
"897540","HTTPS://WWW.DLPARTNERS.COM"
"892808","HTTP://WWW.HORIZON-ASSET.CO.UK"
"897894","HTTP://TRITIUMPARTNERS.COM/"
"890252","HTTP://WWW.CULTIVIAN.COM"
"887855","HTTP://WWW.CANAANPARTNERS.COM"
"887855","HTTP://WWW.CANAAN.COM"
"876708","HTTP://WWW.PROVENTUSCAPITALPARTNERS.SE/"
"898599","HTTP://WWW.G51.COM"
"883202","HTTP://LILLYVENTURES.COM/"
"894695","HTTPS://WWW.PALATINEPE.COM"
"895976","HTTP://WWW.KPCB.COM"
"876474","HTTP://WWW.ROCKPORTCAP.COM"
"896658","HTTP://WWW.VERITAS-ASSET.COM"
"899035","HTTP://WWW.SAMENACAPITAL.COM/"
"883649","HTTP://WWW.ATVCAPITAL.COM"
"883649","HTTPS://DYNAMO.NETAGESOLUTIONS.COM/SITE/LOGIN.ASPX"
"898944","HTTP://WWW.KANGGLOBAL.COM"
"866396","HTTP://WWW.NEWMARKETSVP.COM"
"898687","HTTP://WWW.XPVCAPITAL.COM"
"895542","HTTP://WWW.VOLITIONCAPITAL.COM"
"885398","HTTP://WWW.CAYUGAVENTUREFUND.COM/"
"885398","HTTP://WWW.CVF.BIZ/"
"885398","HTTP://WWW.CAYUGAVENTURES.COM/"
"898531","HTTP://WWW.EXPANSIVE.VC"
"898403","HTTP://WWW.AAVIN.COM"
"888200","HTTP://WWW.MANGROVE.VC/"
"893883","HTTP://WWW.TRIENTAM.COM"
"894435","HTTP://WWW.CAYUGAVENTUREFUND.COM/"
"894435","HTTP://WWW.CVF.BIZ/"
"894435","HTTP://WWW.CAYUGAVENTURES.COM/"
"896243","HTTP://WWW.HEARTLANDPARTNERS.COM"
"896243","HTTP://WWW.COVEVIEWCAPITAL.COM"
"887266","HTTP://WWW.GUARDIANCP.COM"
"868060","HTTP://WWW.RADIUSVENTURES.COM"
"889779","HTTP://WWW.AUCTUS.COM"
"887245","HTTP://WWW.TLVENTURES.COM"
"872044","HTTP://K1CAPITAL.COM/"
"886557","HTTP://WWW.BARINGS.COM"
"896401","HTTP://WWW.DELTAVCAPITAL.COM"
"889583","HTTP://WWW.EHCP.COM"
"894255","HTTP://WWW.FLOODGATE.COM"
"897900","HTTP://WWW.HITECVISION.COM"
"882951","HTTP://WWW.ABACOAM.COM"
"897745","HTTPS://DYNAMO3.NETAGESOLUTIONS.COM/PORTAL/LOGIN/LIGHTSTONE/PORTALPLUS/"
"897745","HTTP://WWW.LIGHTSTONEVC.COM"
"878536","HTTP://PWPARTNERS.COM/"
"878139","HTTPS://WWW.PACIFICLAKE.COM"
"887580","HTTP://WWW.RRE.COM"
"886169","HTTP://WWW.ENERGYSPECTRUMCAPITAL.COM"
"886169","HTTP://WWW.ENERGYSPECTRUM.COM"
"896520","HTTP://POLLENCAP.COM/"
"892856","HTTP://WWW.ACM.COM"
"898839","HTTPS://WWW.HELIOSINVESTMENT.COM"
"886507","HTTP://WWW.ENERGYTRUSTPARTNERS.COM"
"889146","HTTP://WWW.GOLDENSEEDS.COM"
"897001","HTTP://WWW.SYMMETRYPEAK.COM"
"889196","HTTP://WWW.GOLDENSEEDS.COM"
"892768","HTTP://WWW.WINDSAILCAPITAL.COM"
"893078","HTTP://WWW.CARLYLE.COM"
"897273","HTTP://WWW.CINTRIFUSE.COM"
"873168","HTTP://WWW.BROWNSAVANO.COM"
"887714","HTTP://MEDINACAPITAL.COM"
"888242","HTTP://WWW.ABC-ARBITRAGE.COM"
"889586","HTTP://FUND.PFNYC.ORG"
"873641","HTTP://PARALLELIP.COM/"
"884353","HTTP://WWW.WIHARPER.COM/"
"894615","HTTP://WWW.CASDINCAPITAL.COM"
"872150","HTTP://WWW.ARTIMAN.COM"
"884352","HTTP://EN.CHUANGXIN.COM"
"899357","HTTP://WWW.WING.VC"
"890250","HTTP://WWW.KIRTLANDCAPITAL.COM"
"895850","HTTP://WWW.WAVELANDINVESTMENTS.COM"
"858205","HTTP://WWW.DCM.COM"
"887334","HTTPS://WWW.CALLISTOCAPITAL.CA"
"900508","HTTP://WWW.IEPFUND.COM"
"895201","HTTP://WWW.NOVUSENERGYPARTNERS.COM"
"898556","HTTP://VISTAVC.COM"
"899049","HTTP://SARUSCAPITAL.COM"
"893571","HTTP://WWW.LVCPARTNERS.COM"
"893571","HTTP://WWW.LONGUEVUECAPITAL.COM"
"887430","HTTP://TRIWEST.CA"
"897236","HTTPS://WWW.ETHIKAINVESTMENTS.COM"
"899359","HTTP://WWW.ALARACAP.COM"
"895322","HTTP://WWW.PGVP.COM"
"891850","HTTP://WWW.GAUGECAPITAL.COM"
"897115","HTTP://ALSISFUNDS.COM/"
"896764","HTTP://WWW.NORTHERNBORDER.ORG"
"878099","HTTP://WWW.CARRICKCAPITALPARTNERS.COM/"
"894064","HTTP://HBCINVESTMENTS.COM"
"881953","HTTPS://WWW.LERERHIPPEAU.COM"
"898081","HTTP://JERICACAPITAL.COM"
"897131","HTTP://WWW.BACHUSWINEFUND.COM"
"887103","HTTP://WWW.NEOCARTA.COM"
"895299","HTTP://WWW.DUNESPOINTCAPITAL.COM"
"865809","HTTP://WWW.KINGROOKCAPITAL.COM/"
"868083","HTTP://WWW.BERKSHIREREALTYVENTURES.COM"
"884338","HTTP://WWW.WIHARPER.COM/"
"883665","HTTP://COMPASSEQUITYADVISORS.COM/"
"877167","HTTP://WWW.GECLP.COM"
"886120","HTTP://WWW.MARKER-LLC.COM"
"894570","HTTP://WWW.AMPCAPITAL.COM"
"894570","HTTP://WWW.AMPCAPITAL.COM.AU"
"892755","HTTP://WWW.PELIONVP.COM"
"894536","HTTP://WWW.MADRONA.COM"
"889094","HTTP://WWW.HCP.COM/HIGHLAND_CONSUMER_FUND"
"895361","HTTP://WWW.K9VENTURES.COM"
"888029","HTTPS://WWW.REBELMOUSE.COM/CENDANACAPITAL/"
"879448","HTTP://WWW.RELAYVENTURES.COM"
"900592","HTTP://WWW.FORSYTHSTREET.COM"
"887619","HTTP://WWW.CHRYSALIXEVC.COM"
"892838","HTTP://WWW.SVOCO.COM"
"894424","HTTP://WWW.BOREALISVENTURES.COM"
"886622","HTTP://WWW.BLACKROCK.COM"
"892051","HTTP://WWW.THAYERSTREET.COM"
"885844","HTTP://COSTANOAVC.COM"
"896301","HTTP://WWW.KPCB.COM/CHINA"
"874273","HTTP://WWW.RIVER-CAPITAL.COM"
"889775","HTTP://WWW.GP-INVESTMENTS.COM"
"872912","HTTP://WWW.DYMONASIA.COM"
"881022","HTTP://WWW.QUANTZCAP.COM"
"881022","HTTP://WWW.QUANTZCAPITAL.COM"
"872915","HTTP://WWW.DYMONASIA.COM"
"872917","HTTP://WWW.DYMONASIA.COM"
"872917","HTTP://WWW.DYMONASIA.COM"
"898595","HTTP://WWW.BRV.COM"
"898595","HTTP://WWW.BRV.COM/CN"
"890483","HTTP://WWW.FELICIS.COM"
"877301","HTTP://WWW.SHV.COM"
"893765","HTTP://WWW.UPFRONT.COM"
"870995","HTTP://WWW.BLACKROCK.COM"
"901037","HTTP://WWW.RGLOBAL.COM"
"896307","HTTP://WWW.CIDCAP.COM"
"897479","HTTP://WWW.ALTAVENTURES.COM"
"899430","HTTP://WWW.OAKWOODMEDICAL.COM"
"897492","HTTP://WWW.ALTAVENTURES.COM"
"886462","HTTP://WWW.SOFINNOVA.COM/"
"899630","HTTP://WWW.OAKWOODMEDICAL.COM"
"899716","HTTP://WWW.OPENVIEWPARTNERS.COM"
"896493","HTTP://WWW.TWOOCEAN.COM"
"897522","HTTP://WWW.MILES-HOWLAND.COM"
"899145","HTTP://WWW.ACCESSVP.COM"
"899483","HTTP://WWW.NAVIMED.COM"
"894696","HTTP://WWW.WATERLAND.NU"
"885215","HTTP://WWW.PAIPARTNERS.COM"
"893850","HTTPS://MCP-AM.COM"
"891472","HTTP://MEYERBERGMAN.COM"
"897554","HTTP://WWW.SPINNAKERCAPITAL.COM"
"880310","HTTP://WWW.RHMUSICROYALTYPARTNERS.COM"
"892295","HTTP://WWW.CAPMAN.COM"
"887499","HTTPS://WWW.QUADRIGA-CAPITAL.DE"
"902183","HTTP://WWW.SPINNAKERCAPITAL.COM"
"893970","HTTPS://SECURE.REPORTINGSYSTEM.COM/SAMARACAPITAL"
"897537","HTTP://WWW.OAKLEYCAPITAL.COM"
"898674","HTTP://WWW.COUPLANDCARDIFF.COM/"
"894065","HTTP://WWW.NORVESTOR.COM/"
"890812","HTTP://WWW.RANGELEYCAPITAL.COM"
"898309","HTTP://WWW.CATCOIM.COM"
"894854","HTTP://WWW.SRFUNDS.COM"
"884462","HTTP://WWW.MATRIXPARTNERS.COM.HK"
"884793","HTTP://WWW.CHARTGROUP.COM"
"884793","HTTP://WWW.CHARTVENTURE.COM"
"884793","HTTP://WWW.CHARTCAPITAL.COM"
"902210","HTTP://WWW.OCEANWOOD.COM"
"898997","HTTP://WWW.ORIGINVENTURES.COM"
"899984","HTTPS://INNOVACAP.COM"
"899880","HTTPS://INNOVACAP.COM"
"870352","HTTP://WWW.EXCELSIORCAPITALASIA.COM"
"899270","HTTP://WWW.COBALT-CAP.COM"
"898859","HTTP://WWW.CHICAGOVENTURES.COM"
"883905","HTTP://WWW.GREYCROFT.COM"
"874407","HTTP://WWW.NORTHBASEMEDIA.COM"
"874740","HTTP://RIONCAPITAL.COM/"
"873995","HTTP://WWW.POLARIS-CG.COM/US/COMPANY/SINGAPORE.HTML"
"879359","HTTP://WWW.NEA.COM"
"898703","HTTP://WWW.OCTAVE-IM.COM"
"881902","HTTP://WWW.GEFINORCAPITAL.COM"
"889013","HTTP://WWW.BALDERTON.COM"
"891024","HTTP://WWW.GEFINORCAPITAL.COM"
"897006","HTTP://WWW.ROYALCAP.COM"
"896287","HTTP://WWW.HSBCPRIVATEBANK.COM/INVEST/ALTERNATIVE-INVESTMENTS"
"896281","HTTP://WWW.HSBCPRIVATEBANK.COM/INVEST/ALTERNATIVE-INVESTMENTS"
"895937","HTTP://WWW.ICAPITALNETWORK.COM"
"872125","HTTP://WWW.GOLDENBELLPARTNERS.COM/"
"888134","HTTP://WWW.MATRIXPARTNERS.COM.HK"
"890615","HTTPS://WWW.HEALTHEDGEPARTNERS.COM"
"887733","HTTP://WWW.AVIGOCAPITAL.COM"
"899350","HTTP://WWW.CHANGECAPITALPARTNERS.COM"
"902184","HTTP://WWW.KEDMA-CAPITAL.COM"
"888393","HTTP://WWW.SIENACAPITAL.NET"
"885274","HTTP://WWW.VERNO-CAPITAL.COM"
"898012","HTTP://NORTHERNPACIFICGROUP.COM"
"893335","HTTP://PLENUS.CO.IL"
"902176","HTTP://WWW.RUTLANDPARTNERS.COM"
"895131","HTTP://WWW.KARMACAPITAL.COM"
"895131","HTTP://WWW.KARMACAP.COM"
"893135","HTTP://WWW.MIP.AE"
"902402","HTTP://JERICACAPITAL.COM"
"875732","HTTPS://WWW.INDEXVENTURES.COM"
"877886","HTTP://HOLDCOAM.COM/"
"885993","HTTP://WWW.IDGVCINDIA.COM"
"896988","HTTP://WWW.BRAEMARENERGY.COM"
"895623","HTTP://WWW.SANDBOXINDUSTRIES.COM"
"882714","HTTP://500.CO"
"900160","HTTP://WWW.RPMVC.COM"
"900222","HTTP://WWW.RPMVC.COM"
"900888","HTTP://WWW.CLAYTONASSOCIATES.COM"
"897645","HTTP://WWW.BCVC.COM"
"896732","HTTP://WWW.MCB-LLC.COM"
"893163","HTTP://NORTHBRIDGE.COM"
"902528","HTTP://HALSTATT.COM"
"893684","HTTP://WWW.NORTHBRIDGE.COM/"
"895103","HTTP://WWW.WILFRIDADVISORS.COM"
"895103","HTTP://WWW.WILFRIDAUBREY.COM"
"899820","HTTP://WWW.EPVC.COM"
"896127","HTTP://WWW.HUNTINGTONCAPITAL.COM"
"893649","HTTP://WWW.NORTHBRIDGE.COM/"
"892476","HTTP://WWW.POLARISPARTNERS.COM/"
"893304","HTTP://WWW.VIOLA-GROUP.COM/VIOLAPARTNERS.HTML"
"886852","HTTP://WWW.HASTINGSEQUITY.COM"
"889742","HTTP://WWW.IDGVC.COM"
"902356","HTTP://WWW.JEFFERSON.COM"
"893690","HTTPS://WWW.PANTHEON.COM"
"900564","HTTP://WWW.INTERWEST.COM/"
"901036","HTTPS://WWW.GLENROCKFUNDS.COM/"
"896930","HTTP://WWW.HEADWAYCAP.COM"
"873632","HTTP://WWW.STAIRWAYCAPITAL.COM/"
"898821","HTTP://WWW.OMGLOBALINVESTORS.COM"
"890655","HTTP://WWW.MBKPARTNERSLP.COM"
"902403","HTTP://WWW.SAPPHIREFUNDS.COM"
"889651","HTTP://WWW.UNITASCAPITAL.COM"
"902666","HTTP://WWW.GLOBALFUNDEXCHANGE.COM"
"889798","HTTP://WWW.UNITASCAPITAL.COM"
"894635","HTTP://WWW.UNITASCAPITAL.COM"
"894656","HTTP://WWW.UNITASCAPITAL.COM"
"889331","HTTP://FIML.FEDERATEDINVESTORS.COM"
"889331","HTTP://WWW.FEDERATEDINVESTORS.COM"
"877827","HTTP://WWW.PATRONCAPITAL.COM/"
"894660","HTTP://WWW.UNITASCAPITAL.COM"
"887156","HTTP://WWW.ASIAVEST.COM"
"900085","HTTP://WWW.AUGURCAPITAL.COM"
"898567","HTTP://WWW.PACVISTA.COM"
"895673","HTTP://VALARCHOLDINGS.COM"
"895658","HTTP://WWW.SBCVC.COM"
"898183","HTTP://WWW.ENERGYVENTURES.NO"
"895008","HTTP://WWW.COMMONWEALTHVC.COM"
"896176","HTTP://WWW.LINZORCAPITAL.COM/"
"895796","HTTP://WWW.SYCAMORELANEPARTNERS.COM"
"880641","HTTP://WWW.DRYDENFUND.COM/"
"902624","HTTP://WWW.WDINVESTMENTS.COM"
"897740","HTTP://WWW.BLUECLOUDVENTURES.COM"
"896367","HTTP://BLUMBERGCAPITAL.COM"
"873754","HTTP://WWW.STAIRWAYCAPITAL.COM/"
"894557","HTTP://WWW.OUTLOOKVENTURES.COM"
"886395","HTTP://WWW.FORERUNNERVENTURES.COM"
"897095","HTTP://WWW.INVESTINDUSTRIAL.COM"
"901053","HTTP://WWW.PHYSICVENTURES.COM/"
"888342","HTTP://WWW.KENNET.COM"
"894246","HTTPS://WWW.TRUEVENTURES.COM"
"898631","HTTP://EMALTERNATIVES.COM"
"899878","HTTP://WWW.TRAFALGARCOPLEY.COM"
"899950","HTTP://WWW.ATREVIDAPARTNERS.COM"
"902734","HTTP://WWW.NDIMEDICAL.COM"
"897796","HTTP://WWW.LSPVC.COM"
"872444","HTTPS://WWW.CVC.COM"
"888441","HTTP://WWW.KENNET.COM"
"902779","HTTPS://WWW.ATLASPEAKCAP.COM"
"892727","HTTP://BARTONAM.COM/"
"891294","HTTPS://WWW.CVC.COM"
"897756","HTTPS://WWW.SHAMROCKISRAEL.COM"
"889009","HTTPS://WWW.VBIREALESTATE.COM"
"888150","HTTP://GENERALCATALYST.COM"
"888136","HTTP://WWW.CATALYST.COM"
"900449","HTTP://WWW.GREENMONTCAPITAL.COM"
"902377","HTTP://WWW.VERTICAL-GROUP.COM"
"902906","HTTP://WWW.DRAPERNEXUS.COM"
"902906","HTTP://WWW.DRAPERNEXUS.COM"
"878196","HTTP://WWW.VALAR.COM"
"878196","HTTP://WWW.VALARVENTURES.COM"
"873606","HTTP://WWW.BLUEGEMCP.COM"
"895512","HTTP://WWW.BEANSTALK.VC/"
"899681","HTTP://WWW.IAVENTURES.COM"
"897332","HTTP://WWW.SEVENMILECP.COM"
"902751","HTTP://MAGMAVC.COM"
"901029","HTTP://WWW.LEMNOSLABS.COM"
"899963","HTTP://WWW.IRONBRIDGEEQUITY.COM"
"866115","HTTP://WWW.EIVCAPITAL.COM"
"902942","HTTP://WWW.CASTILEVENTURES.COM"
"902942","HTTP://WWW.CASTILEVENTURES.BIZ"
"902942","HTTP://WWW.CASTILEVENTURES.INFO"
"902942","HTTP://WWW.CASTILEVENTURES.NET"
"902942","HTTP://WWW.CASTILEVENTURES.ORG"
"902942","HTTP://WWW.CASTILEVENTURES.US"
"868854","HTTP://WWW.HOVDECAPITAL.COM"
"894086","HTTPS://WWW.JURIDICA-AML.COM"
"900971","HTTP://WWW.EXWORKSCAPITAL.COM"
"877505","HTTP://WWW.INNERPRODUCTPARTNERS.COM"
"879224","HTTP://WWW.TM-PARTNERS.COM"
"900985","HTTP://WWW.SKYLINEVENTURES.COM"
"897038","HTTP://WWW.MERCURYCAPITALPARTNERS.COM"
"874225","HTTP://WWW.DRIEHAUSPE.COM"
"900603","HTTP://WWW.TERRAPARTNERS.COM"
"892749","HTTP://WWW.LIVCAPITAL.MX/"
"888798","HTTP://WWW.TOWERARCH.COM"
"898383","HTTP://WWW.ATLASVENTURE.COM"
"893799","HTTP://WWW.VPCP.COM"
"893426","HTTP://WWW.ARDIAN-INVESTMENT.COM"
"902215","HTTP://FOUNDERCOLLECTIVE.COM"
"899136","HTTP://WWW.FOUNDMED.COM"
"891720","HTTP://WWW.ROCKWOODEQUITY.COM/"
"903067","HTTP://WWW.DUNHAMPARTNERS.COM"
"900474","HTTP://WWW.ALTAEQUITYPARTNERS.COM"
"891051","HTTP://WWW.SPROUTGROUP.COM"
"902335","HTTP://WWW.EIVCAPITAL.COM"
"903052","HTTPS://WWW.NEWCANAANFUNDING.COM"
"898340","HTTP://WEINBERGCAP.COM/"
"890295","HTTPS://WWW.AOFMANAGEMENT.COM"
"890199","HTTPS://TREELINECP.COM"
"903169","HTTP://WWW.DUNHAMPARTNERS.COM"
"903184","HTTP://WWW.TOKIOMARINEAM.CO.JP/"
"890796","HTTP://WWW.SIGMAPARTNERS.COM"
"903142","HTTP://WWW.HORIZONCAPITAL.COM.UA"
"890398","HTTP://JP-CAP.COM/"
"885615","HTTP://WWW.QUESTOR.COM"
"880419","HTTP://ACCELERATORVENTURES.COM"
"893952","HTTP://WWW.THLPV.COM/"
"890800","HTTP://WWW.SIGMAPRIME.COM"
"879484","HTTP://WWW.EXPLORAINVEST.COM"
"877061","HTTP://WWW.OBERLANDCAPITAL.COM"
"890670","HTTP://WWW.COTTAGECAP.COM"
"890217","HTTP://WWW.ARDIAN-INVESTMENT.COM"
"900523","HTTP://WWW.TVCCAPITAL.COM/"
"891401","HTTP://WWW.PMIFUNDS.COM"
"902681","HTTP://WWW.FFVC.COM"
"885963","HTTP://WWW.AMEDFUNDS.COM"
"892482","HTTP://WWW.CRV.COM"
"896257","HTTP://WWW.CIM-LLC.COM"
"870396","HTTP://WWW.JUNO-INVEST.COM/"
"870396","HTTP://WWW.JUNO-INVEST.NL/"
"878472","HTTPS://WWW.ASSETMANAGEMENT.HSBC.COM/CA"
"894327","HTTP://WWW.MALABARINVEST.COM"
"898903","HTTP://WWW.BROOKLYNBRIDGE.VC/"
"893737","HTTPS://WWW.TYBOURNECAPITAL.COM"
"903292","HTTP://WWW.TIPFUND.COM (WWW.TVCCAPITAL.COM)"
"879740","HTTP://WWW.TVVCAPITAL.COM"
"884093","HTTP://WWW.MONITORVENTURES.COM"
"900389","HTTPS://WWW.BULWARKBAY.COM"
"895790","HTTP://WWW.EFG-HERMES.COM"
"892044","HTTP://WWW.SOUTHERNCROSSGROUP.COM"
"894573","HTTP://WWW.NOKIAGROWTHPARTNERS.COM"
"895860","HTTP://WWW.EFG-HERMES.COM"
"870945","HTTP://WWW.LGEFUND.COM"
"903353","HTTP://WWW.LEVELEQUITY.COM"
"863460","HTTP://WWW.EMCAP.COM"
"892908","HTTP://WWW.COLLABORATIVEFUND.COM"
"899243","HTTP://WWW.EPLANETCAPITAL.COM"
"893961","HTTP://WWW.WOLFENSOHN.COM/"
"877819","HTTP://WWW.PRIDESCROSSINGCAPITAL.COM"
"898368","HTTP://THRIVECAP.COM"
"898368","HTTPS://THRIVECAPITAL.ALTARETURN.COM"
"903471","HTTP://WWW.GRANITEHILL.NET"
"892084","HTTP://WWW.FALCONHEADCAPITAL.COM/"
"889463","HTTP://WWW.KICKSTARTFUND.COM"
"900312","HTTP://WWW.EMERCAP.COM"
"903520","HTTP://WWW.NANODIMENSION.COM"
"900799","HTTP://WWW.DIVERGENTVC.COM/"
"904180","HTTP://WWW.NANODIMENSION.COM"
"863626","HTTP://WWW.GAVEAINVEST.COM.BR"
"896384","HTTP://WWW.CQSCAPITAL.COM"
"882438","HTTP://WWW.UNION-PARK.COM"
"898375","HTTP://SUPPLYCHAINEQUITY.COM/"
"893152","HTTP://WWW.NREP.COM"
"899256","HTTP://WWW.DPE.DE"
"899482","HTTP://ACTIVANTCAPITAL.COM/"
"904198","HTTP://WWW.LEVELEQUITY.COM"
"898428","HTTP://WWW.ATOMICO.COM"
"902307","HTTP://SILVERHAWKCAPITALPARTNERS.COM"
"899787","HTTP://DIVERGENTVC.COM/"
"894254","HTTP://WWW.PEACHTREEEQUITY.COM"
"898610","HTTP://WWW.PENINSULAVENTURES.COM"
"874750","HTTP://SUPERIORFUND.COM/"
"904232","HTTP://WWW.DIVERGENTVC.COM/"
"904197","HTTP://WWW.BINARYCAP.COM"
"894629","HTTP://WWW.MHSCAPITAL.COM/"
"903144","HTTP://WWW.SCALEVP.COM/"
"892615","HTTP://WWW.FAIRHAVENCAPITAL.COM/"
"904293","HTTP://WWW.DIVERGENTVC.COM/"
"900345","HTTP://WWW.CARDINALPARTNERS.COM"
"886800","HTTP://ENERGYPOWERPARTNERS.COM"
"896295","HTTP://WWW.PINEBROOKPARTNERS.COM"
"899693","HTTP://WWW.TEXASDEEPWATER.COM"
"900627","HTTP://WWW.HGRE.COM"
"897216","HTTP://WWW.DOMCAPLLC.COM"
"902670","HTTP://WWW.NVPLLC.COM"
"902670","HTTP://WWW.NEWVENTUREPARTNERS.COM"
"899687","HTTP://SHUNWEI.COM"
"885684","HTTP://WWW.ANNAPOLISCAPITAL.CA"
"886688","HTTP://WWW.SPARKCAPITAL.COM"
"894201","HTTP://WWW.CAPITALWORKS.NET"
"899643","HTTP://WWW.ECOR1CAP.COM"
"902591","HTTP://WWW.CATCAPITAL.COM"
"902591","HTTPS://SECURE.REPORTINGSYSTEM.COM/CATCAPITAL/INDEX.CFM"
"892264","HTTP://WWW.CUEBALL.COM/"
"896185","HTTP://WWW.KEARNYVP.COM"
"880899","HTTP://WWW.GLOBALINFRASTRUCTURELLC.COM"
"880899","HTTP://WWW.GEO-INVESTORS.COM"
"884695","HTTPS://ALPHAWORKS.NET/"
"897018","HTTP://WWW.CYPRESSGROWTHCAPITAL.COM"
"904389","HTTP://WWW.SKIFFCAPITAL.COM"
"900014","HTTP://WWW.CENTENNIAL.COM"
"896853","HTTP://WWW.MICROANGELPARTNERS.COM"
"900537","HTTP://WWW.ASCENTVP.COM/"
"874612","HTTP://WWW.BANYANVC.COM"
"900321","HTTP://WWW.LESEINVESTMENTS.COM"
"900321","HTTP://WWW.ALLELEFUND.COM"
"883790","HTTP://WWW.ALTRAINV.COM"
"895717","HTTP://DOMANIVENTURESLP.COM/"
"883783","HTTP://WWW.ATRAINV.COM/"
"883763","HTTP://WWW.ALTRAINV.COM"
"874537","HTTP://WWW.ACREWOODHOLDINGS.COM"
"882124","HTTPS://WWW.REVELATION-PARTNERS.COM"
"883633","HTTP://WWW.DYNAMO.COM.BR"
"902355","HTTP://WWW.CORDIANTCAP.COM"
"872016","HTTP://VORTUS.COM"
"903099","HTTP://WWW.MENLOVC.COM"
"903099","HTTP://WWW.MENLOVENTURES.COM"
"903099","HTTP://WWW.MENLOVC.COM"
"900907","HTTP://WWW.ALLEGISCAPITAL.COM"
"883658","HTTP://WWW.POINTGUARDVENTURES.COM/"
"894611","HTTP://WWW.RIVEROAKIC.COM"
"893787","HTTP://WWW.FLYBRIDGE.COM"
"902572","HTTP://WWW.HCVALUECAPITAL.COM"
"902558","HTTP://WWW.LSVP.COM"
"868068","HTTPS://WWW.PLESOCAPTIAL.COM"
"882652","HTTP://WWW.VULPESINVEST.COM"
"902357","HTTP://WWW.LIONROCKCAPITALHK.COM"
"877247","HTTP://WWW.TRIAD-FUTURES.COM"
"885695","HTTP://WWW.FIERAAXIUM.COM"
"876410","HTTP://WWW.ANGELENOGROUP.COM"
"879964","HTTP://WWW.PROMUSEQUITY.COM"
"899613","HTTP://WWW.ANTHOSCAPITAL.COM/"
"904623","HTTPS://WWW.PLESOCAPTIAL.COM"
"904637","HTTP://CARAVANGINVEST.COM"
"904642","HTTP://CARAVANGINVEST.COM"
"888710","HTTP://WWW.INTERCAP.COM.MX"
"893845","HTTP://WWW.NLVC.COM"
"889522","HTTP://WWW.MLSCF.COM"
"889522","HTTP://WWW.SPRUCECP.COM/"
"890810","HTTP://WWW.SSGASIA.COM"
"893831","HTTP://WWW.CDHFUND.COM/EN/REAL_ESTATE/INDEX.HTML"
"894545","HTTP://WWW.FOUNDERSFUND.COM"
"894680","HTTP://WWW.ASCENDENTCP.COM"
"897520","HTTP://WWW.CIM.COM.HK"
"885869","HTTP://WWW.USVP.COM"
"885869","HTTPS://WWW.USVPPMG.COM"
"884455","HTTP://ORTUSCAPITAL.COM"
"904643","HTTP://WWW.MEKONGCAPITAL.COM"
"886551","HTTP://WWW.SAMENACAPITAL.COM/"
"904638","HTTP://WWW.ABAXCAP.COM"
"894669","HTTP://WWW.PAGASIA.COM"
"875771","HTTP://WWW.HAYFIN.COM"
"899876","HTTP://WWW.CALUNIUS.DE/"
"899876","HTTP://WWW.CALUNIUS.COM/"
"904695","HTTP://WWW.PERUSAFUND.GG/"
"894694","HTTP://WWW.CARLYLE.COM"
"897538","HTTP://WWW.HARVESTCAPITAL.COM.HK"
"893040","HTTP://WWW.LIBERATIONCAPITAL.COM"
"902776","HTTP://WWW.ARGUSCAPITALGROUP.COM"
"897545","HTTP://WWW.ARISAIG-PARTNERS.COM"
"886535","HTTP://WWW.LCAPITALASIA.COM"
"902178","HTTP://WWW.ARCHCAPITAL.NET"
"898633","HTTP://WWW.ARISAIG-PARTNERS.COM"
"902789","HTTP://WWW.SANGOCAPITALMANAGEMENT.COM"
"895497","HTTP://WWW.GAWCAPITAL.COM/"
"904715","HTTP://WWW.QUVAT.COM"
"904714","HTTP://WWW.HERMES-INVESTMENT.COM"
"900128","HTTP://WWW.CAPSQUARE-ASIA.COM"
"897613","HTTP://WWW.LGT-ILS-PARTNERS.COM"
"893013","HTTP://WWW.TAHANCAPITAL.COM"
"888594","HTTP://WWW.HERMES-INVESTMENT.COM"
"897709","HTTP://WWW.LGTCP.COM"
"891823","HTTP://THI-FUNDS.COM"
"904724","HTTP://WWW.TECTONICINVESTMENTS.COM"
"904735","HTTP://WWW.POLLUXCAPITAL.COM.BR"
"904735","HTTP://WWW.POLLUXCAPITAL.COM"
"891972","HTTP://WWW.PETRACAP.COM"
"899675","HTTPS://WWW.ZEKELP.COM"
"902289","HTTP://WWW.SAMENACAPITAL.COM/"
"898704","HTTP://WWW.GRANDBANKSCAPITAL.COM"
"865033","HTTP://WWW.RENOVOCAPITAL.COM/"
"902701","HTTP://WWW.DYNAMISCAPITAL.NET/"
"881490","HTTP://WWW.SAGATREECAPITAL.COM"
"904752","HTTP://WWW.COMPOSITIONCAPITAL.COM"
"899141","HTTP://WWW.TORQUEST.COM"
"876941","HTTP://MAINSTREETRESOURCES.COM"
"902406","HTTP://WWW.SAMENACAPITAL.COM"
"904521","HTTP://WWW.ABDIELCAPITAL.COM"
"885182","HTTP://WWW.AZENTUSCAPITAL.COM"
"867896","HTTP://WWW.BOYUCAPITAL.COM"
"894885","HTTP://WWW.ABRIKACAPITAL.COM"
"900097","HTTPS://NEWHILLMGT.COM"
"895503","HTTP://WWW.CXCAPITAL.NET"
"889377","HTTP://WWW.MICROCAPITAL.COM"
"880335","HTTP://WWW.PARETOPROJECTFINANCE.NO"
"880335","HTTP://WWW.PARETO.NO"
"902222","HTTPS://WWW.HSINVEST.COM"
"896706","HTTP://WWW.CARRES.COM"
"900591","HTTP://WWW.FORSYTHSTREET.COM"
"885550","HTTP://WWW.SCIENSAM.COM"
"883015","HTTP://WWW.SANSARCAPITAL.COM"
"894092","HTTP://WWW.VENROCK.COM"
"885648","HTTP://WWW.DELOSCAP.COM/"
"889963","HTTPS://CIP-CAPITAL.COM"
"897312","HTTP://WWW.LONGREACHGROUP.COM"
"904835","HTTP://BOYNECAPITAL.COM"
"898694","HTTPS://WWW.MMLCAPITAL.COM"
"900032","HTTP://WWW.NEWWORLDCAPITAL.NET"
"882482","HTTP://WWW.SEEDLINGCAP.COM"
"902240","HTTPS://WWW.MEZZMANAGEMENT.COM"
"873091","HTTP://WWW.PROLOGVENTURES.COM"
"891526","HTTP://BAY-CAP.COM/"
"884472","HTTP://WWW.BOWMARK.COM"
"873093","HTTP://WWW.PROLOGVENTURES.COM"
"885687","HTTP://WWW.BLACKDIAMONDPARTNERS.COM"
"873094","HTTP://WWW.PROLOGVENTURES.COM"
"873098","HTTP://WWW.PROLOGVENTURES.COM"
"888919","HTTP://WWW.CAMARESCAPITAL.COM"
"897654","HTTP://WWW.HNCCAPITAL.COM"
"867863","HTTP://WWW.BOYUCAPITAL.COM"
"902242","HTTP://WWW.ROGERSIA.COM"
"890351","HTTP://WWW.BIOVENTURESINVESTORS.COM"
"895733","HTTP://WWW.ELMVC.COM/"
"891904","HTTP://WWW.RDGCAP.COM"
"890352","HTTP://WWW.BIOVENTURESINVESTORS.COM"
"904973","HTTP://WWW.ABERDEEN-ASSET.SE"
"898748","HTTP://FIRSTROUND.COM"
"902185","HTTPS://WWW.BENNELONGASSET.COM/"
"903380","HTTP://WWW.ROCKHILLCAP.COM"
"905016","HTTP://ACCELERATORVENTURES.COM"
"889364","HTTP://WWW.COMMONANGELS.COM/"
"893244","HTTP://WWW.ALPENGLOWCAP.COM"
"904921","HTTPS://WWW.RIDGEWOODCAPITAL.COM"
"893946","HTTP://WWW.NEOINVESTMENTPARTNERS.COM"
"889741","HTTP://WWW.PALAMON.COM"
"902344","HTTP://WWW.ARMISTICECAPITAL.COM"
"887515","HTTP://WWW.GAM.COM"
"887515","HTTP://WWW.GAMHOLDING.COM"
"876856","HTTP://WWW.AEWEUROPE.COM/EN/HOME.HTM"
"903308","HTTP://WWW.CORE-CAPITAL.COM"
"902177","HTTPS://WWW.NEXUSVP.COM"
"901016","HTTP://WWW.HONYCAPITAL.COM"
"900995","HTTP://WWW.HONYCAPITAL.COM"
"893827","HTTP://WWW.ALSOP-LOUIE.COM"
"888429","HTTP://WWW.PLEASANTLAKEPARTNERS.COM"
"905077","HTTP://WWW.ALLIANCETECHVENTURES.COM"
"900410","HTTPS://WWW.PAMPACAPITAL.COM"
"880138","HTTP://WWW.ANTIN-IP.COM"
"879801","HTTP://WWW.OPUSPOINTPARTNERS.COM"
"902908","HTTP://WWW.MERCATOPARTNERS.COM"
"885093","HTTP://WWW.MERCURYFUND.COM"
"887325","HTTP://WWW.LLOYDSBANK.COM"
"887325","HTTP://WWW.LLOYDSBANKCOMMERCIAL.COM/"
"902243","HTTP://WWW.HENDERSON.COM"
"884849","HTTP://WWW.EQUISTONEPE.COM"
"878800","HTTPS://WWW.SYCAMOREVENTURES.COM"
"892801","HTTP://WWW.GBMERCHANTPARTNERS.COM"
"892801","HTTP://WWW.GORDONBROTHERS.COM"
"896909","HTTPS://WWW.WINTONCAPITAL.COM"
"903384","HTTP://WWW.CAPPOINT.COM"
"898385","HTTP://WWW.RCFONTIS.COM/"
"902220","HTTP://WWW.HENDERSON.COM/HENDERSON"
"896834","HTTP://WWW.GIZAVC.COM"
"897708","HTTP://WWW.DRCCAP.COM"
"874900","HTTPS://WWW.FONTINALIS.COM"
"905126","HTTP://WWW.PAMPLONAFUNDS.COM"
"902495","HTTP://WWW.MIDMARKCAPITAL.COM"
"899877","HTTPS://WWW.BENNELONGASSET.COM/"
"896924","HTTP://WWW.PLAZABELMONT.COM"
"884574","HTTPS://WWW.PINEBRIDGE.COM"
"902201","HTTP://WWW.SYNTAXIS-CAPITAL.COM"
"869838","HTTP://WWW.TARGETBUSINESSCONSULTANTS.COM"
"869838","HTTP://WWW.TARGETPARTNERS.DE"
"869838","HTTP://WWW.TARGETPARTNERS.NET"
"869838","HTTP://WWW.TARGETVENTURES.DE"
"869838","HTTP://WWW.TARGETVENTURES.COM"
"869838","HTTP://WWW.TARGETVENTURE.COM"
"869838","HTTP://WWW.TARGETVENTURE.DE"
"869838","HTTP://WWW.TARGETPARTNERS.EU"
"869838","HTTP://WWW.TARGETPARTNERS.BIZ"
"869838","HTTP://WWW.TECHBRUNCH.DE"
"869838","HTTP://WWW.TARGETPARTNER.DE"
"869838","HTTP://WWW.TARGETPARTNERS.VC"
"902190","HTTP://WWW.GLENDONTODD.COM"
"899964","HTTP://WWW.NLIGHTCP.COM"
"878132","HTTP://WWW.PERCEVACAPITAL.ORG"
"878132","HTTP://WWW.PERCEVACAPITAL.COM"
"878132","HTTP://WWW.PERCEVA.EU"
"878132","HTTP://WWW.PERCEVACAPITAL.EU"
"878132","HTTP://WWW.PERCEVACAPITAL.FR"
"878132","HTTP://WWW.PERCEVA.FR"
"900249","HTTP://WWW.PENNMEZZ.COM"
"893745","HTTP://WWW.PERMIRA.COM"
"897199","HTTP://WWW.SHERBROOKECAPITAL.COM"
"894365","HTTP://WWW.PERMIRA.COM/"
"899039","HTTP://WWW.SOLISCAPITAL.COM"
"903151","HTTP://WWW.WAVEPOINTVENTURES.COM"
"905158","HTTP://WWW.ABVLP.COM"
"892951","HTTP://WWW.CENTRALVALLEYFUND.COM"
"862957","HTTP://WWW.INSIGNIACAP.COM"
"899818","HTTP://WWW.EMVLLP.COM"
"899818","HTTP://WWW.EMPLLP.COM"
"896451","HTTP://WWW.MAVERON.COM/"
"899831","HTTP://WWW.FOUNDERSCOOP.COM"
"897628","HTTP://WWW.CCPEQUITYPARTNERS.COM"
"897563","HTTP://WWW.MELKONIANCAPITAL.COM"
"884670","HTTP://WWW.TECHQUITYCAP.COM"
"888240","HTTP://WWW.CATHOLICINVEST.ORG"
"904915","HTTP://AKKADIANVENTURES.COM"
"894102","HTTP://WWW.CAMCORPARTNERS.COM"
"898443","HTTPS://WWW.NOVENTIVC.COM"
"893499","HTTP://SIGNIAVENTUREPARTNERS.COM"
"902939","HTTP://WWW.SOUTHWESTMICHIGANFIRST.COM/"
"890036","HTTP://WWW.MERITECHCAPITAL.COM"
"872026","HTTP://137VENTURES.COM/"
"885995","HTTP://WWW.BPEPINDIA.COM"
"890122","HTTP://WWW.SOUNDVIEWRE.COM"
"889976","HTTP://WWW.TUCKERFUNDS.COM"
"873205","HTTP://WWW.FANNININNOVATION.COM"
"897237","HTTP://WWW.EMERGINGENERGY.COM"
"904396","HTTP://TEFUNDS.COM"
"897037","HTTP://WWW.PALOMARVENTURES.COM"
"886648","HTTP://WWW.VISIONCAPITAL.COM"
"896958","HTTP://WWW.EQT.GG"
"899776","HTTP://CLOUDAPPSCAPITAL.COM/"
"896944","HTTP://WWW.EQT.GG"
"896960","HTTP://WWW.EQT.GG"
"904815","HTTP://WWW.CHEQUERSCAPITAL.COM"
"896931","HTTP://WWW.EQT.GG"
"896952","HTTP://WWW.EQT.GG"
"896937","HTTP://WWW.EQT.GG"
"885198","HTTP://WWW.ASCENTREA.COM"
"896957","HTTP://WWW.EQT.GG"
"899084","HTTP://WWW.BROWNSAVANO.COM"
"865266","HTTP://WWW.SBCINV.COM/"
"897759","HTTP://PORTLANDPE.COM/"
"871957","HTTP://WWW.BOWERYCAP.COM"
"890522","HTTP://WWW.MMLCAPITAL.COM"
"905513","HTTP://WWW.RENOVOCAPITAL.COM/"
"896946","HTTP://WWW.EQT.GG"
"896934","HTTP://WWW.EQT.GG"
"902316","HTTP://WWW.BBMINVESTIMENTOS.COM.BR"
"884467","HTTP://WWW.LIVEOAKVP.COM"
"901232","HTTP://BLUECLAYCAPITAL.COM/"
"888903","HTTP://WWW.RUSTICCANYON.COM"
"905568","HTTP://WWW.ARROWHEADMEZZANINE.COM"
"899983","HTTPS://WWW.LIONCAPITAL.COM"
"905409","HTTP://WWW.FOOTPRINTVENTURES.COM"
"904792","HTTP://WWW.PARKSQUARECAPITAL.COM"
"879416","HTTP://WWW.OVATIONPARTNERS.COM/"
"904645","HTTP://WESTSUMMITCAP.COM"
"893449","HTTP://WWW.SHASTAVENTURES.COM/"
"891217","HTTP://SPELLCAPITAL.COM/"
"902231","HTTP://WWW.CONTOURVENTURES.COM"
"881532","HTTP://WWW.CIDGROUP.COM"
"881943","HTTP://WWW.ECHELONFUNDLP.COM"
"886102","HTTP://WWW.GMTPARTNERS.COM"
"902925","HTTP://WWW.CINVEN.COM"
"894776","HTTP://WWW.FLAGSHIPVENTURES.COM"
"894776","HTTP://WWW.ONELIBERTY.COM"
"894776","HTTP://WWW.AGTCFUNDS.COM"
"905249","HTTP://WWW.CATALYSTCAPITAL.COM"
"904607","HTTP://WWW.TOWERCAPITAL.CO.ZA"
"886383","HTTP://WWW.TENECAPITAL.COM/"
"904597","HTTP://WWW.CINVEN.COM"
"903395","HTTP://WWW.AURORAFUNDS.COM"
"898520","HTTP://WWW.REVOLUTION.COM/REVOLUTION-GROWTH"
"900923","HTTP://WWW.GC-PARTNERS.COM/"
"885295","HTTP://WWW.TIMBERCAPITAL.COM"
"903426","HTTP://WWW.RVPVC.COM"
"903426","HTTP://WWW.REMBRANDTVC.COM"
"895929","HTTP://FOUNDERSCOOP.COM"
"904480","HTTP://WWW.REVOLUTION.COM/REVOLUTION-VENTURES"
"892203","HTTP://WWW.SVLSA.COM"
"892203","HTTP://WWW.SVLIFESCIENCES.COM"
"905711","HTTP://WWW.EIVCAPITAL.COM"
"900407","HTTP://WWW.FIERAQUANTUM.COM/"
"875623","HTTP://WWW.LACUNA.COM"
"894051","HTTP://WWW.WALDENVC.COM"
"904872","HTTP://WWW.PARETOPROJECTFINANCE.NO"
"904872","HTTP://WWW.PARETO.NO"
"902482","HTTP://WWW.KEROGENCAP.COM"
"870110","HTTP://WWW.PAPPASVENTURES.COM"
"870110","HTTP://WWW.AMPAPPAS.COM"
"903327","HTTP://WWW.ARKPARTNERS.COM/ARK/"
"873392","HTTP://WWW.EQT.SE"
"895086","HTTP://WWW.CBREGLOBALINVESTORS.COM"
"895075","HTTP://WWW.CBREGLOBALINVESTORS.COM"
"892564","HTTP://WWW.CULTIVATIONCAPITAL.COM"
"895067","HTTP://WWW.CBREGLOBALINVESTORS.COM"
"902723","HTTP://WWW.SHAHCAP.COM"
"902961","HTTP://WWW.CHAMBERSCAP.COM"
"867325","HTTP://WWW.CANTORPARTNERS.COM"
"885966","HTTP://WWW.POSTCP.COM/"
"879145","HTTP://WWW.KPVENTURES.COM"
"881641","HTTP://WWW.MONEDA.CL"
"900777","HTTP://WWW.ORIONMINEFINANCE.COM"
"900409","HTTPS://WWW.SENRIGANCAPITAL.COM"
"890182","HTTP://WMCAPITALPARTNERS.COM/"
"881831","HTTP://WWW.MONEDA.CL"
"872842","HTTP://WWW.GGVC.COM"
"882039","HTTPS://WWW.TURKVEN.COM"
"904680","HTTPS://EDISONPARTNERS.COM"
"903415","HTTP://AXIOMVENTURES.COM"
"904404","HTTP://WWW.PRANAINVESTMENTS.COM"
"877526","HTTP://WWW.REDWOODRE.COM"
"903278","HTTP://WWW.ARKPARTNERS.COM/ARK/"
"900787","HTTPS://WWW.ORIONMINEFINANCE.COM"
"883820","HTTP://WWW.NORDICVENTUREPARTNERS.COM"
"904723","HTTPS://WWW.BABSONCAPITALEUROPE.COM/"
"905691","HTTP://WWW.SIGNALPEAKVC.COM"
"900957","HTTP://WWW.BANKERSSOUTH.COM"
"900957","HTTP://WWW.LANDSOUTHGROUP.COM"
"900957","HTTP://WWW.AGAMERICA.COM"
"902429","HTTP://WWW.TARGETEDTECH.COM"
"897902","HTTP://WWW.ANACAPFP.COM/"
"894881","HTTP://WWW.VINTAGE-IP.COM"
"900450","HTTP://WWW.IP-CAPITALPARTNERS.COM"
"894550","HTTP://WWW.CALIXTOGLOBAL.COM"
"898613","HTTP://WWW.JUNIPERFUNDS.COM"
"905138","HTTP://WWW.STRIDECAPITAL.COM"
"896271","HTTP://WWW.FALFURRIASCAPITAL.COM"
"890137","HTTP://WWW.SABREFUND.COM"
"868882","HTTP://WWW.SEQUOIACAP.COM/ISRAEL"
"873770","HTTP://WWW.SZTBV.COM/"
"883433","HTTP://WWW.A16Z.COM"
"903012","HTTP://BRIDGEPOINTMB.COM"
"906100","HTTP://WWW.CHAMBERSCAP.COM"
"893997","HTTP://WWW.BROOKSIDEEQUITY.COM"
"897574","HTTP://WWW.JMCCP.COM"
"898101","HTTP://WWW.JGBCAP.COM/"
"870305","HTTP://WWW.T2INVESTMENTS.COM/"
"886533","HTTPS://WWW.ANGEL.CO"
"895598","HTTPS://WWW.ATLASCAP.NET"
"886163","HTTP://ROSEWOODVC.COM/"
"886238","HTTP://WWW.GLENBROOKCONSUMER.COM/"
"900915","HTTP://WWW.CAUSEWAYMP.COM"
"903367","HTTP://WWW.GEOCAPITAL.COM/GEO/HOME.HTM"
"906163","HTTPS://WWW.MARWIT.COM"
"906023","HTTP://TUGBOATVENTURES.COM"
"896142","HTTP://WWW.DBPE.COM"
"896142","HTTP://WWW.DB.COM"
"888339","HTTP://WWW.GLENMONTCAPITAL.COM"
"868874","HTTP://WWW.SEQUOIACAP.COM/INDIA"
"899512","HTTP://WWW.SWANCAP.EU"
"899526","HTTP://WWW.PARALLAXCAP.COM"
"882052","HTTP://WWW.AULDBRASSPARTNERS.COM/"
"905364","HTTP://WWW.AVASARPARTNERS.COM/"
"904360","HTTP://WWW.GALEN.COM"
"893305","HTTP://WWW.VIOLAPE.COM"
"888329","HTTP://WWW.TLMFUNDS.COM/"
"902850","HTTP://WWW.NANODIMENSION.COM"
"904811","HTTP://WWW.LANDMARKVALUE.COM"
"889578","HTTP://WWW.CRATONEP.COM"
"905238","HTTP://WWW.SPINDLETOPCAP.COM"
"905238","HTTP://WWW.SPINDLETOPCAPITAL.COM"
"898093","HTTP://WWW.SEQUOIACAP.COM/US"
"902417","HTTP://WWW.STEAMBOATCP.COM/"
"868883","HTTP://WWW.SEQUOIACAP.COM/CHINA"
"868883","HTTP://WWW.SEQUOIACAP.CN/"
"905808","HTTPS://WWW.BROOKFIELDBR.COM/"
"884327","HTTP://REDROCKVENTURES.COM"
"906268","HTTPS://WWW.BROOKFIELDBR.COM/"
"888071","HTTP://WWW.EVOFUND.COM"
"906239","HTTP://WWW.RIOBRAVO.COM.BR"
"899470","HTTP://WWW.RIOBRAVO.COM.BR"
"883174","HTTP://WWW.ONCAP.COM"
"902840","HTTP://SERVICEPROVIDERCAPITAL.COM"
"899416","HTTP://WWW.RIOBRAVO.COM.BR"
"905195","HTTPS://WWW.XFUND.COM"
"900939","HTTPS://WWW.MORADOVENTURES.COM"
"904491","HTTP://WWW.SUSAVENTURES.COM"
"871417","HTTP://WWW.FAIRFIELDRESIDENTIAL.COM"
"871417","HTTPS://SERVICES.INTRALINKS.COM/LOGIN/"
"888495","HTTP://WWW.HCP.COM/"
"902347","HTTP://WWW.AMPLIFYPARTNERS.COM"
"904650","HTTP://WWW.HEALTHBOX.COM"
"887766","HTTP://WWW.FORMULAGROWTH.CA"
"906228","HTTP://WWW.MONTREUXEQUITY.COM"
"906228","HTTP://WWW.MEPVC.COM"
"905152","HTTP://WWW.JMHCAPITAL.COM"
"904374","HTTP://WWW.OCAVENTURES.COM"
"898397","HTTP://WWW.FIVEELMS.COM"
"905337","HTTP://WWW.ONESTONE-LLC.COM"
"903479","HTTP://WWW.GNSHILLIER.COM"
"905514","HTTP://WWW.BROCKTONCAPITAL.COM"
"898024","HTTPS://PANTERACAPITAL.COM/"
"906376","HTTP://WWW.DBPE.COM"
"906376","HTTP://WWW.DB.COM"
"894651","HTTP://WWW.STORMVENTURES.COM"
"898396","HTTP://WWW.MAN.COM"
"900580","HTTP://WWW.FOUNDRYGROUP.COM"
"906294","HTTP://WWW.THREEARCHPARTNERS.COM"
"898555","HTTPS://WWW.SAILCAPITAL.COM"
"895359","HTTPS://WWW.FUSECAPITAL.COM"
"900917","HTTP://SHERPAVC.COM"
"893909","HTTPS://WWW.PATRIAINVESTIMENTOS.COM.BR"
"893909","HTTPS://WWW.PATRIAINVESTMENTS.COM"
"898516","HTTP://WWW.VINCIPARTNERS.COM"
"906123","HTTP://AKKADIANVENTURES.COM"
"906438","HTTP://WWW.EVERCORE.COM.MX"
"902314","HTTP://WWW.SOCIALLEVERAGE.COM"
"899610","HTTP://WWW.FOCUSVENTURES.COM"
"906469","HTTP://WWW.EVERCORE.COM"
"899858","HTTP://WWW.4490.VENTURES"
"906475","HTTP://WWW.DEAM-SINGAPORE.COM"
"906475","HTTP://WWW.DB.COM"
"906475","HTTP://WWW.DBPE.COM"
"905932","HTTP://JAVELINVP.COM/"
"875067","HTTP://WWW.ACGINVESTORS.COM"
"904919","HTTP://WWW.BAINCAPITAL.CO.UK"
"901121","HTTP://WWW.GENERATIONIM.COM"
"892122","HTTP://WWW.LUNARCAP.COM"
"879028","HTTP://WWW.BVCAPITAL.COM"
"879028","HTTP://WWW.EVCPARTNERS.COM"
"879028","HTTP://WWW.EVENTURES.VC"
"898632","HTTPS://WWW.OURCROWD.COM"
"885212","HTTP://WWW.TARGETASSET.COM"
"902249","HTTP://WWW.BPEASIA.COM"
"878057","HTTPS://WWW.MONTAGU.COM"
"887892","HTTP://WWW.JORDANCAPITALAM.COM"
"904700","HTTP://WWW.NORDICCAPITAL.COM"
"904659","HTTP://WWW.BAGSECURITIES.COM"
"888101","HTTPS://WWW.OCPASIA.COM"
"900812","HTTPS://WWW.DRIVECAP.COM"
"900812","HTTPS://WWW.DRIVECAPITAL.COM"
"902265","HTTP://WWW.KYSEED.COM"
"900647","HTTP://WWW.KEDAARA.COM"
"900663","HTTP://WWW.MOBIUSVC.COM"
"894044","HTTP://WWW.ACTIVUMSG.COM"
"894106","HTTP://WWW.UBS.COM/UK/EN/ASSET_MANAGEMENT.HTML"
"893503","HTTP://WWW.GROSVENOR.COM"
"902803","HTTP://WWW.OSIRISPARTNERS.COM"
"906006","HTTP://WWW.BWCAPITALPARTNERS.COM/"
"900391","HTTP://WWW.STARINFRAPARTNERS.COM"
"904481","HTTPS://BOLT.IO"
"900286","HTTP://WWW.UBS.COM/UK/EN/ASSET_MANAGEMENT.HTML"
"894737","HTTP://WWW.EASTCAPITAL.COM"
"902872","HTTP://WWW.GRAFTONFUNDS.COM"
"904978","HTTP://WWW.CROSSCUTVENTURES.COM"
"905624","HTTP://BIOSTARVENTURES.COM"
"906635","HTTP://WWW.MOBIUSVC.COM"
"890279","HTTP://WWW.ROSEPARKADVISORS.COM"
"904806","HTTP://WWW.FNBCP.COM"
"903188","HTTP://WWW.HCPCOMPANY.COM"
"903188","HTTP://WWW.HISPANIAPARTNERS.COM"
"904191","HTTP://WWW.THEWHITEOAKGROUP.COM"
"900905","HTTP://WWW.DOLPHINCAPITALGROUP.COM"
"903402","HTTPS://WWW.BULWARKBAY.COM"
"896805","HTTP://WWW.HOPENLS.COM"
"905744","HTTP://WWW.MEZZANINECAP.COM"
"904334","HTTPS://TWITTER.COM/PIVOTNORTH"
"872678","HTTP://WWW.ACT.IS"
"872672","HTTP://WWW.ACT.IS"
"899740","HTTP://WWW.TREGARONCAPITAL.COM/"
"872625","HTTP://WWW.FREESTYLE.VC"
"902717","HTTP://WWW.MURPHREEVENTURES.COM"
"902717","HTTP://WWW.SOUTHERNFUNDS.COM"
"901033","HTTP://LABRADOR.COM/"
"904783","HTTP://WWW.METROPOLEGESTION.COM"
"906745","HTTP://WWW.MTTAMCAP.COM/"
"904528","HTTP://WWW.MPMCAPITAL.COM"
"897992","HTTP://WWW.SUSTAINABLECAPITAL.MU/"
"891821","HTTP://WWW.HUMWIN.COM"
"893576","HTTPS://WWW.DAGVENTURES.COM/"
"905485","HTTP://WWW.RESOLUTEVC.COM"
"905799","HTTP://GREATRANGECAPITAL.COM/"
"903153","HTTP://METAMORPHIC.VC"
"905011","HTTP://WWW.SKIFFCAPITAL.COM"
"888659","HTTP://WWW.3G-RADAR.COM"
"887646","HTTP://WWW.FLEXISCAPITAL.COM"
"904705","HTTP://DOMANIVENTURESLP.COM/"
"906877","HTTP://FIRSTCAPITALGROUP.COM"
"904677","HTTP://WWW.QUESTVP.COM"
"906093","HTTP://WWW.AGAVEPH.COM"
"903242","HTTP://WWW.KPCB.COM/CHINA"
"906993","HTTP://WWW.VINTAGE-IP.COM"
"904573","HTTP://WWW.ASPECTVENTURES.COM"
"899843","HTTP://WWW.CRCICAPITAL.COM/"
"907000","HTTP://WWW.HEADLANDCP.COM"
"907001","HTTP://WWW.HEADLANDCP.COM"
"905248","HTTP://WWW.CREADOR.COM"
"907009","HTTP://WWW.LMRPARTNERS.COM"
"907011","HTTPS://EWEBLP.STANDISHMANAGEMENT.COM/EPRIVATEEQUITY-CORRELATION/UTILITY/EWEBLPLOGIN.ASPX"
"907011","HTTP://WWW.CORRELATIONVC.COM"
"906483","HTTP://WWW.LONGRIVERVENTURES.COM/"
"898381","HTTP://WWW.RINCONVP.COM"
"907016","HTTP://WWW.LDFM.COM"
"905626","HTTP://WWW.STIRLINGSQUARE.COM"
"907044","HTTPS://WWW.CVC.COM"
"902647","HTTP://WWW.STAR-CAPITAL.COM"
"892063","HTTP://WWW.NUMENCAPITAL.COM"
"905230","HTTPS://WWW.PINEBRIDGE.COM"
"904268","HTTP://WWW.SYNCOM.COM"
"888990","HTTP://WWW.MMLCAPITAL.IE"
"871819","HTTP://WWW.MILLENNIALENERGY.COM"
"896829","HTTP://WWW.USDEBTVENTURES.COM"
"905304","HTTP://WWW.DNCAPITAL.COM"
"906342","HTTP://WWW.AGCMEXICO.COM"
"905107","HTTP://WWW.VERITAS-ASSET.COM"
"905266","HTTPS://WWW.TECHSTARS.COM"
"907168","HTTP://ACTIVANTCAPITAL.COM/"
"905956","HTTP://WWW.INNOVATIONENDEAVORS.COM"
"906914","HTTP://WWW.9MILELABS.COM"
"906914","HTTP://BLOG.9MILELABS.COM"
"898569","HTTP://WWW.WORTHVENTURE.COM"
"907276","HTTPS://MARCHCP.COM"
"898736","HTTP://TARPON.COM.BR/"
"907368","HTTP://WWW.STARTUPCV.COM"
"888450","HTTP://PLUSCAPITAL.COM/"
"875758","HTTP://WWW.LYXOR.COM/"
"875758","HTTP://WWW.MYLYXORMAP.COM/"
"897743","HTTP://WWW.VERRAZZANOCAP.COM/"
"904463","HTTP://WWW.CAFFEINATEDCAPITAL.COM"
"905229","HTTP://WWW.EMPIRICALCAPITAL.COM"
"906392","HTTP://WWW.AMPLIFYPARTNERS.COM"
"904313","HTTP://WWW.G20VC.COM"
"907504","HTTP://WWW.ONENORTHCAPITAL.COM"
"907275","HTTP://WWW.GP-INVESTMENTS.COM"
"907561","HTTP://REDIVYCAP.COM"
"905532","HTTP://WWW.AQUILOCAPITALMANAGEMENT.COM"
"907664","HTTP://WWW.AQUILOCAPITALMANAGEMENT.COM"
"907836","HTTP://WWW.PIPERCOVEFUND.COM/"
"880445","HTTP://WWW.QUANTEDGE.COM"
"907884","HTTP://WWW.EFWPARTNERS.COM"
"907987","HTTP://WWW.HARRISONMETAL.COM"
"906871","HTTP://WWW.SILVERCREEKFUND.COM"
"896953","HTTP://WWW.WINDYCITYADVISORS.COM"
"908164","HTTP://WWW.CONTEXTBH.COM"
"908180","HTTP://ABRIS-CAPITAL.COM"
"906855","HTTP://WWW.TORQUEST.COM"
"908179","HTTP://WWW.STONEMILLINER.COM"
"908222","HTTP://WWW.STONEMILLINER.COM"
"908497","HTTP://WWW.MITHRIL.COM"
"885073","HTTP://32DEGREES.CA"
"902952","HTTPS://WWW.ADVENTLS.COM"
"908528","HTTP://WWW.UNION.NO"
"908559","HTTP://WWW.AVETCAPITAL.COM/"
"884382","HTTP://WWW.ENGINEERINGCAPITAL.COM"
"888049","HTTP://WWW.EXCEPTIONCAPITAL.COM/"
"908719","HTTP://WWW.CORBELSEP.COM"
"908104","HTTP://WWW.TVP.COM"
"908189","HTTP://WWW.FRONTRANGE-EP.COM"
"908895","HTTP://WWW.CREOCAPITALPARTNERS.COM"
"905554","HTTP://WWW.TERRAFIRMA.COM/"
"909047","HTTP://WWW.SOCIALLEVERAGE.COM"
"908203","HTTP://WWW.TRUCK-CAPITAL.COM"
"906160","HTTP://WEFUNDER.COM"
"907981","HTTP://WWW.BROADVAIL.COM"
"903257","HTTP://WWW.EDGESTONE.COM"
"909649","HTTP://WWW.FRONTRANGE-EP.COM"
"899050","HTTPS://WWW.REALTYMOGUL.COM (WEBSITE FOR REALTY MOGUL, CO., THE MANAGER OF RM MANAGER, LLC.)"
"909711","HTTP://WWW.PELICANENERGYPARTNERS.COM"
"908436","HTTP://WWW.LVCPARTNERS.COM"
"908436","HTTP://WWW.LONGUEVUECAPITAL.COM"
"909756","HTTP://WWW.FRONTRANGE-EP.COM"
"909774","HTTP://WWW.SIGMAPARTNERS.COM"
"907885","HTTPS://WWW.CASTLEROCKPARTNERS.COM/INDEX.ASPX"
"909828","HTTP://WWW.MONTAGECAPITAL.COM"
"886552","HTTP://WWW.ASIYAINVESTMENTS.COM/"
"909863","HTTPS://SERVICES.INTRALINKS.COM/LOGIN/"
"909863","HTTP://WWW.MONKSHILL.COM/"
"908959","HTTP://WWW.LINDENGROVECAPITAL.COM"
"861729","HTTP://WWW.LCAMLLC.COM"
"909988","HTTP://WWW.QUESTVP.COM"
"909997","HTTPS://WWW.RUBYCAP.COM/"
"878004","HTTP://WWW.STAGEONEVC.COM"
"910558","HTTP://WWW.OAKVC.COM"
"910834","HTTP://WWW.PRIMAVERA-CAPITAL.COM"
"911507","HTTP://WWW.SCCPASIA.COM"
"895586","HTTP://WWW.THEXANDERGROUP.COM"
"900608","HTTP://WWW.ROTHSCHILD.COM"
"904764","HTTP://WWW.DELTAGROUP.KY"
"909508","HTTP://WWW.TANNORPARTNERS.COM/"
"908834","HTTP://WWW.LCPARTNERS.COM"
"908834","HTTP://LP.LCPARTNERS.COM/XTRANET"
"910715","HTTPS://WWW.REALTYMOGUL.COM (WEBSITE FOR REALTY MOGUL, CO., THE MANAGER OF RM MANAGER, LLC.)"
"911620","HTTP://WWW.ORCHARDGROUP.COM"
"909916","HTTP://WWW.STONEWATERCAP.COM"
"912052","HTTP://WWW.EASTSIDEPARTNERS.COM"
"912105","HTTP://WWW.ARCUSINVEST.COM"
"910542","HTTP://WWW.PRUSIKIM.CO.UK"
"910638","HTTP://WWW.LIQUIDREALTY.COM"
"888093","HTTP://UPFRONT.COM/"
"900086","HTTP://WWW.CM-P.DE"
"911569","HTTP://WWW.INTEGRATEDMACRO.COM"
"893875","HTTPS://WWW.IANGELS.CO"
"903139","HTTP://WWW.ACECAP.COM"
"912691","HTTP://WWW.COBIACAP.COM"
"912749","HTTP://WWW.VICTORIACP.COM/"
"886911","HTTP://GRANITEHOUSECAPITAL.COM"
"912783","HTTP://GRANITEHOUSECAPITAL.COM"
"893782","HTTP://WWW.QIC.COM"
"871686","HTTP://WWW.VELOSPARTNERS.COM"
"912872","HTTP://WWW.BFAM-PARTNERS.COM"
"911851","HTTP://WWW.MADRAGUE.SE"
"912198","HTTP://WWW.ANCORCAPITAL.COM"
"913041","HTTP://ACTIVANTCAPITAL.COM/"
"913242","HTTP://WWW.ACECAP.COM"
"889732","HTTP://WWW.GOBIVC.COM"
"909592","HTTP://WWW.1STPARTNERS.COM"
"913372","HTTP://WWW.FRONTRANGE-EP.COM"
"913356","HTTP://NGNCAPITAL.COM"
"913880","HTTP://WWW.STEAMBOATCP.COM/"
"913852","HTTP://WWW.MCMCAPITAL.COM"
"913811","HTTP://WWW.STAGEONEVC.COM"
"908416","HTTP://WWW.WALDENINTL.COM"
"913338","HTTP://WWW.LONGLEADCP.COM"
"909023","HTTP://WWW.NEOCARTA.COM"
"913609","HTTP://WWW.JKCAPITALMANAGEMENT.COM"
"912337","HTTP://WWW.IDEAFUNDPARTNERS.COM/"
"914168","HTTP://WWW.CAPSTONEAG.COM"
"908640","HTTP://WWW.GRANDCROSSING.COM"
"914850","HTTP://SAGEROADCAPITAL.COM/"
"914914","HTTP://WWW.EBEXCHANGE.COM"
"911813","HTTP://WWW.WANIASSET.COM"
"915224","HTTPS://WWW.STERLINGBAY.COM"
"906489","HTTP://WWW.MATHVENTUREPARTNERS.COM/"
"915526","HTTP://WWW.EMERGINGENERGY.COM"
"911600","HTTP://WWW.CORRIBCAPITAL.COM"
"915580","HTTPS://WWW.ABBERTONCAPITAL.COM"
"906538","HTTP://WWW.GSQUARECAPITAL.COM"
"915609","HTTP://WWW.NORTHHILLVENTURES.COM"
"886917","HTTP://WWW.VENTUREINVESTORS.COM"
"894704","HTTP://WWW.MTIFIRMS.COM/"
"894704","HTTP://WWW.MTIFIRMS.COM/"
"907694","HTTP://WWW.FRESHSOURCECAPITAL.COM/"
"915643","HTTP://WWW.EXCELVM.COM/"
"900572","HTTP://WWW.HANGAR4PARTNERS.COM"
"914364","HTTP://WWW.MILESTONEVP.COM"
"915681","HTTP://WWW.CVPCAP.COM"
"916138","HTTP://WWW.BIOECONOMYCAPITAL.COM"
"911902","HTTP://VENDERARESOURCES.COM/"
"916196","HTTP://WWW.TRUENORTHVP.COM"
"884531","HTTP://WWW.NEVASTAR.COM/"
"916288","HTTP://VENDERARESOURCES.COM/"
"908615","HTTP://RTEDUCATION.COM"
"873610","HTTP://WWW.CORALGRP.COM"
"910534","HTTP://WWW.ALCUINCAPITAL.COM"
"916372","HTTP://WWW.LONGWOODINV.COM"
"916362","HTTP://WWW.RHMUSICROYALTYPARTNERS.COM"
"896062","HTTP://WWW.FOCALPOINTVENTURES.COM"
"899056","HTTP://WWW.INSTARAGF.COM"
"881128","HTTP://WWW.WATERLINEVENTURES.COM"
"913015","HTTP://WWW.HARBOURPOINTCAPITAL.COM"
"900824","HTTP://WWW.GOLDWATERLP.COM"
"916131","HTTP://WWW.WAVEEP.COM"
"915816","HTTPS://WWW.SILVERCREEKMANAGEMENT.COM"
"916553","HTTPS://WWW.TUCKERMANCAPITAL.COM"
"884252","HTTP://WWW.NEXITVENTURES.COM/"
"916681","HTTP://WWW.INTEGRATEDMACRO.COM"
"910807","HTTP://WWW.GUARDEAQUI.COM/"
"915782","HTTP://COVERAVENTURES.COM"
"913944","HTTP://WWW.MITSUI-GLOBAL.COM/EN/"
"902175","HTTP://WWW.PRAXCAPITAL.COM"
"915598","HTTP://WWW.HARBOURLITIGATIONFUNDING.COM"
"916922","HTTP://WWW.SQNINVESTORS.COM"
"916974","HTTP://WWW.MOUNTAINBROOKCAP.COM"
"911811","HTTP://WWW.KSLSFUND.COM"
"917093","HTTPS://WWW.OCPASIA.COM"
"916807","HTTP://EN.CHUANGXIN.COM/"
"917101","HTTP://WWW.IDALIONCAPITAL.COM"
"888933","HTTP://WWW.INNKAP.SE"
"917190","HTTPS://WWW.SINDICATUM.COM"
"916883","HTTP://WWW.BRAEMARENERGY.COM"
"916064","HTTP://WWW.SOUTHFIELDCAPITAL.COM"
"917369","HTTPS://WWW.FEROXCAPITAL.COM"
"889077","HTTP://WWW.MOSAICVENTURES.COM"
"917375","HTTP://WWW.FEROXCAPITAL.COM"
"915849","HTTPS://WWW.RCHCAPITAL.COM"
"917387","HTTPS://WWW.FEROXCAPITAL.COM"
"904702","HTTP://WWW.PARUSFINANCE.COM"
"909978","HTTP://WWW.CLAIRVUECAPITAL.COM"
"872127","HTTP://WWW.LEAPFROGVENTURES.COM/"
"916633","HTTP://VORTUS.COM"
"908525","HTTP://WWW.ASTELLONCAPITAL.COM"
"917105","HTTP://WWW.INTERMEDE.CO.UK"
"917055","HTTP://WWW.ENLIGHTENCAP.COM"
"916176","HTTP://ARIXACAPITAL.COM"
"916176","HTTP://CROSSWINDFINANCIAL.COM"
"916176","HTTP://ARIXALENDING.COM"
"913252","HTTP://WWW.FABULACAPITAL.COM"
"917945","HTTP://WWW.WINDYCITYADVISORS.COM"
"917692","HTTP://WWW.RSTP.COM"
"911557","HTTP://WWW.RENEOCAP.COM"
"918079","HTTP://WWW.VOLITIONCAPITAL.COM"
"918132","HTTP://WWW.HEADLANDCP.COM"
"894015","HTTP://WWW.ACCEL.COM/"
"917415","HTTP://WWW.CASTLEUNION.COM"
"910003","HTTP://WWW.NEWSTATECP.COM"
"894264","HTTP://WWW.REFORMATION-TECHNOLOGIES.COM"
"914008","HTTP://WWW.REFORMATION-TECHNOLOGIES.COM"
"918421","HTTP://WWW.EQT.SE"
"918277","HTTPS://WWW.ROSEMONTCAPITAL.COM"
"918552","HTTP://WWW.GOLDENBELLPARTNERS.COM/"
"917986","HTTP://WWW.MONTLAKECAPITAL.COM"
"917361","HTTP://WWW.VALUEADVISORS.CO.KR"
"918133","HTTP://WWW.GHPGROUP.COM"
"918651","HTTP://WWW.DEVELOPMICHIGAN.NET/"
"918672","HTTP://WWW.BANKERSSOUTH.COM"
"918672","HTTP://WWW.LANDSOUTHGROUP.COM"
"918672","HTTP://WWW.AGAMERICA.COM"
"918687","HTTP://RIVOALTO.COM/"
"918687","HTTP://NEWWAVELOANS.COM/"
"918177","HTTP://WWW.APPOSITECAPITAL.COM"
"918757","HTTP://WWW.ALEPH.VC"
"917606","HTTP://WWW.AFFINITYEQUITY.COM"
"916931","HTTP://WWW.MELFORDCAPITAL.COM"
"918883","HTTP://WWW.THLPV.COM/"
"913251","HTTP://WWW.KKR.COM"
"908443","HTTP://WWW.MWAM.COM"
"916548","HTTP://WWW.PETROCAPITALFUNDS.COM"
"908600","HTTP://WWW.COMGEST.COM"
"918618","HTTP://GRIZZLYROCKCAPITAL.COM"
"916840","HTTP://WWW.CBPECAPITAL.COM"
"915175","HTTP://WWW.QUAD-IM.COM/"
"917244","HTTPS://WWW.PENSATOCAPITAL.COM"
"919195","HTTP://WWW.SIENACAPITAL.NET"
"917177","HTTP://WWW.ONSLOW-CAPITAL.COM"
"906834","HTTP://WWW.EVENTURES.VC"
"906834","HTTP://WWW.EVCPARTNERS.COM"
"906834","HTTP://WWW.BVCAPITAL.COM"
"919381","HTTPS://WWW.OCPASIA.COM"
"908875","HTTP://RUBICONTP.COM"
"919534","HTTP://WWW.SERENITASCAPITAL.COM"
"917304","HTTP://WWW.OVATIONPARTNERS.COM/"
"919391","HTTP://WWW.DUNEDIN.COM"
"918833","HTTP://WWW.IDEAFUNDPARTNERS.COM/"
"921299","HTTPS://WWW.BLUELIONCAP.COM"
"916801","HTTP://WWW.ALCHEMYSINGAPORE.COM"
"921326","HTTP://WWW.LSVP.COM"
"920351","HTTP://WWW.CHARLESLIMCAPITAL.COM"
"922121","HTTP://WWW.QRACQ.COM"
"922148","HTTP://WWW.SILVARISCAPITAL.COM"
"920182","HTTP://WWW.DBPE.COM"
"920182","HTTP://WWW.DB.COM"
"919358","HTTP://WWW.BVCAPITAL.COM"
"919358","HTTP://WWW.BVFUND.COM"
"919358","HTTP://WWW.EVCPARTNERS.COM"
"922210","HTTP://WWW.LGEFUND.COM"
"897560","HTTP://WWW.FSV.VC"
"923108","HTTP://WWW.EVOFUND.COM"
"919402","HTTP://WWW.TDRCAPITAL.COM/"
"918928","HTTP://WWW.BUTCHERJOSEPH.COM/"
"918928","HTTP://WWW.MOSAIC-CP.COM"
"906829","HTTP://WWW.DEAM-SINGAPORE.COM"
"906829","HTTP://WWW.DB.COM"
"906829","HTTP://WWW.DBPE.COM"
"923134","HTTP://WWW.GAVEAINVEST.COM.BR"
"921325","HTTP://WWW.ARCISGROUP.COM"
"919608","HTTP://WWW.OAKVC.COM"
"918503","HTTP://WWW.BVCF.COM/"
"915358","HTTP://STRATEGICINVESTMENTFUND.ORG"
"924303","HTTP://WWW.OAKVC.COM"
"920166","HTTPS://WWW.REBELMOUSE.COM/CENDANACAPITAL/"
"921098","HTTP://WWW.AFRICANALLIANCE.COM"
"907856","HTTP://WWW.ANTIN-IP.COM"
"920104","HTTP://WWW.TCIFUND.COM"
"924509","HTTP://WWW.JMCCP.COM"
"918107","HTTP://WWW.WESTERLYCAP.COM"
"915657","HTTP://WWW.FORTELUS.COM"
"925098","HTTP://WWW.FORTELUS.COM"
"924183","HTTPS://DVORELLC.COM"
"924183","HTTPS://DVOREALESTATE.COM"
"918199","HTTP://MAKOGLOBAL.COM/MAKO-GLOBAL-INVESTORS/"
"888998","HTTP://DEVCAPITAL.COM/"
"920149","HTTP://WWW.BAY-AREA-AND-PACIFIC-COAST-DEVELOPMENT.COM"
"920149","HTTP://WWW.BAPCD.COM"
"915800","HTTP://WWW.ARGANCAPITAL.COM/"
"918136","HTTP://WWW.VGOCAPITAL.COM"
"924667","HTTP://WWW.MAGLAN.COM"
"926223","HTTP://WWW.MITSUI-GLOBAL.COM/EN/"
"878000","HTTPS://WWW.LFMCAPITAL.COM"
"919464","HTTP://WWW.TOWERARCH.COM"
"920087","HTTP://WWW.MONTPELIER.COM"
"917871","HTTP://WWW.MACROSYNERGY.COM/"
"918142","HTTP://WWW.OCEANDIAL.COM"
"912199","HTTP://WWW.XENONPE.COM"
"924455","HTTP://WWW.APPLETREEPARTNERS.COM"
"923088","HTTPS://WWW.OMERSVENTURES.COM"
"925292","HTTP://WWW.LEAFCAPITALMANAGEMENT.COM"
"926409","HTTP://WWW.CONVECTORCAPITAL.COM"
"926145","HTTPS://WWW.SAMARACAPITAL.COM"
"917477","HTTP://WWW.TOKIOMARINEAM.CO.JP/"
"922165","HTTP://WWW.BARROWSTREETCAPITAL.COM"
"924706","HTTP://BARTONAM.COM/"
"926570","HTTP://WWW.STRATIMCAPITAL.COM/."
"922270","HTTP://MORKCAPITAL.COM"
"926999","HTTP://WWW.ELLISBRADY.COM/"
"927004","HTTP://WWW.CARDINALCAPITALGROUP.COM"
"927053","HTTP://WWW.CLAIRVEST.COM"
"912799","HTTP://WWW.SEQUOIACAP.COM/CHINA"
"912799","HTTP://WWW.SEQUOIACAP.CN/"
"926086","HTTP://PENTACAPITAL.COM"
"923123","HTTP://WWW.ELYSIANCAPITAL.COM"
"888456","HTTP://SYNTHESISCAPITAL.COM"
"926841","HTTP://WWW.IRONSHIELDCAPITAL.COM"
"895846","HTTP://BRIDGESVENTURES.COM/"
"895846","HTTP://BRIDGESVENTURES.COM/US"
"927269","HTTP://TATACAPITAL.COM/INDEX.HTM"
"923161","HTTP://WWW.LIONTRUST.CO.UK"
"918740","HTTP://WWW.PHASE4-PARTNERS.COM"
"927519","HTTPS://WWW.ROUNDSHIELDLLP.COM"
"927307","HTTP://WWW.TWOOCEAN.COM"
"927287","HTTP://WWW.AACCAPITALUK.COM"
"913766","HTTP://WWW.VENROCK.COM"
"912070","HTTP://ENERGYPOWERPARTNERS.COM"
"927079","HTTP://WWW.NV-IG.COM"
"927701","HTTP://WWW.CORDIANTCAP.COM"
"927244","HTTPS://WWW.ORBISFUNDS.COM"
"927244","HTTPS://WWW.ORBIS.COM"
"927468","HTTP://WWW.IVP.COM"
"904526","HTTP://ROCP.COM/"
"926703","HTTP://WWW.JIPINC.COM"
"927987","HTTP://WWW.AFFINITYEQUITY.COM"
"927259","HTTP://WWW.ROCKHAMPTON-MGT.COM"
"928219","HTTP://WWW.COLLERCAPITAL.COM"
"927655","HTTP://WWW.DEAM-SINGAPORE.COM"
"927655","HTTP://WWW.DB.COM"
"927655","HTTP://WWW.DBPE.COM"
"927056","HTTP://WWW.FORBION.COM"
"927869","HTTP://WWW.DBPE.COM"
"927869","HTTP://WWW.DB.COM"
"928245","HTTP://WWW.BARROWSTREETCAPITAL.COM"
"927801","HTTPS://WWW.ABBERTONCAPITAL.COM"
"918679","HTTP://WWW.SYNOVA-CAPITAL.COM/"
"928332","HTTP://WWW.ARCHBRIDGECAP.COM"
"927216","HTTP://WWW.TDFUND.COM"
"896806","HTTP://WWW.FQSCAPITAL.COM"
"927025","HTTP://WWW.ELECTRAPARTNERS.COM"
"927562","HTTP://WWW.AZIMUTHTRUST.COM"
"919423","HTTPS://WWW.FROGMORE.CO.UK"
"928622","HTTP://WWW.REDMONTVP.COM"
"928622","HTTP://WWW.REDMONTCAPITAL.COM"
"928687","HTTP://BRAIT.COM/"
"928687","HTTP://BRAIT.COM/"
"928465","HTTP://WWW.SOVEREIGNCAPITAL.CO.UK/"
"927774","HTTP://WWW.SOVEREIGNCAPITAL.CO.UK"
"925145","HTTP://WWW.AUGUSTEQUITY.COM"
"910168","HTTP://137VENTURES.COM/"
"910126","HTTP://WWW.UMJ-JP.COM"
"919135","HTTP://WWW.GEMSSTOCK.CO"
"928127","HTTP://PLAYGROUND.GLOBAL/"
"928474","HTTP://TEMCAN.COM/"
"901017","HTTPS://WWW.VNSINVESTMENT.COM"
"928963","HTTPS://WWW.VNSINVESTMENT.COM"
"928233","HTTP://WWW.3I.COM"
"929005","HTTP://WWW.ALTAPARKCAPITAL.COM"
"929128","HTTP://WWW.ELEVAREQUITY.COM/"
"926994","HTTP://WWW.THREEARCHPARTNERS.COM"
"926993","HTTP://WWW.CAUSEWAYMP.COM"
"928060","HTTPS://WWW.HORSEMANCAPITAL.COM"
"929260","HTTP://WWW.MONASHEES.COM.BR"
"923104","HTTP://WWW.SWITCHBACKVENTURES.NET"
"927890","HTTP://WWW.HVCAPITALINVESTORS.COM"
"927890","HTTP://WWW.RHVCAPITAL.COM"
"927545","HTTP://WWW.ROTATIONCAPITAL.COM/"
"927040","HTTP://WWW.TRIPLEJUMP.EU"
"929490","HTTP://WWW.IDFC.COM/PROJECT_EQUITY/INDEX.HTM"
"879213","HTTP://WWW.CRISPINCAPITAL.COM"
"909558","HTTP://WWW.EUROPACAPITAL.COM"
"928519","HTTP://WWW.ECM-PE.DE"
"929376","HTTP://VALARCHOLDINGS.COM"
"929583","HTTP://WWW.CLEARBELL.COM"
"929735","HTTP://WWW.CLEARBELL.COM"
"927503","HTTP://WWW.BARCACAPITAL.COM"
"928244","HTTP://WWW.PRIMESTONECAPITAL.COM"
"928443","HTTP://WWW.ACORNPACIFIC.VENTURES/"
"927647","HTTP://WWW.HAWKRIDGELLC.COM"
"929521","HTTP://WWW.CARLYLE.COM"
"915335","HTTP://WWW.ATIKACAPITAL.COM"
"928217","HTTP://WWW.INDIGO-CAPITAL.COM"
"927020","HTTP://WWW.KITELAKE.COM/"
"924553","HTTP://WWW.ZEPHYRMANAGEMENT.COM"
"929271","HTTP://WWW.EMERALDFUNDSL.COM"
"921289","HTTP://WWW.SIENACAPITAL.NET"
"930018","HTTP://WWW.DEVELOPMICHIGAN.NET/"
"913685","HTTP://WWW.MGGINV.COM"
"927758","HTTP://WWW.DPI-LLP.COM"
"915137","HTTP://WWW.SAGHARBORCAP.COM"
"916766","HTTP://WWW.RHMUSICROYALTYPARTNERS.COM"
"927822","HTTPS://WWW.RUBYCAP.COM/"
"929498","HTTP://WWW.IDFC.COM/PRIVATE_EQUITY/INDEX.HTM"
"926123","HTTP://WWW.ALTIMAPARTNERS.COM"
"926541","HTTP://WWW.SILVERFLEETCAPITAL.COM/"
"906413","HTTP://WWW.BLACKROCK.COM"
"906422","HTTP://WWW.BLACKROCK.COM"
"915645","HTTP://WWW.SAPIAPARTNERS.COM"
"929987","HTTP://WWW.SOTHIC-CAPITAL.COM"
"930440","HTTP://WWW.CBPECAPITAL.COM"
"929778","HTTP://WWW.REALESTATEALTERNATIVES.COM"
"927757","HTTP://NORTHEDGECAPITAL.COM/"
"929534","HTTP://WWW.P2AM.CH"
"929522","HTTP://WWW.DFJESPRIT.COM"
"930285","HTTP://WWW.BRANFORDCASTLE.COM"
"921090","HTTP://WWW.MVM.COM"
"909576","HTTP://WWW.POLARSEC.COM/"
"924371","HTTP://WWW.1KANSAI.COM"
"930604","HTTP://WWW.ALTAPARKCAPITAL.COM"
"927727","HTTP://ZARVONAENERGY.COM"
"906537","HTTP://WWW.EASTLODGECAPITAL.COM"
"919103","HTTP://WWW.EVERSTONECAPITAL.COM"
"919099","HTTP://WWW.EVERSTONECAPITAL.COM"
"919095","HTTP://WWW.EVERSTONECAPITAL.COM"
"928787","HTTP://WWW.VENATOR.CA"
"919407","HTTP://WWW.EVERSTONECAPITAL.COM"
"927992","HTTP://WWW.ECLECTICA-AM.COM"
"928312","HTTP://WWW.ASPERATUSCAPITAL.COM/"
"929723","HTTP://WWW.CAPVEST.CO.UK"
"929723","HTTP://WWW.MEZZVEST.COM"
"929723","HTTP://WWW.MEZZVEST.CO.UK"
"930670","HTTP://WWW.BAILLIEGIFFORD.COM"
"914262","HTTP://WWW.DRICAPITAL.COM"
"914262","HTTP://WWW.BALLASTHP.COM"
"918477","HTTP://WWW.ABDIELCAPITAL.COM"
"926852","HTTP://WWW.WESTERNSTANDARDLLC.COM/"
"930831","HTTP://WWW.TRUENORTHVP.COM"
"930668","HTTP://WWW.MEKONGCAPITAL.COM"
"929227","HTTP://WWW.KIMCO.COM.SG"
"927325","HTTP://WWW.NEWPEAK.KY"
"927325","HTTP://WWW.NEWPEAKCAP.COM"
"927325","HTTP://WWW.NEWPEAKCAP.KY"
"927325","HTTP://WWW.NEWPEAK.CO.UK"
"925221","HTTP://WWW.EVERSTONECAPITAL.COM"
"927352","HTTP://WWW.MANSFORD.COM"
"930213","HTTP://WWW.NFRT.CO.JP/NFR-T/EN/"
"928181","HTTP://WWW.CAPULAGLOBAL.COM/"
"924433","HTTP://WWW.HASTINGSEQUITY.COM"
"930619","HTTP://WWW.EASTONCAPITAL.COM"
"930474","HTTP://WWW.VITRUVIANPARTNERS.COM"
"930308","HTTP://WWW.HERITAGEGROUPUSA.COM"
"928965","HTTP://WWW.POLARCAPITAL.CO.UK"
"917612","HTTP://WWW.SLOANEROBINSON.COM"
"914038","HTTP://WWW.ARMISTICECAPITAL.COM"
"928709","HTTP://WWW.LNGCAPITAL.COM"
"927208","HTTP://WWW.GUARDIANCP.COM"
"927806","HTTP://WWW.RUBICON-UK.COM"
"931087","HTTP://WWW.EXPONENTPE.COM"
"930877","HTTP://WWW.TRAFALGARCAPITAL.COM"
"929733","HTTP://WWW.SOLAISECAPITAL.COM"
"930672","HTTP://WWW.CXPARTNERS.IN/"
"929488","HTTP://WWW.CGCM.COM"
"930504","HTTP://WWW.ICONINFRASTRUCTURE.COM"
"927615","HTTP://WWW.RPCAPITALGROUP.COM"
"930222","HTTP://KALAARI.COM"
"930214","HTTP://WWW.ASCENTCAPITAL.IN"
"918139","HTTPS://WWW.AGILITASPE.COM"
"929285","HTTPS://WWW.HABROKCAPITAL.COM"
"927793","HTTP://WWW.RESOLUTIONPROPERTY.COM"
"930694","HTTP://WWW.JMFL.COM"
"927991","HTTP://WWW.HGCAPITAL.COM"
"928685","HTTP://WWW.ECOR1CAP.COM"
"903446","HTTP://HEALTHCAP.CH, ,HTTP://HEALTHCAP.EU,HTTP://HEALTHCAP.SEHTTP://OFCO.SEHTTP://OFCO.CH"
"912437","HTTP://WWW.SUNAREAPROP.COM"
"930832","HTTP://WWW.ICGPLC.COM"
"924721","HTTP://WWW.APAX.COM"
"930745","HTTP://WWW.MARYLEBONEPARTNERS.COM"
"932186","HTTP://WWW.NORTHCROSSCAPITAL.COM"
"929975","HTTP://WWW.3I.COM"
"918179","HTTP://WWW.AXXONGROUP.COM.BR"
"928464","HTTP://WWW.NEVSKYCAPITAL.COM"
"926388","HTTP://WWW.ONESTONE-LLC.COM"
"930873","HTTP://WWW.CARRICKCAPITALPARTNERS.COM/"
"929974","HTTP://WWW.ICGPLC.COM"
"932198","HTTP://WWW.KKR.COM"
"907536","HTTP://WWW.TERRAPARTNERS.COM"
"907159","HTTPS://WWW.MACQUARIE.COM/MAFM"
"932213","HTTP://WWW.WHARDSTEWART.COM"
"932238","HTTP://WWW.EIVCAPITAL.COM"
"918899","HTTP://WWW.DELOSCAP.COM/"
"909925","HTTP://WWW.BROOKSIDEEQUITY.COM"
"932205","HTTP://WWW.GRAPHITECAPITAL.COM"
"932288","HTTP://WWW.GRAPHITECAPITAL.COM"
"928727","HTTP://WWW.QUESTOR.COM"
"926236","HTTP://MEDINACAPITAL.COM"
"916722","HTTP://SPELLCAPITAL.COM/"
"932102","HTTP://WWW.ROSEPARKADVISORS.COM"
"927251","HTTP://VORTUS.COM"
"927002","HTTP://WWW.EVOCM.COM"
"927941","HTTP://WWW.PARALLAXCAP.COM"
"917613","HTTP://WWW.HUNTINGTONCAPITAL.COM"
"930739","HTTP://WWW.HIGHLANDEUROPE.COM"
"930922","HTTPS://CIP-CAPITAL.COM"
"930675","HTTP://WWW.JMFL.COM"
"930271","HTTPS://WWW.THELEMEPARTNERS.COM"
"907177","HTTP://WWW.MIRAFUNDS.COM/"
"927734","HTTPS://WWW.PALKONCAP.COM"
"932397","HTTPS://WWW.PALKONCAP.COM"
"921120","HTTP://WWW.CHARTERHOUSE.CO.UK"
"930904","HTTP://WWW.FEROXCAPITAL.COM"
"930955","HTTPS://WWW.FEROXCAPITAL.COM"
"917658","HTTP://WWW.PLEASANTLAKEPARTNERS.COM"
"927268","HTTP://WWW.BREVANHOWARD.COM"
"927265","HTTP://WWW.BREVANHOWARD.COM"
"918446","HTTP://WWW.WESTBRIDGECAP.COM"
"908890","HTTP://WWW.LGT-ILS-PARTNERS.COM"
"906528","HTTP://WWW.NAVISCAPITAL.COM"
"928107","HTTPS://WWW.SYCAMOREVENTURES.COM"
"932275","HTTP://WWW.BEEPARTNERS.VC"
"907545","HTTPS://WWW.CVC.COM"
"932343","HTTP://WWW.EIVCAPITAL.COM"
"929493","HTTP://WWW.FFANDP.COM"
"927791","HTTP://WWW.TRITON-PARTNERS.COM"
"927272","HTTP://WWW.BREVANHOWARD.COM"
"913886","HTTP://WWW.FALFURRIASCAPITAL.COM"
"927838","HTTP://WWW.TRANSMEDIACAPITAL.COM"
"926738","HTTP://WWW.INNISFREE.CO.UK"
"896449","HTTP://WWW.SEQUOIACAP.COM/INDIA"
"932576","HTTP://WWW.P32SITEFUND.COM"
"905713","HTTP://BLUECLAYCAPITAL.COM/"
"932133","HTTP://WWW.PAGFLP.COM"
"905751","HTTP://WWW.RENOVOCAPITAL.COM/"
"929172","HTTPS://WWW.JURIDICA-AML.COM"
"918725","HTTP://WWW.LDVP.COM"
"932322","HTTP://WWW.AMPCAPITAL.COM"
"932322","HTTP://WWW.AMPCAPITAL.COM.AU"
"932420","HTTP://WWW.F6S.COM"
"932184","HTTP://WWW.SOFTBANK.COM"
"932184","HTTP://WWW.SOFTBANKCI.COM"
"926179","HTTP://WWW.QUANTUM-CAPITAL-PARTNERS.COM"
"927990","HTTP://WWW.DFJESPRIT.COM"
"932338","HTTP://WWW.GRAPHITECAPITAL.COM"
"932718","HTTP://WWW.DUKESTREET.COM/"
"932278","HTTP://WWW.LDVP.COM"
"932786","HTTP://WWW.PASSEDPAWNADVISORS.COM"
"917078","HTTP://WWW.GOLDHILLCAPITAL.COM"
"927769","HTTP://ROTHSCHILD.COM"
"927786","HTTPS://WWW.ROTHSCHILD.COM"
"931017","HTTP://ELDORADO.COM"
"932973","HTTP://WWW.CHARLESLIMCAPITAL.COM"
"932654","HTTP://WWW.AXIOMASIA.COM/"
"932982","HTTP://WWW.MARYLEBONEPARTNERS.COM"
"932693","HTTPS://WWW.ROSEMONTCAPITAL.COM"
"932392","HTTP://WWW.EQT.SE"
"924450","HTTP://WWW.AMADEUSCAPITAL.COM"
"930430","HTTP://HIGHALPHA.COM"
"933040","HTTP://WWW.3I.COM"
"932985","HTTP://WWW.DPI-LLP.COM"
"915208","HTTPS://WWW.CANVASCAPITAL.COM.BR"
"930228","HTTP://WWW.BELLGUARDCM.COM/"
"933158","HTTPS://WWW.CANVASCAPITAL.COM.BR"
"924090","HTTP://WWW.SECTOR.NO/"
"932295","HTTP://WWW.PRESERVERPARTNERS.COM"
"902794","HTTP://WWW.HUTTONCOLLINS.COM"
"917395","HTTP://WWW.CHAYTONCAPITAL.COM"
"933030","HTTP://WWW.KYRIACAPITAL.COM"
"930234","HTTP://WWW.SIRIUS.FI"
"933262","HTTP://WWW.PRESERVERPARTNERS.COM"
"933274","HTTP://WWW.FANDC.COM"
"932673","HTTP://WWW.LLOYDSBANK.COM"
"932673","HTTP://WWW.LLOYDSBANKCOMMERCIAL.COM/"
"933348","HTTP://REDIVYCAP.COM"
"933354","HTTP://REDIVYCAP.COM"
"933432","HTTP://WWW.BLUESTEMCAPITAL.COM"
"933477","HTTP://WWW.NHFUND.COM"
"933502","HTTP://WWW.TRILLIUM-GROUP.COM"
"933507","HTTP://WWW.ALTIMAPARTNERS.COM"
"926386","HTTP://FORMATION8.COM"
"889800","HTTP://WWW.BLGCAPITAL.COM"
"933538","HTTP://REDIVYCAP.COM"
"933595","HTTP://BENHAMOUGLOBALVENTURES.COM"
"930954","HTTP://WWW.DELTAVCAPITAL.COM"
"932651","HTTP://WWW.RITCHIECAPITAL.COM"
"903467","HTTP://WWW.GCCFUND.COM"
"933758","HTTP://WWW.LYXOR.COM/"
"933758","HTTP://WWW.MYLYXORMAP.COM/"
"933832","HTTP://WWW.EPLANETCAPITAL.COM"
"933835","HTTP://WWW.EPLANETCAPITAL.COM"
"933962","HTTP://WWW.PRESERVERPARTNERS.COM"
"933966","HTTP://BENHAMOUGLOBALVENTURES.COM"
"933991","HTTP://WWW.CPIM.CO.UK"
"932448","HTTP://WWW.ARCAPITA.COM/"
"934215","HTTP://WWW.BREVANHOWARD.COM"
"934218","HTTP://WWW.BREVANHOWARD.COM"
"934219","HTTP://WWW.SECTOR.NO/"
"934244","HTTPS://WWW.GREYBULLSTEWARDSHIP.COM"
"934261","HTTP://WWW.SEVENMILECP.COM"
"934437","HTTP://WWW.EBEXCHANGE.COM"
"934453","HTTP://WWW.BMOGAM.COM"
"933237","HTTP://WWW.ADMCAP.COM"
"930159","HTTPS://WWW.ASSETMANAGEMENT.HSBC.COM/CA"
"934678","HTTP://WWW.BLGCAPITAL.COM"
"934825","HTTPS://BATTELLEVENTURES.COM"
"934874","HTTP://WWW.LYNXSTRATEGIES.COM"
"928070","HTTP://WWW.DARWINPE.COM/"
"933652","HTTP://WWW.OPUSPOINTPARTNERS.COM"
"934774","HTTP://WWW.BLACKROCK.COM"
"933096","HTTPS://WWW.ORCHESTRAMV.COM"
"935226","HTTP://WWW.ASIYAINVESTMENTS.COM/"
"935002","HTTP://WWW.BIRCHMEREVC.COM"
"935002","HTTP://WWW.BIRCHMERELABS.COM"
"935002","HTTP://WWW.BIRCHMEREADVISORS.COM"
"935247","HTTP://WWW.SMITHWHILEY.COM/"
"928065","HTTPS://WWW.GROVELANDCAPITAL.COM"
"928609","HTTP://WWW.MINDFULLINVESTORS.COM"
"935055","HTTP://WWW.MOSAICREI.COM"
"935206","HTTP://WWW.ARISAIG-PARTNERS.COM"
"935209","HTTP://WWW.ARISAIG-PARTNERS.COM"
"933199","HTTP://WWW.TCIFUND.COM"
"933498","HTTP://WWW.HEADWAYCAP.COM"
"933957","HTTP://WWW.HINDECAPITAL.COM"
"932374","HTTP://WWW.PAGASIA.COM"
"934442","HTTP://WWW.SLOANEROBINSON.COM"
"932662","HTTP://WWW.ALEPH.COM"
"936464","HTTP://WWW.ALLEGISCAPITAL.COM"
"927264","HTTP://WWW.SYMPHONY-FP.COM"
"936563","HTTP://WWW.CXPARTNERS.IN/"
"936536","HTTP://WWW.ADWCAPITAL.COM"
"936600","HTTP://WWW.ELECTRAPARTNERS.COM"
"936673","HTTP://WWW.ICONVENTURES.COM"
"936689","HTTP://WWW.ICONVENTURES.COM"
"936729","HTTP://WWW.ICONVENTURES.COM"
"936735","HTTPS://WWW.ICONVENTURES.COM"
"936738","HTTP://WWW.ICONVENTURES.COM"
"934540","HTTP://WWW.GLOBALSELECTIONADVISORS.COM"
"936558","HTTP://WWW.CREADOR.COM"
"924174","HTTP://WWW.TAELPARTNERS.COM"
"930263","HTTP://WWW.ALTACOMM.COM"
"938508","HTTP://WWW.ADVANTAGEPARTNERS.COM/EN/INDEX.HTML"
"928861","HTTP://WWW.PARABELLUMCAP.COM"
"938617","HTTP://WWW.EAGLEHILLCAPITAL.COM"
"934978","HTTP://WWW.INFLEXION.COM"
"936415","HTTP://WWW.REVCAP.CO.UK"
"935399","HTTP://WWW.QUADRIACAPITAL.COM"
"938619","HTTP://ASTRA-AMCO.COM"
"938757","HTTP://WWW.RITCHIECAPITAL.COM"
"938880","HTTP://WWW.PASSEDPAWNADVISORS.COM"
"934205","HTTP://WWW.SYNERGYVENTURES.NET"
"938957","HTTP://WWW.SYNERGYVENTURES.NET"
"938521","HTTP://WWW.KIRSTEINFINANS.DK"
"938811","HTTP://WWW.ENDLESSLLP.COM"
"938848","HTTP://WWW.THECAPITALSTUDIO.COM"
"938969","HTTPS://WWW.CHEYNECAPITAL.COM"
"934835","HTTP://FIML.FEDERATEDINVESTORS.COM"
"934835","HTTP://WWW.FEDERATEDINVESTORS.COM"
"939007","HTTP://JERICACAPITAL.COM"
"934371","HTTPS://WWW.GLOBEVESTOR.COM"
"932088","HTTP://WWW.SOFINNOVA.FR"
"933478","HTTP://WWW.EBRFASSET.COM"
"933239","HTTP://WWW.EBRFASSET.COM"
"934264","HTTPS://DBAG.DE"
"938614","HTTP://WWW.BERGENASSET.COM"
"938289","HTTPS://WWW.RUBYCAP.COM/"
"939401","HTTP://WWW.GRANITEPOINTCAPITAL.COM"
"939401","HTTP://WWW.GRANITEPOINT.COM"
"939405","HTTP://WWW.IDALIONCAPITAL.COM"
"939478","HTTP://WWW.SAGILCAP.COM"
"919091","HTTP://BLACKFORDCAPITAL.COM/"
"939529","HTTP://WWW.MONASHEES.COM.BR"
"910645","HTTP://ARC-INVESTMENTS.COM"
"938532","HTTP://WWW.ONSET.COM"
"939358","HTTP://WWW.ASTORIACAP.COM"
"927529","HTTP://WWW.IMARA.COM"
"939467","HTTP://WWW.RBRCAPITAL.COM"
"933559","HTTP://WWW.VINTAGE-IP.COM"
"939819","HTTP://WWW.DCM.COM"
"926732","HTTP://WWW.MAMJ.COM"
"939783","HTTP://WWW.STANLEYCAP.COM/"
"933109","HTTP://WWW.IRVINGTONCAPITAL.COM"
"940001","HTTP://WWW.RTP.VC"
"937020","HTTP://WWW.ADVANTAGEPARTNERS.COM/EN/INDEX.HTML"
"938274","HTTP://WWW.RCMA-ASSET.COM"
"940122","HTTP://WWW.IDFC.COM/PRIVATE_EQUITY/INDEX.HTM"
"936340","HTTP://WWW.ROOT.VC"
"939986","HTTP://WWW.ANTHOSCAPITAL.COM/"
"932979","HTTP://WWW.LSCAPITAL.COM"
"938929","HTTP://WWW.TRI-ATLANTIC.COM"
"938929","HTTP://WWW.TRILANTIC.US"
"938929","HTTP://WWW.TRILANTICCAPITAL.COM"
"938929","HTTP://WWW.TRILANTICCAPITAL.NET"
"938929","HTTP://WWW.TRILANTICCAPITALPARTNERS.COM"
"938929","HTTP://WWW.TRILANTICCAPITALPARTNERS.NET"
"938929","HTTP://WWW.TRILANTICCP.COM"
"938929","HTTP://WWW.TRILANTICCP.NET"
"938929","HTTP://WWW.TRILANTICINVESTORS.COM"
"938929","HTTP://WWW.TRILANTICINVESTORS.NET"
"938929","HTTP://WWW.TRILANTICPARTNERS.COM"
"938929","HTTP://WWW.TRILANTICPARTNERS.EU"
"938929","HTTP://WWW.TRILANTICPARTNERS.NET"
"938929","HTTP://WWW.TRILANTIC.COM"
"940135","HTTP://WWW.EXPANSIVE.VC"
"940364","HTTP://WWW.BARINGS.COM"
"939995","HTTP://WWW.GSVFG.COM"
"928583","HTTP://AQUACAPITAL.NET/"
"939886","HTTP://WWW.INCUSCAPITAL.COM"
"940570","HTTP://WWW.GSVFG.COM"
"940606","HTTP://WWW.KIRSTEINFINANS.DK"
"939028","HTTP://WWW.TAURUSFUNDS.COM.AU"
"940652","HTTP://WWW.TAELPARTNERS.COM"
"940379","HTTPS://WWW.BULWARKBAY.COM"
"940776","HTTP://WWW.ATHENIANVP.COM/"
"936707","HTTP://WWW.ICGPLC.COM"
"940907","HTTP://WWW.NFRT.CO.JP/NFR-T/EN/"
"941012","HTTP://SOAPSTONECAPITAL.COM/"
"940979","HTTPS://WWW.CASTLEROCKPARTNERS.COM/INDEX.ASPX"
"941161","HTTP://WWW.EMETCAP.COM"
"938630","HTTP://WWW.TRPFUND.COM/"
"941268","HTTP://GENERALCATALYST.COM"
"940498","HTTPS://LONGWOODFUND.COM"
"941361","HTTPS://WWW.HORSEMANCAPITAL.COM"
"932717","HTTP://WWW.AIRDRIEPARTNERS.COM"
"940528","HTTP://WWW.GLOBISCAPITAL.CO.JP/EN/INDEX.HTML"
"940085","HTTP://WWW.OMP.NO"
"940963","HTTP://IBISCP.COM"
"940747","HTTP://ACTIVANTCAPITAL.COM/"
"941543","HTTP://WWW.MACROSYNERGY.COM/"
"941626","HTTP://WWW.TRPFUND.COM/"
"940376","HTTP://WWW.BOSTONGLOBALVENTURES.COM"
"941693","HTTP://WWW.BWCAPITALPARTNERS.COM/"
"935458","HTTP://WWW.CORDIANTCAP.COM"
"934521","HTTP://WWW.KINGSWAYCAP.COM"
"939416","HTTP://WWW.ASHBURTONINVESTMENTS.COM"
"941900","HTTP://WWW.ESTATEFINANCE.COM"
"941900","HTTP://WWW.LAWFINANCE.COM"
"941900","HTTP://WWW.LFGSERVICING.COM"
"941900","HTTP://WWW.LINKEDIN.COM/PUB/LAWFINANCE-GROUP/86/618/BB5"
"941900","HTTPS://CLIENTS.CORTLANDGLOBAL.COM/LFG"
"941667","HTTPS://WWW.ORBISFUNDS.COM"
"941667","HTTPS://WWW.ORBIS.COM"
"934209","HTTP://WWW.TARGETASSET.COM"
"942126","HTTP://WWW.TCP.VC"
"933912","HTTP://WWW.GNSHILLIER.COM"
"940643","HTTP://WWW.MAINPOSTPARTNERS.COM"
"936215","HTTP://WWW.TOLACAPITAL.COM"
"942191","HTTP://WWW.ANCHORPE.COM"
"939362","HTTP://WWW.FATECHVENTURES.COM"
"942476","HTTP://WWW.NIGHTSCAPECAPITAL.COM"
"942486","HTTPS://WWW.CHEYNECAPITAL.COM"
"939926","HTTP://WWW.PACROAD.COM.AU"
"941513","HTTP://WWW.LVCPARTNERS.COM"
"941513","HTTP://WWW.LONGUEVUECAPITAL.COM"
"933815","HTTP://WWW.EDLCAP.COM"
"942943","HTTP://WWW.EDLCAP.COM"
"942951","HTTP://WWW.ANCHORPE.COM"
"942776","HTTP://WWW.KKR.COM"
"942692","HTTP://WWW.AMULETCAPITAL.COM"
"942483","HTTP://WWW.SW7GROUP.COM"
"941574","HTTP://WWW.FIERAAXIUM.COM"
"943189","HTTPS://WWW.FISHHAWKLLC.COM"
"943158","HTTP://WWW.IDGVUSA.COM"
"939627","HTTP://WWW.ASIYAINVESTMENTS.COM/"
"943289","HTTP://WWW.TASHTEGOLLC.COM"
"943303","HTTP://WWW.EASTLODGECAPITAL.COM"
"943106","HTTP://WWW.STRATUSBR.COM"
"943125","HTTP://WWW.STRATUSBR.COM"
"943542","HTTP://WWW.UOBAIP.COM/"
"943543","HTTP://WWW.UOBAIP.COM/"
"927754","HTTP://TATACAPITAL.COM"
"942763","HTTP://WWW.ANACAPFP.COM/"
"940457","HTTP://WWW.BLACKROCK.COM"
"939186","HTTP://WWW.ASTELLONCAPITAL.COM"
"939796","HTTP://WWW.KECVENTURES.COM"
"916498","HTTP://WWW.OGCAP.COM/"
"941155","HTTP://WWW.CLAIRVEST.COM"
"944232","HTTP://ARIXACAPITAL.COM"
"944232","HTTP://CROSSWINDFINANCIAL.COM"
"944232","HTTP://ARIXALENDING.COM"
"944522","HTTP://WWW.POLARSEC.COM/"
"936598","HTTP://WWW.CLEARBELL.COM"
"938271","HTTP://WWW.PANTONCAPITALHOLDINGS.COM"
"942972","HTTPS://WWW.PACIFICLAKE.COM"
"944512","HTTP://ASTRA-AMCO.COM"
"938844","HTTP://SPECTER.VENTURES"
"941396","HTTP://WWW.DOMCAPLLC.COM"
"938696","HTTP://WWW.PRESERVERPARTNERS.COM"
"938696","HTTP://WWW.PRESERVERPARTNERSFUNDS.COM"
"944534","HTTP://WWW.ELLISLAKE.COM"
"944938","HTTP://WWW.EDGESTONE.COM"
"945233","HTTP://WWW.ASPERATUSCAPITAL.COM/"
"945230","HTTPS://WWW.PAMPACAPITAL.COM"
"945254","HTTP://WWW.LYCEUMCAPITAL.CO.UK"
"942251","HTTP://WWW.COMGEST.COM"
"940308","HTTP://WWW.ALTB.COM/"
"945395","HTTP://WWW.ELBERONLLC.COM/"
"940075","HTTP://WWW.MSTCAPITAL.COM/"
"939000","HTTP://WWW.CLEARBELL.COM"
"944991","HTTP://WWW.MELKONIANCAPITAL.COM"
"942591","HTTP://WWW.BLACKROCK.COM"
"945589","HTTP://WWW.ALBIZIACAP.COM"
"943101","HTTP://WWW.TURTLECREEK.CA/"
"944974","HTTP://WWW.SOMERS-CAPITAL.COM"
"945609","HTTP://WWW.SOMERS-CAPITAL.COM"
"945610","HTTP://WWW.SOMERS-CAPITAL.COM"
"941350","HTTP://WWW.PALISADEPARTNERS.COM.AU/"
"945575","HTTP://WWW.STONEHAGEFLEMING.COM"
"943552","HTTP://WWW.WESTRAYCAPITAL.COM"
"945858","HTTP://WWW.INNISFREE.CO.UK"
"934779","HTTP://WWW.CORDILLERA-IP.COM"
"945689","HTTPS://WWW.ROTHSCHILD.COM"
"946055","HTTP://ROTHSCHILD.COM"
"943261","HTTP://WWW.SEP.CO.UK"
"945881","HTTP://WWW.HEADWAYCAP.COM"
"946137","HTTP://JERICACAPITAL.COM"
"945040","HTTP://LEWISANDCLARKVENTURES.COM/"
"946221","HTTP://LEWISANDCLARKVENTURES.COM/"
"938804","HTTP://WWW.TRUEWINDCAPITAL.COM/"
"945388","HTTP://WWW.ALTIRAGROUP.COM"
"938497","HTTP://WWW.CHAMPEQUITY.COM.AU"
"944997","HTTP://WWW.APPIANCAPITALADVISORY.COM"
"945606","HTTP://WWW.AZINI.COM"
"946370","HTTP://WWW.DELPHIVENTURES.COM"
"946406","HTTP://WWW.ASCENTVP.COM/"
"946499","HTTP://WWW.DFE-PARTNERS.COM"
"935210","HTTP://WWW.ROGGEGLOBAL.COM"
"935210","HTTP://WWW.OLDMUTUAL.COM"
"942948","HTTP://WWW.GROWTHCAPITAL.CO.UK"
"943246","HTTP://WWW.METAGE.COM"
"945826","HTTP://WWW.PALISADEPARTNERS.COM.AU/"
"946005","HTTP://WWW.ALTASPARTNERS.COM"
"946693","HTTP://WWW.STORMVENTURES.COM"
"942005","HTTP://WWW.TRIBECAIP.COM.AU"
"926229","HTTPS://TREELINECP.COM"
"946920","HTTP://LEWISANDCLARKVENTURES.COM/"
"942853","HTTP://GFC.FUND"
"946924","HTTP://WWW.ALCHEMYPARTNERS.COM"
"945177","HTTP://TATACAPITAL.COM"
"946942","HTTP://WWW.BREVANHOWARD.COM"
"946943","HTTP://WWW.BREVANHOWARD.COM"
"946944","HTTP://WWW.BREVANHOWARD.COM"
"946945","HTTP://WWW.BREVANHOWARD.COM"
"946915","HTTP://WWW.ALCHEMYPARTNERS.COM"
"946946","HTTP://WWW.BREVANHOWARD.COM"
"946968","HTTP://WWW.WESTRAYCAPITAL.COM"
"939105","HTTP://WWW.ICAPITALNETWORK.COM"
"947145","HTTP://WWW.CRCICAPITAL.COM/"
"947189","HTTP://WWW.DRCCAP.COM"
"946908","HTTP://WWW.BAINCAPITAL.CO.UK"
"935180","HTTP://WWW.JAZZVP.COM"
"933466","HTTP://WWW.GREENWOODSASSET.COM/"
"936335","HTTP://WWW.TURNRIVERCAPITAL.COM"
"944948","HTTP://WWW.DOMINIONFS.COM"
"946933","HTTP://WWW.SEARCHFUNDACCELERATOR.COM"
"947568","HTTP://WWW.WESTRAYCAPITAL.COM"
"941127","HTTP://WWW.NAVISCAPITAL.COM"
"947766","HTTP://WWW.MBOPARTENAIRES.COM/"
"947284","HTTP://WWW.ATMOSCAPITAL.COM.BR/"
"947871","HTTP://WWW.ASPERATUSCAPITAL.COM/"
"943634","HTTP://WWW.BRAEMARENERGY.COM"
"947433","HTTP://WWW.ARCAPITA.COM/"
"923323","HTTP://ECHELONASSETMANAGEMENT.COM/"
"940246","HTTP://WWW.FORMATION8.COM"
"947751","HTTP://WWW.4ALPHASCAPITAL.COM"
"947141","HTTP://WWW.QUADRANTPE.COM.AU"
"945408","HTTP://WWW.QIC.COM"
"948046","HTTP://WWW.BAINCAPITAL.CO.UK"
"947234","HTTP://WWW.WYETREEAM.COM"
"947149","HTTP://WWW.ALATUS.CH"
"947149","HTTP://WWW.ALATUS-CAPITAL.CH"
"947149","HTTP://WWW.ALATUS-CAPITAL.COM"
"947149","HTTP://WWW.ALATUSCAPITAL.CH"
"947149","HTTP://WWW.ALATUSCAPITAL.COM"
"947149","HTTP://WWW.ALATUS-PARTNERS.COM"
"946528","HTTP://WWW.COLOGNY.CO.UK"
"948468","HTTP://WWW.SW7GROUP.COM"
"946301","HTTP://WWW.ETHOS.CO.ZA"
"948737","HTTP://WWW.NINEALPHACAP.COM/9A/HOME.HTML"
"947629","HTTP://ASCENSIONVENTURES.ORG"
"948782","HTTP://WWW.LEAFCAPITALMANAGEMENT.COM"
"948836","HTTP://WWW.ABINGWORTH.COM"
"948868","HTTP://WWW.OTTOMANGROUPLLC.COM"
"948868","HTTP://WWW.OTTOMANGROUPLLC.COM"
"945397","HTTPS://WWW.THECAPITALGROUP.COM"
"946935","HTTP://WWW.ARCHERCAPITAL.COM.AU"
"948855","HTTPS://WWW.DECATHLONCAPITAL.COM"
"946689","HTTP://WWW.ARCHERCAPITAL.COM.AU"
"947800","HTTP://WWW.ANCHORAGECAPITAL.COM.AU"
"948433","HTTP://OMEGAGI.COM/"
"948011","HTTP://WWW.YARLUN.COM"
"948766","HTTP://WWW.TRAFALGARCAPITAL.COM"
"942657","HTTP://WWW.MOSAICREI.COM"
"946714","HTTP://WWW.REGALFM.COM"
"948067","HTTP://SILVERSMITHCAPITAL.COM"
"943943","HTTP://WWW.PARKSQUARECAPITAL.COM"
"948446","HTTP://WWW.CRESCENTCAP.COM.AU/"
"947517","HTTPS://WWW.QUADRATURECAPITAL.COM"
"947451","HTTP://WWW.NAZMARK.COM/"
"949116","HTTP://WWW.PEARL-ENERGY.COM"
"949184","HTTP://WWW.HALL-CAPITAL.COM"
"949194","HTTP://WWW.HALL-CAPITAL.COM"
"945176","HTTP://WWW.ADVENTMORRO.COM"
"949215","HTTP://WWW.USVP.COM"
"949215","HTTPS://WWW.USVPPMG.COM"
"947572","HTTP://WWW.SIMMONSCO-INTL.COM/"
"941310","HTTP://ROCP.COM/"
"949016","HTTP://LWIMPACT.COM/"
"949243","HTTP://WWW.ALTIMAPARTNERS.COM"
"949282","HTTPS://WWW.DECATHLONCAPITAL.COM"
"949302","HTTPS://WWW.DECATHLONCAPITAL.COM"
"945256","HTTP://WWW.BLACKROCK.COM"
"948887","HTTP://WWW.PENTRUSTONLINE.COM/"
"949388","HTTP://WWW.NAZMARK.COM/"
"948764","HTTP://WWW.EMRCAPITAL.COM"
"949226","HTTP://WWW.MONTICELLO.NYC"
"948080","HTTP://WWW.MIRABELLA.CO.UK"
"949342","HTTP://WWW.ACCEL.COM"
