"FilingID","ReferenceID","Foreign Regulatory Authority"
"1002879","175709","Cayman Islands - Cayman Islands Monetary Authority"
"1020288","158918","Cayman Islands - Cayman Islands Monetary Authority"
"1022041","166296","Cayman Islands - Cayman Islands Monetary Authority"
"1022041","47630","Luxembourg, Grand Duchy of - Commission to Surveillance of the Finance Sector"
"1022822","39801","Luxembourg, Grand Duchy of - Commission to Surveillance of the Finance Sector"
"1022822","49485","Ireland -  Central Bank of Ireland"
"1024732","32066","Other - CAYMAN ISLANDS MONETARY AUTHORITY"
"1024732","32149","Other - CAYMAN ISLANDS MONETARY AUTHORITY"
"1025976","159014","Jersey - Jersey Financial Services Commission"
"1025976","21306","Jersey - Jersey Financial Services Commission"
"1025976","21288","Jersey - Jersey Financial Services Commission"
"1025976","159012","Ireland -  Central Bank of Ireland"
"1025976","21224","Jersey - Jersey Financial Services Commission"
"996710","72373","Cayman Islands - Cayman Islands Monetary Authority"
"1024286","176585","Mauritius, Republic of - Financial Services Commission"
"1024286","176585","India - Securities and Exchange Board of India"
"1017276","177771","Cayman Islands - Cayman Islands Monetary Authority"
"994238","46249","Cayman Islands - Cayman Islands Stock Exchange Authority"
"1025535","167329","Cayman Islands - Cayman Islands Monetary Authority"
"1023141","54982","Cayman Islands - Cayman Islands Monetary Authority"
"1026638","32599","Cayman Islands - Cayman Islands Monetary Authority"
"1025463","2655","Other - CIMA, CAYMAN ISLANDS"
"1025190","176584","Cayman Islands - Cayman Islands Monetary Authority"
"1004922","145733","Cayman Islands - Cayman Islands Monetary Authority"
"1026212","76423","Cayman Islands - Cayman Islands Monetary Authority"
"1026311","178359","Cayman Islands - Cayman Islands Monetary Authority"
"1025948","64531","United Kingdom - Financial Conduct Authority"
"1025948","64533","United Kingdom - Financial Conduct Authority"
"1025948","64529","United Kingdom - Financial Conduct Authority"
"1025948","64532","United Kingdom - Financial Conduct Authority"
"1025948","33349","United Kingdom - Financial Conduct Authority"
"1025948","33367","United Kingdom - Financial Conduct Authority"
"1025948","33342","United Kingdom - Financial Conduct Authority"
"1025948","33363","United Kingdom - Financial Conduct Authority"
"1025948","30333","United Kingdom - Financial Conduct Authority"
"1025948","33352","United Kingdom - Financial Conduct Authority"
"1025948","33376","United Kingdom - Financial Conduct Authority"
"1025948","159082","United Kingdom - Financial Conduct Authority"
"1023638","67263","Germany - German Federal Financial Supervisory Agency"
"1023638","67263","South Korea - Financial Supervisory Commission / Financial Supervisory Service"
"1023638","67263","Other - JAPAN - KANTO LOCAL FINANCE BUREAU"
"1023638","67263","United Kingdom - Financial Conduct Authority"
"1023638","67263","Netherlands - The Netherlands Authority for the Financial Markets"
"1021452","55571","Guernsey - Guernsey Financial Services Commission"
"1021452","4725","Mauritius, Republic of - Financial Services Commission"
"1021452","6841","Jersey - Jersey Financial Services Commission"
"1026963","178359","Cayman Islands - Cayman Islands Monetary Authority"
"1025903","165152","Luxembourg, Grand Duchy of - Commission to Surveillance of the Finance Sector"
"1025903","165151","Luxembourg, Grand Duchy of - Commission to Surveillance of the Finance Sector"
"1025903","166179","Ireland -  Central Bank of Ireland"
"1025903","166178","Ireland -  Central Bank of Ireland"
"1025903","166183","Luxembourg, Grand Duchy of - Commission to Surveillance of the Finance Sector"
"1025903","166182","Luxembourg, Grand Duchy of - Commission to Surveillance of the Finance Sector"
"1025903","166181","Ireland -  Central Bank of Ireland"
"1025903","166177","Ireland -  Central Bank of Ireland"
"1026978","32066","Other - CAYMAN ISLANDS MONETARY AUTHORITY"
"1026978","32149","Other - CAYMAN ISLANDS MONETARY AUTHORITY"
"1026496","178373","Luxembourg, Grand Duchy of - Commission to Surveillance of the Finance Sector"
"1010691","162222","Bahamas - Securities Commission of the Bahamas"
"1011344","68301","United Kingdom - Financial Conduct Authority"
"1011344","68300","United Kingdom - Financial Conduct Authority"
"1011344","68298","United Kingdom - Financial Conduct Authority"
"1011344","68128","United Kingdom - Financial Conduct Authority"
"1011344","67560","United Kingdom - Financial Conduct Authority"
"999060","64524","Guernsey - Guernsey Financial Services Commission"
"1013592","43970","Cayman Islands - Cayman Islands Monetary Authority"
"1013592","57562","Cayman Islands - Cayman Islands Monetary Authority"
"1019430","166837","Cayman Islands - Cayman Islands Monetary Authority"
"1025296","171055","Other - CAYMAN ISLANDS MONETARY AUTHORITY"
"1025296","171050","Other - CAYMAN ISLANDS MONETARY AUTHORITY"
"1025296","170159","Other - CAYMAN ISLANDS MONETARY AUTHORITY"
"1025296","170160","Other - CAYMAN ISLANDS MONETARY AUTHORITY"
"1025296","49013","Other - CAYMAN ISLANDS MONETARY AUTHORITY"
"1025296","57719","Other - CAYMAN ISLANDS MONETARY AUTHORITY"
"1023915","178172","Luxembourg, Grand Duchy of - Commission to Surveillance of the Finance Sector"
"1026498","160165","Mauritius, Republic of - Financial Services Commission"
"1026498","160164","Mauritius, Republic of - Financial Services Commission"
"1026498","160163","Mauritius, Republic of - Financial Services Commission"
"1026498","42206","Mauritius, Republic of - Financial Services Commission"
"1026498","42237","Mauritius, Republic of - Financial Services Commission"
"1026498","42177","Mauritius, Republic of - Financial Services Commission"
"1026498","178376","Mauritius, Republic of - Financial Services Commission"
"972882","169233","Cayman Islands - Cayman Islands Monetary Authority"
"1016726","177730","Ireland -  Central Bank of Ireland"
"1016726","177677","Ireland -  Central Bank of Ireland"
"1016726","177674","Ireland -  Central Bank of Ireland"
"1016726","177575","Ireland -  Central Bank of Ireland"
"1016726","177576","Ireland -  Central Bank of Ireland"
"1016726","35353","Ireland -  Central Bank of Ireland"
"1016726","35294","Ireland -  Central Bank of Ireland"
"1016726","35256","Ireland -  Central Bank of Ireland"
"1016726","35468","Ireland -  Central Bank of Ireland"
"1016726","35324","Ireland -  Central Bank of Ireland"
"1016726","35279","Ireland -  Central Bank of Ireland"
"1016726","35196","Ireland -  Central Bank of Ireland"
"1016726","35415","Ireland -  Central Bank of Ireland"
"1016726","35399","Ireland -  Central Bank of Ireland"
"1016726","54186","Ireland -  Central Bank of Ireland"
"1016726","54184","Ireland -  Central Bank of Ireland"
"1016726","54166","Ireland -  Central Bank of Ireland"
"1016726","64347","Ireland -  Central Bank of Ireland"
"1016726","54183","Ireland -  Central Bank of Ireland"
"1016726","34858","Ireland -  Central Bank of Ireland"
"1016726","35449","Ireland -  Central Bank of Ireland"
"1016726","54185","Ireland -  Central Bank of Ireland"
"1016726","168079","Ireland -  Central Bank of Ireland"
"1016726","177574","Ireland -  Central Bank of Ireland"
"1016726","168078","Ireland -  Central Bank of Ireland"
"1016726","168077","Ireland -  Central Bank of Ireland"
"1016726","177672","Ireland -  Central Bank of Ireland"
"1016726","177724","Ireland -  Central Bank of Ireland"
"1016726","177729","Ireland -  Central Bank of Ireland"
"1016726","177731","Ireland -  Central Bank of Ireland"
"1016726","177725","Ireland -  Central Bank of Ireland"
"1016726","177573","Ireland -  Central Bank of Ireland"
"1016726","177673","Ireland -  Central Bank of Ireland"
"1016726","177727","Ireland -  Central Bank of Ireland"
"1016726","54188","Ireland -  Central Bank of Ireland"
"1016726","64263","Ireland -  Central Bank of Ireland"
"1016726","177676","Ireland -  Central Bank of Ireland"
"1016726","177723","Ireland -  Central Bank of Ireland"
"1016726","177722","Ireland -  Central Bank of Ireland"
"1020864","6853","Other - CAYMAN ISLANDS MONETARY AUTHORITY"
"1013786","44777","Other - CAYMAN ISLANDS MONETARY AUTHORITY"
"1015976","74099","Mauritius, Republic of - Financial Services Commission"
"1015976","74091","Mauritius, Republic of - Financial Services Commission"
"1015976","74085","Mauritius, Republic of - Financial Services Commission"
"1018558","174573","Guernsey - Guernsey Financial Services Commission"
"1018558","174201","Guernsey - Guernsey Financial Services Commission"
"1018558","174207","Guernsey - Guernsey Financial Services Commission"
"1018558","73189","Guernsey - Guernsey Financial Services Commission"
"1018558","73188","Guernsey - Guernsey Financial Services Commission"
"1018558","73187","Guernsey - Guernsey Financial Services Commission"
"1018558","73186","Guernsey - Guernsey Financial Services Commission"
"1018558","59559","Guernsey - Guernsey Financial Services Commission"
"1018558","59557","Guernsey - Guernsey Financial Services Commission"
"1018558","25249","Guernsey - Guernsey Financial Services Commission"
"1018558","59717","Luxembourg, Grand Duchy of - Commission to Surveillance of the Finance Sector"
"1018558","59716","Luxembourg, Grand Duchy of - Commission to Surveillance of the Finance Sector"
"1018558","59715","Luxembourg, Grand Duchy of - Commission to Surveillance of the Finance Sector"
"1018558","59713","Luxembourg, Grand Duchy of - Commission to Surveillance of the Finance Sector"
"1018558","59711","Luxembourg, Grand Duchy of - Commission to Surveillance of the Finance Sector"
"1018558","59719","Luxembourg, Grand Duchy of - Commission to Surveillance of the Finance Sector"
"1018558","59709","Luxembourg, Grand Duchy of - Commission to Surveillance of the Finance Sector"
"1018558","50798","Guernsey - Guernsey Financial Services Commission"
"1018558","50797","Guernsey - Guernsey Financial Services Commission"
"1018558","25960","Guernsey - Guernsey Financial Services Commission"
"1018558","30947","Guernsey - Guernsey Financial Services Commission"
"1018558","29150","Guernsey - Guernsey Financial Services Commission"
"1018558","29124","Guernsey - Guernsey Financial Services Commission"
"1018558","26086","Guernsey - Guernsey Financial Services Commission"
"1018558","25941","Guernsey - Guernsey Financial Services Commission"
"1018558","26933","Guernsey - Guernsey Financial Services Commission"
"1018558","26928","Guernsey - Guernsey Financial Services Commission"
"1018558","26878","Guernsey - Guernsey Financial Services Commission"
"1018558","26864","Guernsey - Guernsey Financial Services Commission"
"1018558","26829","Guernsey - Guernsey Financial Services Commission"
"1018558","26791","Guernsey - Guernsey Financial Services Commission"
"1018558","26784","Guernsey - Guernsey Financial Services Commission"
"1018558","26778","Guernsey - Guernsey Financial Services Commission"
"1018558","26768","Guernsey - Guernsey Financial Services Commission"
"1018558","26149","Guernsey - Guernsey Financial Services Commission"
"1018558","26142","Guernsey - Guernsey Financial Services Commission"
"1018558","26110","Guernsey - Guernsey Financial Services Commission"
"1018558","26085","Guernsey - Guernsey Financial Services Commission"
"1018558","26024","Guernsey - Guernsey Financial Services Commission"
"1018558","26028","Guernsey - Guernsey Financial Services Commission"
"1018558","25978","Guernsey - Guernsey Financial Services Commission"
"1018558","25961","Guernsey - Guernsey Financial Services Commission"
"1018558","25942","Guernsey - Guernsey Financial Services Commission"
"1018558","25907","Guernsey - Guernsey Financial Services Commission"
"1018558","25909","Guernsey - Guernsey Financial Services Commission"
"1018558","25244","Guernsey - Guernsey Financial Services Commission"
"1018558","25198","Guernsey - Guernsey Financial Services Commission"
"1018558","25091","Guernsey - Guernsey Financial Services Commission"
"1018558","50886","Guernsey - Guernsey Financial Services Commission"
"1018558","51123","Guernsey - Guernsey Financial Services Commission"
"1018558","51121","Guernsey - Guernsey Financial Services Commission"
"1018558","51115","Guernsey - Guernsey Financial Services Commission"
"1024312","159086","Ireland -  Central Bank of Ireland"
"1025405","72987","Mauritius, Republic of - Financial Services Commission"
"1025405","72983","Mauritius, Republic of - Financial Services Commission"
"1022267","28149","Other - LABUAN FINANCIAL SERVICES AUTHORITY"
"1022267","28157","Other - CAYMAN ISLAND MONETARY AUTHORITY"
"1022267","28099","Other - CAYMAN ISLANDS MONETARY AUTHORITY"
"1022267","28168","Other - CAYMAN ISLANDS MONETARY AUTHORITY"
"1022267","28165","Other - CAYMAN ISLANDS MONETARY AUTHORITY"
"1022267","47245","Other - CAYMAN ISLANDS MONETARY AUTHORITY"
"1022267","47246","Other - CAYMAN ISLANDS MONETARY AUTHORITY"
"970644","169046","Cayman Islands - Cayman Islands Monetary Authority"
"970644","169044","Luxembourg, Grand Duchy of - Commission to Surveillance of the Finance Sector"
"970644","169047","Cayman Islands - Cayman Islands Monetary Authority"
"970644","169043","Cayman Islands - Cayman Islands Monetary Authority"
"970644","169045","Luxembourg, Grand Duchy of - Commission to Surveillance of the Finance Sector"
"1019870","75338","Ireland -  Central Bank of Ireland"
"1024792","169119","Cayman Islands - Cayman Islands Monetary Authority"
"999016","72354","British Virgin Islands - British Virgin Islands Financial Services Commission"
"999016","60817","British Virgin Islands - British Virgin Islands Financial Services Commission"
"1013590","66829","Bermuda - Bermuda Monetary Authority"
"1013590","66759","Bermuda - Bermuda Monetary Authority"
"1013590","177538","Bermuda - Bermuda Monetary Authority"
"1025277","19062","India - Securities and Exchange Board of India"
"1016809","167657","Luxembourg, Grand Duchy of - Commission to Surveillance of the Finance Sector"
"1016702","176165","Other - CAYMAN ISLANDS MONETARY AUTHORITY"
"1016702","176146","Luxembourg, Grand Duchy of - Commission to Surveillance of the Finance Sector"
"1016702","176108","Other - CAYMAN ISLANDS MONETARY AUTHORITY"
"1016702","167030","Other - CAYMAN ISLANDS MONETARY AUTHORITY"
"1016702","167031","Other - CAYMAN ISLANDS MONETARY AUTHORITY"
"1016702","50037","Other - CAYMAN ISLANDS MONETARY AUTHORITY"
"1016702","23013","Other - CAYMAN ISLANDS MONETARY AUTHORITY"
"1016702","23012","Other - CAYMAN ISLANDS MONETARY AUTHORITY"
"1016702","22993","Other - CAYMAN ISLANDS MONETARY AUTHORITY"
"1016702","22985","Other - CAYMAN ISLANDS MONETARY AUTHORITY"
"1016702","23009","Other - CAYMAN ISLANDS MONETARY AUTHORITY"
"1016702","22136","Other - CAYMAN ISLANDS MONETARY AUTHORITY"
"1016702","22994","Other - CAYMAN ISLANDS MONETARY AUTHORITY"
"1016702","73932","Other - CAYMAN ISLANDS MONETARY AUTHORITY"
"1016702","73928","Other - CAYMAN ISLANDS MONETARY AUTHORITY"
"1016165","7583","Mauritius, Republic of - Financial Services Commission"
"1024999","46657","Cayman Islands - Cayman Islands Monetary Authority"
"1016179","76433","Luxembourg, Grand Duchy of - Commission to Surveillance of the Finance Sector"
"1008264","64136","Cayman Islands - Cayman Islands Monetary Authority"
"1008264","64137","Cayman Islands - Cayman Islands Monetary Authority"
"1016186","1084","Other - CAYMAN ISLANDS MONETARY AUTHORITY"
"1016404","61512","Chile - Superintendent of Pension Fund Administrators"
"1016404","61512","Other - MACAU - MONETARY AUTHORITY OF MACAO"
"1016404","61512","Other - UNITED KINGDOM - FINANCIAL CONDUCT AUTHORITY"
"1016404","61512","Other - SPAIN - NATIONAL SECURITIES & EXCHANGE COMMISSION"
"1016404","61512","Other - SLOVAKIA - NARODNA BANKA SLOVENSKA"
"1016404","61512","Taiwan - Financial Supervisory Commission"
"1016404","61512","Other - PERU - SUPERINTENDENCIA DE BANCA"
"1016404","61512","Singapore - Monetary Authority of Singapore"
"1016404","61512","Other - CZECH REPUBLIC - CESKA NARODNI BANKA"
"1016404","61512","Bahrain - Central Bank of Bahrain"
"1016404","61512","Norway - The Banking, Insurance and Securities Commission"
"1016404","61512","Italy - National Stock Exchange Commission"
"1016404","61512","Hong Kong - Securities and Futures Commission"
"1016404","61512","Germany - German Federal Financial Supervisory Agency"
"1016404","61512","France - Financial Markets Authority"
"1016404","61512","Denmark - Danish Financial Supervisory Authority"
"1016404","61512","Austria - Financial Market Authority"
"1016972","1933","Cayman Islands - Cayman Islands Monetary Authority"
"1017307","1933","Cayman Islands - Cayman Islands Monetary Authority"
"1018724","170363","Ireland -  Central Bank of Ireland"
"1023544","66139","Guernsey - Guernsey Financial Services Commission"
"1023544","66138","Guernsey - Guernsey Financial Services Commission"
"1026257","167140","Mauritius, Republic of - Financial Services Commission"
"1026257","167139","Mauritius, Republic of - Financial Services Commission"
"1026257","167138","Mauritius, Republic of - Financial Services Commission"
"1026257","167137","Mauritius, Republic of - Financial Services Commission"
"1026257","167136","Mauritius, Republic of - Financial Services Commission"
"1026257","167135","Mauritius, Republic of - Financial Services Commission"
"1026257","167134","Mauritius, Republic of - Financial Services Commission"
"1026257","167133","Mauritius, Republic of - Financial Services Commission"
"1026257","167132","Mauritius, Republic of - Financial Services Commission"
"1026257","167131","Mauritius, Republic of - Financial Services Commission"
"1026257","167130","Mauritius, Republic of - Financial Services Commission"
"1026257","167128","Mauritius, Republic of - Financial Services Commission"
"1026257","167127","Mauritius, Republic of - Financial Services Commission"
"1026257","167129","Mauritius, Republic of - Financial Services Commission"
"1026257","167125","Mauritius, Republic of - Financial Services Commission"
"1025301","166249","Jersey - Jersey Financial Services Commission"
"1025301","166188","Jersey - Jersey Financial Services Commission"
"1025301","65195","Jersey - Jersey Financial Services Commission"
"1025301","47481","Jersey - Jersey Financial Services Commission"
"1025301","65194","Jersey - Jersey Financial Services Commission"
"1011007","17746","Other - CAYMAN ISLANDS MONETARY AUTHORITY"
"1011007","17751","Other - CAYMAN ISLANDS MONETARY AUTHORITY"
"1011007","17748","Other - CAYMAN ISLANDS MONETARY AUTHORITY"
"1018305","177679","Guernsey - Guernsey Financial Services Commission"
"1019928","166950","United Kingdom - Financial Conduct Authority"
"1019928","166949","United Kingdom - Financial Conduct Authority"
"1019928","166948","United Kingdom - Financial Conduct Authority"
"1019928","166947","United Kingdom - Financial Conduct Authority"
"1019928","166945","United Kingdom - Financial Conduct Authority"
"1016384","66278","Guernsey - Guernsey Financial Services Commission"
"1016384","40133","Guernsey - Guernsey Financial Services Commission"
"1025550","159127","Mauritius, Republic of - Financial Services Commission"
"1025550","159123","Mauritius, Republic of - Financial Services Commission"
"1025550","30377","Mauritius, Republic of - Financial Services Commission"
"1023756","178412","Jersey - Jersey Financial Services Commission"
"1023756","178411","Jersey - Jersey Financial Services Commission"
"1023756","159047","Jersey - Jersey Financial Services Commission"
"1023756","58446","Jersey - Jersey Financial Services Commission"
"1023756","58443","Jersey - Jersey Financial Services Commission"
"1023756","36697","Jersey - Jersey Financial Services Commission"
"1023756","36634","Jersey - Jersey Financial Services Commission"
"1023756","36428","Jersey - Jersey Financial Services Commission"
"1023756","34734","Bermuda - Bermuda Monetary Authority"
"1023756","25606","Bermuda - Bermuda Monetary Authority"
"1023756","178409","Jersey - Jersey Financial Services Commission"
"1023756","159008","Jersey - Jersey Financial Services Commission"
"1023756","178410","Jersey - Jersey Financial Services Commission"
"1020076","158920","Guernsey - Guernsey Financial Services Commission"
"1020076","34048","Guernsey - Guernsey Financial Services Commission"
"1020076","24533","Guernsey - Guernsey Financial Services Commission"
"1020076","24490","Guernsey - Guernsey Financial Services Commission"
"1020076","24234","Guernsey - Guernsey Financial Services Commission"
"1020076","24099","Guernsey - Guernsey Financial Services Commission"
"1020076","24082","Guernsey - Guernsey Financial Services Commission"
"1020076","24505","Guernsey - Guernsey Financial Services Commission"
"1020076","24497","Guernsey - Guernsey Financial Services Commission"
"1020076","24539","Guernsey - Guernsey Financial Services Commission"
"1020076","24529","Guernsey - Guernsey Financial Services Commission"
"1020076","24526","Guernsey - Guernsey Financial Services Commission"
"1020076","34010","Guernsey - Guernsey Financial Services Commission"
"1020076","55001","Guernsey - Guernsey Financial Services Commission"
"1020076","54999","Guernsey - Guernsey Financial Services Commission"
"1020076","178355","Guernsey - Guernsey Financial Services Commission"
"1022805","178042","Luxembourg, Grand Duchy of - Commission to Surveillance of the Finance Sector"
"1022805","178043","Luxembourg, Grand Duchy of - Commission to Surveillance of the Finance Sector"
"1022805","50590","Other - CAYMAN ISLANDS/CAYMAN ISLANDS MONETARY AUTHORITY"
"1022805","17577","Other - CAYMAN ISLANDS - CAYMAN ISLANDS MONETARY AUTHORITY"
"1022805","18748","Other - CAYMAN ISLANDS - CAYMAN ISLANDS MONETARY AUTHORITY"
"1022805","17943","Other - CAYMAN ISLANDS - CAYMAN ISLANDS MONETARY AUTHORITY"
"1022805","157794","Other - CAYMAN ISLANDS - CAYMAN ISLANDS MONETARY AUTHORITY"
"1027238","172839","Other - BRAZIL - CVM"
"1027238","74191","Other - BRAZIL - CVM"
"1027238","74183","Other - BRAZIL - CVM"
"1027238","61780","Brazil - Securities and Exchange Commission"
"1027238","42897","Brazil - Securities and Exchange Commission"
"1027238","42838","Brazil - Securities and Exchange Commission"
"1027238","42953","Brazil - Securities and Exchange Commission"
"1027238","42942","Brazil - Securities and Exchange Commission"
"1027238","61752","Brazil - Securities and Exchange Commission"
"1027238","61088","Brazil - Securities and Exchange Commission"
"1027238","61084","Brazil - Securities and Exchange Commission"
"986756","15286","Other - CAYMAN ISLANDS MONETARY AUTHORITY"
"986756","4550","Other - CAYMAN ISLANDS MONETARY AUTHORITY"
"986756","7145","Other - CAYMAN ISLANDS MONETARY AUTHORITY"
"986756","48688","Other - NONE"
"986756","49246","Other - NONE"
"1021268","120357","Cayman Islands - Cayman Islands Monetary Authority"
"1017731","57658","Cayman Islands - Cayman Islands Monetary Authority"
"1017731","177972","Cayman Islands - Cayman Islands Monetary Authority"
"1021434","177958","Cayman Islands - Cayman Islands Monetary Authority"
"1018291","135737","United Kingdom - Financial Conduct Authority"
"1018291","135736","United Kingdom - Financial Conduct Authority"
"1024835","68312","Cayman Islands - Cayman Islands Monetary Authority"
"1024835","68237","Cayman Islands - Cayman Islands Monetary Authority"
"1008808","12349","Other - CAYMAN ISLANDS MONETARY AUTHORITY"
"1016180","151735","Ireland -  Central Bank of Ireland"
"1016180","177539","Ireland -  Central Bank of Ireland"
"1016712","177579","Cayman Islands - Cayman Islands Monetary Authority"
"1016109","173280","United Kingdom - Financial Conduct Authority"
"1016109","173279","United Kingdom - Financial Conduct Authority"
"1023119","66290","Luxembourg, Grand Duchy of - Commission to Surveillance of the Finance Sector"
"980553","52819","Spain - National Commission of Securities Markets"
"1008284","28468","Ireland -  Central Bank of Ireland"
"1004516","68336","France - Financial Markets Authority"
"1004516","44478","France - Financial Markets Authority"
"1011089","42604","Luxembourg, Grand Duchy of - Commission to Surveillance of the Finance Sector"
"1011089","39845","Luxembourg, Grand Duchy of - Commission to Surveillance of the Finance Sector"
"1009785","64827","Cayman Islands - Cayman Islands Monetary Authority"
"1017519","57011","Cayman Islands - Cayman Islands Monetary Authority"
"1017519","19964","Cayman Islands - Cayman Islands Monetary Authority"
"1017519","19978","Cayman Islands - Cayman Islands Monetary Authority"
"1017519","67297","Luxembourg, Grand Duchy of - Commission to Surveillance of the Finance Sector"
"1017519","168344","Luxembourg, Grand Duchy of - Commission to Surveillance of the Finance Sector"
"1017597","1084","Other - CAYMAN ISLANDS MONETARY AUTHORITY"
"1018792","18813","Other - CAYMAN ISLANDS MONETARY AUTHORITY"
"1017496","32351","Mauritius, Republic of - Financial Services Commission"
"1025480","178278","Cayman Islands - Cayman Islands Monetary Authority"
"1025480","178285","Cayman Islands - Cayman Islands Monetary Authority"
"1003427","66278","Guernsey - Guernsey Financial Services Commission"
"1003427","40133","Guernsey - Guernsey Financial Services Commission"
"980393","177121","Cayman Islands - Cayman Islands Monetary Authority"
"1008254","57045","Cayman Islands - Cayman Islands Monetary Authority"
"1011012","169119","Cayman Islands - Cayman Islands Monetary Authority"
"1008991","171186","Cayman Islands - Cayman Islands Monetary Authority"
"1020206","177923","Mauritius, Republic of - Financial Services Commission"
"1023162","67449","Cayman Islands - Cayman Islands Monetary Authority"
"1025337","28236","Mauritius, Republic of - Financial Services Commission"
"1025274","18092","India - Securities and Exchange Board of India"
"1008794","12349","Other - CAYMAN ISLANDS MONETARY AUTHORITY"
"1015137","66787","Cayman Islands - Cayman Islands Monetary Authority"
"1015137","67080","Cayman Islands - Cayman Islands Monetary Authority"
"1022291","159122","Jersey - Jersey Financial Services Commission"
"1022291","47154","Jersey - Jersey Financial Services Commission"
"1023294","167044","Cayman Islands - Cayman Islands Monetary Authority"
"1025592","158904","Guernsey - Guernsey Financial Services Commission"
"1025592","158903","Guernsey - Guernsey Financial Services Commission"
"1025592","158902","Guernsey - Guernsey Financial Services Commission"
"1025592","158901","Guernsey - Guernsey Financial Services Commission"
"1025592","158899","Guernsey - Guernsey Financial Services Commission"
"1025592","17850","Guernsey - Guernsey Financial Services Commission"
"1014134","162202","Guernsey - Guernsey Financial Services Commission"
"1014134","162201","Guernsey - Guernsey Financial Services Commission"
"1020193","57981","Cayman Islands - Cayman Islands Monetary Authority"
"1020040","63667","Cayman Islands - Cayman Islands Monetary Authority"
"1023513","36600","Other - CAYMAN ISLANDS MONETARY AUTHORITY"
"1023513","34655","Other - CAYMAN ISLANDS MONETARY AUTHORITY"
"1024366","178175","United Kingdom - Financial Conduct Authority"
"1026285","43411","Guernsey - Guernsey Financial Services Commission"
"1019310","166271","Mauritius, Republic of - Financial Services Commission"
"1019310","167066","Mauritius, Republic of - Financial Services Commission"
"1026675","58421","Other - NONE"
"1026675","58420","Other - NONE"
"1026675","17011","Cayman Islands - Cayman Islands Monetary Authority"
"1026675","17940","Other - CAYMAN ISLANDS MONETARY AUTHORITY"
"998657","177336","United Kingdom - Financial Conduct Authority"
"1022283","60985","Mauritius, Republic of - Financial Services Commission"
"1024033","168593","Other - MALTA FINANCIAL SERVICES AUTHORITY (MFSA)"
"997986","40654","Other - CAYMAN ISLANDS MONETARY AUTHORITY"
"1021013","162203","Cayman Islands - Cayman Islands Monetary Authority"
"1002905","68939","Other - CAYMAN ISLANDS/CAYMAN ISLANDS MONETARY AUTHORITY"
"1002905","59111","Other - CAYMAN ISLANDS/CAYMAN ISLANDS MONETARY AUTHORITY"
"1002905","68942","Other - CAYMAN ISLANDS/CAYMAN ISLANDS MONETARY AUTHORITY"
"1002905","59005","Other - CAYMAN ISLANDS/CAYMAN ISLANDS MONETARY AUTHORITY"
"1002905","44430","Other - CAYMAN ISLANDS/CAYMAN ISLANDS MONETARY AUTHORITY"
"1002905","169734","Other - CAYMAN ISLANDS/CAYMAN ISLANDS MONETARY AUTHORITY"
"1023511","178077","Cayman Islands - Cayman Islands Monetary Authority"
"1023511","178078","Cayman Islands - Cayman Islands Monetary Authority"
"1019323","67269","Cayman Islands - Cayman Islands Monetary Authority"
"1024313","166919","Bermuda - Bermuda Monetary Authority"
"1027133","177932","Cayman Islands - Cayman Islands Monetary Authority"
"998655","167697","Luxembourg, Grand Duchy of - Commission to Surveillance of the Finance Sector"
"998655","54138","Luxembourg, Grand Duchy of - Commission to Surveillance of the Finance Sector"
"1006350","57045","Cayman Islands - Cayman Islands Monetary Authority"
"1008658","170650","Sweden - Swedish Financial Supervisory Authority"
"1008658","170650","Denmark - Danish Financial Supervisory Authority"
"1008658","170650","Norway - The Banking, Insurance and Securities Commission"
"1008658","170647","Sweden - Swedish Financial Supervisory Authority"
"1008658","170647","Luxembourg, Grand Duchy of - Commission to Surveillance of the Finance Sector"
"986609","37837","France - Financial Markets Authority"
"986609","37785","France - Financial Markets Authority"
"1007941","32401","United Kingdom - Financial Conduct Authority"
"1007941","40245","United Kingdom - Financial Conduct Authority"
"979152","170021","Cayman Islands - Cayman Islands Monetary Authority"
"993628","50111","Other - CAYMAN ISLANDS -- CAYMAN ISLANDS MONETARY AUTHORITY"
"1009706","28572","Ireland -  Central Bank of Ireland"
"1006213","63477","Cayman Islands - Cayman Islands Monetary Authority"
"1019916","77568","Jersey - Jersey Financial Services Commission"
"1019916","16616","Jersey - Jersey Financial Services Commission"
"1027086","54577","Other - CAYMAN ISLANDS MONETARY AUTHORITY"
"1026373","176640","Canada - Ontario Securities Commission"
"999839","120717","Cayman Islands - Cayman Islands Monetary Authority"
"1012339","4128","Cayman Islands - Cayman Islands Stock Exchange Authority"
"1013558","55167","Other - CAYMAN ISLANDS MONETARY AUTHORITY"
"1015165","55571","Guernsey - Guernsey Financial Services Commission"
"1015165","4725","Mauritius, Republic of - Financial Services Commission"
"1015165","6841","Jersey - Jersey Financial Services Commission"
"1016083","59333","Cayman Islands - Cayman Islands Monetary Authority"
"1016083","59330","Cayman Islands - Cayman Islands Monetary Authority"
"1019020","1933","Cayman Islands - Cayman Islands Monetary Authority"
"1020943","12438","Other - CAYMAN ISLANDS MONETARY AUTHORITY"
"1027080","164164","Mauritius, Republic of - Financial Services Commission"
"1027080","57744","Mauritius, Republic of - Financial Services Commission"
"1027080","57742","Mauritius, Republic of - Financial Services Commission"
"1027080","77731","Mauritius, Republic of - Financial Services Commission"
"1012038","50042","Ireland -  Central Bank of Ireland"
"1012038","50040","Ireland -  Central Bank of Ireland"
"1012038","49545","Ireland -  Central Bank of Ireland"
"1012342","166296","Cayman Islands - Cayman Islands Monetary Authority"
"1012342","47630","Luxembourg, Grand Duchy of - Commission to Surveillance of the Finance Sector"
"1014535","171888","Bahrain - Central Bank of Bahrain"
"1014535","171887","United Kingdom - Financial Conduct Authority"
"1014535","38396","Bahrain - Central Bank of Bahrain"
"1014535","38275","Bahrain - Central Bank of Bahrain"
"1014535","171888","Taiwan - Financial Supervisory Commission"
"1014535","171888","Spain - National Commission of Securities Markets"
"1014535","171888","Other - SLOVAKIA"
"1014535","171888","Other - CZECH REPUBLIC"
"1014535","171888","Singapore - Monetary Authority of Singapore"
"1014535","171888","Other - MACAU"
"1014535","171888","United Kingdom - Financial Conduct Authority"
"1014535","171888","Italy - National Stock Exchange Commission"
"1014535","171888","Netherlands - The Netherlands Authority for the Financial Markets"
"1014535","171888","Luxembourg, Grand Duchy of - Commission to Surveillance of the Finance Sector"
"1014535","171888","France - Financial Markets Authority"
"1014535","171888","Hong Kong - Securities and Futures Commission"
"1014535","171888","Austria - Financial Market Authority"
"1014535","38396","Singapore - Monetary Authority of Singapore"
"1014535","38275","South Africa - Financial Services Board"
"1014535","38275","Other - CZECH REPUBLIC"
"1014535","38396","Other - MACAU"
"1014535","38275","Taiwan - Financial Supervisory Commission"
"1014535","38275","Sweden - Swedish Financial Supervisory Authority"
"1014535","38275","Singapore - Monetary Authority of Singapore"
"1014535","38275","Netherlands - The Netherlands Authority for the Financial Markets"
"1014535","38275","Luxembourg, Grand Duchy of - Commission to Surveillance of the Finance Sector"
"1014535","38275","Hong Kong - Securities and Futures Commission"
"1014535","38275","Germany - German Federal Financial Supervisory Agency"
"1014535","38275","France - Financial Markets Authority"
"1014535","38275","Other - MACAU"
"1014535","38275","Other - SLOVAKIA"
"1014535","38396","United Kingdom - Financial Conduct Authority"
"1014535","38396","Switzerland - Swiss Financial Market Supervisory Authority"
"1014535","38396","Germany - German Federal Financial Supervisory Agency"
"1014535","38275","United Kingdom - Financial Conduct Authority"
"1014535","38396","Italy - National Stock Exchange Commission"
"1014535","38396","Norway - The Banking, Insurance and Securities Commission"
"1014535","38396","Netherlands - The Netherlands Authority for the Financial Markets"
"1014535","38396","Finland - Financial Supervision Authority"
"1014535","38396","Luxembourg, Grand Duchy of - Commission to Surveillance of the Finance Sector"
"1014535","38396","France - Financial Markets Authority"
"1014535","38396","Hong Kong - Securities and Futures Commission"
"1014535","38396","Austria - Financial Market Authority"
"1014535","38396","Denmark - Danish Financial Supervisory Authority"
"1015182","53869","Brazil - Securities and Exchange Commission"
"1015182","33292","Brazil - Securities and Exchange Commission"
"1014701","72570","France - Financial Markets Authority"
"1014701","71360","France - Financial Markets Authority"
"1016802","34156","Jersey - Jersey Financial Services Commission"
"1016973","167050","Cayman Islands - Cayman Islands Monetary Authority"
"1009821","170021","Cayman Islands - Cayman Islands Monetary Authority"
"1011995","177349","Cayman Islands - Cayman Islands Monetary Authority"
"1011995","177350","Cayman Islands - Cayman Islands Monetary Authority"
"1020940","177597","Other - CONSOB IN ITALY"
"1022531","55146","Other - CAYMAN ISLANDS MONETARY AUTHORITY"
"1026461","177771","Cayman Islands - Cayman Islands Monetary Authority"
"1026492","68041","Cayman Islands - Cayman Islands Monetary Authority"
"986454","171048","Jersey - Jersey Financial Services Commission"
"986454","66314","Jersey - Jersey Financial Services Commission"
"986454","66311","Jersey - Jersey Financial Services Commission"
"986454","120683","Jersey - Jersey Financial Services Commission"
"986454","171042","Jersey - Jersey Financial Services Commission"
"1017311","162179","Cayman Islands - Cayman Islands Monetary Authority"
"1026324","178363","Jersey - Jersey Financial Services Commission"
"1026324","31965","Jersey - Jersey Financial Services Commission"
"1026324","31940","Jersey - Jersey Financial Services Commission"
"1026324","31912","Jersey - Jersey Financial Services Commission"
"1026324","31892","Jersey - Jersey Financial Services Commission"
"1026324","31865","Jersey - Jersey Financial Services Commission"
"1026324","31734","Jersey - Jersey Financial Services Commission"
"1026324","31929","Jersey - Jersey Financial Services Commission"
"1026324","31700","Jersey - Jersey Financial Services Commission"
"1026324","31691","Jersey - Jersey Financial Services Commission"
"1026324","31674","Jersey - Jersey Financial Services Commission"
"1026324","30876","Jersey - Jersey Financial Services Commission"
"1026324","31629","Jersey - Jersey Financial Services Commission"
"1026324","31623","Jersey - Jersey Financial Services Commission"
"1026324","29855","Jersey - Jersey Financial Services Commission"
"1026324","54155","Jersey - Jersey Financial Services Commission"
"1026324","54152","Jersey - Jersey Financial Services Commission"
"1026324","54149","Jersey - Jersey Financial Services Commission"
"1026324","54150","Jersey - Jersey Financial Services Commission"
"1026324","31954","Jersey - Jersey Financial Services Commission"
"1026324","63998","Jersey - Jersey Financial Services Commission"
"1026324","32418","Jersey - Jersey Financial Services Commission"
"1026324","32411","Jersey - Jersey Financial Services Commission"
"1026324","32407","Jersey - Jersey Financial Services Commission"
"1026324","31994","Jersey - Jersey Financial Services Commission"
"1026324","31971","Jersey - Jersey Financial Services Commission"
"1026324","158822","Jersey - Jersey Financial Services Commission"
"1015140","47734","Other - CAYMAN ISLANDS MONETARY AUTHORITY"
"1018944","171186","Cayman Islands - Cayman Islands Monetary Authority"
"1020239","177908","Bermuda - Bermuda Monetary Authority"
"1006377","162202","Guernsey - Guernsey Financial Services Commission"
"1006377","162201","Guernsey - Guernsey Financial Services Commission"
"1008333","173140","Ireland -  Central Bank of Ireland"
"1008333","173148","Ireland -  Central Bank of Ireland"
"1008333","173152","Ireland -  Central Bank of Ireland"
"1008333","173145","Ireland -  Central Bank of Ireland"
"1008273","177188","Cayman Islands - Cayman Islands Monetary Authority"
"1008273","54819","Cayman Islands - Cayman Islands Monetary Authority"
"1007732","43514","Cayman Islands - Cayman Islands Monetary Authority"
"1012351","63975","Cayman Islands - Cayman Islands Monetary Authority"
"1019905","63975","Cayman Islands - Cayman Islands Monetary Authority"
"1018230","177663","Cayman Islands - Cayman Islands Monetary Authority"
"1021416","168226","Ireland -  Central Bank of Ireland"
"1021321","168241","Cayman Islands - Cayman Islands Monetary Authority"
"1021321","27705","Cayman Islands - Cayman Islands Monetary Authority"
"1021321","27676","Other - CAYMAN ISLANDS MONETARY AUTHORITY"
"1021321","27184","Cayman Islands - Cayman Islands Monetary Authority"
"1021321","50095","Cayman Islands - Cayman Islands Monetary Authority"
"1021321","73736","Other - CAYMAN ISLANDS MONETARY AUTHORITY"
"1021440","168226","Ireland -  Central Bank of Ireland"
"1011823","43416","Other - CAYMAN ISLANDS MONETARY AUTHORITY"
"1011823","43409","Other - CAYMAN ISLANDS MONETARY AUTHORITY"
"1011823","40506","Other - CAYMAN ISLANDS MONETARY AUTHORITY"
"1015798","31718","Other - CAYMAN ISLANDS MONETARY AUTHORITY"
"1022295","57999","Cayman Islands - Cayman Islands Monetary Authority"
"1024826","173832","United Kingdom - Financial Conduct Authority"
"1007405","68041","Cayman Islands - Cayman Islands Monetary Authority"
"1015813","171554","Cayman Islands - Cayman Islands Monetary Authority"
"1015813","171555","Cayman Islands - Cayman Islands Monetary Authority"
"1015813","171553","Cayman Islands - Cayman Islands Monetary Authority"
"1022664","169383","Cayman Islands - Cayman Islands Monetary Authority"
"971036","13251","Cayman Islands - Cayman Islands Monetary Authority"
"998781","177337","Netherlands - The Netherlands Authority for the Financial Markets"
"998781","177323","Netherlands - The Netherlands Authority for the Financial Markets"
"1017733","169116","Ireland -  Central Bank of Ireland"
"1017733","48139","Other - CAYMAN ISLANDS MONETARY AUTHORITY"
"1017733","67281","Other - CAYMAN ISLANDS"
"1017733","67279","Other - CAYMAN ISLANDS MONETARY AUTHORITY"
"1021435","73736","Other - CAYMAN ISLANDS MONETARY AUTHORITY"
"1021435","168241","Cayman Islands - Cayman Islands Monetary Authority"
"1021435","27705","Cayman Islands - Cayman Islands Monetary Authority"
"1021435","27676","Other - CAYMAN ISLANDS MONETARY AUTHORITY"
"1021435","27184","Cayman Islands - Cayman Islands Monetary Authority"
"1021435","50095","Cayman Islands - Cayman Islands Monetary Authority"
"1021764","46571","Other - CAYMAN ISLAND MONETARY AUTHORITY"
"1021764","157792","Other - CAYMAN ISLAND MONETARY AUTHORITY"
"1023640","169573","Cayman Islands - Cayman Islands Monetary Authority"
"1023640","169577","Cayman Islands - Cayman Islands Monetary Authority"
"1022310","178013","Cayman Islands - Cayman Islands Monetary Authority"
"1024082","8724","Cayman Islands - Cayman Islands Monetary Authority"
"1024082","8693","Cayman Islands - Cayman Islands Monetary Authority"
"1012224","47398","Other - CAYMAN ISLANDS MONETARY AUTHORITY"
"1012224","177369","Cayman Islands - Cayman Islands Monetary Authority"
"1011898","74099","Mauritius, Republic of - Financial Services Commission"
"1011898","74091","Mauritius, Republic of - Financial Services Commission"
"1011898","74085","Mauritius, Republic of - Financial Services Commission"
"1014500","59333","Cayman Islands - Cayman Islands Monetary Authority"
"1014500","59330","Cayman Islands - Cayman Islands Monetary Authority"
"1015119","69655","Cayman Islands - Cayman Islands Monetary Authority"
"1015119","58578","Cayman Islands - Cayman Islands Monetary Authority"
"1015119","18608","British Virgin Islands - British Virgin Islands Financial Services Commission"
"1015335","55707","Other - CAYMAN ISLANDS MONETARY AUTHORITY"
"1015335","55705","Other - CAYMAN ISLANDS MONETARY AUTHORITY"
"1015335","8080","Other - CAYMAN ISLANDS MONETARY AUTHORITY"
"1015335","8029","Other - CAYMAN ISLANDS MONETARY AUTHORITY"
"1012350","61893","Cayman Islands - Cayman Islands Monetary Authority"
"1021741","66483","Cayman Islands - Cayman Islands Monetary Authority"
"1021760","4128","Cayman Islands - Cayman Islands Stock Exchange Authority"
"1016720","32408","Mauritius, Republic of - Financial Services Commission"
"1017500","31080","Mauritius, Republic of - Financial Services Commission"
"1020210","12681","Guernsey - Guernsey Financial Services Commission"
"1020210","12652","Guernsey - Guernsey Financial Services Commission"
"1020210","52082","Guernsey - Guernsey Financial Services Commission"
"1021287","63934","Cayman Islands - Cayman Islands Monetary Authority"
"1021287","120360","Cayman Islands - Cayman Islands Monetary Authority"
"1021407","168226","Ireland -  Central Bank of Ireland"
"1024008","18993","Guernsey - Guernsey Financial Services Commission"
"1024008","19194","Guernsey - Guernsey Financial Services Commission"
"1024008","19192","Guernsey - Guernsey Financial Services Commission"
"1024008","19189","Guernsey - Guernsey Financial Services Commission"
"1024008","19180","Guernsey - Guernsey Financial Services Commission"
"1024008","19011","Guernsey - Guernsey Financial Services Commission"
"1024008","17963","Guernsey - Guernsey Financial Services Commission"
"1024008","18984","Guernsey - Guernsey Financial Services Commission"
"1024008","18989","Guernsey - Guernsey Financial Services Commission"
"1024008","19197","Guernsey - Guernsey Financial Services Commission"
"1024008","19209","Guernsey - Guernsey Financial Services Commission"
"1024008","19202","Guernsey - Guernsey Financial Services Commission"
"1024467","177908","Bermuda - Bermuda Monetary Authority"
"1023509","178073","Cayman Islands - Cayman Islands Monetary Authority"
"1023509","178076","Cayman Islands - Cayman Islands Monetary Authority"
"1023509","178075","Cayman Islands - Cayman Islands Monetary Authority"
"1023509","178074","Cayman Islands - Cayman Islands Monetary Authority"
"1026265","47327","Cayman Islands - Cayman Islands Stock Exchange Authority"
"1025464","58421","Other - NONE"
"1025464","58420","Other - NONE"
"1025464","17011","Cayman Islands - Cayman Islands Monetary Authority"
"1025464","17940","Other - CAYMAN ISLANDS MONETARY AUTHORITY"
"1026023","65453","Cayman Islands - Cayman Islands Monetary Authority"
"1009728","177332","Luxembourg, Grand Duchy of - Commission to Surveillance of the Finance Sector"
"1013553","29461","Cayman Islands - Cayman Islands Monetary Authority"
"1013553","57430","Cayman Islands - Cayman Islands Monetary Authority"
"1002558","177313","Jersey - Jersey Financial Services Commission"
"1017924","177690","Cayman Islands - Cayman Islands Monetary Authority"
"1017924","177692","Cayman Islands - Cayman Islands Monetary Authority"
"1019699","177690","Cayman Islands - Cayman Islands Monetary Authority"
"1019699","177692","Cayman Islands - Cayman Islands Monetary Authority"
"1017735","65359","British Virgin Islands - British Virgin Islands Financial Services Commission"
"1026222","170246","Luxembourg, Grand Duchy of - Commission to Surveillance of the Finance Sector"
"1006211","16387","Ireland -  Central Bank of Ireland"
"1006211","16342","Ireland -  Central Bank of Ireland"
"1015274","63764","Bahamas - Securities Commission of the Bahamas"
"1016780","47197","Mauritius, Republic of - Financial Services Commission"
"1021580","20444","Other - CAYMAN ISLANDS MONETARY AUTHORITY"
"1004679","41149","India - Securities and Exchange Board of India"
"1004679","41149","Mauritius, Republic of - Financial Services Commission"
"989638","166356","Guernsey - Guernsey Financial Services Commission"
"1016974","20301","Guernsey - Guernsey Financial Services Commission"
"1016974","20300","Guernsey - Guernsey Financial Services Commission"
"1017507","39801","Luxembourg, Grand Duchy of - Commission to Surveillance of the Finance Sector"
"1017507","49485","Ireland -  Central Bank of Ireland"
"1018020","61813","Cayman Islands - Cayman Islands Monetary Authority"
"1018020","37784","Other - CAYMAN - CAYMAN ISLANDS MONETARY AUTHORITY (CIMA)"
"1018020","37552","Brazil - Securities and Exchange Commission"
"1018020","41042","Brazil - Securities and Exchange Commission"
"1020858","70076","Jersey - Jersey Financial Services Commission"
"1020858","70075","Jersey - Jersey Financial Services Commission"
"1025279","21610","Mauritius, Republic of - Financial Services Commission"
"1011008","69216","Cayman Islands - Cayman Islands Monetary Authority"
"1011008","30249","Other - CAYMAN ISLANDS MONETARY AUTHORITY"
"1019182","159096","Guernsey - Guernsey Financial Services Commission"
"1019182","54511","Guernsey - Guernsey Financial Services Commission"
"1026740","167426","Other - THE FUND IS EXEMPT FROM REGISTRATION UNDER SECTION 4(4) OF THE MUTUAL FUNDS LAW (2013 REVISION) OF THE CAYMAN ISLANDS."
"1026740","54907","Cayman Islands - Cayman Islands Monetary Authority"
"1017275","171888","Bahrain - Central Bank of Bahrain"
"1017275","171887","United Kingdom - Financial Conduct Authority"
"1017275","38396","Bahrain - Central Bank of Bahrain"
"1017275","38275","Bahrain - Central Bank of Bahrain"
"1017275","171888","Taiwan - Financial Supervisory Commission"
"1017275","171888","Spain - National Commission of Securities Markets"
"1017275","171888","Other - SLOVAKIA"
"1017275","171888","Other - CZECH REPUBLIC"
"1017275","171888","Singapore - Monetary Authority of Singapore"
"1017275","171888","Other - MACAU"
"1017275","171888","United Kingdom - Financial Conduct Authority"
"1017275","171888","Italy - National Stock Exchange Commission"
"1017275","171888","Netherlands - The Netherlands Authority for the Financial Markets"
"1017275","171888","Luxembourg, Grand Duchy of - Commission to Surveillance of the Finance Sector"
"1017275","171888","France - Financial Markets Authority"
"1017275","171888","Hong Kong - Securities and Futures Commission"
"1017275","171888","Austria - Financial Market Authority"
"1017275","38396","Singapore - Monetary Authority of Singapore"
"1017275","38275","South Africa - Financial Services Board"
"1017275","38275","Other - CZECH REPUBLIC"
"1017275","38396","Other - MACAU"
"1017275","38275","Taiwan - Financial Supervisory Commission"
"1017275","38275","Sweden - Swedish Financial Supervisory Authority"
"1017275","38275","Singapore - Monetary Authority of Singapore"
"1017275","38275","Netherlands - The Netherlands Authority for the Financial Markets"
"1017275","38275","Luxembourg, Grand Duchy of - Commission to Surveillance of the Finance Sector"
"1017275","38275","Hong Kong - Securities and Futures Commission"
"1017275","38275","Germany - German Federal Financial Supervisory Agency"
"1017275","38275","France - Financial Markets Authority"
"1017275","38275","Other - MACAU"
"1017275","38275","Other - SLOVAKIA"
"1017275","38396","United Kingdom - Financial Conduct Authority"
"1017275","38396","Switzerland - Swiss Financial Market Supervisory Authority"
"1017275","38396","Germany - German Federal Financial Supervisory Agency"
"1017275","38275","United Kingdom - Financial Conduct Authority"
"1017275","38396","Italy - National Stock Exchange Commission"
"1017275","38396","Norway - The Banking, Insurance and Securities Commission"
"1017275","38396","Netherlands - The Netherlands Authority for the Financial Markets"
"1017275","38396","Finland - Financial Supervision Authority"
"1017275","38396","Luxembourg, Grand Duchy of - Commission to Surveillance of the Finance Sector"
"1017275","38396","France - Financial Markets Authority"
"1017275","38396","Hong Kong - Securities and Futures Commission"
"1017275","38396","Austria - Financial Market Authority"
"1017275","38396","Denmark - Danish Financial Supervisory Authority"
"1017495","63904","Other - NOT REGULATED"
"1017495","16001","Other - NOT REGULATED"
"1017495","15999","Other - NOT REGULATED"
"1017495","15998","Other - NOT REGULATED"
"1017495","17384","Other - NOT REGULATED"
"1017495","177617","Other - NOT REGULATED"
"1017495","177616","Other - NOT REGULATED"
"1023376","162277","Luxembourg, Grand Duchy of - Commission to Surveillance of the Finance Sector"
"1023376","162278","Luxembourg, Grand Duchy of - Commission to Surveillance of the Finance Sector"
"1023376","169365","Ireland -  Central Bank of Ireland"
"1017497","32217","Mauritius, Republic of - Financial Services Commission"
"1020857","177954","Cayman Islands - Cayman Islands Monetary Authority"
"1024524","178210","Cayman Islands - Cayman Islands Monetary Authority"
"1020149","177932","Cayman Islands - Cayman Islands Monetary Authority"
"1025048","6882","United Kingdom - Financial Conduct Authority"
"1025048","6671","United Kingdom - Financial Conduct Authority"
"1025048","6672","United Kingdom - Financial Conduct Authority"
"1011927","167140","Mauritius, Republic of - Financial Services Commission"
"1011927","167139","Mauritius, Republic of - Financial Services Commission"
"1011927","167138","Mauritius, Republic of - Financial Services Commission"
"1011927","167137","Mauritius, Republic of - Financial Services Commission"
"1011927","167136","Mauritius, Republic of - Financial Services Commission"
"1011927","167135","Mauritius, Republic of - Financial Services Commission"
"1011927","167134","Mauritius, Republic of - Financial Services Commission"
"1011927","167133","Mauritius, Republic of - Financial Services Commission"
"1011927","167132","Mauritius, Republic of - Financial Services Commission"
"1011927","167131","Mauritius, Republic of - Financial Services Commission"
"1011927","167130","Mauritius, Republic of - Financial Services Commission"
"1011927","167128","Mauritius, Republic of - Financial Services Commission"
"1011927","167127","Mauritius, Republic of - Financial Services Commission"
"1011927","167129","Mauritius, Republic of - Financial Services Commission"
"1011927","167125","Mauritius, Republic of - Financial Services Commission"
"1026018","23059","Other - CAYMAN ISLANDS MONETARY AUTHORITY (CIMA)"
"1018958","34086","Mauritius, Republic of - Financial Services Commission"
"1018958","33860","Mauritius, Republic of - Financial Services Commission"
"1023748","65658","Other - NOT REGULATED"
"1023748","65657","Other - NOT REGULATED"
"1023748","28213","Other - NOT REGULATED"
"1023748","28183","Other - NOT REGULATED"
"1023748","28167","Other - NOT REGULATED"
"991038","177704","United Kingdom - Financial Conduct Authority"
"991038","177704","Cayman Islands - Cayman Islands Monetary Authority"
"1020899","28042","Mauritius, Republic of - Financial Services Commission"
"1026580","68661","Cayman Islands - Cayman Islands Monetary Authority"
"1017602","4605","Cayman Islands - Cayman Islands Monetary Authority"
"1017602","4490","Cayman Islands - Cayman Islands Monetary Authority"
"1017602","173309","Cayman Islands - Cayman Islands Monetary Authority"
"1026776","43416","Other - CAYMAN ISLANDS MONETARY AUTHORITY"
"1026776","40506","Other - CAYMAN ISLANDS MONETARY AUTHORITY"
"1023076","178291","United Kingdom - Financial Conduct Authority"
"1023076","46769","France - Financial Markets Authority"
"1025913","39186","Bermuda - Bermuda Monetary Authority"
"1025913","41474","Australia - Australian Securities and Investments Commission"
"1027051","178373","Luxembourg, Grand Duchy of - Commission to Surveillance of the Finance Sector"
"1010356","46018","Ireland -  Central Bank of Ireland"
"1021187","6853","Other - CAYMAN ISLANDS MONETARY AUTHORITY"
"1024379","21106","Other - CAYMAN ISLANDS MONETARY AUTHORITY"
"1011812","65847","Other - COMMISSION DE SURVEILLANCE DU SECTEUR FINANCIER (CSSF)"
"1011812","65844","Other - GERMANY - BUNDESANTALT FUR FINANZDIENSTLEISTUNGSAUFSICHT (BAFIN)"
"1004963","40165","Other - CAYMAN ISLAND MONETARY AUTHORITY"
"1004963","63059","Other - CAYMAN ISLAND MONETARY AUTHORITY"
"1011748","51473","Other - CAYMAN ISLANDS MONETARY AUTHORITY"
"1025000","158930","Cayman Islands - Cayman Islands Monetary Authority"
"1007423","74019","Cayman Islands - Cayman Islands Monetary Authority"
"1007423","74015","Cayman Islands - Cayman Islands Monetary Authority"
"996033","4605","Other - THE FUND IS REGISTERED AS A REGULATED MUTUAL FUND WITH THE CAYMAN ISLANDS MONETARY AUTHORITY"
"996033","4490","Other - THE FUND IS REGISTERED AS A REGULATED MUTUAL FUND WITH THE CAYMAN ISLANDS MONETARY AUTHORITY"
"996033","173309","Cayman Islands - Cayman Islands Monetary Authority"
"1005226","65901","France - Financial Markets Authority"
"967368","168773","United Kingdom - Financial Conduct Authority"
"967368","66835","United Kingdom - Financial Conduct Authority"
"1007805","32404","Guernsey - Guernsey Financial Services Commission"
"1006441","43506","Other - CAYMAN ISLANDS MONETARY AUTHORITY"
"1006441","64792","Other - CAYMAN ISLANDS MONETARY AUTHORITY"
"1006441","177081","Cayman Islands - Cayman Islands Monetary Authority"
"1024287","41149","India - Securities and Exchange Board of India"
"1024287","41149","Mauritius, Republic of - Financial Services Commission"
"1026406","178013","Cayman Islands - Cayman Islands Monetary Authority"
"1013268","171065","Luxembourg, Grand Duchy of - Commission to Surveillance of the Finance Sector"
"1013268","49374","Jersey - Jersey Financial Services Commission"
"1013268","18685","Jersey - Jersey Financial Services Commission"
"1013268","18676","Jersey - Jersey Financial Services Commission"
"1013268","5099","Jersey - Jersey Financial Services Commission"
"1013268","18681","Jersey - Jersey Financial Services Commission"
"1010069","172814","Cayman Islands - Cayman Islands Monetary Authority"
"1010069","172929","Cayman Islands - Cayman Islands Monetary Authority"
"1012727","61512","Chile - Superintendent of Pension Fund Administrators"
"1012727","61512","Other - MACAU - MONETARY AUTHORITY OF MACAO"
"1012727","61512","Other - UNITED KINGDOM - FINANCIAL CONDUCT AUTHORITY"
"1012727","61512","Other - SPAIN - NATIONAL SECURITIES & EXCHANGE COMMISSION"
"1012727","61512","Other - SLOVAKIA - NARODNA BANKA SLOVENSKA"
"1012727","61512","Taiwan - Financial Supervisory Commission"
"1012727","61512","Other - PERU - SUPERINTENDENCIA DE BANCA"
"1012727","61512","Singapore - Monetary Authority of Singapore"
"1012727","61512","Other - CZECH REPUBLIC - CESKA NARODNI BANKA"
"1012727","61512","Bahrain - Central Bank of Bahrain"
"1012727","61512","Norway - The Banking, Insurance and Securities Commission"
"1012727","61512","Italy - National Stock Exchange Commission"
"1012727","61512","Hong Kong - Securities and Futures Commission"
"1012727","61512","Germany - German Federal Financial Supervisory Agency"
"1012727","61512","France - Financial Markets Authority"
"1012727","61512","Denmark - Danish Financial Supervisory Authority"
"1012727","61512","Austria - Financial Market Authority"
"1025791","33524","Mauritius, Republic of - Financial Services Commission"
"1025791","33509","Mauritius, Republic of - Financial Services Commission"
"1025791","31768","Mauritius, Republic of - Financial Services Commission"
"1019687","53933","Other - CAYMAN ISLANDS MONETARY AUTHORITY"
"1019687","14201","Other - CAYMAN ISLANDS MONETARY AUTHORITY"
"1019687","14198","Other - CAYMAN ISLANDS MONETARY AUTHORITY"
"1019687","14196","Other - CAYMAN ISLANDS MONETARY AUTHORITY"
"1019687","14193","Other - CAYMAN ISLANDS MONETARY AUTHORITY"
"1019687","14189","Other - CAYMAN ISLANDS MONETARY AUTHORITY"
"1018756","51396","Cayman Islands - Cayman Islands Monetary Authority"
"1010019","177280","Cayman Islands - Cayman Islands Monetary Authority"
"1010019","17010","Other - CAYMAN ISLANDS MONETARY AUTHORITY"
"1015151","55571","Guernsey - Guernsey Financial Services Commission"
"1015151","4725","Mauritius, Republic of - Financial Services Commission"
"1015151","6841","Jersey - Jersey Financial Services Commission"
"1010408","3474","Other - CAYMAN ISLANDS MONETARY AUTHORITY"
"1015826","167549","Ireland -  Central Bank of Ireland"
"1015826","167548","United Kingdom - Prudential Regulation Authority"
"1015826","167549","United Kingdom - Financial Conduct Authority"
"1016093","177508","Cayman Islands - Cayman Islands Monetary Authority"
"1007902","36226","Luxembourg, Grand Duchy of - Commission to Surveillance of the Finance Sector"
"1016691","31888","Mauritius, Republic of - Financial Services Commission"
"1007834","65827","Jersey - Jersey Financial Services Commission"
"1007834","65805","Jersey - Jersey Financial Services Commission"
"1018961","177781","Luxembourg, Grand Duchy of - Commission to Surveillance of the Finance Sector"
"1018961","177781","Other - BELGIUM - FINANCIAL SERVICES AND MARKETS AUTHORITY"
"1010032","65638","Sweden - Swedish Financial Supervisory Authority"
"1021402","66136","United Kingdom - Financial Conduct Authority"
"1021402","66185","United Kingdom - Financial Conduct Authority"
"1021402","66184","United Kingdom - Financial Conduct Authority"
"1021402","66134","United Kingdom - Financial Conduct Authority"
"1004514","176363","Jersey - Jersey Financial Services Commission"
"1004514","73211","Jersey - Jersey Financial Services Commission"
"1004514","44418","Jersey - Jersey Financial Services Commission"
"1004514","44417","Jersey - Jersey Financial Services Commission"
"1004514","44416","Jersey - Jersey Financial Services Commission"
"1004514","44415","Jersey - Jersey Financial Services Commission"
"1004514","64578","Jersey - Jersey Financial Services Commission"
"1017737","177332","Luxembourg, Grand Duchy of - Commission to Surveillance of the Finance Sector"
"1017269","177597","Other - CONSOB IN ITALY"
"1020458","171559","Other - CAYMAN ISLANDS DEPARTMENT FOR INTERNATIONAL TAX COOPERATION"
"1021419","168226","Ireland -  Central Bank of Ireland"
"1021769","169046","Cayman Islands - Cayman Islands Monetary Authority"
"1021769","169044","Luxembourg, Grand Duchy of - Commission to Surveillance of the Finance Sector"
"1021769","169047","Cayman Islands - Cayman Islands Monetary Authority"
"1021769","169043","Cayman Islands - Cayman Islands Monetary Authority"
"1021769","169045","Luxembourg, Grand Duchy of - Commission to Surveillance of the Finance Sector"
"1019162","55146","Other - CAYMAN ISLANDS MONETARY AUTHORITY"
"1020922","65182","Cayman Islands - Cayman Islands Monetary Authority"
"1023767","177958","Cayman Islands - Cayman Islands Monetary Authority"
"1024041","173304","United Kingdom - Financial Conduct Authority"
"1024041","172296","United Kingdom - Financial Conduct Authority"
"1008255","177186","Cayman Islands - Cayman Islands Monetary Authority"
"1008255","57045","Cayman Islands - Cayman Islands Monetary Authority"
"1008763","5021","Cayman Islands - Cayman Islands Monetary Authority"
"1008763","120585","Cayman Islands - Cayman Islands Monetary Authority"
"1019422","11123","Cayman Islands - Cayman Islands Monetary Authority"
"1017057","166658","Cayman Islands - Cayman Islands Monetary Authority"
"1017057","177977","Cayman Islands - Cayman Islands Monetary Authority"
"1023514","49920","Cayman Islands - Cayman Islands Stock Exchange Authority"
"1025611","64582","Ireland -  Central Bank of Ireland"
"1022273","90230","Cayman Islands - Cayman Islands Monetary Authority"
"1010346","171888","Bahrain - Central Bank of Bahrain"
"1010346","171887","United Kingdom - Financial Conduct Authority"
"1010346","38396","Bahrain - Central Bank of Bahrain"
"1010346","171710","Bahrain - Central Bank of Bahrain"
"1010346","38275","Bahrain - Central Bank of Bahrain"
"1010346","171888","Taiwan - Financial Supervisory Commission"
"1010346","171888","Spain - National Commission of Securities Markets"
"1010346","171888","Other - SLOVAKIA"
"1010346","171888","Other - CZECH REPUBLIC"
"1010346","171710","Taiwan - Financial Supervisory Commission"
"1010346","171710","Sweden - Swedish Financial Supervisory Authority"
"1010346","171710","Netherlands - The Netherlands Authority for the Financial Markets"
"1010346","171710","Hong Kong - Securities and Futures Commission"
"1010346","171710","Germany - German Federal Financial Supervisory Agency"
"1010346","171710","France - Financial Markets Authority"
"1010346","171710","Other - MACAU"
"1010346","171710","United Kingdom - Financial Conduct Authority"
"1010346","171888","Singapore - Monetary Authority of Singapore"
"1010346","171888","Other - MACAU"
"1010346","171888","United Kingdom - Financial Conduct Authority"
"1010346","171888","Italy - National Stock Exchange Commission"
"1010346","171888","Netherlands - The Netherlands Authority for the Financial Markets"
"1010346","171888","Luxembourg, Grand Duchy of - Commission to Surveillance of the Finance Sector"
"1010346","171888","France - Financial Markets Authority"
"1010346","171888","Hong Kong - Securities and Futures Commission"
"1010346","171888","Austria - Financial Market Authority"
"1010346","38396","Singapore - Monetary Authority of Singapore"
"1010346","38275","South Africa - Financial Services Board"
"1010346","38275","Other - CZECH REPUBLIC"
"1010346","38396","Other - MACAU"
"1010346","38275","Taiwan - Financial Supervisory Commission"
"1010346","38275","Sweden - Swedish Financial Supervisory Authority"
"1010346","38275","Singapore - Monetary Authority of Singapore"
"1010346","38275","Netherlands - The Netherlands Authority for the Financial Markets"
"1010346","38275","Luxembourg, Grand Duchy of - Commission to Surveillance of the Finance Sector"
"1010346","38275","Hong Kong - Securities and Futures Commission"
"1010346","38275","Germany - German Federal Financial Supervisory Agency"
"1010346","38275","France - Financial Markets Authority"
"1010346","38275","Other - MACAU"
"1010346","38275","Other - SLOVAKIA"
"1010346","38396","United Kingdom - Financial Conduct Authority"
"1010346","38396","Switzerland - Swiss Financial Market Supervisory Authority"
"1010346","38396","Germany - German Federal Financial Supervisory Agency"
"1010346","38275","United Kingdom - Financial Conduct Authority"
"1010346","38396","Italy - National Stock Exchange Commission"
"1010346","38396","Norway - The Banking, Insurance and Securities Commission"
"1010346","38396","Netherlands - The Netherlands Authority for the Financial Markets"
"1010346","38396","Finland - Financial Supervision Authority"
"1010346","38396","Luxembourg, Grand Duchy of - Commission to Surveillance of the Finance Sector"
"1010346","38396","France - Financial Markets Authority"
"1010346","38396","Hong Kong - Securities and Futures Commission"
"1010346","38396","Austria - Financial Market Authority"
"1010346","38396","Denmark - Danish Financial Supervisory Authority"
"1008260","177187","Cayman Islands - Cayman Islands Monetary Authority"
"1017749","72373","Cayman Islands - Cayman Islands Monetary Authority"
"1012400","36952","Mauritius, Republic of - Financial Services Commission"
"1012400","36932","Mauritius, Republic of - Financial Services Commission"
"1026584","61616","Cayman Islands - Cayman Islands Monetary Authority"
"1026584","61609","Cayman Islands - Cayman Islands Monetary Authority"
"1025057","38120","Guernsey - Guernsey Financial Services Commission"
"1025057","38120","United Kingdom - Financial Conduct Authority"
"1025057","38077","Guernsey - Guernsey Financial Services Commission"
"1025057","38077","Other - FINANCIAL CONDUCT AUTHORITY"
"1025057","38102","Other - FINANCIAL CONDUCT AUTHORITY"
"1025057","38102","Guernsey - Guernsey Financial Services Commission"
"1025057","33158","Guernsey - Guernsey Financial Services Commission"
"1025057","33158","Other - FINANCIAL CONDUCT AUTHORITY"
"1024647","167104","Cayman Islands - Cayman Islands Monetary Authority"
"1027040","172002","Cayman Islands - Cayman Islands Monetary Authority"
"1027040","14033","Other - CAYMAN ISLANDS MONETARY AUTHORITY"
