"FilingID","Fund Name","Fund ID","Adviser Name","Adviser SEC Number","Clients Solicited?"
1027549,"GALENA PRIVATE EQUITY RESOURCES INVESTMENT LP",805-6788352286,"GALENA PRIVATE EQUITY RESOURCES LIMITED","802-76022","N"
1027549,"GALENA PRIVATE EQUITY RESOURCES COINVESTMENT",805-1364943958,"GALENA PRIVATE EQUITY RESOURCES LIMITED","802-76022","N"
1027549,"GALENA PRIVATE EQUITY RESOURCES FUND LP",805-1995245505,"GALENA PRIVATE EQUITY RESOURCES LIMITED","802-76022","N"
1034793,"ACCION FRONTIER INCLUSION FUND, L.P.",805-4079484969,"QUONA CAPITAL MANAGEMENT LTD.","801-101475","N"
1029411,"BTG PACTUAL ABSOLUTE RETURN II MASTER FUND",805-5015695299,"BTG PACTUAL ASSET MANAGEMENT US , LLC","801-71004","N"
1029411,"BTG PACTUAL ABSOLUTE RETURN MASTER FUND, LP",805-8303692552,"BTG PACTUAL ASSET MANAGEMENT US , LLC","801-71004","N"
1029411,"BTG PACTUAL GLOBAL EMERGING MARKETS AND MACRO MASTER FUND LP",805-7479238879,"BTG PACTUAL ASSET MANAGEMENT US , LLC","801-71004","N"
1029411,"BTG PACTUAL GLOBAL EQUITY OPPORTUNITIES MASTER FUND LP",805-7666104152,"BTG PACTUAL ASSET MANAGEMENT US , LLC","801-71004","N"
1029411,"QUEEN STREET FUND LIMITED",805-8622704089,"BTG PACTUAL ASSET MANAGEMENT US , LLC","801-71004","N"
1036397,"GT SPECIAL OPPORTUNITIES III, LP",805-1123039413,"GERBER/TAYLOR MANAGEMENT COMPANY","801-56698","N"
1036397,"GT INTERNATIONAL EQUITY QP FUND, LP",805-3568380211,"GERBER/TAYLOR MANAGEMENT COMPANY","801-56698","N"
1036397,"GT GLOBAL HEDGE LP",805-6198935424,"GERBER/TAYLOR MANAGEMENT COMPANY","801-56698","N"
1036397,"GT INTERNATIONAL EQUITY FUND, LP",805-1940738930,"GERBER/TAYLOR MANAGEMENT COMPANY","801-56698","N"
1042286,"TEMBO CAPITAL MINING FUND II LP",805-2414903949,"TEMBO CAPITAL MANAGEMENT LTD","802-107262","N"
1033208,"WHITNEY CAPITAL SERIES FUND LLC",805-3974373214,"SCHONFELD STRATEGIC ADVISORS LLC","801-106963","N"
1043181,"ADMINISTRATIVE PLACEHOLDER FOR FINAL FILING AS ERA",805-5681789158,"BORONIA CAPITAL PTY LTD","802-106818","N"
1035050,"CRESTLINE SUMMIT MASTER, SPC - FINANCIALS-2 SP",805-2225616365,"CRESTLINE MANAGEMENT, L.P.","801-61607","N"
1038552,"BAIN CAPITAL EUROPE FUND III, LP",805-9653237386,"BAIN CAPITAL PRIVATE EQUITY, LP","801-69069","N"
1038552,"BAIN CAPITAL FUND VII-E, LP",805-7790383323,"BAIN CAPITAL PRIVATE EQUITY, LP","801-69069","N"
1038552,"BAIN CAPITAL FUND VIII-E, LP",805-8420966765,"BAIN CAPITAL PRIVATE EQUITY, LP","801-69069","N"
1038552,"BAIN CAPITAL PARTNERS EUROPE IV, LP",805-1148539027,"BAIN CAPITAL PRIVATE EQUITY, LP","801-69069","N"
1032402,"INDEX VENTURES III (JERSEY) LP",805-3434983863,"INDEX VENTURES SA","802-75760","N"
1032402,"INDEX VENTURES IV (JERSEY) LP",805-1803088731,"INDEX VENTURES SA","802-75760","N"
1032402,"INDEX VENTURES III PARALLEL ENTREPRENEUR FUND (JERSEY) LP",805-9223349699,"INDEX VENTURES SA","802-75760","N"
1032402,"IINDEX VENTURES IV PARALLEL ENTREPRENEUR FUND (JERSEY) LP",805-9955618744,"INDEX VENTURES SA","802-75760","N"
1032402,"INDEX VENTURES V (JERSEY) LP",805-5568236636,"INDEX VENTURES SA","802-75760","N"
1032402,"INDEX VENTURES V PARALLEL ENTREPRENEUR FUND (JERSEY) LP",805-3919319334,"INDEX VENTURES SA","802-75760","N"
1032402,"INDEX VENTURES LIFE VI (JERSEY) LP",805-3072250321,"INDEX VENTURES SA","802-75760","N"
1041177,"TEMBO CAPITAL MINING FUND II LP",805-2414903949,"TEMBO CAPITAL MANAGEMENT LTD","802-107262","N"
1040892,"THE SEGANTII ASIA PACIFIC EQUITY MULTI-STRATEGY FUND",805-1603734575,"SEGANTII CAPITAL","802-74924","N"
1040892,"MAP 510, A SUB-TRUST OF LMA IRELAND",805-4422620818,"LIGHTHOUSE INVESTMENT PARTNERS, LLC","801-64978","N"
1040892,"WHITNEY CAPITAL SERIES FUND LLC",805-3974373214,"SCHONFELD STRATEGIC ADVISORS LLC","801-106963","N"
1040892,"SCHONFELD FUNDAMENTAL EQUITY FUND LLC",805-9693867046,"SCHONFELD STRATEGIC ADVISORS LLC","801-106963","N"
1040892,"CROSS OCEAN EUR ESS FUND I L.P.",805-4277311933,"CROSS OCEAN ADVISER LLP","802-107174","N"
1040892,"CROSS OCEAN USD ESS FUND I L.P.",805-5688075900,"CROSS OCEAN ADVISER LLP","802-107174","N"
1033466,"CAPITAL GROUP ASIA PACIFIC EX-JAPAN (LUX)",805-2126809509,"CAPITAL RESEARCH AND MANAGEMENT COMPANY","801-8055","Y"
1033466,"CAPITAL GROUP EMERGING MARKETS DEBT FUND (LUX)",805-3232358095,"CAPITAL RESEARCH AND MANAGEMENT COMPANY","801-8055","Y"
1033466,"CAPITAL GROUP EMERGING MARKETS LOCAL CURRENCY DEBT FUND (LUX)",805-6686678360,"CAPITAL RESEARCH AND MANAGEMENT COMPANY","801-8055","Y"
1033466,"CAPITAL GROUP EMERGING MARKETS TOTAL OPPORTUNITIES (LUX)",805-3666513729,"CAPITAL RESEARCH AND MANAGEMENT COMPANY","801-8055","Y"
1033466,"CAPITAL GROUP EURO BOND FUND (LUX)",805-5605613848,"CAPITAL RESEARCH AND MANAGEMENT COMPANY","801-8055","Y"
1033466,"CAPITAL GROUP EURO CORPORATE BOND FUND (LUX)",805-6756825521,"CAPITAL RESEARCH AND MANAGEMENT COMPANY","801-8055","Y"
1033466,"CAPITAL GROUP GLOBAL ABSOLUTE INCOME GROWER (LUX)",805-5114595417,"CAPITAL RESEARCH AND MANAGEMENT COMPANY","801-8055","Y"
1033466,"CAPITAL GROUP GLOBAL BOND FUND (LUX)",805-4033950970,"CAPITAL RESEARCH AND MANAGEMENT COMPANY","801-8055","Y"
1033466,"CAPITAL GROUP GLOBAL EQUITY FUND (LUX)",805-1958854414,"CAPITAL RESEARCH AND MANAGEMENT COMPANY","801-8055","Y"
1033466,"CAPITAL GROUP GLOBAL HIGH INCOME OPPORTUNITIES (LUX)",805-9220742133,"CAPITAL RESEARCH AND MANAGEMENT COMPANY","801-8055","Y"
1033466,"CAPITAL GROUP JAPAN EQUITY FUND (LUX)",805-6847327250,"CAPITAL RESEARCH AND MANAGEMENT COMPANY","801-8055","Y"
1033466,"CAPITAL GROUP WORLD DIVIDEND GROWERS (LUX)",805-8607078300,"CAPITAL RESEARCH AND MANAGEMENT COMPANY","801-8055","Y"
1041150,"BABSON CAPITAL GLOBAL CREDIT FUND (LUX) SCSP, SICAV-SIF",805-1655485261,"BARINGS GLOBAL ADVISERS LIMITED","801-73074","Y"
1028924,"URUGUAY AGRICULTURAL LAND FUND LLC",805-6791555994,"KLAFF REALTY, LP","801-106657","N"
1028924,"URUGUAY AGRICULTURAL LAND FUND II LLC",805-9348939030,"KLAFF REALTY, LP","801-106657","N"
1034677,"QIC GLOBAL INFRASTRUCTURE FUND (UK) LIMITED PARTNERSHIP",805-3129730059,"QIC INVESTMENTS NO. 1 PTY LTD","801-74058","Y"
1029991,"BTG PACTUAL ABSOLUTE RETURN II MASTER FUND",805-5015695299,"BTG PACTUAL ASSET MANAGEMENT US , LLC","801-71004","N"
1029991,"BTG PACTUAL ABSOLUTE RETURN MASTER FUND, LP",805-8303692552,"BTG PACTUAL ASSET MANAGEMENT US , LLC","801-71004","N"
1029991,"BTG PACTUAL GLOBAL EMERGING MARKETS AND MACRO MASTER FUND LP",805-7479238879,"BTG PACTUAL ASSET MANAGEMENT US , LLC","801-71004","N"
1029991,"QUEEN STREET FUND LIMITED",805-8622704089,"BTG PACTUAL ASSET MANAGEMENT US , LLC","801-71004","N"
1027660,"CB RICHARD ELLIS ASIA ALPHA PLUS FUND",805-3008425543,"CBRE GLOBAL INVESTMENT PARTNERS LIMITED","801-80391","N"
1027660,"CBRE ASIA ALPHA PLUS FUND II FCP-SIF",805-3717807162,"CBRE GLOBAL INVESTMENT PARTNERS LIMITED","801-80391","N"
1027660,"CBRE GLOBAL INVESTMENT PARTNERS ASIA FUND III",805-9231078973,"CBRE GLOBAL INVESTMENT PARTNERS LIMITED","801-80391","N"
1027660,"CBRE ASIA VALUE PARTNERS IV FUND",805-9034270557,"CBRE GLOBAL INVESTMENT PARTNERS LIMITED","801-80391","Y"
1029865,"CROSS OCEAN EUR ESS FUND I L.P.",805-4277311933,"CROSS OCEAN ADVISER LLP","802-107174","N"
1029865,"CROSS OCEAN EUR ESS FUND I CAYMAN FEEDER L.P.",805-5733870305,"CROSS OCEAN ADVISER LLP","802-107174","N"
1029865,"CROSS OCEAN EUR ESS FUND I CO-INVESTMENT FEEDER L.P.",805-8224665175,"CROSS OCEAN ADVISER LLP","802-107174","N"
1029865,"CROSS OCEAN USD ESS FUND I L.P.",805-5688075900,"CROSS OCEAN ADVISER LLP","802-107174","N"
1029865,"CROSS OCEAN USD ESS FUND I CAYMAN FEEDER L.P.",805-4427352601,"CROSS OCEAN ADVISER LLP","802-107174","N"
1029865,"CROSS OCEAN USD ESS FUND I DELAWARE FEEDER L.P.",805-2290049844,"CROSS OCEAN ADVISER LLP","802-107174","N"
1037430,"PHOENIX PE-I LP",805-3637661328,"GROVE STREET ADVISORS","801-60272","N"
1027079,"PRELUDE OPPORTUNITY FUND, LP",805-1637413029,"SPRINGBOK CAPITAL MANAGEMENT, LLC","801-73598","N"
1030377,"36ONE HEDGE SEGREGATED PORTFOLIO",805-5904341958,"SOUTH AFRICA ALPHA CAPITAL MANAGEMENT LTD.","802-107876","N"
1030377,"36ONE OFFSHORE MASTER LP",805-3276694539,"SOUTH AFRICA ALPHA CAPITAL MANAGEMENT LTD.","802-107876","N"
1030377,"MAGNITUDE SPECIAL INVESTMENTS PORTFOLIO, LTD.",805-4033875169,"MAGNITUDE CAPITAL, LLC","801-65284","N"
1026255,"TMAM-GO JAPAN ENGAGEMENT FUND",805-4613294791,"GO INVESTMENT PARTNERS LLP","801-68761","N"
1026255,"TMA / PATHWAY INVESTMENT COMPANY ONE",805-4205486355,"PATHWAY CAPITAL MANAGEMENT, LP","801-54251","N"
1026255,"TMA/PATHWAY PRIVATE EQUITY FUND II, L.P.",805-9929601941,"PATHWAY CAPITAL MANAGEMENT, LP","801-54251","N"
1026255,"TMA / PATHWAY PRIVATE EQUITY FUND III, LP",805-4649111226,"PATHWAY CAPITAL MANAGEMENT, LP","801-54251","N"
1033848,"INDEX VENTURES III (JERSEY) LP",805-3434983863,"INDEX VENTURES SA","802-75760","N"
1033848,"INDEX VENTURES IV (JERSEY) LP",805-1803088731,"INDEX VENTURES SA","802-75760","N"
1033848,"INDEX VENTURES III PARALLEL ENTREPRENEUR FUND (JERSEY) LP",805-9223349699,"INDEX VENTURES SA","802-75760","N"
1033848,"IINDEX VENTURES IV PARALLEL ENTREPRENEUR FUND (JERSEY) LP",805-9955618744,"INDEX VENTURES SA","802-75760","N"
1033848,"INDEX VENTURES V (JERSEY) LP",805-5568236636,"INDEX VENTURES SA","802-75760","N"
1033848,"INDEX VENTURES V PARALLEL ENTREPRENEUR FUND (JERSEY) LP",805-3919319334,"INDEX VENTURES SA","802-75760","N"
1033848,"INDEX VENTURES LIFE VI (JERSEY) LP",805-3072250321,"INDEX VENTURES SA","802-75760","N"
1041609,"ABERDEEN GLOBAL - INDIAN EQUITY FUND",805-4931719822,"ABERDEEN ASSET MANAGEMENT ASIA LIMITED","801-62020","N"
1029410,"BTG PACTUAL GLOBAL EMERGING MARKETS AND MACRO MASTER FUND LP",805-7479238879,"BTG PACTUAL ASSET MANAGEMENT US , LLC","801-71004","N"
1029410,"BTG PACTUAL ABSOLUTE RETURN II MASTER FUND",805-5015695299,"BTG PACTUAL ASSET MANAGEMENT US , LLC","801-71004","N"
1029410,"BTG PACTUAL ABSOLUTE RETURN MASTER FUND, LP",805-8303692552,"BTG PACTUAL ASSET MANAGEMENT US , LLC","801-71004","N"
1029410,"BTG PACTUAL GLOBAL EQUITY OPPORTUNITIES MASTER FUND LP",805-7666104152,"BTG PACTUAL ASSET MANAGEMENT US , LLC","801-71004","N"
1029410,"QUEEN STREET FUND LIMITED",805-8622704089,"BTG PACTUAL ASSET MANAGEMENT US , LLC","801-71004","N"
1031416,"THE ACCELERATOR FUND, LP",805-6749267868,"PACIFIC CURRENT GROUP","801-72415","N"
1030765,"BOOTHBAY ABSOLUTE RETURN STRATEGIES, LP",805-5663558974,"BOOTHBAY FUND MANAGEMENT","801-80018","N"
1038624,"NR 1 SP, A SEGREGATED PORTFOLIO OF NORTH ROCK SPC",805-5517156357,"LIGHTHOUSE INVESTMENT PARTNERS, LLC","801-64978","N"
1040426,"CORBIN OPPORTUNITY FUND, LP",805-1470962946,"CORBIN CAPITAL PARTNERS, L.P.","801-63358","N"
1027889,"SPROTT NATURAL RESOURCE LENDING FUND 2016 LP",805-3801987848,"RESOURCE CAPITAL INVESTMENT CORPORATION","801-78106","N"
1027889,"SPROTT PRIVATE RESOURCE LENDING (US), LP",805-5074728379,"RESOURCE CAPITAL INVESTMENT CORPORATION","801-78106","N"
1027889,"SPROTT RESOURCE LENDING, LP",805-3126660202,"RESOURCE CAPITAL INVESTMENT CORPORATION","801-78106","N"
1027889,"SPROTT PRIVATE RESOURCE LENDING (INTERNATIONAL), LP",805-5718948935,"RESOURCE CAPITAL INVESTMENT CORPORATION","801-78106","N"
1027889,"SPROTT PRIVATE RESOURCE LENDING (COLLECTOR), LP",805-9810987620,"RESOURCE CAPITAL INVESTMENT CORPORATION","801-78106","N"
1034934,"THOMAS WEISEL HEALTHCARE VENTURE PARTNERS, L.P.",805-9563753733,"THOMAS WEISEL CAPITAL MANAGEMENT LLC","801-56739","N"
1043185,"ADMINISTRATIVE PLACEHOLDER FOR FINAL FILING AS ERA",805-5681789158,"BORONIA CAPITAL PTY LTD","802-106818","N"
1036777,"ABERDEEN GLOBAL - INDIAN EQUITY FUND",805-4931719822,"ABERDEEN ASSET MANAGEMENT ASIA LIMITED","801-62020","N"
1034430,"NR 1 SP, A SEGREGATED PORTFOLIO OF NORTH ROCK SPC",805-5517156357,"LIGHTHOUSE INVESTMENT PARTNERS, LLC","801-64978","N"
1034430,"MAP 198 SEGREGATED PORTFOLIO, A SEGREGATED PORTFOLIO OF LMA SPC",805-4232226509,"LIGHTHOUSE INVESTMENT PARTNERS, LLC","801-64978","N"
1040174,"RUSSELL GLOBAL SMALL CAP FUND",805-8429051390,"RUSSELL INVESTMENTS","801-17141","Y"
1027820,"ABERDEEN GLOBAL - INDIAN EQUITY FUND",805-4931719822,"ABERDEEN ASSET MANAGEMENT ASIA LIMITED","801-62020","N"
1035554,"PRELUDE OPPORTUNITY FUND LP",805-1637413029,"SPRINGBOK CAPITAL MANAGEMENT, LLC","801-73598","N"
1039485,"MILLENNIUM PARTNERS, LP",805-3613464116,"MILLENNIUM MANAGEMENT LLC","801-73884","N"
1036495,"THE ECO PRODUCTS FUND, L.P.",805-6618462875,"EQUATOR, LLC","801-73002","N"
1039606,"WHITNEY CAPITAL SERIES FUND LLC",805-3974373214,"SCHONFELD STRATEGIC ADVISORS LLC","801-106963","N"
1039606,"EMORY CAPITAL SERIES FUND LLC",805-6543531376,"SCHONFELD STRATEGIC ADVISORS LLC","801-106963","N"
1036812,"MAP 501, A SUB-TRUST OF LMA IRELAND",805-7509218312,"LIGHTHOUSE INVESTMENT PARTNERS, LLC","801-64978","N"
1036812,"MAP 502, A SUBTRUST OF LMA IRELAND",805-5000885206,"LIGHTHOUSE INVESTMENT PARTNERS, LLC","801-64978","N"
1036812,"MAP 504, A SUB-TRUST OF LMA IRELAND",805-2473650150,"LIGHTHOUSE INVESTMENT PARTNERS, LLC","801-64978","N"
1033350,"PINEBRIDGE GLOBAL EMERGING MARKETS PARTNERS II, L.P.",805-4970537226,"PINEBRIDGE INVESTMENTS LLC","801-18759","Y"
1038933,"PRELUDE OPPORTUNITY FUND LP",805-1637413029,"SPRINGBOK CAPITAL MANAGEMENT, LLC","801-73598","N"
1029235,"BTG PACTUAL GLOBAL EMERGING MARKETS AND MACRO MASTER FUND LP",805-7479238879,"BTG PACTUAL ASSET MANAGEMENT US , LLC","801-71004","N"
1029235,"BTG PACTUAL ABSOLUTE RETURN II MASTER FUND",805-5015695299,"BTG PACTUAL ASSET MANAGEMENT US , LLC","801-71004","N"
1029235,"BTG PACTUAL ABSOLUTE RETURN MASTER FUND, LP",805-8303692552,"BTG PACTUAL ASSET MANAGEMENT US , LLC","801-71004","N"
1029235,"BTG PACTUAL GLOBAL EQUITY OPPORTUNITIES MASTER FUND LP",805-7666104152,"BTG PACTUAL ASSET MANAGEMENT US , LLC","801-71004","N"
1029235,"QUEEN STREET FUND LIMITED",805-8622704089,"BTG PACTUAL ASSET MANAGEMENT US , LLC","801-71004","N"
1028889,"SNOW LAKE CHINA MASTER FUND, LTD.",805-6356388733,"SNOW LAKE CAPITAL LIMITED","802-75577","N"
1028889,"SNOW LAKE CHINA MASTER LONG FUND, LTD.",805-2936217051,"SNOW LAKE CAPITAL LIMITED","802-75577","N"
1035549,"ABERDEEN GLOBAL - INDIAN EQUITY FUND",805-4931719822,"ABERDEEN ASSET MANAGEMENT ASIA LIMITED","801-62020","N"
1027552,"COMPASS MAV LLC",805-8071735243,"MIO PARTNERS, INC.","801-41495","N"
1014638,"PRELUDE OPPORTUNITY FUND, LP",805-1637413029,"SPRINGBOK CAPITAL MANAGEMENT, LLC","801-73598","N"
1028812,"BAIN CAPITAL EUROPE FUND III, LP",805-9653237386,"BAIN CAPITAL PRIVATE EQUITY, LP","801-69069","N"
1028812,"BAIN CAPITAL FUND VII-E, LP",805-7790383323,"BAIN CAPITAL PRIVATE EQUITY, LP","801-69069","N"
1028812,"BAIN CAPITAL FUND VIII-E, LP",805-8420966765,"BAIN CAPITAL PRIVATE EQUITY, LP","801-69069","N"
1028812,"BAIN CAPITAL PARTNERS EUROPE IV, LP",805-1148539027,"BAIN CAPITAL PRIVATE EQUITY, LP","801-69069","N"
1034191,"INDEX VENTURES III (JERSEY) LP",805-3434983863,"INDEX VENTURES SA","802-75760","N"
1034191,"INDEX VENTURES IV (JERSEY) LP",805-1803088731,"INDEX VENTURES SA","802-75760","N"
1034191,"INDEX VENTURES III PARALLEL ENTREPRENEUR FUND (JERSEY) LP",805-9223349699,"INDEX VENTURES SA","802-75760","N"
1034191,"IINDEX VENTURES IV PARALLEL ENTREPRENEUR FUND (JERSEY) LP",805-9955618744,"INDEX VENTURES SA","802-75760","N"
1034191,"INDEX VENTURES V (JERSEY) LP",805-5568236636,"INDEX VENTURES SA","802-75760","N"
1034191,"INDEX VENTURES V PARALLEL ENTREPRENEUR FUND (JERSEY) LP",805-3919319334,"INDEX VENTURES SA","802-75760","N"
1034191,"INDEX VENTURES LIFE VI (JERSEY) LP",805-3072250321,"INDEX VENTURES SA","802-75760","N"
1035021,"ABERDEEN GLOBAL - INDIAN EQUITY FUND",805-4931719822,"ABERDEEN ASSET MANAGEMENT ASIA LIMITED","801-62020","N"
1031850,"IBIS-CMAV",805-8071735243,"MIO PARTNERS, INC.","801-41495","N"
1031850,"IBIS-MS",805-4033875169,"MAGNITUDE CAPITAL, LLC","801-65284","N"
1032387,"INVESTCORP PRIVATE EQUITY 2007 FUND, LP",805-2569422134,"INVESTCORP INVESTMENT ADVISERS LIMITED","801-64003","N"
1029644,"RARE INFRASTRUCTURE GLOBAL VALUE FUND L.P.",805-3001458551,"RARE INFRASTRUCTURE (NORTH AMERICA) PTY LTD","801-70506","N"
1038316,"CAPSTONE CAYMAN CURRENT LIQUIDITY FUND, LP",805-8596884080,"CAPSTONE CAYMAN CAPITAL ASSET MANAGEMENT, LTD.","-","N"
1025540,"UOB PORTFOLIO ADVISORS PAN ASIA SELECT FUND, L.P.",805-1869510735,"PORTFOLIO ADVISORS LLC","801-46369","N"
1025540,"UOB PORTFOLIO ADVISORS PAN ASIA SELECT FUND (TAX EXEMPT), L.P.",805-5151091752,"PORTFOLIO ADVISORS LLC","801-46369","N"
1025540,"UOB PORTFOLIO ADVISORS PAN ASIA SELECT FUND II, L.P.",805-4688391976,"PORTFOLIO ADVISORS LLC","801-46369","N"
1025540,"UOB PORTFOLIO ADVISORS PAN ASIA SELECT FUND (TAX EXEMPT) II, L.P.",805-9434571329,"PORTFOLIO ADVISORS LLC","801-46369","N"
1025540,"UOB PORTFOLIO ADVISORS PAN ASIA SELECT FUND III, L.P.",805-4955524991,"PORTFOLIO ADVISORS LLC","801-46369","N"
