"FilingID","Fund Name","Fund ID","Adviser Name","Adviser SEC Number","Clients Solicited?"
"1007599","WE ARE WITHDRAWING AS AN ERA","805-5366718704","CONSULTA LIMITED","-","N"
"1006749","BLACKSTONE SENFINA MASTER FUND L.P.","805-5730088379","BLACKSTONE SENFINA ADVISORS L.L.C.","801-80104","N"
"1004591","FITA INVESTMENTS LLC","805-1572604181","RIVE PRIVATE INVESTMENT S.A.","-","N"
"1005077","HONY CAPITAL FUND 2008, L.P.","805-5337024720","HONY CAPITAL LIMITED","802-76488","N"
"1005077","HONY CAPITAL FUND II, L.P.","805-6403147019","HONY CAPITAL LIMITED","802-76488","N"
"1005077","HONY CAPITAL FUND III, L.P.","805-2396648032","HONY CAPITAL LIMITED","802-76488","N"
"1005077","HONY CAPITAL FUND V, L.P.","805-3347929669","HONY CAPITAL LIMITED","802-76488","N"
"1005077","HONY CAPITAL FUND VIII (CAYMAN), L.P.","805-8362560752","HONY CAPITAL LIMITED","802-76488","N"
"982112","THE ALPHAGEN RELATIVE VALUE AGRICULTURE FUND LIMITED","805-8222714407","ALPHAGEN CAPITAL LIMITED","801-65237","N"
"1020288","VLP045","805-1296338107","VERITABLE LP","801-62911","N"
"1020193","SEA CREST FEEDER FUND LIMITED","805-1762144430","FUCHS CAPITAL PARTNERS PTE. LTD.","-","N"
"1020193","TOPWATER MAYFLY FUND LLC","805-7418791443","LEUCADIA ASSET MANAGEMENT LLC","801-78221","N"
"1020499","THE SFP VALUE REALIZATION FUND L.P.","805-2748853792","SYMPHONY FINANCIAL PARTNERS (SINGAPORE) PTE. LTD.","801-103475","N"
"1017208","SAINTS CAPITAL CHAMONIX, L.P.","805-9960631056","SAINTS CAPITAL","801-74208","N"
"1026298","EUROPEAN SECONDARY DEVELOPMENT FUND IV, L.P.","805-8624473890","ESD MANAGEMENT IV LIMITED","802-76470","N"
"1026231","PALOMA INTERNATIONAL L.P.","805-5315493818","PALOMA PARTNERS MANAGEMENT COMPANY","801-72796","N"
"1016726","MAP 501, A SUB-TRUST OF LMA IRELAND","805-7509218312","LIGHTHOUSE INVESTMENT PARTNERS, LLC","801-64978","N"
"1016726","MAP 502, A SUBTRUST OF LMA IRELAND","805-5000885206","LIGHTHOUSE INVESTMENT PARTNERS, LLC","801-64978","N"
"1016726","MAP 504, A SUB-TRUST OF LMA IRELAND","805-2473650150","LIGHTHOUSE INVESTMENT PARTNERS, LLC","801-64978","N"
"1014520","BOYU CAPITAL EQUITY STRATEGY 2014, LIMITED","805-3189341082","BOYU CAPITAL INVESTMENT MANAGEMENT LIMITED","802-80427","N"
"1021407","CQS ABS MASTER FUND LIMITED","805-3158996422","CQS CAYMAN LIMITED PARTNERSHIP","802-75856","Y"
"1021407","CQS ASIAN OPPORTUNITIES MASTER FUND LIMITED","805-7548527927","CQS CAYMAN LIMITED PARTNERSHIP","802-75856","N"
"1021407","BIWA FUND LIMITED","805-9568695704","CQS CAYMAN LIMITED PARTNERSHIP","801-75856","N"
"1021407","CQS DIRECTIONAL OPPORTUNITIES MASTER FUND LIMITED","805-6634533527","CQS CAYMAN LIMITED PARTNERSHIP","801-75856","N"
"1021407","CQS DIVERSIFIED FUND (SPC) LIMITED SEGREGATED PORTFOLIO ALPHA","805-6555371537","CQS CAYMAN LIMITED PARTNERSHIP","801-75856","N"
"1021407","CQS DIVERSIFIED FUND (SPC) LIMITED SEGREGATED PORTFOLIO ALPHA II","805-6643355033","CQS CAYMAN LIMITED PARTNERSHIP","801-75856","N"
"1021407","CQS GLOBAL CONVERTIBLE ARBITRAGE MASTER FUND LIMITED","805-8411917602","CQS CAYMAN LIMITED PARTNERSHIP","801-75856","N"
"1021416","CQS ABS MASTER FUND LIMITED","805-3158996422","CQS CAYMAN LIMITED PARTNERSHIP","802-75856","Y"
"1021416","CQS ASIAN OPPORTUNITIES MASTER FUND LIMITED","805-7548527927","CQS CAYMAN LIMITED PARTNERSHIP","802-75856","N"
"1021416","BIWA FUND LIMITED","805-9568695704","CQS CAYMAN LIMITED PARTNERSHIP","801-75856","N"
"1021416","CQS DIRECTIONAL OPPORTUNITIES MASTER FUND LIMITED","805-6634533527","CQS CAYMAN LIMITED PARTNERSHIP","801-75856","N"
"1021416","CQS DIVERSIFIED FUND (SPC) LIMITED SEGREGATED PORTFOLIO ALPHA","805-6555371537","CQS CAYMAN LIMITED PARTNERSHIP","801-75856","N"
"1021416","CQS DIVERSIFIED FUND (SPC) LIMITED SEGREGATED PORTFOLIO ALPHA II","805-6643355033","CQS CAYMAN LIMITED PARTNERSHIP","801-75856","N"
"1021416","CQS GLOBAL CONVERTIBLE ARBITRAGE MASTER FUND LIMITED","805-8411917602","CQS CAYMAN LIMITED PARTNERSHIP","801-75856","N"
"1021419","CQS ABS MASTER FUND LIMITED","805-3158996422","CQS CAYMAN LIMITED PARTNERSHIP","802-75856","Y"
"1021419","CQS ASIAN OPPORTUNITIES MASTER FUND LIMITED","805-7548527927","CQS CAYMAN LIMITED PARTNERSHIP","802-75856","N"
"1011164","WHITNEY CAPITAL SERIES FUND LLC","805-3974373214","SCHONFELD STRATEGIC ADVISORS LLC","801-106963","N"
"1017608","PINEBRIDGE SUB-SAHARAN AFRICA EQUITY MASTER FUND LTD","805-6059237080","PINEBRIDGE INVESTMENTS LLC","801-18759","N"
"1026766","MONSOON INFRASTRUCTURE & REALTY CO-INVEST, L.P.","805-4265386236","MONSOON CAPITAL, LLC","801-64461","N"
"1024732","CROSS OCEAN EUR ESS FUND I L.P.","805-4277311933","CROSS OCEAN ADVISER LLP","802-107174","N"
"1024732","CROSS OCEAN EUR ESS FUND I CAYMAN FEEDER L.P.","805-5733870305","CROSS OCEAN ADVISER LLP","802-107174","N"
"1024732","CROSS OCEAN EUR ESS FUND I CO-INVESTMENT FEEDER L.P.","805-8224665175","CROSS OCEAN ADVISER LLP","802-107174","N"
"1024732","CROSS OCEAN USD ESS FUND I L.P.","805-5688075900","CROSS OCEAN ADVISER LLP","802-107174","N"
"1024732","CROSS OCEAN USD ESS FUND I CAYMAN FEEDER L.P.","805-4427352601","CROSS OCEAN ADVISER LLP","802-107174","N"
"1024732","CROSS OCEAN USD ESS FUND I DELAWARE FEEDER L.P.","805-2290049844","CROSS OCEAN ADVISER LLP","802-107174","N"
"1021419","BIWA FUND LIMITED","805-9568695704","CQS CAYMAN LIMITED PARTNERSHIP","801-75856","N"
"1021419","CQS DIRECTIONAL OPPORTUNITIES MASTER FUND LIMITED","805-6634533527","CQS CAYMAN LIMITED PARTNERSHIP","801-75856","N"
"1021419","CQS DIVERSIFIED FUND (SPC) LIMITED SEGREGATED PORTFOLIO ALPHA","805-6555371537","CQS CAYMAN LIMITED PARTNERSHIP","801-75856","N"
"1021419","CQS DIVERSIFIED FUND (SPC) LIMITED SEGREGATED PORTFOLIO ALPHA II","805-6643355033","CQS CAYMAN LIMITED PARTNERSHIP","801-75856","N"
"1021419","CQS GLOBAL CONVERTIBLE ARBITRAGE MASTER FUND LIMITED","805-8411917602","CQS CAYMAN LIMITED PARTNERSHIP","801-75856","N"
"1021440","CQS ABS MASTER FUND LIMITED","805-3158996422","CQS CAYMAN LIMITED PARTNERSHIP","802-75856","Y"
"1021440","CQS ASIAN OPPORTUNITIES MASTER FUND LIMITED","805-7548527927","CQS CAYMAN LIMITED PARTNERSHIP","802-75856","N"
"1021440","BIWA FUND LIMITED","805-9568695704","CQS CAYMAN LIMITED PARTNERSHIP","801-75856","N"
"1021440","CQS DIRECTIONAL OPPORTUNITIES MASTER FUND LIMITED","805-6634533527","CQS CAYMAN LIMITED PARTNERSHIP","801-75856","N"
"1021440","CQS DIVERSIFIED FUND (SPC) LIMITED SEGREGATED PORTFOLIO ALPHA","805-6555371537","CQS CAYMAN LIMITED PARTNERSHIP","801-75856","N"
"1021440","CQS DIVERSIFIED FUND (SPC) LIMITED SEGREGATED PORTFOLIO ALPHA II","805-6643355033","CQS CAYMAN LIMITED PARTNERSHIP","801-75856","N"
"1021440","CQS GLOBAL CONVERTIBLE ARBITRAGE MASTER FUND LIMITED","805-8411917602","CQS CAYMAN LIMITED PARTNERSHIP","801-75856","N"
"1017057","BOOTHBAY ABSOLUTE RETURN STRATEGIES, LP","805-5663558974","BOOTHBAY FUND MANAGEMENT","802-76321","N"
"1023792","ACPO MASTER, L.P.","805-3553709700","ANCHORAGE CAPITAL GROUP, L.L.C.","801-65582","N"
"1023792","ANCHORAGE CAPITAL MASTER OFFSHORE, LTD.","805-5198736608","ANCHORAGE CAPITAL GROUP, L.L.C.","801-65582","N"
"1023792","ANCHORAGE CAPITAL PARTNERS OFFSHORE, LTD.","805-6923176613","ANCHORAGE CAPITAL GROUP, L.L.C.","801-65582","N"
"1023792","ANCHORAGE CAPITAL PARTNERS, L.P.","805-4533883775","ANCHORAGE CAPITAL GROUP, L.L.C.","801-65582","N"
"1023792","ANCHORAGE ILLIQUID OPPORTUNITIES II, L.P.","805-1358560631","ANCHORAGE CAPITAL GROUP, L.L.C.","801-65582","N"
"1023792","ANCHORAGE ILLIQUID OPPORTUNITIES III, L.P.","805-5388451822","ANCHORAGE CAPITAL GROUP, L.L.C.","801-65582","N"
"1023792","ANCHORAGE ILLIQUID OPPORTUNITIES INTERMEDIATE II, L.P.","805-9473011996","ANCHORAGE CAPITAL GROUP, L.L.C.","801-65582","N"
"1023792","ANCHORAGE ILLIQUID OPPORTUNITIES INTERMEDIATE III, L.P.","805-4689062623","ANCHORAGE CAPITAL GROUP, L.L.C.","801-65582","N"
"1023792","ANCHORAGE ILLIQUID OPPORTUNITIES INTERMEDIATE, L.P.","805-1051214313","ANCHORAGE CAPITAL GROUP, L.L.C.","801-65582","N"
"1023792","ANCHORAGE ILLIQUID OPPORTUNITIES OFFSHORE II, L.P.","805-6256373846","ANCHORAGE CAPITAL GROUP, L.L.C.","801-65582","N"
"1023792","ANCHORAGE ILLIQUID OPPORTUNITIES OFFSHORE III, L.P.","805-8084008156","ANCHORAGE CAPITAL GROUP, L.L.C.","801-65582","N"
"1023792","ANCHORAGE ILLIQUID OPPORTUNITIES OFFSHORE MASTER II, L.P.","805-1329472194","ANCHORAGE CAPITAL GROUP, L.L.C.","801-65582","N"
"1023792","ANCHORAGE ILLIQUID OPPORTUNITIES OFFSHORE MASTER III, L.P.","805-3491122671","ANCHORAGE CAPITAL GROUP, L.L.C.","801-65582","N"
"1023792","ANCHORAGE ILLIQUID OPPORTUNITIES OFFSHORE MASTER, L.P.","805-6083217340","ANCHORAGE CAPITAL GROUP, L.L.C.","801-65582","N"
"1023792","ANCHORAGE ILLIQUID OPPORTUNITIES OFFSHORE, L.P.","805-2893200883","ANCHORAGE CAPITAL GROUP, L.L.C.","801-65582","N"
"1023792","ANCHORAGE ILLIQUID OPPORTUNITIES, L.P.","805-6800398496","ANCHORAGE CAPITAL GROUP, L.L.C.","801-65582","N"
"1023792","ANCHORAGE SHORT CREDIT FUND, L.P.","805-7061006499","ANCHORAGE CAPITAL GROUP, L.L.C.","801-65582","N"
"1023792","ANCHORAGE SHORT CREDIT INTERMEDIATE FUND, L.P.","805-6814040001","ANCHORAGE CAPITAL GROUP, L.L.C.","801-65582","N"
"1023792","ANCHORAGE SHORT CREDIT OFFSHORE FUND, LTD.","805-2185991300","ANCHORAGE CAPITAL GROUP, L.L.C.","801-65582","N"
"1023792","ANCHORAGE SHORT CREDIT OFFSHORE MASTER FUND, LTD.","805-8800530534","ANCHORAGE CAPITAL GROUP, L.L.C.","801-65582","N"
"1023792","GRF MASTER FUND II, L.P.","805-5747456961","ANCHORAGE CAPITAL GROUP, L.L.C.","801-65582","N"
"1023792","PCI FUND LLC","805-7912608169","ANCHORAGE CAPITAL GROUP, L.L.C.","801-65582","N"
"1023792","ANCHORAGE MSW STRUCTURED CREDIT MASTER, L.P.","805-7542803441","ANCHORAGE CAPITAL GROUP, L.L.C.","801-65582","N"
"1023792","ANCHORAGE MSW STRUCTURED CREDIT OFFSHORE, L.P.","805-7087885377","ANCHORAGE CAPITAL GROUP, L.L.C.","801-65582","N"
"1023792","ANCHORAGE ILLIQUID OPPORTUNITIES III (B), L.P.","805-5808706672","ANCHORAGE CAPITAL GROUP, L.L.C.","801-65582","N"
"1023792","AIO III AIV, L.P.","805-5669393322","ANCHORAGE CAPITAL GROUP, L.L.C.","801-65582","N"
"1023792","Z-CDO LIQUIDATION FUND, L.P.","805-7285054024","ANCHORAGE CAPITAL GROUP, L.L.C.","801-65582","N"
"1023792","ANCHORAGE CAPITAL CLO 2012-1, LTD.","805-4288128005","ANCHORAGE CAPITAL GROUP, L.L.C.","801-65582","N"
"1023792","ANCHORAGE ILLIQUID OPPORTUNITIES INTERMEDIATE IV, L.P.","805-5748364586","ANCHORAGE CAPITAL GROUP, L.L.C.","801-65582","N"
"1023792","ANCHORAGE ILLIQUID OPPORTUNITIES IV, L.P.","805-2721133266","ANCHORAGE CAPITAL GROUP, L.L.C.","801-65582","N"
"1023792","ANCHORAGE ILLIQUID OPPORTUNITIES OFFSHORE IV, L.P.","805-7860461387","ANCHORAGE CAPITAL GROUP, L.L.C.","801-65582","N"
"1023792","ANCHORAGE ILLIQUID OPPORTUNITIES OFFSHORE MASTER IV, L.P.","805-1974386633","ANCHORAGE CAPITAL GROUP, L.L.C.","801-65582","N"
"1023792","ANCHORAGE CAPITAL CLO 2013-1, LTD.","805-1045968733","ANCHORAGE CAPITAL GROUP, L.L.C.","801-65582","N"
"1023792","ANCHORAGE CAPITAL CLO 3, LTD.","805-4217300373","ANCHORAGE CAPITAL GROUP, L.L.C.","801-65582","N"
"1023792","ANCHORAGE CAPITAL CLO 4, LTD.","805-1642914206","ANCHORAGE CAPITAL GROUP, L.L.C.","801-65582","N"
"1023792","ANCHORAGE ILLIQUID OPPORTUNITIES IV (B), L.P.","805-9245037215","ANCHORAGE CAPITAL GROUP, L.L.C.","801-65582","N"
"1023792","AIO IV AIV, L.P.","805-5868107757","ANCHORAGE CAPITAL GROUP, L.L.C.","801-65582","N"
"1023792","ANCHORAGE CAPITAL CLO 5, LTD.","805-2189923253","ANCHORAGE CAPITAL GROUP, L.L.C.","801-65582","N"
"1023792","ANCHORAGE CAPITAL CLO 6, LTD.","805-1577518037","ANCHORAGE CAPITAL GROUP, L.L.C.","801-65582","N"
"1023792","ANCHORAGE ILLIQUID OPPORTUNITIES OFFSHORE MASTER V, L.P.","805-2557132199","ANCHORAGE CAPITAL GROUP, L.L.C.","801-65582","N"
"1023792","ANCHORAGE ILLIQUID OPPORTUNITIES V, L.P.","805-1090082276","ANCHORAGE CAPITAL GROUP, L.L.C.","801-65582","N"
"1023792","ANCHORAGE ILLIQUID OPPORTUNITIES INTERMEDIATE V, L.P.","805-8236837334","ANCHORAGE CAPITAL GROUP, L.L.C.","801-65582","N"
"1023792","ANCHORAGE ILLIQUID OPPORTUNITIES OFFSHORE V, L.P.","805-3807999400","ANCHORAGE CAPITAL GROUP, L.L.C.","801-65582","N"
"1023792","AIO IV AIV TRUST","805-8134779224","ANCHORAGE CAPITAL GROUP, L.L.C.","801-65582","N"
"1023792","ANCHORAGE CAPITAL CLO 7, LTD.","805-5181299556","ANCHORAGE CAPITAL GROUP, L.L.C.","801-65582","N"
"1023792","ANCHORAGE CAPITAL CLO 8, LTD.","805-4845622713","ANCHORAGE CAPITAL GROUP, L.L.C.","801-65582","N"
"1023792","ANCHORAGE CAPITAL CLO 9, LTD.","805-2202107176","ANCHORAGE CAPITAL GROUP, L.L.C.","801-65582","N"
"1023792","ANCHORAGE CREDIT FUNDING 1, LTD.","805-4146672953","ANCHORAGE CAPITAL GROUP, L.L.C.","801-65582","N"
"1023792","ANCHORAGE CREDIT FUNDING 2, LTD.","805-4990166672","ANCHORAGE CAPITAL GROUP, L.L.C.","801-65582","N"
"1012727","PINEBRIDGE GLOBAL EMERGING MARKETS PARTNERS II, L.P.","805-4970537226","PINEBRIDGE INVESTMENTS LLC","801-18759","Y"
"1016975","SW7 US EQUITIES FUND I LIMITED","805-8334538567","SW7 ASSET MANAGEMENT (SINGAPORE) PTE LTD","802-106602","Y"
"1016975","SW7 US EQUITIES FUND I LP","805-7259213423","SW7 ASSET MANAGEMENT (SINGAPORE) PTE LTD","802-106602","N"
"1016975","SW7 US EQUITIES MASTER FUND I B LIMITED","805-2307519457","SW7 ASSET MANAGEMENT (SINGAPORE) PTE LTD","802-106602","Y"
"1016975","SW7 US EQUITIES MASTER FUND I A LIMITED","805-2327323608","SW7 ASSET MANAGEMENT (SINGAPORE) PTE LTD","802-106602","Y"
"1009058","OCEAN TRAILS CLO VI LLC","805-2786125936","ROTHSCHILD CREDIT MANAGEMENT (NORTH AMERICA)","801-64560","N"
"1016557","NR 1 SP, A SEGREGATED PORTFOLIO OF LMA (EQUITIES) SPC","805-5517156357","LIGHTHOUSE INVESTMENT PARTNERS, LLC","801-64978","N"
"1016557","MAP 188, A SEGREGATED PORTFOLIO OF LMA SPC","805-1294778801","LIGHTHOUSE INVESTMENT PARTNERS, LLC","801-64978","N"
"1020023","TMAM-GO JAPAN ENGAGEMENT FUND","805-4613294791","GO INVESTMENT PARTNERS LLP","801-68761","N"
"1020023","TMA / PATHWAY INVESTMENT COMPANY ONE","805-4205486355","PATHWAY CAPITAL MANAGEMENT, LP","801-54251","N"
"1020023","TMA/PATHWAY PRIVATE EQUITY FUND II, L.P.","805-9929601941","PATHWAY CAPITAL MANAGEMENT, LP","801-54251","N"
"1020023","TMA / PATHWAY PRIVATE EQUITY FUND III, LP","805-4649111226","PATHWAY CAPITAL MANAGEMENT, LP","801-54251","N"
"1018596","EATON HUNT CAPITAL PARTNERS, L.P.","805-5389920779","CHARLES HUGHES","801-34087724","N"
"1018596","EASTON CAPITAL PARTNERS, L.P.","805-5867658052","CHARLES HUGHES","801-34087724","N"
"1018596","EASTON HUNT NEW YORK. L.P.","805-3967715739","CHARLES HUGHES","801-34087724","N"
"1018596","EASTON SPECIAL SITUATIONS FUND LLC","805-2945833704","CHARLES HUGHES","801-34087724","N"
"1018596","EASTON EDUCATION FUND, LLC","805-8549040621","CHARLES HUGHES","801-34087724","N"
"1018596","EASTON NEW MEDIA PARTNERS, LLC","805-8099389489","CHARLES HUGHES","801-34087724","N"
"1018596","EASTON SPECIAL SITUATIONS FUNDS II LLC","805-1580631044","JOHN H FRIEDMAN","-","Y"
"1022756","THE ACCELERATOR FUND, LP","805-6749267868","PACIFIC CURRENT GROUP","801-72415","N"
"1022760","HERMES GLOBAL INVESTMENT FUNDS (CAYMAN) MASTER, SPC","805-4875733738","HERMES INVESTMENT MANAGEMENT LIMITED","801-71218","Y"
"1022534","NR 1 SP, A SEGREGATED PORTFOLIO OF NORTH ROCK SPC","805-5517156357","LIGHTHOUSE INVESTMENT PARTNERS, LLC","801-64978","N"
"1022534","MAP 194, A SEGREGATED PORTFOLIO OF LMA SPC","805-6957450184","LIGHTHOUSE INVESTMENT PARTNERS, LLC","801-64978","N"
"1022870","TRAFALGAR COPLEY MASTER FUND SPC LIMITED","805-5159648211","TRAFALGAR CAPITAL MANAGEMENT (HK) LIMITED","802-75883","N"
"1022870","TRAFALGAR TRADING FUND INC.","805-6380485186","TRAFALGAR CAPITAL MANAGEMENT (HK) LIMITED","802-75883","N"
"1022870","TRAFALGAR COPLEY FUND II LP","805-6777821518","TRAFALGAR CAPITAL MANAGEMENT (HK) LIMITED","802-75883","N"
"1023186","NWI EMERGING MARKET FIXED INCOME MASTER FUND, LTD","805-4761403818","NWI MANAGEMENT LP","801-74514","N"
"1019925","EQT VI (NO.1) LIMITED PARTNERSHIP","805-7254159782","EQT VI (GENERAL PARTNER) LP","802-73230","N"
"1019925","EQT VI (NO.2) LIMITED PARTNERSHIP","805-4420470903","EQT VI (GENERAL PARTNER) LP","802-73230","N"
"1019925","EQT VI EXECUTIVE CO-INVESTMENT LIMITED PARTNERSHIP","805-2876598364","EQT VI (GENERAL PARTNER) LP","802-73230","N"
"1019925","EQT III UK NO.1 LIMITED PARTNERSHIP","805-3277306983","EQT III (GENERAL PARTNER) LP","802-73220","N"
"1019925","EQT III UK NO.2 LIMITED PARTNERSHIP","805-4825002727","EQT III (GENERAL PARTNER) LP","802-73220","N"
"1019925","EQT III UK NO.6 LIMITED PARTNERSHIP","805-2992472036","EQT III (GENERAL PARTNER) LP","802-73220","N"
"1019925","EQT III UK NO.7 LIMITED PARTNERSHIP","805-6735444070","EQT III (GENERAL PARTNER) LP","802-73220","N"
"1019925","EQT III US NO.1 LIMITED PARTNERSHIP","805-8313990642","EQT III (GENERAL PARTNER) LP","802-73220","N"
"1019925","EQT III US NO.2 LIMITED PARTNERSHIP","805-9567172313","EQT III (GENERAL PARTNER) LP","802-73220","N"
"1019925","EQT III US NO.3 LIMITED PARTNERSHIP","805-7213990041","EQT III (GENERAL PARTNER) LP","802-73220","N"
"1019925","EQT KNIGHTRIDER CO-INVESTMENT LIMITED PARTNERSHIP","805-7755651810","EQT V (GENERAL PARTNER) LP","802-73224","N"
"1019925","EQT V (NO.1) LIMITED PARTNERSHIP","805-5940460051","EQT V (GENERAL PARTNER) LP","802-73224","N"
"1019925","EQT V (NO.2) LIMITED PARTNERSHIP","805-1913833354","EQT V (GENERAL PARTNER) LP","802-73224","N"
"1019925","EQT DOMETIC CO-INVESTMENT LIMITED PARTNERSHIP","805-2178497581","EQT V (GENERAL PARTNER) LP","802-73224","N"
"1019925","EQT SCANDIC CO-INVESTMENT LIMITED PARTNERSHIP","805-3140128638","EQT V (GENERAL PARTNER) LP","802-73224","N"
"1019925","EQT SCANDIC II CO-INVESTMENT LIMITED PARTNERSHIP","805-9202550961","EQT V (GENERAL PARTNER) LP","802-73224","N"
"1019925","EQT EXPANSION CAPITAL II (NO.1) LIMITED PARTNERSHIP","805-1068121850","EQT EXPANSION CAPITAL II (GENERAL PARTNER) LP","802-73227","N"
"1019925","EQT EXPANSION CAPITAL II (NO.2) LIMITED PARTNERSHIP","805-1675524249","EQT EXPANSION CAPITAL II (GENERAL PARTNER) LP","802-73227","N"
"1019925","EQT IV (NO.1) LIMITED PARTNERSHIP","805-7405430916","EQT IV (GENERAL PARTNER) LP","802-73222","N"
"1019925","EQT IV (NO.2) LIMITED PARTNERSHIP","805-5992208299","EQT IV (GENERAL PARTNER) LP","802-73222","N"
"1019925","EQT IV ISS CO-INVESTMENT LIMITED PARTNERSHIP","805-2082749091","EQT IV (GENERAL PARTNER) LP","802-73222","N"
"1019925","EQT SSP CO-INVESTMENT LIMITED PARTNERSHIP","805-3128136639","EQT IV (GENERAL PARTNER) LP","802-73222","N"
"1019925","EQT SSP CO-INVESTMENT II LIMITED PARTNERSHIP","805-3669676392","EQT IV (GENERAL PARTNER) LP","802-73222","N"
"1019925","EQT SSP CO-INVESTMENT IV LIMITED PARTNERSHIP","805-8971255909","EQT IV (GENERAL PARTNER) LP","802-73222","N"
"1019925","EQT IV GMBH & CO. KG","805-4092539730","EQT IV (GENERAL PARTNER) LP","802-73222","N"
"1019925","EQT MID MARKET LIMITED PARTNERSHIP","805-2965873450","EQT PARTNERS AB","802-73186","N"
"1019925","EQT ASTRID CO INVESTMENT LIMITED PARTNERSHIP","805-8486343473","EQT VI (GENERAL PARTNER) LP","802-73230","N"
"1019925","EQT BOSTON I CO INVESTMENT LIMITED PARTNERSHIP","805-7815906635","EQT VI (GENERAL PARTNER) LP","802-73230","N"
"1019925","EQT BOSTON II CO INVESTMENT LIMITED PARTNERSHIP","805-8983846682","EQT VI (GENERAL PARTNER) LP","802-73230","N"
"1019925","EQT SAG CO-INVESTMENT II LIMITED PARTNERSHIP","805-4897681497","EQT V (GENERAL PARTNER) LP","802-73224","N"
"1019925","EQT SECURITAS DIRECT CO-INVESTMENT LIMITED PARTNERSHIP","805-2180656192","EQT V (GENERAL PARTNER) LP","802-73224","N"
"1019925","EQT MARVIN CO-INVESTMENT LIMITED PARTNERSHIP","805-9925514108","EQT V (GENERAL PARTNER) LP","802-73224","N"
"1019925","EQT MARVIN II CO-INVESTMENT LIMITED PARTNERSHIP","805-9291374954","EQT V (GENERAL PARTNER) LP","802-73224","N"
"1019925","EQT SANITEC CO-INVESTMENT LIMITED PARTNERSHIP","805-8766348777","EQT IV (GENERAL PARTNER) LP","802-73222","N"
"1019925","EQT SANITEC II CO-INVESTMENT LIMITED PARTNERSHIP","805-7420102643","EQT IV (GENERAL PARTNER) LP","802-73222","N"
"1019925","EQT SANITEC III CO-INVESTMENT LIMITED PARTNERSHIP","805-4533638321","EQT IV (GENERAL PARTNER) LP","802-73222","N"
"1019925","EQT III ISS CO-INVESTMENT LIMITED PARTNERSHIP","805-6416024546","EQT III (GENERAL PARTNER) LP","802-73220","N"
"1019925","EQT VII (NO. 1) LP","805-4203357304","EQT SERVICES (UK) LTD","802-77382","N"
"1019925","EQT VII (NO. 2) LP","805-8496668365","EQT SERVICES (UK) LTD","802-77382","N"
"1019925","EQT VII EMPLOYEE CO-INVESTMENT LP","805-3742297042","EQT SERVICES (UK) LTD","802-77382","N"
"1019925","EQT SPECIAL CASES CO-INVESTMENT LP","805-6707248039","EQT SERVICES (UK) LTD","802-77382","N"
"1019925","EQT MID MARKET US LP","805-8966825791","EQT SERVICES (UK) LTD","802-77382","N"
"1019925","EQT MID MARKET US (NO. 2) FEEDER LP","805-6693982045","EQT SERVICES (UK) LTD","802-77382","N"
"1019925","EQT IA CO-INVESTMENT LP","805-3119915394","EQT SERVICES (UK) LTD","802-77382","N"
"1010664","CHALKSTREAM INVESTMENT FUND (INTERNATIONAL), LTD.","805-7079532044","CHALKSTREAM CAPITAL GROUP, L.P.","801-73339","N"
"1010664","CHALKSTREAM INVESTMENT FUND, L.P.","805-1788491056","CHALKSTREAM CAPITAL GROUP, L.P.","801-73339","N"
"1010664","CHALKSTREAM INSURANCE FUND SERIES OF SALI MULTI-SERIES FUND, L.P.","805-9974076219","SALI FUND SERVICES","801-61702","N"
"1010664","CHALKSTREAM KOREA MASTER FUND, L.P.","805-6264304003","CHALKSTREAM CAPITAL GROUP, L.P.","801-73339","N"
"1008822","BAIN CAPITAL EUROPE FUND III, LP","805-9653237386","BAIN CAPITAL PARTNERS, LP","801-69069","N"
"1008822","BAIN CAPITAL FUND VII-E, LP","805-7790383323","BAIN CAPITAL PARTNERS, LP","801-69069","N"
"1008822","BAIN CAPITAL FUND VIII-E, LP","805-8420966765","BAIN CAPITAL PARTNERS, LP","801-69069","N"
"1008822","BAIN CAPITAL PARTNERS EUROPE IV, LP","805-1148539027","BAIN CAPITAL PARTNERS, LP","801-69069","N"
"1007594","WITHDRAWING AS ERA","805-2428239178","ATMOS CAPITAL GESTAO DE RECURSOS TDA.","-","N"
"1018947","EVERSTONE CAPITAL PARTNERS II LLC","805-7918942157","EVERSTONE CAPITAL MANAGEMENT","801-80274858","N"
"1018947","INDIVISION INDIA PARTNERS","805-4857189322","INDIVISION CAPITAL MANAGEMENT","802-74857","N"
"1018947","HORIZON REALTY FUND, LLC","805-5502002531","HORIZON DEVELOPMENT MANAGEMENT LLC","802-74844","N"
"1018947","INDOSPACE LOGISTICS PARKS LIMITED","805-2036550198","INDOSPACE CAPITAL MANAGEMENT LIMITED","802-74786","N"
"1022818","PRELUDE OPPORTUNITY FUND, LP","805-1637413029","SPRINGBOK CAPITAL MANAGEMENT, LLC","801-73598","N"
"963232","ILS PROPERTY & CASUALTY MASTER FUND LTD.","805-7312084561","CREDIT SUISSE ASSET MANAGEMENT, LLC","801-37170","N"
"1015798","CHALKSTREAM INVESTMENT FUND (INTERNATIONAL), LTD.","805-7079532044","CHALKSTREAM CAPITAL GROUP, L.P.","801-73339","N"
"1015798","CHALKSTREAM INVESTMENT FUND, L.P.","805-1788491056","CHALKSTREAM CAPITAL GROUP, L.P.","801-73339","N"
"1015798","CHALKSTREAM INSURANCE FUND SERIES INTERESTS OF THE SALI MULTI-SERIES FUND, L.P.","805-9974076219","CHALKSTREAM CAPITAL GROUP, L.P.","801-73339","N"
"1015798","FREESTONE CAPITAL PARTNERS LP","805-5699522375","FREESTONE CAPITAL MANAGEMENT, LLC","801-69073","N"
"1015798","FREESTONE CAPITAL PARTNERS LTD","805-4730537431","FREESTONE CAPITAL MANAGEMENT, LLC","801-69073","N"
"1015798","FREESTONE CAPITAL QUALIFIED PARTNERS LP","805-7875969342","FREESTONE CAPITAL MANAGEMENT, LLC","801-69073","N"
"1010006","RARE INFRASTRUCTURE GLOBAL VALUE FUND L.P.","805-3001458551","RARE INFRASTRUCTURE (NORTH AMERICA) PTY LTD","801-70506","N"
"1016404","PINEBRIDGE GLOBAL EMERGING MARKETS PARTNERS II, L.P.","805-4970537226","PINEBRIDGE INVESTMENTS LLC","801-18759","Y"
"1024062","MVM FUND III (NO.2) LIMITED PARTNERSHIP","805-7118432568","MVM LIFE SCIENCE PARTNERS","802-74677","N"
"1024062","MVM FUND III LIMITED PARTNERSHIP","805-1952893189","MVM LIFE SCIENCE PARTNERS","802-74677","N"
"1024062","MVM INTERNATIONAL LIFE SCIENCES NO.1 LIMITED PARTNERSHIP","805-4348998757","MVM LIFE SCIENCE PARTNERS","802-74677","N"
"1024062","UK MEDICAL VENTURES FUND NO.1 LIMITED PARTNERSHIP","805-6750568438","MVM LIFE SCIENCE PARTNERS","802-74677","N"
"1024062","MVM IV LP","805-6557843345","MVM LIFE SCIENCE PARTNERS","802-74677","N"
"1024062","MVM IV CO-INVESTMENT I LP","805-1125831204","MVM LIFE SCIENCE PARTNERS","802-74677","N"
"1023550","SECONDARY CLUB DEAL II L.P.","805-4339165126","HSBC ALTERNATIVE INVESTMENTS LIMITED","802-80518","N"
"1023550","THE REPUBLIC PRIVATE EQUITY TRUST","805-2988336948","HSBC ALTERNATIVE INVESTMENTS LIMITED","802-80518","N"
"1022515","CX PARTNERS FUND 1 LIMITED","805-2781503080","CX CAPITAL MANAGEMENT LIMITED","802-75035","Y"
"1017711","ROGGE EMERGING MARKETS CURRENCY FUND","805-2654945348","ROGGE GLOBAL PARTNERS","801-25482","N"
"1017711","ROGGE GLOBAL AGGREGATE UNHEDGED BOND FUND","805-9760347378","ROGGE GLOBAL PARTNERS","801-25482","N"
"1017711","ROGGE INTERNATIONAL FIXED INCOME FUND","805-9896614336","ROGGE GLOBAL PARTNERS","801-25482","N"
"1017738","PEMBERTON EUROPEAN MID-MARKET DEBT FUND I SCS, SICAV-FIS","805-4353823675","PEMBERTON ASSET MANAGEMENT S.A","-","N"
"1016402","ARTIMAN VENTURES, L.P.","805-9436939373","ARTIMAN VENTURES","802-75747","N"
"1016402","ARTIMAN VENTURES SIDE FUND, L.P.","805-6995244952","ARTIMAN VENTURES","802-75747","N"
"1016402","ARTIMAN VENTURES SIDE FUND II, L.P.","805-1342337045","ARTIMAN VENTURES","802-75747","N"
"1016402","ARTIMAN VENTURES II, L.P.","805-8988046062","ARTIMAN VENTURES","802-75747","N"
"1016402","ARTIMAN VENTURES II AFFILIATES FUND, L.P.","805-5432878309","ARTIMAN VENTURES","802-75747","N"
"1016402","ARTIMAN VENTURES II PRINCIPALS FUND, A DELAWARE MULTIPLE SERIES LLC","805-6265431220","ARTIMAN VENTURES","802-75747","N"
"1016402","ARTIMAN VENTURES III, L.P.","805-7718147528","ARTIMAN VENTURES","802-75747","N"
"1016402","ARTIMAN VENTURES III AFFILIATES FUND, L.P.","805-5635325306","ARTIMAN VENTURES","802-75747","N"
"1016402","ARTIMAN VENTURES III PRINCIPALS FUND, L.P.","805-3910752614","ARTIMAN VENTURES","802-75747","N"
"1016402","ARTIMAN VENTURES SPECIAL OPPORTUNITIES FUND, L.P.","805-2054891512","ARTIMAN VENTURES","802-75747","N"
"1016402","PICTUREMAX, L.P.","805-1279315235","ARTIMAN VENTURES","802-75747","N"
"1016402","ARTIMAN VENTURES 2014, L.P.","805-6736981806","ARTIMAN VENTURES","802-75747","N"
"1016402","ARTIMAN VENTURES SELECT 2014, L.P.","805-7073548985","ARTIMAN VENTURES","802-75747","N"
"1016402","ARTIMAN VENTURES 2014 AFFILIATES FUND, L.P.","805-4778652574","ARTIMAN VENTURES","802-75747","N"
"1016402","ARTIMAN VENTURES 2014 PRINCIPALS FUND, L.P.","805-3411047549","ARTIMAN VENTURES","802-75747","N"
"1016402","ARTIMAN VENTURES SELECT 2014 PRINCIPALS FUND, L.P.","805-7659014290","ARTIMAN VENTURES","802-75747","N"
"1017468","ANGELLIST-TOTE-FUND, A SERIES OF ANGELLIST-500-FUNDS, LLC","805-8312946106","ANGELLIST ADVISORS","802-78135","N"
"1008383","TMAM-GO JAPAN ENGAGEMENT FUND","805-4613294791","GO INVESTMENT PARTNERS LLP","801-68761","N"
"1008383","TMA / PATHWAY INVESTMENT COMPANY ONE","805-4205486355","PATHWAY CAPITAL MANAGEMENT, LP","801-54251","N"
"1008383","TMA/PATHWAY PRIVATE EQUITY FUND II, L.P.","805-9929601941","PATHWAY CAPITAL MANAGEMENT, LP","801-54251","N"
"1008383","TMA / PATHWAY PRIVATE EQUITY FUND III, LP","805-4649111226","PATHWAY CAPITAL MANAGEMENT, LP","801-54251","N"
"1018222","GOLDEN CHINA MASTER FUND","805-4167121094","GREENWOODS ASSET MANAGEMENT LIMITED","802-75581","N"
"1018222","GOLDEN CHINA PLUS MASTER FUND","805-7383521679","GREENWOODS ASSET MANAGEMENT LIMITED","802-75581","N"
"1018222","GREENWOODS CHINA ALPHA MASTER FUND","805-9289759207","GREENWOODS ASSET MANAGEMENT LIMITED","802-75581","N"
"1018222","GREENWOODS A-SHARE OPPORTUNITIES MASTER FUND","805-7930165800","GREENWOODS ASSET MANAGEMENT LIMITED","802-75581","N"
"1018222","GREENWOODS CHINA HEALTHCARE MASTER FUND","805-4496268147","GREENWOODS ASSET MANAGEMENT LIMITED","801-106694","N"
"1009679","BLACKSTONE SENFINA MASTER FUND L.P.","805-5730088379","BLACKSTONE SENFINA ADVISORS L.L.C.","801-80104","N"
"1009762","PEMBERTON EUROPEAN MID-MARKET DEBT FUND I SCS, SICAV-FIS","805-4353823675","PEMBERTON ASSET MANAGEMENT S.A","-","N"
"1017468","ANGELLIST-ORMIRA-FUND, A SERIES OF ANGELLIST-500-FUNDS, LLC","805-1296189244","ANGELLIST ADVISORS","802-78135","N"
"1017468","ANGELLIST-WBLE-FUND, A SERIES OF ANGELLIST-50EN-FUNDS, LLC","805-4749134410","ANGELLIST ADVISORS","802-78135","N"
"1017468","ANGELLIST-CINS-FUND, A SERIES OF ANGELLIST-50IN-FUNDS, LLC","805-5952644401","ANGELLIST ADVISORS","802-78135","N"
"1017468","ANGELLIST-KATE-FUND, A SERIES OF ANGELLIST-50EN-FUNDS, LLC","805-4852850189","ANGELLIST ADVISORS","802-78135","N"
"1017468","ANGELLIST-CAFT-FUND, A SERIES OF ANGELLIST-500-FUNDS, LLC","805-7465694530","ANGELLIST ADVISORS","802-78135","N"
"1017468","ANGELLIST-SOMA-FUND, A SERIES OF ANGELLIST-500-FUNDS, LLC","805-4613258608","ANGELLIST ADVISORS","802-78135","N"
"1017468","A-CBS-16-FUND, A SERIES OF ANGELLIST-500-FUNDS, LLC","805-7314934275","ANGELLIST ADVISORS","802-78135","N"
"1017468","A-HOI-31-FUND, A SERIES OF ANGELLIST-500-FUNDS, LLC","805-3650052072","ANGELLIST ADVISORS","802-78135","N"
"1017468","A-SOX-19-FUND, A SERIES OF ANGELLIST-500-FUNDS, LLC","805-7946818496","ANGELLIST ADVISORS","802-78135","N"
"1017468","A-CTG-13-FUND, A SERIES OF ANGELLIST-500-FUNDS, LLC","805-9310562244","ANGELLIST ADVISORS","802-78135","N"
"1017468","A-SNG-17-FUND, A SERIES OF ANGELLIST-500-FUNDS, LLC","805-7903858128","ANGELLIST ADVISORS","802-78135","N"
"1017468","A-HOI-PR-31-FUND, A SERIES OF ANGELLIST-500-FUNDS, LLC","805-5387259539","ANGELLIST ADVISORS","802-78135","N"
"1017468","A-HAT-24-FUND, A SERIES OF ANGELLIST-500-FUNDS, LLC","805-7679908251","ANGELLIST ADVISORS","802-78135","N"
"1017468","ANGELLIST-CKTA-12-FUND, A SERIES OF ANGELLIST-50EN-FUNDS, LLC","805-7842605132","ANGELLIST ADVISORS","802-78135","N"
"1018444","IK SMALL CAP FUND I","805-6078752733","IK INVESTMENT PARTNERS LIMITED","802-74589","Y"
"1008626","THE SFP VALUE REALIZATION FUND L.P.","805-2748853792","SYMPHONY FINANCIAL PARTNERS (SINGAPORE) PTE. LTD.","801-103475","N"
"1018712","GT INTERNATIONAL EQUITY QP FUND, LP","805-3568380211","GERBER/TAYLOR MANAGEMENT COMPANY","801-56698","N"
"1019155","IK SMALL CAP FUND I","805-6078752733","IK INVESTMENT PARTNERS LIMITED","802-74589","Y"
"1024890","ROGGE GLOBAL AGGREGATE UNHEDGED BOND FUND","805-9760347378","ROGGE GLOBAL PARTNERS","801-25482","N"
"1024060","POLAR CAPITAL EUROPEAN CONVICTION FUND LIMITED","805-2787377221","POLAR CAPITAL","801-64644","N"
"1024060","POLAR CAPITAL EUROPEAN FORAGER FUND LIMITED","805-4161973518","POLAR CAPITAL","801-64644","N"
"1025535","BOOTHBAY ABSOLUTE RETURN STRATEGIES, LP","805-5663558974","BOOTHBAY FUND MANAGEMENT","801-80018","N"
"1023141","KLMAA","805-1637413029","SPRINGBOK CAPITAL MANAGEMENT, LLC","801-73598","N"
"1016146","MARKETFIELD DUBLIN PLC","805-4223074793","MARKETFIELD ASSET MANAGEMENT LLC","801-77055","N"
"1016146","STRATEGOS DEEP VALUE MASTER FUND, ICAV","805-4015995024","STRATEGOS CAPITAL MANAGEMENT, LLC","801-71983","N"
"1016146","CDL UNIT TRUST IRELAND-CDL PORTFOLIO FUND","805-4864575871","CRESCENT CAPITAL GROUP LP","801-71747","N"
"1024332","COMPASS HTV LLC","805-7192318559","MIO PARTNERS, INC.","801-4149","N"
"1019687","VLP026","805-9676557360","VERITABLE LP","801-62911","N"
"993516","SAMARA CAPITAL PARTNERS FUND I LIMITED","805-4328728024","SAMARA CAPITAL MANAGEMENT LIMITED","-","N"
"993516","SAMARA CAPITAL PARTNERS FUND II LIMITED","805-7561444888","SAMARA CAPITAL MANAGEMENT LIMITED","802-74960","N"
"1024033","BOOTHBAY ABSOLUTE RETURN STRATEGIES LP","805-5663558974","BOOTHBAY FUND MANAGEMENT","801-80018","N"
"1026064","WESTBRIDGE CROSSOVER FUND, LLC","805-4849068415","WESTBRIDGE CAPITAL US ADVISORS, LLC","801-74144","N"
"1026064","WESTBRIDGE VENTURES CO-INVESTMENT I, LLC","805-5067092162","WESTBRIDGE CAPITAL US ADVISORS, LLC","801-74144","N"
"1026064","WESTBRIDGE VENTURES I, LLC","805-2094243613","WESTBRIDGE CAPITAL US ADVISORS, LLC","801-74144","N"
"1026064","WESTBRIDGE VENTURES II, LLC","805-1772942462","WESTBRIDGE CAPITAL US ADVISORS, LLC","801-74144","N"
"1025190","BOOTHBAY ABSOLUTE RETURN STRATEGIES, LP","805-5663558974","BOOTHBAY FUND MANAGEMENT","801-80018","N"
"1025190","UNDISCOVERED VALUE MASTER FUND SPC","805-4181183105","PRIVATE ADVISORS LLC","801-55696","N"
"1025190","SGAS SCARLET OMEGA LIMITED","805-1083625832","SCIENS GROUP FUND SERVICES LIMITED","802-77915","N"
"1026212","PRELUDE OPPORTUNITY FUND, LP","805-1637413029","SPRINGBOK CAPITAL MANAGEMENT, LLC","801-73598","N"
"1026212","TOPWATER MAYFLY FUND LLC","805-7418791443","LEUCADIA ASSET MANAGEMENT LLC","801-78221","N"
"1011987","DAWSON CLEANTECH OPPORTUNITIES FUND 2014","805-3440917433","FIFTH SEASON VENTURES LLC","802-79885","N"
"1015855","SPP MEZZANINE FUNDING II, LP","805-6570738854","SPP MEZZANINE PARTNERS II, LLC","-","N"
"1015855","SPP MEZZANINE FUNDING II-A, LP","805-7471762530","SPP MEZZANINE PARTNERS II, LLC","-","N"
"1016537","IGNITION OPPORTUNITY PARTNERS LP","805-4539970335","FREESTONE CAPITAL MANAGEMENT","801-00011281","N"
"1019526","EMORY CAPITAL SERIES FUND LLC","805-6543531376","SCHONFELD STRATEGIC ADVISORS LLC","801-106963","N"
"1018471","SEQUOIA CAPITAL INDIA GROWTH FUND I, LTD.","805-6829771643","SEQUOIA CAPITAL INDIA OPERATIONS LLC","802-76269","N"
"1018471","SEQUOIA CAPITAL INDIA GF PRINCIPALS FUND I, LTD.","805-3172185209","SEQUOIA CAPITAL INDIA OPERATIONS LLC","802-76269","N"
"1018471","SEQUOIA CAPITAL INDIA GROWTH FUND II, LTD.","805-7521529004","SEQUOIA CAPITAL INDIA OPERATIONS LLC","802-76269","N"
"1018471","SEQUOIA CAPITAL INDIA III, LTD.","805-4492922703","SEQUOIA CAPITAL INDIA OPERATIONS LLC","802-76269","N"
"1018471","SEQUOIA CAPITAL INDIA PRINCIPALS FUND III, LTD.","805-6652552516","SEQUOIA CAPITAL INDIA OPERATIONS LLC","802-76269","N"
"1018471","SC INDIA PRINCIPALS FUND IV LTD","805-5254284164","SEQUOIA CAPITAL INDIA OPERATIONS LLC","802-76269","N"
"1018471","SC INDIA PRINCIPALS FUND V LTD","805-8936775202","SEQUOIA CAPITAL INDIA OPERATIONS LLC","802-76269","N"
"1018471","SEQUOIA CAPITAL INDIA IV LTD","805-5424252913","SEQUOIA CAPITAL INDIA OPERATIONS LLC","802-76269","N"
"1018471","SEQUOIA CAPITAL INDIA V LTD","805-2581683268","SEQUOIA CAPITAL INDIA OPERATIONS LLC","802-76269","N"
"1026584","TEWKSBURY INVESTMENT FUND LIMITED","805-7900181551","STEVENS CAPITAL MANAGEMENT LP","801-73599","N"
"998970","PRELUDE OPPORTUNITY FUND, LP","805-1637413029","SPRINGBOK CAPITAL MANAGEMENT, LLC","801-73598","N"
"1024707","CAPULA GLOBAL RELATIVE VALUE MASTER FUND LIMITED","805-2162872270","CAPULA INVESTMENT MANAGEMENT LLP","802-75433","N"
"1025059","ADP I LP","805-9233844091","DEVELOPMENT PARTNERS INTERNATIONAL LLP","802-74686","N"
"1025059","AFRICAN DEVELOPMENT PARTNERS I, LLC","805-6752012701","DEVELOPMENT PARTNERS INTERNATIONAL LLP","802-74686","N"
"1026982","CAPULA GLOBAL RELATIVE VALUE MASTER FUND LIMITED","805-2162872270","CAPULA INVESTMENT MANAGEMENT LLP","802-75433","N"
"1026978","CROSS OCEAN EUR ESS FUND I L.P.","805-4277311933","CROSS OCEAN ADVISER LLP","802-107174","N"
"1026978","CROSS OCEAN EUR ESS FUND I CAYMAN FEEDER L.P.","805-5733870305","CROSS OCEAN ADVISER LLP","802-107174","N"
"1026978","CROSS OCEAN EUR ESS FUND I CO-INVESTMENT FEEDER L.P.","805-8224665175","CROSS OCEAN ADVISER LLP","802-107174","N"
"1026978","CROSS OCEAN USD ESS FUND I L.P.","805-5688075900","CROSS OCEAN ADVISER LLP","802-107174","N"
"1026978","CROSS OCEAN USD ESS FUND I CAYMAN FEEDER L.P.","805-4427352601","CROSS OCEAN ADVISER LLP","802-107174","N"
"1026978","CROSS OCEAN USD ESS FUND I DELAWARE FEEDER L.P.","805-2290049844","CROSS OCEAN ADVISER LLP","802-107174","N"
"1025225","COLLER INTERNATIONAL PARTNERS IV-D, L.P.","805-6093634831","COLLER INVESTMENT MANAGEMENT LTD","801-56222","N"
"1025225","COLLER INTERNATIONAL PARTNERS IV-FD, L.P.","805-1264665927","COLLER INVESTMENT MANAGEMENT LTD","801-56222","N"
"1025225","COLLER INTERNATIONAL PARTNERS IV-E, L.P.","805-9757431586","COLLER INVESTMENT MANAGEMENT LTD","801-56222","N"
"1025225","COLLER INTERNATIONAL PARTNERS V-A, L.P.","805-9849441992","COLLER INVESTMENT MANAGEMENT LTD","801-56222","N"
"1025225","COLLER INTERNATIONAL PARTNERS V-B, L.P.","805-6409621518","COLLER INVESTMENT MANAGEMENT LTD","801-56222","N"
"1025225","COLLER INTERNATIONAL PARTNERS VI, L.P.","805-2994917787","COLLER INVESTMENT MANAGEMENT LTD","801-56222","N"
"1025225","COLLER INTERNATIONAL PARTNERS VI FEEDER FUND, L.P.","805-8094908349","COLLER INVESTMENT MANAGEMENT LTD","801-56222","N"
"1025225","COLLER INTERNATIONAL PARTNERS VI FEEDER FUND E, L.P.","805-8554176647","COLLER INVESTMENT MANAGEMENT LTD","801-56222","N"
"1025225","COLLER INTERNATIONAL PARTNERS VII, L.P.","805-5424770464","COLLER INVESTMENT MANAGEMENT LTD","801-56222","N"
"1025225","COLLER INTERNATIONAL PARTNERS VII FEEDER FUND, L.P.","805-2560975531","COLLER INVESTMENT MANAGEMENT LTD","801-56222","N"
"1025897","MACQUARIE GLOBAL OPPORTUNITIES PARTNERS, LP","805-5719463070","MACQUARIE GLOBAL OPPORTUNITIES PARTNERS LLC","801-69048","N"
"1027040","VLP002","805-6339918136","VERITABLE LP","801-62911","N"
"1024310","HIMALAYA CAPITAL INVESTORS, L.P.","805-4466860025","HIMALAYA CAPITAL","801-72763","N"
"1008185","EURO-GALAXY III CLO B.V.","805-5299086954","N/A","802-76432","N"
"1008185","EURO-GALAXY IV CLO B.V.","805-8406840148","N/A","802-76432","N"
"1008185","CARLYLE GLOBAL MARKET STRATEGIES EURO CLO 2013-1 B.V.","805-9664603998","CELF ADVISORS LLP","802-75409","N"
"998460","SAINTS RUSTIC CANYON, LP","805-5152167979","SAINTS CAPITAL","801-74208","N"
"1015168","ADP I LP","805-9233844091","DEVELOPMENT PARTNERS INTERNATIONAL LLP","802-74686","N"
"1015168","AFRICAN DEVELOPMENT PARTNERS I, LLC","805-6752012701","DEVELOPMENT PARTNERS INTERNATIONAL LLP","802-74686","N"
"1026496","TRILANTIC CAPITAL PARTNERS FUND (B) III L.P.","805-2017904640","TRILANTIC CAPITAL PARTNERS","801-70902","N"
"1026496","TRILANTIC CAPITAL PARTNERS FUND III CAYMAN ROLLOVER L.P.","805-1077539255","TRILANTIC CAPITAL PARTNERS","801-70902","N"
"1026496","TRILANTIC CAPITAL PARTNERS FUND III L.P.","805-3660135210","TRILANTIC CAPITAL PARTNERS","801-70902","N"
"1026496","TRILANTIC CAPITAL PARTNERS FUND III ONSHORE ROLLOVER L.P.","805-8849855991","TRILANTIC CAPITAL PARTNERS","801-70902","N"
"1026496","TRILANTIC CAPITAL PARTNERS GROUP VI L.P.","805-1742087643","TRILANTIC CAPITAL PARTNERS","801-70902","N"
"1026496","TRILANTIC CAPITAL PARTNERS III L.P.","805-9339784758","TRILANTIC CAPITAL PARTNERS","801-70902","N"
"1026496","TRILANTIC CAPITAL PARTNERS IV L.P.","805-7272728252","TRILANTIC CAPITAL PARTNERS","801-70902","N"
"1026496","TRILANTIC CAPITAL PARTNERS FUND IV FUNDED ROLLOVER L.P.","805-4582975133","TRILANTIC CAPITAL PARTNERS","801-70902","N"
"1027051","TRILANTIC CAPITAL PARTNERS FUND (B) III L.P.","805-2017904640","TRILANTIC CAPITAL PARTNERS","801-70902","N"
"1027051","TRILANTIC CAPITAL PARTNERS FUND III CAYMAN ROLLOVER L.P.","805-1077539255","TRILANTIC CAPITAL PARTNERS","801-70902","N"
"1027051","TRILANTIC CAPITAL PARTNERS FUND III L.P.","805-3660135210","TRILANTIC CAPITAL PARTNERS","801-70902","N"
"1027051","TRILANTIC CAPITAL PARTNERS FUND III ONSHORE ROLLOVER L.P.","805-8849855991","TRILANTIC CAPITAL PARTNERS","801-70902","N"
"1027051","TRILANTIC CAPITAL PARTNERS GROUP VI L.P.","805-1742087643","TRILANTIC CAPITAL PARTNERS","801-70902","N"
"1027051","TRILANTIC CAPITAL PARTNERS III L.P.","805-9339784758","TRILANTIC CAPITAL PARTNERS","801-70902","N"
"1027051","TRILANTIC CAPITAL PARTNERS IV L.P.","805-7272728252","TRILANTIC CAPITAL PARTNERS","801-70902","N"
"1027051","TRILANTIC CAPITAL PARTNERS FUND IV FUNDED ROLLOVER L.P.","805-4582975133","TRILANTIC CAPITAL PARTNERS","801-70902","N"
"1025550","FUND A","805-7994449587","INDO US CAPITAL, LLC","802-75277","N"
"1026023","CORBIN OPPORTUNITY FUND, L.P.","805-1470962946","CORBIN CAPITAL PARTNERS, L.P.","801-63358","N"
"1023096","BREVAN HOWARD MASTER FUND LIMITED","805-8180846603","BREVAN HOWARD CAPITAL MANAGEMENT, LP","802-74971","N"
"1023096","BREVAN HOWARD MULTI-STRATEGY MASTER FUND LIMITED","805-7897821253","BREVAN HOWARD CAPITAL MANAGEMENT, LP","802-74971","N"
"1023096","BREVAN HOWARD ARGENTINA MASTER FUND LIMITED","805-1872442365","BREVAN HOWARD CAPITAL MANAGEMENT, LP","802-74971","N"
"1023096","BREVAN HOWARD LIQUID PORTFOLIO STRATEGIES - BREVAN HOWARD DYNAMIC GLOBAL INVESTMENT FUND","805-1204133249","BREVAN HOWARD CAPITAL MANAGEMENT, LP","802-74971","N"
"1023096","BREVAN HOWARD LIQUID PORTFOLIO STRATEGIES - BREVAN HOWARD DYNAMIC US INVESTMENT FUND","805-4066450791","BREVAN HOWARD CAPITAL MANAGEMENT, LP","802-74971","N"
"1023131","BREVAN HOWARD MASTER FUND LIMITED","805-8180846603","BREVAN HOWARD CAPITAL MANAGEMENT, LP","802-74971","N"
"1023131","BREVAN HOWARD MULTI-STRATEGY MASTER FUND LIMITED","805-7897821253","BREVAN HOWARD CAPITAL MANAGEMENT, LP","802-74971","N"
"1025754","KALYSTA CAPITAL FUND (MAURITIUS)","805-3142541900","KALYSTA CAPITAL PRIVATE LTD MAURITIUS","802-106728","N"
"1025754","KALYSTA CAPITAL FUND II (MAURITIUS)","805-3264615546","KALYSTA CAPITAL PRIVATE LTD MAURITIUS","802-106728","N"
"1009492","ILS PROPERTY & CASUALTY MASTER FUND LTD.","805-7312084561","CREDIT SUISSE ASSET MANAGEMENT, LLC","801-37170","N"
"1008261","CHALKSTREAM INVESTMENT FUND (INTERNATIONAL), LTD.","805-7079532044","CHALKSTREAM CAPITAL GROUP, L.P.","801-73339","N"
"1008261","CHALKSTREAM INVESTMENT FUND, L.P.","805-1788491056","CHALKSTREAM CAPITAL GROUP, L.P.","801-73339","N"
"1008261","CHALKSTREAM INSURANCE FUND SERIES OF SALI MULTI-SERIES FUND, L.P.","805-9974076219","SALI FUND SERVICES","801-61702","N"
"1008261","CHALKSTREAM KOREA MASTER FUND, L.P.","805-6264304003","CHALKSTREAM CAPITAL GROUP, L.P.","801-73339","N"
"1010023","BH-DG SYSTEMATIC TRADING MASTER FUND LIMITED","805-4092578267","LONDON DIVERSIFIED FUND MANAGEMENT LLP","802-74663","N"
"1010023","BREVAN HOWARD MASTER FUND LIMITED","805-8180846603","BREVAN HOWARD CAPITAL MANAGEMENT, LP","802-74971","N"
"995150","IBORROW FINANCE LOAN INSURANCE FUND SERIES INTERESTS OF THE SALI MULTI-SERIES FUND, L.P.","805-7341594299","SALI FUND SERVICES","801-61702","N"
"1007923","PALOMA INTERNATIONAL L.P.","805-5315493818","PALOMA PARTNERS MANAGEMENT COMPANY","801-72796","N"
"1018517","PRELUDE OPPORTUNITY FUND, LP","805-1637413029","SPRINGBOK CAPITAL MANAGEMENT, LLC","801-73598","N"
"979074","OURCROWD (INVESTMENT IN RC) L.P.","805-5464960405","OURCROWD INTERNATIONAL GENERAL PARTNER, L.P","802-7902","N"
"1007579","WITHDRAWING AS ERA","805-2428239178","ATMOS CAPITAL GESTAO DE RECURSOS TDA.","-","N"
"1006520","WE ARE WITHDRAWING AS AN ERA","805-5366718704","CONSULTA LIMITED","-","N"
"1005277","SEQUOIA CAPITAL INDIA GROWTH FUND I, LTD.","805-6829771643","SEQUOIA CAPITAL INDIA OPERATIONS LLC","802-76269","N"
"1005277","SEQUOIA CAPITAL INDIA GF PRINCIPALS FUND I, LTD.","805-3172185209","SEQUOIA CAPITAL INDIA OPERATIONS LLC","802-76269","N"
"1005277","SEQUOIA CAPITAL INDIA GROWTH FUND II, LTD.","805-7521529004","SEQUOIA CAPITAL INDIA OPERATIONS LLC","802-76269","N"
"1005277","SEQUOIA CAPITAL INDIA III, LTD.","805-4492922703","SEQUOIA CAPITAL INDIA OPERATIONS LLC","802-76269","N"
"1005277","SEQUOIA CAPITAL INDIA PRINCIPALS FUND III, LTD.","805-6652552516","SEQUOIA CAPITAL INDIA OPERATIONS LLC","802-76269","N"
"1010019","PRELUDE OPPORTUNITY FUND, LP","805-1637413029","SPRINGBOK CAPITAL MANAGEMENT, LLC","801-73598","N"
"1011630","IK SMALL CAP FUND I","805-6078752733","IK INVESTMENT PARTNERS LIMITED","802-74589","Y"
"1017924","CAPSTONE CAYMAN CURRENT LIQUIDITY FUND, LP","805-8596884080","CAPSTONE CAYMAN CAPITAL ASSET MANAGEMENT, LTD.","-","N"
"1019699","CAPSTONE CAYMAN CURRENT LIQUIDITY FUND, LP","805-8596884080","CAPSTONE CAYMAN CAPITAL ASSET MANAGEMENT, LTD.","-","N"
"1019927","EQT VI (NO.1) LIMITED PARTNERSHIP","805-7254159782","EQT VI (GENERAL PARTNER) LP","802-73230","N"
"1019927","EQT VI (NO.2) LIMITED PARTNERSHIP","805-4420470903","EQT VI (GENERAL PARTNER) LP","802-73230","N"
"1019927","EQT VI EXECUTIVE CO-INVESTMENT LIMITED PARTNERSHIP","805-2876598364","EQT VI (GENERAL PARTNER) LP","802-73230","N"
"1019927","EQT INFRASTRUCTURE (NO.2) LIMITED PARTNERSHIP","805-3174792308","EQT INFRASTRUCTURE (GENERAL PARTNER) LP","802-73229","N"
"1019927","EQT III UK NO.1 LIMITED PARTNERSHIP","805-3277306983","EQT III (GENERAL PARTNER) LP","802-73220","N"
"1019927","EQT III UK NO. 2 LIMITED PARTNERSHIP","805-4825002727","EQT III (GENERAL PARTNER) LP","802-73220","N"
"1019927","EQT III UK NO. 6 LIMITED PARTNERSHIP","805-2992472036","EQT III (GENERAL PARTNER) LP","802-73220","N"
"1019927","EQT III UK NO. 7 LIMITED PARTNERSHIP","805-6735444070","EQT III (GENERAL PARTNER) LP","802-73220","N"
"1019927","EQT III US NO. 1 LIMITED PARTNERSHIP","805-8313990642","EQT III (GENERAL PARTNER) LP","802-73220","N"
"1019927","EQT III US NO. 2 LIMITED PARTNERSHIP","805-9567172313","EQT III (GENERAL PARTNER) LP","802-73220","N"
"1019927","EQT III US NO. 3 LIMITED PARTNERSHIP","805-7213990041","EQT III (GENERAL PARTNER) LP","802-73220","N"
"1019927","EQT KNIGHTRIDER CO-INVESTMENT LIMITED PARTNERSHIP","805-7755651810","EQT V (GENERAL PARTNER) LP","802-73224","N"
"1019927","EQT V (NO.1) LIMITED PARTNERSHIP","805-5940460051","EQT V (GENERAL PARTNER) LP","802-73224","N"
"1019927","EQT V (NO.2) LIMITED PARTNERSHIP","805-1913833354","EQT V (GENERAL PARTNER) LP","802-73224","N"
"1019927","EQT DOMETIC CO-INVESTMENT LIMITED PARTNERSHIP","805-2178497581","EQT V (GENERAL PARTNER) LP","802-73224","N"
"1019927","EQT SCANDIC CO-INVESTMENT LIMITED PARTNERSHIP","805-3140128638","EQT V (GENERAL PARTNER) LP","802-73224","N"
"1019927","EQT SCANDIC II CO-INVESTMENT LIMITED PARTNERSHIP","805-9202550961","EQT V (GENERAL PARTNER) LP","802-73224","N"
"1019927","EQT EXPANSION CAPITAL I LIMITED PARTNERSHIP","805-2713687346","EQT EXPANSION CAPITAL I (GENERAL PARTNER) LP","802-73226","N"
"1019927","EQT EXPANSION CAPITAL II (NO.1) LIMITED PARTNERSHIP","805-1068121850","EQT EXPANSION CAPITAL II (GENERAL PARTNER) LP","802-73227","N"
"1019927","EQT EXPANSION CAPITAL II (NO.2) LIMITED PARTNERSHIP","805-1675524249","EQT EXPANSION CAPITAL II (GENERAL PARTNER) LP","802-73227","N"
"1019927","EQT OPPORTUNITY (NO. 1) LIMITED PARTNERSHIP","805-3692252155","EQT OPPORTUNITY (GENERAL PARTNER) LP","802-73228","N"
"1019927","EQT OPPORTUNITY (NO. 2) LIMITED PARTNERSHIP","805-8866079248","EQT OPPORTUNITY (GENERAL PARTNER) LP","802-73228","N"
"1019927","EQT IV (NO.1) LIMITED PARTNERSHIP","805-7405430916","EQT IV (GENERAL PARTNER) LP","802-73222","N"
"1019927","EQT IV (NO.2) LIMITED PARTNERSHIP","805-5992208299","EQT IV (GENERAL PARTNER) LP","802-73222","N"
"1019927","EQT IV ISS CO-INVESTMENT LIMITED PARTNERSHIP","805-2082749091","EQT IV (GENERAL PARTNER) LP","802-73222","N"
"1019927","EQT SSP CO-INVESTMENT LIMITED PARTNERSHIP","805-3128136639","EQT IV (GENERAL PARTNER) LP","802-73222","N"
"1019927","EQT SSP CO-INVESTMENT II LIMITED PARTNERSHIP","805-3669676392","EQT IV (GENERAL PARTNER) LP","802-73222","N"
"1019927","EQT SSP CO-INVESTMENT IV LIMITED PARTNERSHIP","805-8971255909","EQT IV (GENERAL PARTNER) LP","802-73222","N"
"1019927","EQT IV GMBH & CO. KG","805-4092539730","EQT IV (GENERAL PARTNER) LP","802-73222","N"
"1019927","EQT INFRASTRUCTURE II LIMITED PARTNERSHIP","805-2054974018","EQT INFRASTRUCTURE II GP B.V.","802-76033","N"
"1019927","EQT INFRASTRUCTURE (NO. 1) LIMITED PARTNERSHIP","805-7512345737","EQT INFRASTRUCTURE (GENERAL PARTNER) LP","802-73229","N"
"1019927","EQT INFRASTRUCTURE (NO.1A) LIMITED PARTNERSHIP","805-6633468240","EQT INFRASTRUCTURE (GENERAL PARTNER) LP","802-73229","N"
"1019927","EQT INFRASTRUCTURE (NO.3) LIMITED PARTNERSHIP","805-1982336353","EQT INFRASTRUCTURE (GENERAL PARTNER) LP","802-73229","N"
"1019927","EQT INFRASTRUCTURE (NO.4) LIMITED PARTNERSHIP","805-9929107384","EQT INFRASTRUCTURE (GENERAL PARTNER) LP","802-73229","N"
"1019927","EQT CREDIT II (NO.1) LIMITED PARTNERSHIP","805-8900340380","EQT SERVICES (UK) LTD","802-77382","N"
"1019927","EQT ASTRID CO INVESTMENT LIMITED PARTNERSHIP","805-8486343473","EQT VI (GENERAL PARTNER) LP","802-73230","N"
"1019927","EQT BOSTON I CO INVESTMENT LIMITED PARTNERSHIP","805-7815906635","EQT VI (GENERAL PARTNER) LP","802-73230","N"
"1019927","EQT BOSTON II CO INVESTMENT LIMITED PARTNERSHIP","805-8983846682","EQT VI (GENERAL PARTNER) LP","802-73230","N"
"1019927","EQT SAG CO-INVESTMENT II LIMITED PARTNERSHIP","805-4897681497","EQT V (GENERAL PARTNER) LP","802-73224","N"
"1019927","EQT SECURITAS DIRECT CO-INVESTMENT LIMITED PARTNERSHIP","805-2180656192","EQT V (GENERAL PARTNER) LP","802-73224","N"
"1019927","EQT MARVIN CO-INVESTMENT LIMITED PARTNERSHIP","805-9925514108","EQT V (GENERAL PARTNER) LP","802-73224","N"
"1019927","EQT MARVIN II CO-INVESTMENT LIMITED PARTNERSHIP","805-9291374954","EQT V (GENERAL PARTNER) LP","802-73224","N"
"1019927","EQT SANITEC CO-INVESTMENT LIMITED PARTNERSHIP","805-8766348777","EQT IV (GENERAL PARTNER) LP","802-73222","N"
"1019927","EQT SANITEC II CO-INVESTMENT LIMITED PARTNERSHIP","805-7420102643","EQT IV (GENERAL PARTNER) LP","802-73222","N"
"1019927","EQT SANITEC III CO-INVESTMENT LIMITED PARTNERSHIP","805-4533638321","EQT IV (GENERAL PARTNER) LP","802-73222","N"
"1019927","EQT III ISS CO-INVESTMENT LIMITED PARTNERSHIP","805-6416024546","EQT III (GENERAL PARTNER) LP","802-73220","N"
"1019927","EQT VII (NO. 1) LP","805-4203357304","EQT SERVICES (UK) LTD","802-77382","N"
"1019927","EQT VII (NO. 2) LP","805-8496668365","EQT SERVICES (UK) LTD","802-77382","N"
"1019927","EQT VII EMPLOYEE CO-INVESTMENT LP","805-3742297042","EQT SERVICES (UK) LTD","802-77382","N"
"1019927","EQT SPECIAL CASES CO-INVESTMENT LP","805-6707248039","EQT SERVICES (UK) LTD","802-77382","N"
"1019927","EQT MID MARKET US LP","805-8966825791","EQT SERVICES (UK) LTD","802-77382","N"
"1019927","EQT MID MARKET US (NO. 2) FEEDER LP","805-6693982045","EQT SERVICES (UK) LTD","802-77382","N"
"1019927","EQT IA CO-INVESTMENT LP","805-3119915394","EQT SERVICES (UK) LTD","802-77382","N"
"1019928","EQT CREDIT II (NO. 1) PARTNERSHIP","805-8900340380","EQT CREDIT II GP LP","802-77381","N"
"1019928","EQT INFRASTRUCTURE II LIMITED PARTNERSHIP","805-2054974018","EQT INFRASTRUCTURE II GP B.V.","802-76033","N"
"1019928","EQT MID MARKET US LP","805-8966825791","EQT NETHERLANDS MANAGEMENT B.V.","802-107844","N"
