"FilingID","Full Legal Name","CIK Number"
"954083","AFFILIATED MANAGERS GROUP INC","1004434"
"954359","MORGAN STANLEY","895421"
"953731","DEUTSCHE BANK AG","948046"
"953775","DEUTSCHE BANK AG","948046"
"953110","JPMORGAN CHASE & CO.","19617"
"956867","DEUTSCHE BANK AG","948046"
"956504","DEUTSCHE BANK AG","948046"
"950167","COLONY CAPITAL, INC.","1467076"
"936703","RENREN INC.","1509223"
"956780","DEUTSCHE BANK AG","948046"
"958842","UNITED OVERSEAS BANK LIMITED","867530"
"959082","UMB BANK N.A.","854729"
"960169","DEUTSCHE BANK AG","948046"
"961956","BROOKFIELD ASSET  MANAGEMENT (A)","1001085"
"961997","RENREN INC.","1509223"
"948438","FRANKLIN RESOURCES, INC.","38777"
"953794","GLEACHER & COMPANY, INC.","782842"
"962808","STIFEL FINANCIAL CORP","720672"
"946490","BLACKROCK, INC.","1364742"
"942772","ARES MANAGEMENT, L.P.","1176948"
"949947","DEUTSCHE BANK AG","948046"
"950628","MORGAN STANLEY","895421"
"936151","N/A","161437"
"950963","STIFEL FINANCIAL CORP","720672"
"950861","HSBC HOLDINGS PLC","1089113"
"951289","HSBC HOLDINGS PLC","1089113"
"952523","WINTHROP REALTY TRUST","37008"
