"FilingID","Other Products and Services","Business Name"
1022648,"SAME AS 6.B.(2).",""
1035021,"AIFML IS THE GLOBAL DISTRIBUTOR FOR ABERDEEN'S LUXEMBOURG DOMICILED UCITS FUNDS AND IS RESPONSIBLE FOR THE APPOINTMENT OF SUB-DISTRIBUTORS IN COUNTRIES AROUND THE WORLD FOR THE FUNDS' DISTRIBUTION.",""
1035549,"AIFML IS THE GLOBAL DISTRIBUTOR FOR ABERDEEN'S LUXEMBOURG DOMICILED UCITS FUNDS AND IS RESPONSIBLE FOR THE APPOINTMENT OF SUB-DISTRIBUTORS IN COUNTRIES AROUND THE WORLD FOR THE FUNDS' DISTRIBUTION.",""
1031200,"THE ADVISER PROVIDES RISK MANAGEMENT SERVICES TO CERTAIN OF THE ADVISER'S PRIVATE FUND CLIENTS FROM TIME TO TIME ON A CONTRACT BASIS.",""
1023548,"ACTING AS ADMINISTRATIVE AGENT ON BANK LOAN AGREEMENTS",""
1029961,"IN ADDITION TO PROVIDING MANAGEMENT AND COMMODITY POOL OPERATOR SERVICES TO OUR ADVISORY CLIENTS, WE ALSO PROVIDE MANAGEMENT, CORPORATE ADMINISTRATION AND FUND ADMINISTRATION SERVICES TO OUR NON-ADVISORY CLIENTS.",""
1034349,"IN ADDITION TO PROVIDING MANAGEMENT AND COMMODITY POOL OPERATOR SERVICES TO OUR ADVISORY CLIENTS, WE ALSO PROVIDE MANAGEMENT, CORPORATE ADMINISTRATION AND FUND ADMINISTRATION SERVICES TO OUR NON-ADVISORY CLIENTS.",""
1036777,"AIFML IS THE GLOBAL DISTRIBUTOR FOR ABERDEEN'S LUXEMBOURG DOMICILED UCITS FUNDS AND IS RESPONSIBLE FOR THE APPOINTMENT OF SUB-DISTRIBUTORS IN COUNTRIES AROUND THE WORLD FOR THE FUNDS' DISTRIBUTION.",""
1027098,"NON-EXCLUSIVE SALES AGENT IN RESPECT OF THE SHARES AND INTERESTS (AS APPLICABLE) OF ITS CLIENTS, IN MONACO",""
1036337,"PENSION ADMINISTRATION; TRUST COMPANY AND ADMINISTRATION",""
1036335,"MEDSCIENCE VENTURES LLC SERVES AS THE GENERAL PARTNER OF, AND SOLE MANAGER TO, MEDSCIENCE VENTURES, L.P. (THE ""FUND""). IN SUCH CAPACITY, MEDSCIENCE VENTURES LLC MANAGES ALL ASPECTS OF THE FUND, INCLUDING ADMINISTRATIVE  AND GOVERNANCE MATTERS.",""
1027820,"AIFML IS THE GLOBAL DISTRIBUTOR FOR ABERDEEN'S LUXEMBOURG DOMICILED UCITS FUNDS AND IS RESPONSIBLE FOR THE APPOINTMENT OF SUB-DISTRIBUTORS IN COUNTRIES AROUND THE WORLD FOR THE FUNDS' DISTRIBUTION.",""
1017618,"IN ADDITION TO PROVIDING MANAGEMENT AND COMMODITY POOL OPERATOR SERVICES TO OUR ADVISORY CLIENTS, WE ALSO PROVIDE MANAGEMENT, CORPORATE ADMINISTRATION AND FUND ADMINISTRATION SERVICES TO OUR NON-ADVISORY CLIENTS.",""
1033350,"PINEBRIDGE INVESTMENTS ASIA LIMITED ENGAGES IN FUND DISTRIBUTION BUSINESS.",""
1039263,"IN ADDITION TO PROVIDING MANAGEMENT AND COMMODITY POOL OPERATOR SERVICES TO OUR ADVISORY CLIENTS, WE ALSO PROVIDE MANAGEMENT, CORPORATE ADMINISTRATION AND FUND ADMINISTRATION SERVICES TO OUR NON-ADVISORY CLIENTS.",""
1041136,"ACTING AS ADMINISTRATIVE AGENT ON BANK LOAN AGREEMENTS",""
1042302,"WE PROVIDE CERTAIN NON-INVESTMENT ADVISORY SERVICES TO OUR CLIENTS, INCLUDING ACCOUNTING, REPORTING, REGULATORY COMPLIANCE, TREASURY AND OPERATIONS, CORPORATE GOVERNANCE, INVESTMENT ADMINISTRATION AND GENERAL ADMINISTRATION SERVICES.",""
1041609,"AIFML IS THE GLOBAL DISTRIBUTOR FOR ABERDEEN'S LUXEMBOURG DOMICILED UCITS FUNDS AND IS RESPONSIBLE FOR THE APPOINTMENT OF SUB-DISTRIBUTORS IN COUNTRIES AROUND THE WORLD FOR THE FUNDS' DISTRIBUTION.",""
1042752,"LLOYDS BANK PLC ALSO PROVIDES HEDGING. ADMINISTRATIVE, LIQUIDITY AND OTHER LENDING FACILITIES (WHICH MAY INCLUDE REPURCHASE ARRANGEMENTS) TO CANCARA  THE PRIVATE FUND DESCRIBED IN SECTION 7B(1)",""
1033137,"CORPORATE FINANCE ADVISORY SERVICES",""
1040947,"MEDSCIENCE VENTURES LLC SERVES AS THE GENERAL PARTNER OF, AND SOLE MANAGER TO, MEDSCIENCE VENTURES, L.P. (THE ""FUND""). IN SUCH CAPACITY, MEDSCIENCE VENTURES LLC MANAGES ALL ASPECTS OF THE FUND, INCLUDING ADMINISTRATIVE  AND GOVERNANCE MATTERS.",""
1043101,"THE ADVISER PROVIDES RISK MANAGEMENT SERVICES TO CERTAIN OF THE ADVISER'S PRIVATE FUND CLIENTS FROM TIME TO TIME ON A CONTRACT BASIS.",""
1040835,"N/A","N/A"
1041451,"ACTING AS ADMINISTRATIVE AGENT ON BANK LOAN AGREEMENTS",""
