"FilingID","ReferenceID","Foreign Regulatory Authority"
1020053,178135,"Ireland -  Central Bank of Ireland"
1020053,178134,"Ireland -  Central Bank of Ireland"
1025283,169789,"Cayman Islands - Cayman Islands Monetary Authority"
1025283,169787,"Cayman Islands - Cayman Islands Monetary Authority"
1027107,178455,"Netherlands - The Netherlands Authority for the Financial Markets"
1022648,178670,"United Kingdom - Financial Conduct Authority"
1022648,178611,"United Kingdom - Financial Conduct Authority"
1022648,178609,"United Kingdom - Financial Conduct Authority"
1022648,178599,"United Kingdom - Financial Conduct Authority"
1022648,178595,"United Kingdom - Financial Conduct Authority"
1022648,178610,"United Kingdom - Financial Conduct Authority"
1022648,178602,"United Kingdom - Financial Conduct Authority"
1022648,178601,"United Kingdom - Financial Conduct Authority"
1022648,178598,"United Kingdom - Financial Conduct Authority"
1022648,178597,"United Kingdom - Financial Conduct Authority"
1022648,178033,"United Kingdom - Financial Conduct Authority"
1022648,178600,"United Kingdom - Financial Conduct Authority"
1022648,178605,"United Kingdom - Financial Conduct Authority"
1022648,178604,"United Kingdom - Financial Conduct Authority"
1022648,178603,"United Kingdom - Financial Conduct Authority"
1022648,178596,"United Kingdom - Financial Conduct Authority"
1022648,178608,"United Kingdom - Financial Conduct Authority"
1022648,178607,"United Kingdom - Financial Conduct Authority"
1022648,178606,"United Kingdom - Financial Conduct Authority"
1030399,6693,"Other - CIMA"
1031035,178278,"Cayman Islands - Cayman Islands Monetary Authority"
1031035,178285,"Cayman Islands - Cayman Islands Monetary Authority"
1029609,178798,"Cayman Islands - Cayman Islands Monetary Authority"
1034191,178838,"Jersey - Jersey Financial Services Commission"
1034191,178837,"Jersey - Jersey Financial Services Commission"
1028097,167432,"Cayman Islands - Cayman Islands Monetary Authority"
1033170,64827,"Cayman Islands - Cayman Islands Monetary Authority"
1038316,177690,"Cayman Islands - Cayman Islands Monetary Authority"
1038316,177692,"Cayman Islands - Cayman Islands Monetary Authority"
1029196,74019,"Cayman Islands - Cayman Islands Monetary Authority"
1029196,74015,"Cayman Islands - Cayman Islands Monetary Authority"
1031200,168202,"Ireland -  Central Bank of Ireland"
1034062,15536,"Other - CAYMAN ISLANDS MONETARY AUTHORITY"
1023548,28572,"Ireland -  Central Bank of Ireland"
1025788,19089,"Other - CAYMAN ISLANDS MONETARY AUTHORITY"
1025788,19445,"Other - CAYMAN ISLANDS MONETARY AUTHORITY"
1030190,64152,"Singapore - Monetary Authority of Singapore"
1030190,64153,"Singapore - Monetary Authority of Singapore"
1030190,64151,"Singapore - Monetary Authority of Singapore"
1030190,64153,"Norway - The Banking, Insurance and Securities Commission"
1030190,64151,"Norway - The Banking, Insurance and Securities Commission"
1030190,64152,"Sweden - Swedish Financial Supervisory Authority"
1030190,64152,"South Africa - Financial Services Board"
1030190,64152,"Denmark - Danish Financial Supervisory Authority"
1030190,64153,"South Africa - Financial Services Board"
1030190,64153,"Sweden - Swedish Financial Supervisory Authority"
1030190,64153,"Finland - Financial Supervision Authority"
1030190,64153,"Denmark - Danish Financial Supervisory Authority"
1030190,64152,"Finland - Financial Supervision Authority"
1030190,64151,"Finland - Financial Supervision Authority"
1030190,64151,"Sweden - Swedish Financial Supervisory Authority"
1030190,64151,"Denmark - Danish Financial Supervisory Authority"
1030190,64153,"United Kingdom - Prudential Regulation Authority"
1030190,64153,"Jersey - Jersey Financial Services Commission"
1030190,64153,"Luxembourg, Grand Duchy of - Commission to Surveillance of the Finance Sector"
1030190,64152,"United Kingdom - Financial Conduct Authority"
1030190,64152,"Jersey - Jersey Financial Services Commission"
1030190,64152,"Luxembourg, Grand Duchy of - Commission to Surveillance of the Finance Sector"
1030190,64151,"South Africa - Financial Services Board"
1030190,64151,"United Kingdom - Financial Conduct Authority"
1030190,64151,"Jersey - Jersey Financial Services Commission"
1030190,64151,"Luxembourg, Grand Duchy of - Commission to Surveillance of the Finance Sector"
1030190,64152,"Norway - The Banking, Insurance and Securities Commission"
1026664,42508,"Guernsey - Guernsey Financial Services Commission"
1024097,178119,"Mauritius, Republic of - Financial Services Commission"
1024097,178118,"Mauritius, Republic of - Financial Services Commission"
1029926,41435,"Other - NETHERLANDS/DE NEDERLANDSCHE BANK N.V."
1030467,178662,"Guernsey - Guernsey Financial Services Commission"
1030467,178664,"Guernsey - Guernsey Financial Services Commission"
1030467,55348,"Guernsey - Guernsey Financial Services Commission"
1030467,55347,"Guernsey - Guernsey Financial Services Commission"
1030467,35154,"Guernsey - Guernsey Financial Services Commission"
1030467,35183,"Guernsey - Guernsey Financial Services Commission"
1030467,162323,"Guernsey - Guernsey Financial Services Commission"
1030467,162322,"Guernsey - Guernsey Financial Services Commission"
1030467,162321,"Guernsey - Guernsey Financial Services Commission"
1030467,162310,"Guernsey - Guernsey Financial Services Commission"
1030467,178665,"Guernsey - Guernsey Financial Services Commission"
1030467,178663,"Guernsey - Guernsey Financial Services Commission"
1028591,38056,"United Kingdom - Financial Conduct Authority"
1028591,38020,"United Kingdom - Financial Conduct Authority"
1028591,65167,"United Kingdom - Financial Conduct Authority"
1028591,166275,"United Kingdom - Financial Conduct Authority"
1028591,166274,"United Kingdom - Financial Conduct Authority"
1031859,178805,"Cayman Islands - Cayman Islands Monetary Authority"
1031859,166250,"Cayman Islands - Cayman Islands Monetary Authority"
1032386,35877,"Mauritius, Republic of - Financial Services Commission"
1029171,170127,"Cayman Islands - Cayman Islands Monetary Authority"
1030166,68041,"Cayman Islands - Cayman Islands Monetary Authority"
1031254,39801,"Luxembourg, Grand Duchy of - Commission to Surveillance of the Finance Sector"
1031254,49485,"Ireland -  Central Bank of Ireland"
1032714,178585,"Cayman Islands - Cayman Islands Monetary Authority"
1032319,166975,"Cayman Islands - Cayman Islands Monetary Authority"
1032319,166974,"Cayman Islands - Cayman Islands Monetary Authority"
1032649,21588,"Other - AUSTRALIA - INNOVATION AUSTRALIA"
1028811,178971,"Guernsey - Guernsey Financial Services Commission"
1028811,178973,"Guernsey - Guernsey Financial Services Commission"
1028811,178974,"Guernsey - Guernsey Financial Services Commission"
1028811,178555,"Guernsey - Guernsey Financial Services Commission"
1028811,178531,"Guernsey - Guernsey Financial Services Commission"
1029961,65827,"Jersey - Jersey Financial Services Commission"
1029961,65805,"Jersey - Jersey Financial Services Commission"
1028898,8276,"Jersey - Jersey Financial Services Commission"
1028898,7892,"Jersey - Jersey Financial Services Commission"
1028898,7884,"Jersey - Jersey Financial Services Commission"
1028898,58067,"Jersey - Jersey Financial Services Commission"
1028898,49935,"Jersey - Jersey Financial Services Commission"
1028898,49937,"Jersey - Jersey Financial Services Commission"
1028898,8434,"Jersey - Jersey Financial Services Commission"
1028898,8413,"Jersey - Jersey Financial Services Commission"
1028898,8406,"Jersey - Jersey Financial Services Commission"
1028898,8387,"Jersey - Jersey Financial Services Commission"
1028898,8359,"Jersey - Jersey Financial Services Commission"
1028898,8340,"Jersey - Jersey Financial Services Commission"
1028898,8304,"Jersey - Jersey Financial Services Commission"
1028898,8279,"Jersey - Jersey Financial Services Commission"
1028898,7929,"Jersey - Jersey Financial Services Commission"
1028898,7574,"Jersey - Jersey Financial Services Commission"
1038933,179112,"Ireland -  Central Bank of Ireland"
1037430,175231,"Cayman Islands - Cayman Islands Monetary Authority"
1037430,63153,"Cayman Islands - Cayman Islands Monetary Authority"
1037430,40429,"Cayman Islands - Cayman Islands Monetary Authority"
1037430,64557,"Cayman Islands - Cayman Islands Monetary Authority"
1037430,62830,"Cayman Islands - Cayman Islands Monetary Authority"
1037430,40643,"Cayman Islands - Cayman Islands Monetary Authority"
1035102,179075,"Jersey - Jersey Financial Services Commission"
1038779,12681,"Guernsey - Guernsey Financial Services Commission"
1038779,12652,"Guernsey - Guernsey Financial Services Commission"
1038779,52082,"Guernsey - Guernsey Financial Services Commission"
1028106,64681,"India - Securities and Exchange Board of India"
1028106,10747,"India - Securities and Exchange Board of India"
1028106,10280,"India - Securities and Exchange Board of India"
1028106,158968,"India - Securities and Exchange Board of India"
1018457,47178,"Cayman Islands - Cayman Islands Monetary Authority"
1028890,175106,"Cayman Islands - Cayman Islands Monetary Authority"
1028890,23675,"Cayman Islands - Cayman Islands Monetary Authority"
1032993,178798,"Cayman Islands - Cayman Islands Monetary Authority"
1027548,64989,"Cayman Islands - Cayman Islands Monetary Authority"
1027548,64987,"Cayman Islands - Cayman Islands Monetary Authority"
1032321,170049,"Other - BANK OF ITALY"
1032321,35984,"Other - BANK OF ITALY"
1032321,35897,"Other - BANK OF ITALY"
1024396,178199,"United Kingdom - Financial Conduct Authority"
1019673,178113,"Mauritius, Republic of - Financial Services Commission"
1025415,178316,"Guernsey - Guernsey Financial Services Commission"
1025415,178317,"Guernsey - Guernsey Financial Services Commission"
1025415,178314,"Guernsey - Guernsey Financial Services Commission"
1025415,178315,"Guernsey - Guernsey Financial Services Commission"
1030412,178315,"Guernsey - Guernsey Financial Services Commission"
1030412,178316,"Guernsey - Guernsey Financial Services Commission"
1030412,178317,"Guernsey - Guernsey Financial Services Commission"
1030412,178314,"Guernsey - Guernsey Financial Services Commission"
1029413,178585,"Cayman Islands - Cayman Islands Monetary Authority"
1035456,169573,"Cayman Islands - Cayman Islands Monetary Authority"
1035456,169577,"Cayman Islands - Cayman Islands Monetary Authority"
1027879,162202,"Guernsey - Guernsey Financial Services Commission"
1027879,162201,"Guernsey - Guernsey Financial Services Commission"
1010018,177281,"United Kingdom - Financial Conduct Authority"
1010018,177281,"Mauritius, Republic of - Financial Services Commission"
1034330,65123,"Cayman Islands - Cayman Islands Monetary Authority"
1037375,25922,"Other - CAYMAN ISLANDS/CAYMAN ISLANDS MONETARY AUTHORITY"
1028512,61357,"Cayman Islands - Cayman Islands Monetary Authority"
1033529,175862,"Cayman Islands - Cayman Islands Monetary Authority"
1033529,175879,"Cayman Islands - Cayman Islands Monetary Authority"
1033529,31181,"Other - CAYMAN ISLANDS MONETARY AUTHORITY"
1026743,178398,"Cayman Islands - Cayman Islands Monetary Authority"
1029865,32066,"Other - CAYMAN ISLANDS MONETARY AUTHORITY"
1029865,32149,"Other - CAYMAN ISLANDS MONETARY AUTHORITY"
1030458,170025,"Jersey - Jersey Financial Services Commission"
1030458,170088,"Jersey - Jersey Financial Services Commission"
1032188,17062,"British Virgin Islands - British Virgin Islands Financial Services Commission"
1033848,178837,"Jersey - Jersey Financial Services Commission"
1033848,178838,"Jersey - Jersey Financial Services Commission"
1034335,177579,"Cayman Islands - Cayman Islands Monetary Authority"
1039074,178278,"Cayman Islands - Cayman Islands Monetary Authority"
1039074,178285,"Cayman Islands - Cayman Islands Monetary Authority"
1029803,39801,"Luxembourg, Grand Duchy of - Commission to Surveillance of the Finance Sector"
1029803,49485,"Ireland -  Central Bank of Ireland"
1032402,178837,"Jersey - Jersey Financial Services Commission"
1032402,178838,"Jersey - Jersey Financial Services Commission"
1031950,178818,"Other - BANK OF ITALY"
1029406,5675,"Other - CAYMAN ISLANDS, CAYMAN ISLANDS MONETARY AUTHORITY"
1030551,178667,"Cayman Islands - Cayman Islands Monetary Authority"
1033181,55518,"Cayman Islands - Cayman Islands Monetary Authority"
1033278,39801,"Luxembourg, Grand Duchy of - Commission to Surveillance of the Finance Sector"
1033278,49485,"Ireland -  Central Bank of Ireland"
1036512,2222,"Ireland -  Central Bank of Ireland"
1028592,173140,"Ireland -  Central Bank of Ireland"
1028592,173148,"Ireland -  Central Bank of Ireland"
1028592,173145,"Ireland -  Central Bank of Ireland"
1034349,65827,"Jersey - Jersey Financial Services Commission"
1034349,65805,"Jersey - Jersey Financial Services Commission"
1037041,47135,"Cayman Islands - Cayman Islands Stock Exchange Authority"
1028103,47586,"Other - CAYMAN ISLANDS MONETARY AUTHORITY"
1023315,66835,"United Kingdom - Financial Conduct Authority"
1023315,168773,"United Kingdom - Financial Conduct Authority"
1034138,178363,"Jersey - Jersey Financial Services Commission"
1034138,31965,"Jersey - Jersey Financial Services Commission"
1034138,31940,"Jersey - Jersey Financial Services Commission"
1034138,31912,"Jersey - Jersey Financial Services Commission"
1034138,31892,"Jersey - Jersey Financial Services Commission"
1034138,31865,"Jersey - Jersey Financial Services Commission"
1034138,31734,"Jersey - Jersey Financial Services Commission"
1034138,31929,"Jersey - Jersey Financial Services Commission"
1034138,31700,"Jersey - Jersey Financial Services Commission"
1034138,31691,"Jersey - Jersey Financial Services Commission"
1034138,31674,"Jersey - Jersey Financial Services Commission"
1034138,30876,"Jersey - Jersey Financial Services Commission"
1034138,31629,"Jersey - Jersey Financial Services Commission"
1034138,31623,"Jersey - Jersey Financial Services Commission"
1034138,29855,"Jersey - Jersey Financial Services Commission"
1034138,54155,"Jersey - Jersey Financial Services Commission"
1034138,54152,"Jersey - Jersey Financial Services Commission"
1034138,54149,"Jersey - Jersey Financial Services Commission"
1034138,54150,"Jersey - Jersey Financial Services Commission"
1034138,31954,"Jersey - Jersey Financial Services Commission"
1034138,63998,"Jersey - Jersey Financial Services Commission"
1034138,32418,"Jersey - Jersey Financial Services Commission"
1034138,32411,"Jersey - Jersey Financial Services Commission"
1034138,32407,"Jersey - Jersey Financial Services Commission"
1034138,31994,"Jersey - Jersey Financial Services Commission"
1034138,31971,"Jersey - Jersey Financial Services Commission"
1034138,158822,"Jersey - Jersey Financial Services Commission"
1032860,178872,"Luxembourg, Grand Duchy of - Commission to Surveillance of the Finance Sector"
1025908,178325,"Mauritius, Republic of - Financial Services Commission"
1035554,179112,"Ireland -  Central Bank of Ireland"
1032572,178856,"Luxembourg, Grand Duchy of - Commission to Surveillance of the Finance Sector"
1026219,178345,"Cayman Islands - Cayman Islands Monetary Authority"
1037929,57257,"Cayman Islands - Cayman Islands Monetary Authority"
1036508,179219,"Guernsey - Guernsey Financial Services Commission"
1036508,179214,"Guernsey - Guernsey Financial Services Commission"
1036508,179220,"Guernsey - Guernsey Financial Services Commission"
1036508,179218,"Guernsey - Guernsey Financial Services Commission"
1036508,179217,"Guernsey - Guernsey Financial Services Commission"
1037974,32502,"Cayman Islands - Cayman Islands Monetary Authority"
1037974,55577,"Ireland -  Central Bank of Ireland"
1037974,65425,"Ireland -  Central Bank of Ireland"
1028907,8276,"Jersey - Jersey Financial Services Commission"
1028907,7892,"Jersey - Jersey Financial Services Commission"
1028907,7884,"Jersey - Jersey Financial Services Commission"
1028907,58067,"Jersey - Jersey Financial Services Commission"
1028907,49935,"Jersey - Jersey Financial Services Commission"
1028907,49937,"Jersey - Jersey Financial Services Commission"
1028907,8434,"Jersey - Jersey Financial Services Commission"
1028907,8413,"Jersey - Jersey Financial Services Commission"
1028907,8406,"Jersey - Jersey Financial Services Commission"
1028907,8387,"Jersey - Jersey Financial Services Commission"
1028907,8359,"Jersey - Jersey Financial Services Commission"
1028907,8340,"Jersey - Jersey Financial Services Commission"
1028907,8304,"Jersey - Jersey Financial Services Commission"
1028907,8279,"Jersey - Jersey Financial Services Commission"
1028907,7929,"Jersey - Jersey Financial Services Commission"
1028907,7574,"Jersey - Jersey Financial Services Commission"
1027098,68939,"Other - CAYMAN ISLANDS/CAYMAN ISLANDS MONETARY AUTHORITY"
1027098,59111,"Other - CAYMAN ISLANDS/CAYMAN ISLANDS MONETARY AUTHORITY"
1027098,68942,"Other - CAYMAN ISLANDS/CAYMAN ISLANDS MONETARY AUTHORITY"
1027098,59005,"Other - CAYMAN ISLANDS/CAYMAN ISLANDS MONETARY AUTHORITY"
1027098,44430,"Other - CAYMAN ISLANDS/CAYMAN ISLANDS MONETARY AUTHORITY"
1027098,169734,"Other - CAYMAN ISLANDS/CAYMAN ISLANDS MONETARY AUTHORITY"
1012077,177587,"United Kingdom - Financial Conduct Authority"
1036337,66519,"Other - MALTA FINANCIAL SERVICES AUTHORITY"
1020222,34201,"British Virgin Islands - British Virgin Islands Financial Services Commission"
1026042,178354,"Ireland -  Central Bank of Ireland"
1027568,59333,"Cayman Islands - Cayman Islands Monetary Authority"
1027568,59330,"Cayman Islands - Cayman Islands Monetary Authority"
1028117,171615,"Cayman Islands - Cayman Islands Monetary Authority"
1028117,171610,"Cayman Islands - Cayman Islands Monetary Authority"
1028117,59099,"Cayman Islands - Cayman Islands Monetary Authority"
1027031,178475,"Cayman Islands - Cayman Islands Monetary Authority"
1027031,178417,"Cayman Islands - Cayman Islands Monetary Authority"
1028887,5675,"Other - CAYMAN ISLANDS, CAYMAN ISLANDS MONETARY AUTHORITY"
1035083,64484,"Guernsey - Guernsey Financial Services Commission"
1031906,178808,"British Virgin Islands - British Virgin Islands Financial Services Commission"
1030091,178875,"Cayman Islands - Cayman Islands Monetary Authority"
1031125,56601,"Cayman Islands - Cayman Islands Monetary Authority"
1037951,178345,"Cayman Islands - Cayman Islands Monetary Authority"
1022039,168744,"Cayman Islands - Cayman Islands Monetary Authority"
1037511,66139,"Guernsey - Guernsey Financial Services Commission"
1037511,66138,"Guernsey - Guernsey Financial Services Commission"
1038309,178315,"Guernsey - Guernsey Financial Services Commission"
1038309,178316,"Guernsey - Guernsey Financial Services Commission"
1038309,178317,"Guernsey - Guernsey Financial Services Commission"
1038309,178314,"Guernsey - Guernsey Financial Services Commission"
1033354,177954,"Cayman Islands - Cayman Islands Monetary Authority"
1028888,15536,"Other - CAYMAN ISLANDS MONETARY AUTHORITY"
1034462,169573,"Cayman Islands - Cayman Islands Monetary Authority"
1034462,169577,"Cayman Islands - Cayman Islands Monetary Authority"
1027827,64136,"Cayman Islands - Cayman Islands Monetary Authority"
1027827,64137,"Cayman Islands - Cayman Islands Monetary Authority"
1017618,65827,"Jersey - Jersey Financial Services Commission"
1017618,65805,"Jersey - Jersey Financial Services Commission"
1027043,57257,"Cayman Islands - Cayman Islands Monetary Authority"
1033350,61512,"Chile - Superintendent of Pension Fund Administrators"
1033350,61512,"Other - MACAU - MONETARY AUTHORITY OF MACAO"
1033350,61512,"Other - UNITED KINGDOM - FINANCIAL CONDUCT AUTHORITY"
1033350,61512,"Other - SPAIN - NATIONAL SECURITIES & EXCHANGE COMMISSION"
1033350,61512,"Other - SLOVAKIA - NARODNA BANKA SLOVENSKA"
1033350,61512,"Taiwan - Financial Supervisory Commission"
1033350,61512,"Other - PERU - SUPERINTENDENCIA DE BANCA"
1033350,61512,"Singapore - Monetary Authority of Singapore"
1033350,61512,"Other - CZECH REPUBLIC - CESKA NARODNI BANKA"
1033350,61512,"Bahrain - Central Bank of Bahrain"
1033350,61512,"Norway - The Banking, Insurance and Securities Commission"
1033350,61512,"Italy - National Stock Exchange Commission"
1033350,61512,"Hong Kong - Securities and Futures Commission"
1033350,61512,"Germany - German Federal Financial Supervisory Agency"
1033350,61512,"France - Financial Markets Authority"
1033350,61512,"Denmark - Danish Financial Supervisory Authority"
1033350,61512,"Austria - Financial Market Authority"
1011556,178562,"Ireland -  Central Bank of Ireland"
1011556,25113,"Ireland -  Central Bank of Ireland"
1011556,47660,"Ireland -  Central Bank of Ireland"
1011556,47659,"Ireland -  Central Bank of Ireland"
1011556,47658,"Ireland -  Central Bank of Ireland"
1011556,47657,"Ireland -  Central Bank of Ireland"
1011556,47655,"Ireland -  Central Bank of Ireland"
1011556,47656,"Ireland -  Central Bank of Ireland"
1011556,25075,"Ireland -  Central Bank of Ireland"
1031879,178864,"Cayman Islands - Cayman Islands Monetary Authority"
1033986,169664,"Cayman Islands - Cayman Islands Monetary Authority"
1033558,36257,"Other - CAYMAN ISLANDS MONETARY AUTHORITY"
1033558,34203,"Other - CAYMAN ISLANDS MONETARY AUTHORITY"
1037593,62034,"Cayman Islands - Cayman Islands Monetary Authority"
1029160,23771,"Mauritius, Republic of - Financial Services Commission"
1029403,175106,"Cayman Islands - Cayman Islands Monetary Authority"
1029403,23675,"Cayman Islands - Cayman Islands Monetary Authority"
1036093,38120,"Guernsey - Guernsey Financial Services Commission"
1036093,38120,"United Kingdom - Financial Conduct Authority"
1036093,38077,"Guernsey - Guernsey Financial Services Commission"
1036093,38077,"Other - FINANCIAL CONDUCT AUTHORITY"
1036093,38102,"Other - FINANCIAL CONDUCT AUTHORITY"
1036093,38102,"Guernsey - Guernsey Financial Services Commission"
1036093,33158,"Guernsey - Guernsey Financial Services Commission"
1036093,33158,"Other - FINANCIAL CONDUCT AUTHORITY"
1036719,17602,"Cayman Islands - Cayman Islands Stock Exchange Authority"
1030232,179261,"Ireland -  Central Bank of Ireland"
1030232,179260,"Ireland -  Central Bank of Ireland"
1030232,179262,"Ireland -  Central Bank of Ireland"
1030232,179264,"Ireland -  Central Bank of Ireland"
1030232,179263,"Ireland -  Central Bank of Ireland"
1030232,179266,"Ireland -  Central Bank of Ireland"
1030232,178562,"Ireland -  Central Bank of Ireland"
1030232,25113,"Ireland -  Central Bank of Ireland"
1030232,47660,"Ireland -  Central Bank of Ireland"
1030232,47659,"Ireland -  Central Bank of Ireland"
1030232,47658,"Ireland -  Central Bank of Ireland"
1030232,47657,"Ireland -  Central Bank of Ireland"
1030232,25075,"Ireland -  Central Bank of Ireland"
1030232,47655,"Ireland -  Central Bank of Ireland"
1030232,47656,"Ireland -  Central Bank of Ireland"
1037280,55919,"Cayman Islands - Cayman Islands Monetary Authority"
1026599,171315,"Switzerland - Swiss Financial Market Supervisory Authority"
1026599,171371,"United Kingdom - Financial Conduct Authority"
1026599,171371,"Ireland -  Central Bank of Ireland"
1026599,171323,"United Kingdom - Financial Conduct Authority"
1026599,171323,"Ireland -  Central Bank of Ireland"
1026599,171339,"United Kingdom - Financial Conduct Authority"
1026599,171339,"Ireland -  Central Bank of Ireland"
1026599,171315,"France - Financial Markets Authority"
1026599,171315,"Belgium - Banking, Finance and Insurance Commission"
1026599,171315,"Luxembourg, Grand Duchy of - Commission to Surveillance of the Finance Sector"
1026599,171315,"Sweden - Swedish Financial Supervisory Authority"
1026599,171315,"United Kingdom - Financial Conduct Authority"
1026599,171315,"Ireland -  Central Bank of Ireland"
1026599,171153,"United Kingdom - Financial Conduct Authority"
1026599,171153,"Ireland -  Central Bank of Ireland"
1026599,171337,"Ireland -  Central Bank of Ireland"
1026599,171337,"United Kingdom - Financial Conduct Authority"
1026599,171171,"Singapore - Monetary Authority of Singapore"
1026599,171171,"Guernsey - Guernsey Financial Services Commission"
1026599,171171,"United Kingdom - Financial Conduct Authority"
1026599,171171,"Other - GIBRALTAR - FINANCIAL SERVICES COMMISSION"
1027904,56093,"Other - CAYMAN ISLANDS MONETARY AUTHORITY"
1030259,162277,"Luxembourg, Grand Duchy of - Commission to Surveillance of the Finance Sector"
1030259,162278,"Luxembourg, Grand Duchy of - Commission to Surveillance of the Finance Sector"
1030259,169365,"Ireland -  Central Bank of Ireland"
1031014,178731,"United Kingdom - Financial Conduct Authority"
1027552,61237,"Cayman Islands - Cayman Islands Monetary Authority"
1027385,50265,"Guernsey - Guernsey Financial Services Commission"
1027385,50264,"Guernsey - Guernsey Financial Services Commission"
1027385,50261,"Guernsey - Guernsey Financial Services Commission"
1027385,50253,"Guernsey - Guernsey Financial Services Commission"
1027385,13381,"Guernsey - Guernsey Financial Services Commission"
1027385,13377,"Guernsey - Guernsey Financial Services Commission"
1027385,13372,"Guernsey - Guernsey Financial Services Commission"
1027385,12790,"Guernsey - Guernsey Financial Services Commission"
1027385,13322,"Guernsey - Guernsey Financial Services Commission"
1027385,13323,"Guernsey - Guernsey Financial Services Commission"
1027385,13321,"Guernsey - Guernsey Financial Services Commission"
1041993,39801,"Luxembourg, Grand Duchy of - Commission to Surveillance of the Finance Sector"
1041993,49485,"Ireland -  Central Bank of Ireland"
1040675,177954,"Cayman Islands - Cayman Islands Monetary Authority"
1042510,69655,"Cayman Islands - Cayman Islands Monetary Authority"
1042510,58578,"Cayman Islands - Cayman Islands Monetary Authority"
1042510,18608,"British Virgin Islands - British Virgin Islands Financial Services Commission"
1038492,179427,"Cayman Islands - Cayman Islands Monetary Authority"
1038827,11002,"Cayman Islands - Cayman Islands Monetary Authority"
1038827,11049,"Cayman Islands - Cayman Islands Monetary Authority"
1042060,178278,"Cayman Islands - Cayman Islands Monetary Authority"
1042060,178285,"Cayman Islands - Cayman Islands Monetary Authority"
1040445,179575,"Denmark - Danish Financial Supervisory Authority"
1039991,45088,"Australia - Australian Securities and Investments Commission"
1027721,174318,"Cayman Islands - Cayman Islands Monetary Authority"
1027721,173007,"Cayman Islands - Cayman Islands Monetary Authority"
1033466,30507,"Belgium - Banking, Finance and Insurance Commission"
1033466,30507,"Iceland - Financial Supervisory Authority"
1033466,30507,"Portugal - Securities Market Commission"
1033466,30507,"Luxembourg, Grand Duchy of - Commission to Surveillance of the Finance Sector"
1033466,30507,"Italy - National Stock Exchange Commission"
1033466,30507,"United Kingdom - Financial Conduct Authority"
1033466,30507,"Other - SECURITIES INVESTMENT CONSULTING AND TRUST ASSOCIATION (SITCA), TAIWAN"
1033466,30507,"Switzerland - Swiss Financial Market Supervisory Authority"
1033466,30507,"Sweden - Swedish Financial Supervisory Authority"
1033466,30507,"Spain - National Commission of Securities Markets"
1033466,30507,"Singapore - Monetary Authority of Singapore"
1033466,30507,"Norway - The Banking, Insurance and Securities Commission"
1033466,30507,"Netherlands - The Netherlands Authority for the Financial Markets"
1033466,30507,"Ireland -  Central Bank of Ireland"
1033466,30507,"Germany - German Federal Financial Supervisory Agency"
1033466,30507,"France - Financial Markets Authority"
1033466,30507,"Finland - Financial Supervision Authority"
1033466,30507,"Denmark - Danish Financial Supervisory Authority"
1033466,30507,"Austria - Financial Market Authority"
1039200,64763,"Cayman Islands - Cayman Islands Monetary Authority"
1041150,65790,"Australia - Australian Securities and Investments Commission"
1041839,28199,"Jersey - Jersey Financial Services Commission"
1041839,29236,"Jersey - Jersey Financial Services Commission"
1041839,29221,"Jersey - Jersey Financial Services Commission"
1038912,179454,"Cayman Islands - Cayman Islands Monetary Authority"
1039966,46874,"Other - CAYMAN ISLANDS MONETARY AUTHORITY"
1039966,46875,"Other - CAYMAN ISLANDS MONETARY AUTHORITY"
1039966,46876,"Other - CAYMAN ISLANDS MONETARY AUTHORITY"
1043326,34811,"Mauritius, Republic of - Financial Services Commission"
1040533,178278,"Cayman Islands - Cayman Islands Monetary Authority"
1040533,178285,"Cayman Islands - Cayman Islands Monetary Authority"
1039267,32502,"Cayman Islands - Cayman Islands Monetary Authority"
1039267,55577,"Ireland -  Central Bank of Ireland"
1039267,65425,"Ireland -  Central Bank of Ireland"
1039263,65827,"Jersey - Jersey Financial Services Commission"
1039263,65805,"Jersey - Jersey Financial Services Commission"
1041420,169685,"Guernsey - Guernsey Financial Services Commission"
1041420,169684,"Guernsey - Guernsey Financial Services Commission"
1040674,179454,"Cayman Islands - Cayman Islands Monetary Authority"
1040919,64504,"Cayman Islands - Cayman Islands Monetary Authority"
1040919,64503,"Cayman Islands - Cayman Islands Monetary Authority"
1040919,64490,"Cayman Islands - Cayman Islands Monetary Authority"
1040919,64505,"British Virgin Islands - British Virgin Islands Financial Services Commission"
1041316,61357,"Cayman Islands - Cayman Islands Monetary Authority"
1038017,179417,"Guernsey - Guernsey Financial Services Commission"
1038017,179412,"Guernsey - Guernsey Financial Services Commission"
1038017,179410,"Guernsey - Guernsey Financial Services Commission"
1038017,179394,"Guernsey - Guernsey Financial Services Commission"
1038017,179390,"Guernsey - Guernsey Financial Services Commission"
1038017,179384,"Guernsey - Guernsey Financial Services Commission"
1038017,179373,"Guernsey - Guernsey Financial Services Commission"
1038017,179344,"Guernsey - Guernsey Financial Services Commission"
1038017,179343,"Guernsey - Guernsey Financial Services Commission"
1038017,179413,"Guernsey - Guernsey Financial Services Commission"
1038017,179408,"Guernsey - Guernsey Financial Services Commission"
1038017,179407,"Guernsey - Guernsey Financial Services Commission"
1038017,179415,"Guernsey - Guernsey Financial Services Commission"
1038017,179382,"Guernsey - Guernsey Financial Services Commission"
1038017,179375,"Guernsey - Guernsey Financial Services Commission"
1038017,179374,"Guernsey - Guernsey Financial Services Commission"
1038017,179409,"Guernsey - Guernsey Financial Services Commission"
1038017,179372,"Guernsey - Guernsey Financial Services Commission"
1038017,179400,"Guernsey - Guernsey Financial Services Commission"
1038017,179395,"Guernsey - Guernsey Financial Services Commission"
1038017,179662,"Guernsey - Guernsey Financial Services Commission"
1038017,179668,"Guernsey - Guernsey Financial Services Commission"
1038017,179665,"Guernsey - Guernsey Financial Services Commission"
1038017,179664,"Guernsey - Guernsey Financial Services Commission"
1038017,179663,"Guernsey - Guernsey Financial Services Commission"
1038017,179405,"Guernsey - Guernsey Financial Services Commission"
1038017,179402,"Guernsey - Guernsey Financial Services Commission"
1038017,179401,"Guernsey - Guernsey Financial Services Commission"
1038017,179345,"Guernsey - Guernsey Financial Services Commission"
1038017,179342,"Guernsey - Guernsey Financial Services Commission"
1038017,179336,"Guernsey - Guernsey Financial Services Commission"
1038017,179669,"Guernsey - Guernsey Financial Services Commission"
1038017,179671,"Guernsey - Guernsey Financial Services Commission"
1038017,179670,"Guernsey - Guernsey Financial Services Commission"
1038017,179655,"Guernsey - Guernsey Financial Services Commission"
1038017,179416,"Guernsey - Guernsey Financial Services Commission"
1038017,179411,"Guernsey - Guernsey Financial Services Commission"
1038017,179403,"Guernsey - Guernsey Financial Services Commission"
1038017,179399,"Guernsey - Guernsey Financial Services Commission"
1038017,179398,"Guernsey - Guernsey Financial Services Commission"
1038017,179397,"Guernsey - Guernsey Financial Services Commission"
1038017,179392,"Guernsey - Guernsey Financial Services Commission"
1038017,179383,"Guernsey - Guernsey Financial Services Commission"
1038017,179380,"Guernsey - Guernsey Financial Services Commission"
1038017,179326,"Guernsey - Guernsey Financial Services Commission"
1038017,179393,"Guernsey - Guernsey Financial Services Commission"
1038017,179666,"Guernsey - Guernsey Financial Services Commission"
1041371,18611,"Cayman Islands - Cayman Islands Monetary Authority"
1041371,19915,"Cayman Islands - Cayman Islands Monetary Authority"
1041371,19916,"Cayman Islands - Cayman Islands Monetary Authority"
1032238,178987,"United Kingdom - Prudential Regulation Authority"
1032238,178987,"Switzerland - Swiss Financial Market Supervisory Authority"
1032238,178987,"Sweden - Swedish Financial Supervisory Authority"
1032238,178987,"Norway - The Banking, Insurance and Securities Commission"
1032238,178987,"Netherlands - The Netherlands Authority for the Financial Markets"
1032238,178987,"Luxembourg, Grand Duchy of - Commission to Surveillance of the Finance Sector"
1032238,178987,"Italy - National Stock Exchange Commission"
1032238,178987,"Finland - Financial Supervision Authority"
1032238,178824,"United Kingdom - Financial Conduct Authority"
1032238,178987,"Germany - German Federal Financial Supervisory Agency"
1032238,178987,"France - Financial Markets Authority"
1032238,178987,"Denmark - Danish Financial Supervisory Authority"
1032238,178982,"Taiwan - Financial Supervisory Commission"
1032238,178982,"United Kingdom - Financial Conduct Authority"
1032238,178982,"Sweden - Swedish Financial Supervisory Authority"
1032238,178982,"Switzerland - Swiss Financial Market Supervisory Authority"
1032238,178982,"Spain - National Commission of Securities Markets"
1032238,178982,"Singapore - Monetary Authority of Singapore"
1032238,178982,"Norway - The Banking, Insurance and Securities Commission"
1032238,178982,"Netherlands - The Netherlands Authority for the Financial Markets"
1032238,178982,"Luxembourg, Grand Duchy of - Commission to Surveillance of the Finance Sector"
1032238,178982,"Italy - National Stock Exchange Commission"
1032238,178982,"Ireland -  Central Bank of Ireland"
1032238,178982,"Hong Kong - Securities and Futures Commission"
1032238,178982,"Germany - German Federal Financial Supervisory Agency"
1032238,178982,"France - Financial Markets Authority"
1032238,178982,"Finland - Financial Supervision Authority"
1032238,178982,"Austria - Financial Market Authority"
1032238,178982,"Denmark - Danish Financial Supervisory Authority"
1032238,178982,"Chile - Superintendent of Pension Fund Administrators"
1032238,178982,"Belgium - Banking, Finance and Insurance Commission"
1032238,178982,"Other - MACAO - MONETARY AUTHORITY OF MACAO"
1032238,178824,"Taiwan - Financial Supervisory Commission"
1032238,178824,"Sweden - Swedish Financial Supervisory Authority"
1032238,178824,"Switzerland - Swiss Financial Market Supervisory Authority"
1032238,178824,"Spain - National Commission of Securities Markets"
1032238,178824,"Singapore - Monetary Authority of Singapore"
1032238,178824,"Other - MACAO - MONETARY AUTHORITY OF MACAO"
1032238,178824,"Norway - The Banking, Insurance and Securities Commission"
1032238,178824,"Netherlands - The Netherlands Authority for the Financial Markets"
1032238,178824,"Luxembourg, Grand Duchy of - Commission to Surveillance of the Finance Sector"
1032238,178824,"Italy - National Stock Exchange Commission"
1032238,178824,"Ireland -  Central Bank of Ireland"
1032238,178824,"Hong Kong - Securities and Futures Commission"
1032238,178824,"Germany - German Federal Financial Supervisory Agency"
1032238,178824,"France - Financial Markets Authority"
1032238,178824,"Finland - Financial Supervision Authority"
1032238,178824,"Austria - Financial Market Authority"
1032238,178824,"Denmark - Danish Financial Supervisory Authority"
1032238,178824,"Chile - Superintendent of Pension Fund Administrators"
1032238,178824,"Belgium - Banking, Finance and Insurance Commission"
1041136,28572,"Ireland -  Central Bank of Ireland"
1040182,166837,"Cayman Islands - Cayman Islands Monetary Authority"
1041361,24570,"Australia - Australian Securities and Investments Commission"
1041361,24563,"Australia - Australian Securities and Investments Commission"
1041361,167182,"Australia - Australian Securities and Investments Commission"
1038065,179340,"United Kingdom - Financial Conduct Authority"
1041882,17062,"British Virgin Islands - British Virgin Islands Financial Services Commission"
1039884,157796,"British Virgin Islands - British Virgin Islands Financial Services Commission"
1039884,157796,"India - Securities and Exchange Board of India"
1039884,157796,"Other - VIETNAM - STATE SECURITIES COMMISSION"
1042068,167044,"Cayman Islands - Cayman Islands Monetary Authority"
1041636,55167,"Other - CAYMAN ISLANDS MONETARY AUTHORITY"
1038520,65526,"Australia - Australian Securities and Investments Commission"
1038520,65529,"Australia - Australian Securities and Investments Commission"
1041830,169134,"United Kingdom - Financial Conduct Authority"
1041830,169134,"Switzerland - Swiss Financial Market Supervisory Authority"
1040524,179578,"Cayman Islands - Cayman Islands Monetary Authority"
1042986,72373,"Cayman Islands - Cayman Islands Monetary Authority"
1042758,167203,"Other - CAYMAN ISLANDS MONETARY AUTHORITY"
1042758,40209,"Other - CAYMAN ISLANDS MONETARY AUTHORITY"
1042758,40113,"Other - CAYMAN ISLANDS MONETARY AUTHORITY"
1041161,169685,"Guernsey - Guernsey Financial Services Commission"
1041161,169684,"Guernsey - Guernsey Financial Services Commission"
1042466,29946,"Guernsey - Guernsey Financial Services Commission"
1042466,29936,"Guernsey - Guernsey Financial Services Commission"
1042466,29934,"Guernsey - Guernsey Financial Services Commission"
1042466,29928,"Guernsey - Guernsey Financial Services Commission"
1042466,29922,"Guernsey - Guernsey Financial Services Commission"
1042466,29918,"Guernsey - Guernsey Financial Services Commission"
1042466,29913,"Guernsey - Guernsey Financial Services Commission"
1042466,29910,"Guernsey - Guernsey Financial Services Commission"
1042466,29892,"Guernsey - Guernsey Financial Services Commission"
1042466,29888,"Guernsey - Guernsey Financial Services Commission"
1042466,29885,"Guernsey - Guernsey Financial Services Commission"
1042466,29882,"Guernsey - Guernsey Financial Services Commission"
1042466,29876,"Guernsey - Guernsey Financial Services Commission"
1042466,29868,"Guernsey - Guernsey Financial Services Commission"
1042466,29865,"Guernsey - Guernsey Financial Services Commission"
1042466,29862,"Guernsey - Guernsey Financial Services Commission"
1042466,29857,"Guernsey - Guernsey Financial Services Commission"
1042466,29849,"Guernsey - Guernsey Financial Services Commission"
1042466,29843,"Guernsey - Guernsey Financial Services Commission"
1042466,29830,"Guernsey - Guernsey Financial Services Commission"
1042466,29825,"Guernsey - Guernsey Financial Services Commission"
1042466,29821,"Guernsey - Guernsey Financial Services Commission"
1042466,29812,"Guernsey - Guernsey Financial Services Commission"
1042466,29804,"Guernsey - Guernsey Financial Services Commission"
1042466,29796,"Guernsey - Guernsey Financial Services Commission"
1042466,29790,"Guernsey - Guernsey Financial Services Commission"
1042466,29319,"Guernsey - Guernsey Financial Services Commission"
1042466,28927,"Guernsey - Guernsey Financial Services Commission"
1042466,28924,"Guernsey - Guernsey Financial Services Commission"
1042466,28921,"Guernsey - Guernsey Financial Services Commission"
1042466,28915,"Guernsey - Guernsey Financial Services Commission"
1042466,28906,"Guernsey - Guernsey Financial Services Commission"
1042466,28861,"Guernsey - Guernsey Financial Services Commission"
1042466,22204,"Guernsey - Guernsey Financial Services Commission"
1042466,22201,"Guernsey - Guernsey Financial Services Commission"
1042466,21935,"Guernsey - Guernsey Financial Services Commission"
1042466,58128,"Guernsey - Guernsey Financial Services Commission"
1042752,27067,"Jersey - Jersey Financial Services Commission"
1033137,66278,"Guernsey - Guernsey Financial Services Commission"
1033137,40133,"Guernsey - Guernsey Financial Services Commission"
1039680,18092,"India - Securities and Exchange Board of India"
1042679,32193,"Guernsey - Guernsey Financial Services Commission"
1042685,32267,"Guernsey - Guernsey Financial Services Commission"
1042685,65952,"Guernsey - Guernsey Financial Services Commission"
1043101,168202,"Ireland -  Central Bank of Ireland"
1042194,179718,"Cayman Islands - Cayman Islands Monetary Authority"
1043094,173845,"Guernsey - Guernsey Financial Services Commission"
1043094,69322,"Guernsey - Guernsey Financial Services Commission"
1043094,69305,"Guernsey - Guernsey Financial Services Commission"
1043094,60511,"Guernsey - Guernsey Financial Services Commission"
1043094,60503,"Guernsey - Guernsey Financial Services Commission"
1043094,51221,"Guernsey - Guernsey Financial Services Commission"
1043094,69289,"Guernsey - Guernsey Financial Services Commission"
1043094,60500,"Guernsey - Guernsey Financial Services Commission"
1043094,60534,"Guernsey - Guernsey Financial Services Commission"
1043094,60526,"Guernsey - Guernsey Financial Services Commission"
1043094,60518,"Guernsey - Guernsey Financial Services Commission"
1043094,60517,"Guernsey - Guernsey Financial Services Commission"
1032662,178861,"Cayman Islands - Cayman Islands Monetary Authority"
1032662,178878,"Cayman Islands - Cayman Islands Monetary Authority"
1032662,178876,"Cayman Islands - Cayman Islands Monetary Authority"
1039660,31268,"Other - AUSTRALIA - NSW OFFICE OF FAIR TRADING"
1039660,31222,"Jersey - Jersey Financial Services Commission"
1039660,31209,"Other - AUSTRALIA - NSW OFFICE OF FAIR TRADING"
1038715,173713,"Australia - Australian Securities and Investments Commission"
1038715,173712,"Australia - Australian Securities and Investments Commission"
1038715,173710,"Australia - Australian Securities and Investments Commission"
1038715,173720,"Australia - Australian Securities and Investments Commission"
1038715,173722,"Australia - Australian Securities and Investments Commission"
1038715,173717,"Australia - Australian Securities and Investments Commission"
1038715,173719,"Australia - Australian Securities and Investments Commission"
1038715,173721,"Australia - Australian Securities and Investments Commission"
1038715,173716,"Australia - Australian Securities and Investments Commission"
1038715,173718,"Australia - Australian Securities and Investments Commission"
1038715,179770,"Australia - Australian Securities and Investments Commission"
1043200,179575,"Denmark - Danish Financial Supervisory Authority"
1024279,178193,"Cayman Islands - Cayman Islands Monetary Authority"
1040835,58421,"Other - NONE"
1040835,58420,"Other - NONE"
1040835,17011,"Cayman Islands - Cayman Islands Monetary Authority"
1040835,17940,"Other - CAYMAN ISLANDS MONETARY AUTHORITY"
1042051,179712,"Cayman Islands - Cayman Islands Monetary Authority"
1036812,179612,"Ireland -  Central Bank of Ireland"
1036812,177730,"Ireland -  Central Bank of Ireland"
1036812,177677,"Ireland -  Central Bank of Ireland"
1036812,177575,"Ireland -  Central Bank of Ireland"
1036812,177576,"Ireland -  Central Bank of Ireland"
1036812,35353,"Ireland -  Central Bank of Ireland"
1036812,35294,"Ireland -  Central Bank of Ireland"
1036812,35256,"Ireland -  Central Bank of Ireland"
1036812,35468,"Ireland -  Central Bank of Ireland"
1036812,35324,"Ireland -  Central Bank of Ireland"
1036812,35279,"Ireland -  Central Bank of Ireland"
1036812,35196,"Ireland -  Central Bank of Ireland"
1036812,35415,"Ireland -  Central Bank of Ireland"
1036812,35399,"Ireland -  Central Bank of Ireland"
1036812,54186,"Ireland -  Central Bank of Ireland"
1036812,54184,"Ireland -  Central Bank of Ireland"
1036812,54166,"Ireland -  Central Bank of Ireland"
1036812,64347,"Ireland -  Central Bank of Ireland"
1036812,54183,"Ireland -  Central Bank of Ireland"
1036812,34858,"Ireland -  Central Bank of Ireland"
1036812,35449,"Ireland -  Central Bank of Ireland"
1036812,54185,"Ireland -  Central Bank of Ireland"
1036812,168079,"Ireland -  Central Bank of Ireland"
1036812,177574,"Ireland -  Central Bank of Ireland"
1036812,168078,"Ireland -  Central Bank of Ireland"
1036812,168077,"Ireland -  Central Bank of Ireland"
1036812,177672,"Ireland -  Central Bank of Ireland"
1036812,177724,"Ireland -  Central Bank of Ireland"
1036812,177729,"Ireland -  Central Bank of Ireland"
1036812,177731,"Ireland -  Central Bank of Ireland"
1036812,177573,"Ireland -  Central Bank of Ireland"
1036812,177673,"Ireland -  Central Bank of Ireland"
1036812,54188,"Ireland -  Central Bank of Ireland"
1036812,64263,"Ireland -  Central Bank of Ireland"
1036812,177676,"Ireland -  Central Bank of Ireland"
1036812,177723,"Ireland -  Central Bank of Ireland"
1036812,177722,"Ireland -  Central Bank of Ireland"
1040549,167146,"France - Financial Markets Authority"
1040549,46137,"France - Financial Markets Authority"
1040549,46135,"France - Financial Markets Authority"
1040434,32260,"Other - AUSTRALIA - NSW DEPARTMENT OF FAIR TRADING"
1040434,32247,"Other - AUSTRALIA - NSW OFFICE OF FAIR TRADING"
1040434,179571,"Other - AUSTRALIA - CONSUMER AFFAIRS VICTORIA"
1025019,179750,"Cayman Islands - Cayman Islands Monetary Authority"
1025019,179753,"Cayman Islands - Cayman Islands Monetary Authority"
1031850,63720,"Cayman Islands - Cayman Islands Monetary Authority"
1031850,63665,"Cayman Islands - Cayman Islands Monetary Authority"
1041447,173845,"Guernsey - Guernsey Financial Services Commission"
1041447,69322,"Guernsey - Guernsey Financial Services Commission"
1041447,69305,"Guernsey - Guernsey Financial Services Commission"
1041447,60511,"Guernsey - Guernsey Financial Services Commission"
1041447,60503,"Guernsey - Guernsey Financial Services Commission"
1041447,51221,"Guernsey - Guernsey Financial Services Commission"
1041447,69289,"Guernsey - Guernsey Financial Services Commission"
1041447,60500,"Guernsey - Guernsey Financial Services Commission"
1041447,60534,"Guernsey - Guernsey Financial Services Commission"
1041447,60526,"Guernsey - Guernsey Financial Services Commission"
1041447,60518,"Guernsey - Guernsey Financial Services Commission"
1041447,60517,"Guernsey - Guernsey Financial Services Commission"
1041451,28572,"Ireland -  Central Bank of Ireland"
1039601,179504,"Australia - Australian Securities and Investments Commission"
1039601,56209,"Australia - Australian Securities and Investments Commission"
1039601,29169,"Australia - Australian Securities and Investments Commission"
1032696,178866,"Cayman Islands - Cayman Islands Monetary Authority"
