"FilingID","ReferenceID","SubreferenceID","Foreign Regulatory Authority"
"880303","68840","14078","Luxembourg, Grand Duchy of - Commission to Surveillance of the Finance Sector"
"880303","68847","14082","Luxembourg, Grand Duchy of - Commission to Surveillance of the Finance Sector"
"888724","65008","13270","Cayman Islands - Cayman Islands Monetary Authority"
"888724","65008","13269","Cayman Islands - Cayman Islands Monetary Authority"
"885587","63746","12919","Cayman Islands - Cayman Islands Monetary Authority"
"884509","55900","11059","Bermuda - Bermuda Monetary Authority"
"884509","55900","14259","Bermuda - Bermuda Monetary Authority"
"892485","40385","7364","Other - CAYMAN ISLANDS - CAYMAN ISLANDS MONETARY AUTHORITY"
"883221","60632","12260","Cayman Islands - Cayman Islands Monetary Authority"
"888123","27831","5123","Other - CAYMAN ISLANDS MONETARY AUTHORITY"
"893054","43629","7933","Cayman Islands - Cayman Islands Stock Exchange Authority"
"888123","27753","5114","Other - CAYMAN ISLANDS MONETARY AUTHORITY"
"888123","27753","5116","Other - CAYMAN ISLANDS MONETARY AUTHORITY"
"888123","27821","5121","Other - CAYMAN ISLANDS MONETARY AUTHORITY"
"888123","27846","5127","Other - CAYMAN ISLANDS MONETARY AUTHORITY"
"888123","27846","5128","Other - CAYMAN ISLANDS MONETARY AUTHORITY"
"888123","27859","5130","Other - CAYMAN ISLANDS MONETARY AUTHORITY"
"888123","27859","5131","Other - CAYMAN ISLANDS MONETARY AUTHORITY"
"877107","60410","12199","British Virgin Islands - British Virgin Islands Financial Services Commission"
"892117","48903","8970","Other - CAYMAN ISLANDS MONETARY AUTHORITY"
"892117","48903","8971","Other - CAYMAN ISLANDS MONETARY AUTHORITY"
"892117","48903","8972","Mauritius, Republic of - Financial Services Commission"
"892117","48903","8972","India - Securities and Exchange Board of India"
"890518","59760","12108","Cayman Islands - Cayman Islands Monetary Authority"
"893777","18813","3852","Other - CAYMAN ISLANDS MONETARY AUTHORITY"
"890518","59760","12109","Cayman Islands - Cayman Islands Monetary Authority"
"890518","59757","12110","Cayman Islands - Cayman Islands Monetary Authority"
"890518","59757","12111","Cayman Islands - Cayman Islands Monetary Authority"
"890518","32369","5925","Other - CAYMAN ISLANDS MONETARY AUTHORITY"
"890518","32369","5924","Other - CAYMAN ISLANDS MONETARY AUTHORITY"
"890518","32382","5926","Other - CAYMAN ISLANDS MONETARY AUTHORITY"
"890518","32382","5929","Other - CAYMAN ISLANDS MONETARY AUTHORITY"
"888111","28071","5155","Other - CAYMAN ISLANDS, CAYMAN ISLANDS MONETARY AUTHORITY"
"888111","28071","5156","Other - CAYMAN ISLANDS MONETARY AUTHORITY"
"875824","26466","4861","Other - CAYMAN ISLANDS - CAYMAN ISLANDS MONETARY AUTHORITY"
"876232","33858","6562","Cayman Islands - Cayman Islands Monetary Authority"
"893907","26466","4861","Other - CAYMAN ISLANDS - CAYMAN ISLANDS MONETARY AUTHORITY"
"894311","5558","1679","Other - CAYMAN ISLANDS MONETARY AUTHORITY"
"864055","65786","13435","Cayman Islands - Cayman Islands Monetary Authority"
"894988","36992","31364","Cayman Islands - Cayman Islands Monetary Authority"
"894720","57981","11703","Cayman Islands - Cayman Islands Monetary Authority"
"885921","53851","10601","Other - CAYMAN ISLANDS MONETARY AUTHORITY"
"885921","53851","10550","Cayman Islands - Cayman Islands Monetary Authority"
"889635","49429","9119","Cayman Islands - Cayman Islands Monetary Authority"
"892357","22682","6094","Other - CAYMAN ISLANDS-THE CAYMAN ISLANDS MONETARY AUTHORITY"
"891491","52557","10175","Cayman Islands - Cayman Islands Monetary Authority"
"890636","36622","6798","Mauritius, Republic of - Financial Services Commission"
"883637","6853","1945","Other - CAYMAN ISLANDS MONETARY AUTHORITY"
"894164","29315","5507","Other - CAYMAN ISLANDS MONETARY AUTHORITY"
"894164","29315","5508","Other - CAYMAN ISLANDS MONETARY AUTHORITY"
"882839","3212","1355","Other - CAYMAN ISLANDS - MONETARY AUTHORITY"
"888107","57335","11431","Cayman Islands - Cayman Islands Monetary Authority"
"882508","46705","8457","Other - CAYMAN ISLANDS - MONETARY AUTHORITY"
"882508","46705","8458","Cayman Islands - Cayman Islands Monetary Authority"
"893916","17542","4782","Cayman Islands - Cayman Islands Monetary Authority"
"871458","46787","8472","Cayman Islands - Cayman Islands Monetary Authority"
"867456","41542","7529","Cayman Islands - Cayman Islands Monetary Authority"
"867456","62145","12622","Cayman Islands - Cayman Islands Monetary Authority"
"865007","8771","2482","Other - CAYMAN ISLANDS MONETARY AUTHORITY"
"898136","47918","10892","Other - CAYMAN ISLANDS MONETARY AUTHORITY"
"898019","47734","8730","Other - CAYMAN ISLANDS MONETARY AUTHORITY"
"898753","3212","1355","Other - CAYMAN ISLANDS - MONETARY AUTHORITY"
"897507","61246","12393","Cayman Islands - Cayman Islands Monetary Authority"
"897507","61228","12386","Cayman Islands - Cayman Islands Monetary Authority"
"897507","61228","12390","Cayman Islands - Cayman Islands Monetary Authority"
"888373","44680","13471","Jersey - Jersey Financial Services Commission"
"888373","44680","13470","Jersey - Jersey Financial Services Commission"
"895142","57360","11439","Cayman Islands - Cayman Islands Monetary Authority"
"895745","27061","4964","Cayman Islands - Cayman Islands Monetary Authority"
"898444","39708","7261","Other - CAYMAN ISLANDS MONETARY AUTHORITY"
"899427","3212","1355","Other - CAYMAN ISLANDS - MONETARY AUTHORITY"
"890211","39015","7499","Other - CAYMAN ISLANDS MONETARY AUTHORITY"
"899348","22029","7547","Cayman Islands - Cayman Islands Stock Exchange Authority"
"899544","22029","7547","Cayman Islands - Cayman Islands Stock Exchange Authority"
"893015","1930","1139","British Virgin Islands - British Virgin Islands Financial Services Commission"
"898634","17218","3417","Other - CAYMAN ISLANDS MONETARY AUTHORITY"
"898634","36051","6701","Other - CAYMAN ISLANDS MONETARY AUTHORITY"
"893834","59330","11967","Cayman Islands - Cayman Islands Monetary Authority"
"889002","44017","7980","Other - CAYMAN ISLANDS MONETARY AUTHORITY"
"897054","20652","4014","Other - CAYMAN ISLANDS MONETARY AUTHORITY (CIMA)"
"897540","40654","10856","Other - CAYMAN ISLANDS MONETARY AUTHORITY"
"892808","19643","3864","Other - CAYMAN ISLANDS/CAYMAN ISLANDS MONETARY AUTHORITY"
"882068","27587","5085","Other - CAYMAN ISLANDS MONETARY AUTHORITY"
"893883","63076","12823","Ireland -  Central Bank of Ireland"
"893883","46018","8314","Ireland -  Central Bank of Ireland"
"897912","46112","8329","Other - CAYMAN ISLANDS MONETARY AUTHORITY"
"882951","53921","10568","Other - CAYMAN ISLANDS MONETARY AUTHORITY"
"895167","15921","3229","Other - CAYMAN ISLANDS MONETARY AUTHORITY"
"874447","57896","11671","Cayman Islands - Cayman Islands Monetary Authority"
"893078","64704","13201","Cayman Islands - Cayman Islands Monetary Authority"
"871073","35796","6627","Other - CAYMAN ISLANDS - CAYMAN ISLANDS MONETARY AUTHORITY"
"868095","14033","2985","Other - CAYMAN ISLANDS MONETARY AUTHORITY"
"868095","14033","3650","Other - CAYMAN ISLANDS MONETARY AUTHORITY"
"897236","57045","11357","Cayman Islands - Cayman Islands Monetary Authority"
"897236","57045","11356","Cayman Islands - Cayman Islands Monetary Authority"
"897236","57045","11358","Cayman Islands - Cayman Islands Monetary Authority"
"894266","5752","1835","Other - CAYMAN ISLANDS MONETARY AUTHORITY"
"898081","59099","47376","Cayman Islands - Cayman Islands Monetary Authority"
"898081","59099","47378","Cayman Islands - Cayman Islands Monetary Authority"
"900827","54459","10721","Cayman Islands - Cayman Islands Stock Exchange Authority"
"900821","54459","10721","Cayman Islands - Cayman Islands Stock Exchange Authority"
"872912","56492","11189","Other - CAYMAN ISLANDS MONETARY AUTHORITY"
"872912","64008","12983","Cayman Islands - Cayman Islands Monetary Authority"
"872912","64864","13218","Cayman Islands - Cayman Islands Monetary Authority"
"872912","64008","12984","Cayman Islands - Cayman Islands Monetary Authority"
"872912","56492","11190","Other - CAYMAN ISLANDS MONETARY AUTHORITY"
"872912","55699","10996","Other - CAYMAN ISLANDS MONETARY AUTHORITY"
"872912","64864","13217","Cayman Islands - Cayman Islands Monetary Authority"
"896493","56163","11126","Other - CAYMAN ISLANDS MONETARY AUTHORITY"
"894696","57617","11579","Guernsey - Guernsey Financial Services Commission"
"894696","57618","11582","Guernsey - Guernsey Financial Services Commission"
"893017","23675","4415","Cayman Islands - Cayman Islands Monetary Authority"
"893017","23675","4416","Cayman Islands - Cayman Islands Monetary Authority"
"893850","57779","33364","Cayman Islands - Cayman Islands Monetary Authority"
"897554","31241","5698","British Virgin Islands - British Virgin Islands Financial Services Commission"
"897532","45646","8241","Other - CAYMAN ISLANDS MONETARY AUTHORITY"
"897532","56951","11320","Cayman Islands - Cayman Islands Monetary Authority"
"897532","56951","11319","Cayman Islands - Cayman Islands Monetary Authority"
"897532","56951","11321","Cayman Islands - Cayman Islands Monetary Authority"
"897532","45646","8240","Other - CAYMAN ISLANDS MONETARY AUTHORITY"
"897532","56951","11401","Cayman Islands - Cayman Islands Monetary Authority"
"898674","5605","2395","Cayman Islands - Cayman Islands Monetary Authority"
"898674","5605","2398","Cayman Islands - Cayman Islands Monetary Authority"
"897006","27006","4948","Other - CAYMAN ISLANDS/CAYMAN ISLANDS MONETARY AUTHORITY"
"885976","65805","13439","Jersey - Jersey Financial Services Commission"
"885976","65815","13442","Jersey - Jersey Financial Services Commission"
"885976","65827","13451","Jersey - Jersey Financial Services Commission"
"902210","15648","3202","Other - CAYMAN ISLANDS MONETARY AUTHORITY"
"902225","17381","5352","Other - CAYMAN ISLANDS MONETARY AUTHORITY"
"882628","30954","5655","Cayman Islands - Cayman Islands Monetary Authority"
"895131","59797","12088","Other - CAYMAN ISLANDS / CAYMAN ISLANDS MONETARY AUTHORITY (CIMA)"
"902402","59099","47376","Cayman Islands - Cayman Islands Monetary Authority"
"902402","59099","47378","Cayman Islands - Cayman Islands Monetary Authority"
"900459","36083","6687","Other - CAYMAN ISLANDS MONETARY AUTHORITY"
"895341","25922","4775","Other - CAYMANS ISLANDS/CAYMAN ISLANDS MONETARY AUTHORTY"
"877827","37553","6960","Other - GIBRALTAR - FINANCIAL SERVICES COMMISSION"
"877827","37579","6968","Guernsey - Guernsey Financial Services Commission"
"877827","37579","6968","Other - GIBRALTAR - FINANCIAL SERVICES COMMISSION"
"895796","56367","11177","Other - CAYMAN ISLANDS MONETARY AUTHORITY"
"873754","38836","7161","Cayman Islands - Cayman Islands Stock Exchange Authority"
"876428","37647","6995","Other - CAYMAN ISLANDS MONETARY AUTHORITY"
"903165","43514","7887","Other - CAYMAN ISLANDS MONETARY AUTHORITY"
"903165","43514","7885","Other - CAYMAN ISLANDS MONETARY AUTHORITY"
"891775","74161","43377","Other - FINANCIAL SERVICES COMMISSION - BARBADOS"
"891775","70373","17364","Guernsey - Guernsey Financial Services Commission"
"894309","41998","7592","British Virgin Islands - British Virgin Islands Financial Services Commission"
"893737","61533","12472","Other - CAYMAN ISLANDS MONETARY AUTHORITY"
"893737","61533","12473","Other - CAYMAN ISLANDS MONETARY AUTHORITY"
"893737","44753","8080","Other - CAYMAN ISLANDS MONETARY AUTHORITY"
"893737","44753","8088","Other - CAYMAN ISLANDS MONETARY AUTHORITY"
"900389","31718","5777","Other - CAYMAN ISLANDS MONETARY AUTHORITY"
"895860","35794","7551","Other - CAYMAN ISLANDS MONETARY AUTHORITY"
"894478","65123","13287","Cayman Islands - Cayman Islands Monetary Authority"
"894478","65123","13288","Cayman Islands - Cayman Islands Monetary Authority"
"903143","36775","6815","Bermuda - Bermuda Monetary Authority"
"898425","39284","7204","Cayman Islands - Cayman Islands Monetary Authority"
"898425","36228","7192","Cayman Islands - Cayman Islands Monetary Authority"
"898425","39245","7202","Cayman Islands - Cayman Islands Monetary Authority"
"898425","39311","7207","Cayman Islands - Cayman Islands Monetary Authority"
"863626","61813","12528","Cayman Islands - Cayman Islands Monetary Authority"
"863626","37784","7590","Other - CAYMAN - CAYMAN ISLANDS MONETARY AUTHORITY (CIMA)"
"896384","73736","39368","Other - CAYMAN ISLANDS MONETARY AUTHORITY"
"896384","27676","7134","Other - CAYMAN ISLANDS MONETARY AUTHORITY"
"896384","27795","7147","Other - CAYMAN ISLANDS MONETARY AUTHORITY"
"896384","27526","7154","Other - CAYMAN ISLANDS MONETARY AUTHORITY"
"896384","59077","11997","Other - CAYMAN ISLANDS MONETARY AUTHORITY"
"896384","27184","6961","Other - CAYMAN ISLANDS MONETARY AUTHORITY"
"896384","27556","7127","Other - CAYMAN ISLANDS MONETARY AUTHORITY"
"899256","48010","8805","Jersey - Jersey Financial Services Commission"
"903456","52145","10057","Cayman Islands - Cayman Islands Monetary Authority"
"904389","41052","7471","Other - CAYMAN ISLANDS MONETARY AUTHORITY"
"899520","64947","13256","Cayman Islands - Cayman Islands Monetary Authority"
"899520","64947","13255","Cayman Islands - Cayman Islands Monetary Authority"
"899520","64945","13254","Cayman Islands - Cayman Islands Monetary Authority"
"899520","75435","46394","Cayman Islands - Cayman Islands Monetary Authority"
"896506","65500","13364","Cayman Islands - Cayman Islands Monetary Authority"
"896506","65500","56378","Cayman Islands - Cayman Islands Monetary Authority"
"893005","56306","11143","Other - CIMA - CAYMAN ISLANDS MONETARY AUTHORITY"
"904662","64763","13194","Cayman Islands - Cayman Islands Monetary Authority"
"880718","68909","14094","Cayman Islands - Cayman Islands Monetary Authority"
"904638","23768","4430","Other - CAYMAN ISLANDS MONETARY AUTHORITY"
"894669","73928","39376","Other - CAYMAN ISLANDS MONETARY AUTHORITY"
"894669","73932","39378","Other - CAYMAN ISLANDS MONETARY AUTHORITY"
"894669","73932","39379","Other - CAYMAN ISLANDS MONETARY AUTHORITY"
"894669","50037","9257","Other - CAYMAN ISLANDS MONETARY AUTHORITY"
"894669","50037","9258","Other - CAYMAN ISLANDS MONETARY AUTHORITY"
"894669","22136","4267","Other - CAYMAN ISLANDS MONETARY AUTHORITY"
"894669","22136","4268","Other - CAYMAN ISLANDS MONETARY AUTHORITY"
"894669","22136","4269","Other - CAYMAN ISLANDS MONETARY AUTHORITY"
"894669","22136","4270","Other - CAYMAN ISLANDS MONETARY AUTHORITY"
"894669","22985","4347","Other - CAYMAN ISLANDS MONETARY AUTHORITY"
"894669","23013","4354","Other - CAYMAN ISLANDS MONETARY AUTHORITY"
"894669","22994","4351","Other - CAYMAN ISLANDS MONETARY AUTHORITY"
"894669","22136","9534","Other - CAYMAN ISLANDS MONETARY AUTHORITY"
"904646","67080","13741","Cayman Islands - Cayman Islands Monetary Authority"
"904646","66787","13676","Cayman Islands - Cayman Islands Monetary Authority"
"894665","15536","4679","Other - CAYMAN ISLANDS MONETARY AUTHORITY"
"894665","15536","4678","Other - CAYMAN ISLANDS MONETARY AUTHORITY"
"893504","42323","7656","Mauritius, Republic of - Financial Services Commission"
"893013","32037","5862","Other - CAYMAN ISLANDS MONETARY AUTHORITY"
"893013","32037","9877","Cayman Islands - Cayman Islands Monetary Authority"
"900463","28043","5146","Other - CAYMAN ISLANDS MONETARY AUTHORITY"
"900463","64408","13061","Other - CAYMAN ISLANDS MONETARY AUTHORITY"
"900463","28050","5151","Other - CAYMAN ISLANDS MONETARY AUTHORITY"
"900463","35255","6529","Other - CAYMAN ISLANDS MONETARY AUTHORITY"
"881490","56686","11261","Cayman Islands - Cayman Islands Monetary Authority"
"904521","41729","7544","Other - CAYMAN ISLANDS MONETARY AUTHORITY"
"885182","2775","2989","Other - CAYMAN ISLANDS MONETARY AUTHORITY"
"885182","2775","2988","Other - CAYMAN ISLANDS MONETARY AUTHORITY"
"883015","75562","46428","Other - CAYMAN ISLANDS MONETARY AUTHORITY"
"883015","31181","5682","Other - CAYMAN ISLANDS MONETARY AUTHORITY"
"902860","66509","13711","Cayman Islands - Cayman Islands Monetary Authority"
"902860","66510","13714","Cayman Islands - Cayman Islands Monetary Authority"
"897654","57768","11810","Cayman Islands - Cayman Islands Monetary Authority"
"902242","76643","51367","Cayman Islands - Cayman Islands Monetary Authority"
"902242","76643","51368","Cayman Islands - Cayman Islands Monetary Authority"
"902344","55882","11042","Other - CAYMAN ISLAND MONETARY AUTHROIRY"
"888429","48158","12498","Cayman Islands - Cayman Islands Monetary Authority"
"896909","64490","13277","Cayman Islands - Cayman Islands Monetary Authority"
"899877","20942","4074","Jersey - Jersey Financial Services Commission"
"899877","20296","3976","Jersey - Jersey Financial Services Commission"
"892468","58362","11770","Cayman Islands - Cayman Islands Monetary Authority"
"885995","38050","7057","Other - REGISTRAR OF LIMITED PARTNERSHIPS, CAYMAN ISLANDS"
"885995","38137","7061","Other - REGISTRAR OF LIMITED PARTNERSHIPS, CAYMAN ISLANDS"
"897616","64560","13124","Cayman Islands - Cayman Islands Monetary Authority"
"898202","66418","13587","Cayman Islands - Cayman Islands Monetary Authority"
"904792","60460","13797","Guernsey - Guernsey Financial Services Commission"
"886102","71228","29365","Guernsey - Guernsey Financial Services Commission"
"900407","54110","10611","Other - CAYMAN ISLANDS/CAYMAN ISLANDS MONETARY AUTHORITY"
"903084","56238","11135","Other - CAYMAN ISLANDS MONETARY AUTHORITY"
"898630","41972","7588","Other - CAYMAN ISLANDS MONETARY AUTHORITY"
"900409","16925","3370","Other - CAYMAN ISLANDS MONETARY AUTHORITY"
"900409","16925","3371","Other - CAYMAN ISLANDS MONETARY AUTHORITY"
"900409","76319","48367","Other - CAYMAN ISLANDS MONETARY AUTHORITY"
"894550","64110","13010","Cayman Islands - Cayman Islands Monetary Authority"
"905138","43792","7935","Other - CAYMAN ISLANDS MONETARY AUTHORITY"
"895598","41044","7517","Other - CAYMAN ISLANDS MONETARY AUTHORITY"
"903006","43511","7881","Mauritius, Republic of - Financial Services Commission"
"902417","65809","13507","Cayman Islands - Cayman Islands Monetary Authority"
"888071","46230","25364","Cayman Islands - Cayman Islands Monetary Authority"
"888071","46230","11571","Cayman Islands - Cayman Islands Monetary Authority"
"903479","57562","11563","Cayman Islands - Cayman Islands Monetary Authority"
"899535","75460","46407","United Kingdom - Financial Conduct Authority"
"899535","75460","46407","Luxembourg, Grand Duchy of - Commission to Surveillance of the Finance Sector"
"899535","75602","46432","Luxembourg, Grand Duchy of - Commission to Surveillance of the Finance Sector"
"899535","75602","46432","United Kingdom - Financial Conduct Authority"
"899535","75599","46431","Luxembourg, Grand Duchy of - Commission to Surveillance of the Finance Sector"
"899535","75599","46431","United Kingdom - Financial Conduct Authority"
"881328","47135","8575","Cayman Islands - Cayman Islands Stock Exchange Authority"
"873992","68041","13952","Cayman Islands - Cayman Islands Monetary Authority"
"873992","68041","13953","Cayman Islands - Cayman Islands Monetary Authority"
"888101","18608","3662","British Virgin Islands - British Virgin Islands Financial Services Commission"
"888101","58578","11821","Cayman Islands - Cayman Islands Monetary Authority"
"892124","77473","58366","Cayman Islands - Cayman Islands Monetary Authority"
"894044","64578","13129","Jersey - Jersey Financial Services Commission"
"894044","44417","13130","Jersey - Jersey Financial Services Commission"
"894044","44418","13131","Jersey - Jersey Financial Services Commission"
"894044","73211","33370","Jersey - Jersey Financial Services Commission"
"893503","72373","58365","Cayman Islands - Cayman Islands Monetary Authority"
"906169","28542","10575","Cayman Islands - Cayman Islands Stock Exchange Authority"
"903402","31718","5777","Other - CAYMAN ISLANDS MONETARY AUTHORITY"
"874087","41803","7683","Other - CAYMAN ISLANDS MONETARY AUTHORITY"
"897735","58322","11762","Mauritius, Republic of - Financial Services Commission"
"906858","54405","10707","Other - CAYMAN ISLANDS MONETARY AUTHORITY"
"906858","54406","10708","Other - CAYMAN ISLANDS MONETARY AUTHORITY"
"895338","42413","7684","British Virgin Islands - British Virgin Islands Financial Services Commission"
"895338","50443","9436","British Virgin Islands - British Virgin Islands Financial Services Commission"
"905011","41052","7471","Other - CAYMAN ISLANDS MONETARY AUTHORITY"
"888659","69921","61371","Cayman Islands - Cayman Islands Monetary Authority"
"904692","25922","4775","Other - CAYMANS ISLANDS/CAYMAN ISLANDS MONETARY AUTHORTY"
"907009","36158","6705","Other - CAYMAN ISLANDS MONETARY AUTHORITY CIMA"
"907009","36237","10561","Other - CAYMAN ISLANDS MONETARY AUTHORITY CIMA"
"893260","54944","10839","British Virgin Islands - British Virgin Islands Financial Services Commission"
"898736","17026","3386","Other - CAYMAN ISLANDS MONETARY AUTHORITY"
"898736","17083","3391","Other - CAYMAN ISLANDS MONETARY AUTHORITY"
"898736","17105","3395","Other - CAYMAN ISLANDS MONETARY AUTHORITY"
"898736","17109","3396","Other - CAYMAN ISLANDS MONETARY AUTHORITY"
"898736","17834","3515","Other - CAYMAN ISLANDS MONETARY AUTHORITY"
"897743","16342","3282","Other - IRISH FINANCIAL SERVICES REGULATORY AUTHORITY (IFSRA)"
"897743","16342","3282","Ireland -  Central Bank of Ireland"
"897743","16387","3290","Other - IRISH FINANCIAL SERVICES REGULATORY AUTHORITY (IFSRA)"
"897743","16387","3290","Ireland -  Central Bank of Ireland"
"907504","54139","10614","Other - CAYMAN ISLANDS/CAYMAN ISLANDS MONETARY AUTHORITY"
"905002","44430","14101","Cayman Islands - Cayman Islands Monetary Authority"
"905002","44430","14102","Cayman Islands - Cayman Islands Monetary Authority"
"905002","44430","8019","Other - CAYMAN ISLANDS/CAYMAN ISLANDS MONETARY AUTHORITY"
"905002","44430","8022","Other - CAYMAN ISLANDS/CAYMAN ISLANDS MONETARY AUTHORITY"
"880445","3474","1378","Other - CAYMAN ISLANDS MONETARY AUTHORITY"
"880445","3474","1377","Other - CAYMAN ISLANDS MONETARY AUTHORITY"
"908176","67080","13741","Cayman Islands - Cayman Islands Monetary Authority"
"908176","66787","13676","Cayman Islands - Cayman Islands Monetary Authority"
"907905","63477","12864","Cayman Islands - Cayman Islands Monetary Authority"
"908222","24841","4608","Cayman Islands - Cayman Islands Monetary Authority"
"908559","1380","1080","Other - CAYMAN ISLANDS - THE CAYMAN ISLANDS MONETARY AUTHORITY"
"886552","63763","12920","Cayman Islands - Cayman Islands Monetary Authority"
"886552","63762","12921","Cayman Islands - Cayman Islands Monetary Authority"
"909514","44430","14101","Cayman Islands - Cayman Islands Monetary Authority"
"909514","44430","14102","Cayman Islands - Cayman Islands Monetary Authority"
"909514","44430","8019","Other - CAYMAN ISLANDS/CAYMAN ISLANDS MONETARY AUTHORITY"
"909514","44430","8022","Other - CAYMAN ISLANDS/CAYMAN ISLANDS MONETARY AUTHORITY"
"909893","56238","11135","Other - CAYMAN ISLANDS MONETARY AUTHORITY"
"908184","90230","67364","Cayman Islands - Cayman Islands Monetary Authority"
"904764","62966","12770","Cayman Islands - Cayman Islands Monetary Authority"
"911620","56600","11243","Other - EXEMPT FROM REGISTRATION WITH MONETARY AUTHORITY OF CAYMAN ISLANDS"
"911620","56600","11245","Other - EXEMPT FROM REGISTRATION WITH MONETARY AUTHORITY OF THE CAYMAN ISLANDS"
"911620","56600","11246","Other - EXEMPT FROM REGISTRATION WITH MONETARY AUTHORITY OF CAYMAN ISLANDS"
"911620","66556","13607","Other - EXEMPT FROM REGISTRATION WITH MONETARY AUTHORITY OF CAYMAN ISLANDS"
"911620","66556","13613","Other - EXEMPT FROM REGISTRATION WITH THE MONETARY AUTHORITY OF CAYMAN ISLANDS"
"911620","66556","13609","Other - EXEMPT FROM REGISTRATION WITH MONETARY AUTHORITY OF THE CAYMAN ISLANDS"
"911620","66558","13614","Other - EXEMPT FROM REGISTRATION WITH MONETARY AUTHORITY OF CAYMAN ISLANDS"
"911620","66558","13615","Other - EXEMPT FROM REGISTRATION WITH MONETARY AUTHORITY OF THE CAYMAN ISLANDS"
"911620","66558","13616","Other - EXEMPT FROM REGISTRATION WITH MONETARY AUTHORITY OF THE CAYMAN ISLANDS"
"911620","66558","13617","Other - EXEMPT FROM REGISTRATION WITH THE CAYMAN ISLANDS MONETARY AUTHORITY"
"911620","66559","13618","Other - EXEMPT FROM REGISTRATION WITH MONETARY AUTHORITY OF CAYMAN ISLANDS"
"911620","66559","13619","Other - EXEMPT FROM REGISTRATION WITH THE MONETARY AUTHORITY OF CAYMAN ISLANDS"
"911620","66559","13620","Other - EXEMPT FROM REGISTRATION WITH MONETARY AUTHORITY OF THE CAYMAN ISLANDS"
"911620","66560","13621","Other - EXEMPT FROM REGISTRATION WITH THE MONETARY AUTHORITY OF CAYMAN ISLANDS"
"911620","66560","13622","Other - EXEMPT FROM REGISTRATION WITH MONETARY AUTHORITY OF CAYMAN ISLANDS"
"911620","66560","13623","Other - EXEMPT FROM REGISTRATION WITH MONETARY AUTHORITY OF THE CAYMAN ISLANDS"
"911620","66560","13624","Other - EXEMPT FROM REGISTRATION WITH MONETARY AUTHORITY OF CAYMAN ISLANDS"
"911620","66561","13625","Other - EXEMPT FROM REGISRATION WITH MONETARY AUTHORITY OF CAYMAN ISLANDS"
"911620","66562","13626","Other - EXEMPT FROM REGISTRATION WITH MONETARY AUTHORITY OF CAYMAN ISLANDS"
"911620","66579","13630","Other - EXEMPT FROM REGISTRATION WITH THE CAYMAN ISLANDS MONETARY AUTHORITY"
"911620","44147","7971","Other - NONE"
"911620","44147","7972","Other - EXEMPT FROM REGISTRATION WITH MONETARY AUTHORITY OF CAYMAN ISLANDS"
"911620","44147","7973","Other - EXEMPT FROM REGISTRATION WITH MONETARY AUTHORITY OF CAYMAN ISLANDS"
"911620","44147","7974","Other - EXEMPT FROM REGISTRATION WITH MONETARY AUTHORITY OF CAYMAN ISLANDS"
"911620","44168","7976","Other - EXEMPT FROM REGISTRATION WITH MONETARY AUTHORITY OF CAYMAN ISLANDS"
"911620","44150","7975","Other - EXEMPT FROM REGISRATION WITH MONETARY AUTHORITY OF CAYMAN ISLANDS"
"911620","44168","7977","Other - NONE"
"911620","43959","7959","Bermuda - Bermuda Monetary Authority"
"911620","43959","7960","Other - NONE"
"911620","56590","11219","Other - EXEMPT FROM REGISTRATION WITH MONETARY AUTHORITY OF CAYMAN ISLANDS"
"911620","56590","11220","Other - EXEMPT FROM REGISTRATION WITH MONETARY AUTHORITY OF CAYMAN ISLANDS"
"911620","56587","11225","Other - EXEMPT FROM REGISTRATION WITH THE MONETARY AUTHORITY OF CAYMAN ISLANDS"
"911620","56587","11226","Other - EXEMPT FROM REGISTRATION WITH MONETARY AUTHORITY OF CAYMAN ISLANDS"
"911620","56587","11227","Other - EXEMPT FROM REGISTRATION WITH MONETARY AUTHORITY OF THE CAYMAN ISLANDS"
"911620","56587","11228","Other - EXEMPT FROM REGISTRATION WITH MONETARY AUTHORITY OF CAYMAN ISLANDS"
"911620","56596","11229","Other - EXEMPT FROM REGISTRATION WITH MONETARY AUTHORITY OF CAYMAN ISLANDS"
"911620","56596","11230","Other - EXEMPT FROM REGISTRATION WITH MONETARY AUTHORITY OF THE CAYMAN ISLANDS"
"911620","56596","11231","Other - EXEMPT FROM REGISTRATION WITH MONETARY AUTHORITY OF THE CAYMAN ISLANDS"
"911620","56596","11232","Other - EXEMPT FROM REGISTRATION WITH MONETARY AUTHORITY OF CAYMAN ISLANDS"
"911620","56597","11233","Other - EXEMPT FROM REGISTRATION"
"911620","56597","11234","Other - EXEMPT FROM REGISTRATION WITH MONETARY AUTHORITY OF THE CAYMAN ISLANDS"
"911620","56597","11235","Other - EXEMPT FROM REGISTRATION WITH MONETARY AUTHORITY OF THE CAYMAN ISLANDS"
"911620","56597","11236","Other - EXEMPT FROM REGISTRATION WITH MONETARY AUTHORITY OF CAYMAN ISLANDS"
"911620","56597","11237","Other - EXEMPT FROM REGISTRATION WITH THE MONETARY AUTHORITY OF CAYMAN ISLANDS"
"911620","56599","11242","Other - EXEMPT FROM REGISRATION WITH MONETARY AUTHORITY OF CAYMAN ISLANDS"
"900086","29614","5513","Luxembourg, Grand Duchy of - Commission to Surveillance of the Finance Sector"
"912691","43824","7941","Other - CAYMAN ISLANDS MONETARY AUTHORITY"
"912872","53292","10438","Cayman Islands - Cayman Islands Monetary Authority"
"912872","53292","10439","Cayman Islands - Cayman Islands Monetary Authority"
"913519","58322","11762","Mauritius, Republic of - Financial Services Commission"
"910593","49429","9119","Cayman Islands - Cayman Islands Monetary Authority"
"913880","65809","13507","Cayman Islands - Cayman Islands Monetary Authority"
"913338","65008","13270","Cayman Islands - Cayman Islands Monetary Authority"
"913338","65008","13269","Cayman Islands - Cayman Islands Monetary Authority"
"914062","120360","83384","Cayman Islands - Cayman Islands Monetary Authority"
"914062","63934","12973","Cayman Islands - Cayman Islands Monetary Authority"
"911813","13326","2853","Other - CAYMAN ISLANDS - CAYMAN ISLANDS MONETARY AUTHORITY"
"915570","68041","13952","Cayman Islands - Cayman Islands Monetary Authority"
"915570","68041","13953","Cayman Islands - Cayman Islands Monetary Authority"
"915580","66777","13717","Cayman Islands - Cayman Islands Monetary Authority"
"914339","65805","13439","Jersey - Jersey Financial Services Commission"
"914339","65815","13442","Jersey - Jersey Financial Services Commission"
"914339","65827","13451","Jersey - Jersey Financial Services Commission"
"913986","120357","83389","Cayman Islands - Cayman Islands Monetary Authority"
"900824","67364","13823","Cayman Islands - Cayman Islands Monetary Authority"
"915598","120452","83410","Cayman Islands - Cayman Islands Monetary Authority"
"915598","120453","83412","Cayman Islands - Cayman Islands Monetary Authority"
"915598","120451","83411","Cayman Islands - Cayman Islands Monetary Authority"
"916922","65182","13307","Cayman Islands - Cayman Islands Monetary Authority"
"916974","58979","13896","Cayman Islands - Cayman Islands Monetary Authority"
"917093","18608","3662","British Virgin Islands - British Virgin Islands Financial Services Commission"
"917093","58578","11821","Cayman Islands - Cayman Islands Monetary Authority"
"917101","56093","11107","Other - CAYMAN ISLANDS MONETARY AUTHORITY"
"917375","23059","4566","Other - CAYMAN ISLANDS MONETARY AUTHORITY"
"913252","120317","83378","Cayman Islands - Cayman Islands Monetary Authority"
"918865","67080","13741","Cayman Islands - Cayman Islands Monetary Authority"
"918865","66787","13676","Cayman Islands - Cayman Islands Monetary Authority"
"916840","15999","3238","Other - NOT REGULATED"
"917244","5021","12988","Cayman Islands - Cayman Islands Monetary Authority"
"917244","120585","83431","Cayman Islands - Cayman Islands Monetary Authority"
"917177","2655","1274","Other - CIMA, CAYMAN ISLANDS"
"919381","18608","3662","British Virgin Islands - British Virgin Islands Financial Services Commission"
"919381","58578","11821","Cayman Islands - Cayman Islands Monetary Authority"
"919380","64751","13192","Cayman Islands - Cayman Islands Monetary Authority"
"919539","65805","13439","Jersey - Jersey Financial Services Commission"
"919539","65815","13442","Jersey - Jersey Financial Services Commission"
"919539","65827","13451","Jersey - Jersey Financial Services Commission"
"919447","124734","87462","Cayman Islands - Cayman Islands Monetary Authority"
"916801","21900","83428","Cayman Islands - Cayman Islands Monetary Authority"
"922148","55167","10885","Other - CAYMAN ISLANDS MONETARY AUTHORITY"
"923108","46230","25364","Cayman Islands - Cayman Islands Monetary Authority"
"923108","46230","11571","Cayman Islands - Cayman Islands Monetary Authority"
"921349","67080","13741","Cayman Islands - Cayman Islands Monetary Authority"
"921349","66787","13676","Cayman Islands - Cayman Islands Monetary Authority"
"923134","61813","12528","Cayman Islands - Cayman Islands Monetary Authority"
"923134","37784","7590","Other - CAYMAN - CAYMAN ISLANDS MONETARY AUTHORITY (CIMA)"
"920104","30398","5543","Other - CAYMAN ISLANDS - CAYMAN ISLANDS MONETARY AUTHORITY"
"920104","66774","13670","Cayman Islands - Cayman Islands Monetary Authority"
"918199","120717","83461","Cayman Islands - Cayman Islands Monetary Authority"
"888998","46766","11593","Cayman Islands - Cayman Islands Monetary Authority"
"916249","67279","13760","Cayman Islands - Cayman Islands Monetary Authority"
"917871","63667","12899","Cayman Islands - Cayman Islands Monetary Authority"
"917871","63667","12900","Cayman Islands - Cayman Islands Monetary Authority"
"926409","65506","13368","Bermuda - Bermuda Monetary Authority"
"926999","11123","2608","Other - CAYMAN ISLANDS - CAYMAN ISLANDS MONETARY AUTHORITY"
"926841","40117","7330","Other - CAYMAN ISLAND MONETARY AUTHORITY"
"926841","40165","7340","Other - CAYMAN ISLANDS MONETARY AUTHORITY"
"926841","37584","7024","Other - CAYMAN ISLANDS MONETARY AUTHORITY"
"926841","63059","12784","Other - CAYMAN ISLANDS MONETARY AUTHORITY"
"927519","64484","13081","Guernsey - Guernsey Financial Services Commission"
"927519","64484","13080","Guernsey - Guernsey Financial Services Commission"
"927307","56163","11126","Other - CAYMAN ISLANDS MONETARY AUTHORITY"
"877746","42485","7692","South Korea - Financial Supervisory Commission / Financial Supervisory Service"
"904526","120448","83405","Cayman Islands - Cayman Islands Monetary Authority"
"904526","120449","83406","Cayman Islands - Cayman Islands Monetary Authority"
"928057","17381","5352","Other - CAYMAN ISLANDS MONETARY AUTHORITY"
"925222","65805","13439","Jersey - Jersey Financial Services Commission"
"925222","65815","13442","Jersey - Jersey Financial Services Commission"
"925222","65827","13451","Jersey - Jersey Financial Services Commission"
"927801","66777","13717","Cayman Islands - Cayman Islands Monetary Authority"
"919135","120734","95462","Cayman Islands - Cayman Islands Monetary Authority"
"928914","47135","8575","Cayman Islands - Cayman Islands Stock Exchange Authority"
"927545","66418","13587","Cayman Islands - Cayman Islands Monetary Authority"
"929490","10738","2530","Mauritius, Republic of - Financial Services Commission"
"929490","10738","2531","Mauritius, Republic of - Financial Services Commission"
"929521","64704","13201","Cayman Islands - Cayman Islands Monetary Authority"
"915335","120699","83456","Cayman Islands - Cayman Islands Monetary Authority"
"915335","52557","10175","Cayman Islands - Cayman Islands Monetary Authority"
"927020","54982","10851","Cayman Islands - Cayman Islands Monetary Authority"
"929498","158968","107524","Mauritius, Republic of - Financial Services Commission"
"929498","64681","13151","Singapore - Monetary Authority of Singapore"
"929498","10280","2480","Mauritius, Republic of - Financial Services Commission"
"929498","10747","2535","Mauritius, Republic of - Financial Services Commission"
"929498","158968","107523","Mauritius, Republic of - Financial Services Commission"
"926123","8724","2259","Other - CAYMAN ISLANDS MONETARY AUTHORITY"
"926123","8693","2261","Other - CAYMAN ISLANDS MONETARY AUTHORITY"
"929987","4128","1449","Cayman Islands - Cayman Islands Stock Exchange Authority"
"929987","4128","1447","Cayman Islands - Cayman Islands Stock Exchange Authority"
"929987","4128","1448","Cayman Islands - Cayman Islands Stock Exchange Authority"
"930440","15999","3238","Other - NOT REGULATED"
"930437","44430","14101","Cayman Islands - Cayman Islands Monetary Authority"
"930437","44430","14102","Cayman Islands - Cayman Islands Monetary Authority"
"930437","44430","8019","Other - CAYMAN ISLANDS/CAYMAN ISLANDS MONETARY AUTHORITY"
"930437","44430","8022","Other - CAYMAN ISLANDS/CAYMAN ISLANDS MONETARY AUTHORITY"
"929534","158996","107537","Other - MALTA FINANCIAL SERVICES AUTHORITY"
"929534","64674","13149","Other - MALTA FINANCIAL SERVICES AUTHORITY"
"909576","43409","7853","Other - CAYMAN ISLANDS MONETARY AUTHORITY"
"909576","43416","7858","Other - CAYMAN ISLANDS MONETARY AUTHORITY"
"909576","43409","7851","Other - CAYMAN ISLANDS MONETARY AUTHORITY"
"906537","65453","13379","Cayman Islands - Cayman Islands Monetary Authority"
"928787","158916","107499","Cayman Islands - Cayman Islands Monetary Authority"
"927992","5558","1679","Other - CAYMAN ISLANDS MONETARY AUTHORITY"
"928744","158930","107528","Cayman Islands - Cayman Islands Monetary Authority"
"923369","57896","11671","Cayman Islands - Cayman Islands Monetary Authority"
"918477","41729","7544","Other - CAYMAN ISLANDS MONETARY AUTHORITY"
"927325","157792","106471","Other - CAYMAN ISLANDS MONETARY AUTHORITY"
"927325","46571","8416","Other - CAYMAN ISLANDS MONETARY AUTHORITY"
"930879","33524","10833","Jersey - Jersey Financial Services Commission"
"928181","32066","5881","Other - CAYMAN ISLANDS MONETARY AUTHORITY"
"928181","32066","5882","Other - CAYMAN ISLANDS MONETARY AUTHORITY"
"928181","32149","5888","Other - CAYMAN ISLANDS MONETARY AUTHORITY"
"928181","32149","5889","Other - CAYMAN ISLANDS MONETARY AUTHORITY"
"928181","32066","5877","Other - CAYMAN ISLANDS MONETARY AUTHORITY"
"928181","32066","5879","Other - CAYMAN ISLANDS MONETARY AUTHORITY"
"928181","32066","5880","Other - CAYMAN ISLANDS MONETARY AUTHORITY"
"928181","32149","13092","Cayman Islands - Cayman Islands Monetary Authority"
"917612","53933","10576","Other - CAYMAN ISLANDS MONETARY AUTHORITY"
"917612","14189","3008","Other - CAYMAN ISLANDS MONETARY AUTHORITY"
"917612","14193","3009","Other - CAYMAN ISLANDS MONETARY AUTHORITY"
"917612","14196","3010","Other - CAYMAN ISLANDS MONETARY AUTHORITY"
"917612","14198","3011","Other - CAYMAN ISLANDS MONETARY AUTHORITY"
"917612","14201","3012","Other - CAYMAN ISLANDS MONETARY AUTHORITY"
"930517","30954","5655","Cayman Islands - Cayman Islands Monetary Authority"
"914038","55882","11042","Cayman Islands - Cayman Islands Monetary Authority"
"928709","47586","8704","Other - CAYMAN ISLANDS MONETARY AUTHORITY"
"928709","47586","12692","Cayman Islands - Cayman Islands Monetary Authority"
"927806","20444","3980","Other - CAYMAN ISLANDS MONETARY AUTHORITY"
"929733","6693","1911","Other - CIMA"
"932092","24899","4614","Cayman Islands - Cayman Islands Monetary Authority"
"927615","34655","6432","Other - CAYMAN ISLANDS MONETARY AUTHORITY"
"927615","34655","6634","Other - CENTRAL BANK OF CYPRUS"
"927615","36600","6963","Other - CAYMAN ISLANDS MONETARY AUTHORITY"
"927615","36600","6965","Other - CENTRAL BANK OF CYPRUS"
"929285","7904","2107","Other - CAYMAN ISLANDS - CAYMAN ISLANDS MONETARY AUTHORITY"
"930694","18092","5327","Mauritius, Republic of - Financial Services Commission"
"930832","21911","4728","Jersey - Jersey Financial Services Commission"
"927266","37600","7028","Other - CAYMAN ISLANDS MONETARY AUTHORITY"
"927266","37600","7034","Other - CAYMAN ISLANDS MONETARY AUTHORITY"
"927266","36257","7049","Other - CAYMAN ISLANDS MONETARY AUTHORITY"
"927266","36257","7050","Other - CAYMAN ISLANDS MONETARY AUTHORITY"
"924721","158920","107500","Guernsey - Guernsey Financial Services Commission"
"924721","55001","10854","Guernsey - Guernsey Financial Services Commission"
"924721","24526","7538","Guernsey - Guernsey Financial Services Commission"
"924721","24539","7540","Guernsey - Guernsey Financial Services Commission"
"924721","24533","4528","Guernsey - Guernsey Financial Services Commission"
"924721","24533","4529","Guernsey - Guernsey Financial Services Commission"
"924721","34048","6518","Guernsey - Guernsey Financial Services Commission"
"924721","34010","6605","Guernsey - Guernsey Financial Services Commission"
"924721","54999","10853","Guernsey - Guernsey Financial Services Commission"
"924721","24539","13098","Guernsey - Guernsey Financial Services Commission"
"924721","24533","13099","Guernsey - Guernsey Financial Services Commission"
"924721","24537","13100","Guernsey - Guernsey Financial Services Commission"
"932087","42206","7618","Mauritius, Republic of - Financial Services Commission"
"932087","42237","7626","Mauritius, Republic of - Financial Services Commission"
"927002","46230","25364","Cayman Islands - Cayman Islands Monetary Authority"
"927002","46230","11571","Cayman Islands - Cayman Islands Monetary Authority"
"930675","19062","5329","Mauritius, Republic of - Financial Services Commission"
"930271","12438","2762","Other - CAYMAN ISLANDS MONETARY AUTHORITY"
"930904","23059","4566","Other - CAYMAN ISLANDS MONETARY AUTHORITY"
"917658","48158","12498","Cayman Islands - Cayman Islands Monetary Authority"
"927272","17577","3469","Other - CAYMAN ISLANDS - CAYMAN ISLANDS MONETARY AUTHORITY"
"927272","17577","3474","United Kingdom - Financial Conduct Authority"
"927272","17577","3474","Guernsey - Guernsey Financial Services Commission"
"927272","17943","3537","Other - CAYMAN ISLANDS - CAYMAN ISLANDS MONETARY AUTHORITY"
"927272","18748","3695","Other - CAYMAN ISLANDS - CAYMAN ISLANDS MONETARY AUTHORITY"
"927272","19275","3777","Other - CAYMAN ISLANDS - CAYMAN ISLANDS MONETARY AUTHORITY"
"927272","157794","106473","Other - CAYMAN ISLANDS - CAYMAN ISLANDS MONETARY AUTHORITY"
"927272","50742","9808","Other - CAYMAN ISLANDS - CAYMAN ISLANDS MONETARY AUTHORITY"
"918307","58362","11770","Cayman Islands - Cayman Islands Monetary Authority"
"932985","55571","109574","Guernsey - Guernsey Financial Services Commission"
"933507","8724","2259","Other - CAYMAN ISLANDS MONETARY AUTHORITY"
"933507","8693","2261","Other - CAYMAN ISLANDS MONETARY AUTHORITY"
"933991","7145","1993","Other - CAYMAN ISLAND MONETARY AUTHORITY"
"933991","4550","3160","Other - CAYMAN ISLANDS MONETARY AUTHORITY"
"933991","15286","3167","Other - CAYMAN ISLANDS MONETARY AUTHORITY"
"918068","120654","83447","Cayman Islands - Cayman Islands Monetary Authority"
"934314","30954","5655","Cayman Islands - Cayman Islands Monetary Authority"
"933487","68909","14094","Cayman Islands - Cayman Islands Monetary Authority"
"933487","68909","109582","Cayman Islands - Cayman Islands Monetary Authority"
"935226","63762","12921","Cayman Islands - Cayman Islands Monetary Authority"
"935226","63763","12920","Cayman Islands - Cayman Islands Monetary Authority"
"933988","56306","11143","Cayman Islands - Cayman Islands Monetary Authority"
"928812","158918","107497","Cayman Islands - Cayman Islands Monetary Authority"
"933199","162203","109585","Cayman Islands - Cayman Islands Monetary Authority"
"933199","162198","109583","Cayman Islands - Cayman Islands Monetary Authority"
"933957","34201","13135","Cayman Islands - Cayman Islands Monetary Authority"
"932374","73928","39376","Other - CAYMAN ISLANDS MONETARY AUTHORITY"
"932374","73932","39378","Other - CAYMAN ISLANDS MONETARY AUTHORITY"
"932374","73932","39379","Other - CAYMAN ISLANDS MONETARY AUTHORITY"
"932374","50037","9257","Other - CAYMAN ISLANDS MONETARY AUTHORITY"
"932374","50037","9258","Other - CAYMAN ISLANDS MONETARY AUTHORITY"
"932374","22136","4267","Other - CAYMAN ISLANDS MONETARY AUTHORITY"
"932374","22136","4268","Other - CAYMAN ISLANDS MONETARY AUTHORITY"
"932374","22136","4269","Other - CAYMAN ISLANDS MONETARY AUTHORITY"
"932374","22136","4270","Other - CAYMAN ISLANDS MONETARY AUTHORITY"
"932374","22985","4347","Other - CAYMAN ISLANDS MONETARY AUTHORITY"
"932374","23013","4354","Other - CAYMAN ISLANDS MONETARY AUTHORITY"
"932374","22994","4351","Other - CAYMAN ISLANDS MONETARY AUTHORITY"
"932374","22136","9534","Other - CAYMAN ISLANDS MONETARY AUTHORITY"
"934442","53933","10576","Other - CAYMAN ISLANDS MONETARY AUTHORITY"
"934442","14189","3008","Other - CAYMAN ISLANDS MONETARY AUTHORITY"
"934442","14193","3009","Other - CAYMAN ISLANDS MONETARY AUTHORITY"
"934442","14196","3010","Other - CAYMAN ISLANDS MONETARY AUTHORITY"
"934442","14198","3011","Other - CAYMAN ISLANDS MONETARY AUTHORITY"
"934442","14201","3012","Other - CAYMAN ISLANDS MONETARY AUTHORITY"
"936431","158918","107497","Cayman Islands - Cayman Islands Monetary Authority"
"927264","61246","12393","Cayman Islands - Cayman Islands Monetary Authority"
"927264","61228","12386","Cayman Islands - Cayman Islands Monetary Authority"
"927264","61228","12390","Cayman Islands - Cayman Islands Monetary Authority"
"927264","158808","107475","Cayman Islands - Cayman Islands Monetary Authority"
"927264","158808","107474","Cayman Islands - Cayman Islands Monetary Authority"
"934673","65786","13435","Cayman Islands - Cayman Islands Monetary Authority"
"936559","164163","112566","Cayman Islands - Cayman Islands Monetary Authority"
"936559","56397","11151","Cayman Islands - Cayman Islands Monetary Authority"
"939007","59099","47376","Cayman Islands - Cayman Islands Monetary Authority"
"939007","59099","47378","Cayman Islands - Cayman Islands Monetary Authority"
"938238","30398","5543","Other - CAYMAN ISLANDS - CAYMAN ISLANDS MONETARY AUTHORITY"
"938238","66774","13670","Cayman Islands - Cayman Islands Monetary Authority"
"939405","56093","11107","Other - CAYMAN ISLANDS MONETARY AUTHORITY"
"939467","67550","13840","Cayman Islands - Cayman Islands Monetary Authority"
"939467","67552","13841","Cayman Islands - Cayman Islands Monetary Authority"
"939423","120360","83384","Cayman Islands - Cayman Islands Monetary Authority"
"939423","63934","12973","Cayman Islands - Cayman Islands Monetary Authority"
"939641","43506","7878","Other - CAYMAN ISLANDS MONETARY AUTHORITY"
"939641","64792","13198","Other - CAYMAN ISLANDS MONETARY AUTHORITY"
"940122","10747","2535","Mauritius, Republic of - Financial Services Commission"
"940122","158968","107524","Mauritius, Republic of - Financial Services Commission"
"940122","64681","13151","Singapore - Monetary Authority of Singapore"
"940122","10280","2480","Mauritius, Republic of - Financial Services Commission"
"940122","158968","107523","Mauritius, Republic of - Financial Services Commission"
"940379","31718","5777","Other - CAYMAN ISLANDS MONETARY AUTHORITY"
"940918","41582","7534","Other - NONE"
"940918","41582","7536","Other - CAYMAN ISLANDS/CAYMAN ISLANDS MONETARY AUTHORITY"
"911504","120369","83385","Cayman Islands - Cayman Islands Monetary Authority"
"940964","90230","67364","Cayman Islands - Cayman Islands Monetary Authority"
"934160","162245","109606","Cayman Islands - Cayman Islands Monetary Authority"
"940963","63665","13030","Cayman Islands - Cayman Islands Monetary Authority"
"940963","63720","13031","Cayman Islands - Cayman Islands Monetary Authority"
"941543","63667","12899","Cayman Islands - Cayman Islands Monetary Authority"
"941543","63667","12900","Cayman Islands - Cayman Islands Monetary Authority"
"941716","162245","109606","Cayman Islands - Cayman Islands Monetary Authority"
"933912","57562","11563","Cayman Islands - Cayman Islands Monetary Authority"
"942469","120369","83385","Cayman Islands - Cayman Islands Monetary Authority"
"936253","30954","5655","Cayman Islands - Cayman Islands Monetary Authority"
"942642","162245","109606","Cayman Islands - Cayman Islands Monetary Authority"
"942483","166695","115670","Cayman Islands - Cayman Islands Monetary Authority"
"942483","166696","115672","Cayman Islands - Cayman Islands Monetary Authority"
"939627","63763","12920","Cayman Islands - Cayman Islands Monetary Authority"
"939627","63762","12921","Cayman Islands - Cayman Islands Monetary Authority"
"943303","65453","13379","Cayman Islands - Cayman Islands Monetary Authority"
"944274","64763","13194","Cayman Islands - Cayman Islands Monetary Authority"
"944522","43409","7853","Other - CAYMAN ISLANDS MONETARY AUTHORITY"
"944522","43416","7858","Other - CAYMAN ISLANDS MONETARY AUTHORITY"
"944522","43409","7851","Other - CAYMAN ISLANDS MONETARY AUTHORITY"
"944534","1084","1037","Other - CAYMAN ISLANDS MONETARY AUTHORITY"
"940075","56601","11247","Cayman Islands - Cayman Islands Monetary Authority"
"946137","59099","47376","Cayman Islands - Cayman Islands Monetary Authority"
"946137","59099","47378","Cayman Islands - Cayman Islands Monetary Authority"
"942948","28183","5170","Other - NOT REGULATED"
"942948","28213","5179","Other - NOT REGULATED"
"942948","28213","5180","Other - NOT REGULATED"
"942948","28167","5164","Other - NOT REGULATED"
"946924","65952","13480","Guernsey - Guernsey Financial Services Commission"
"946945","17577","3469","Other - CAYMAN ISLANDS - CAYMAN ISLANDS MONETARY AUTHORITY"
"946945","17577","3474","United Kingdom - Financial Conduct Authority"
"946945","17577","3474","Guernsey - Guernsey Financial Services Commission"
"946945","17943","3537","Other - CAYMAN ISLANDS - CAYMAN ISLANDS MONETARY AUTHORITY"
"946945","18748","3695","Other - CAYMAN ISLANDS - CAYMAN ISLANDS MONETARY AUTHORITY"
"946945","19275","3777","Other - CAYMAN ISLANDS - CAYMAN ISLANDS MONETARY AUTHORITY"
"946945","157794","106473","Other - CAYMAN ISLANDS - CAYMAN ISLANDS MONETARY AUTHORITY"
"946945","50742","9808","Other - CAYMAN ISLANDS - CAYMAN ISLANDS MONETARY AUTHORITY"
"933466","162274","109616","Cayman Islands - Cayman Islands Monetary Authority"
"933466","162274","109617","Cayman Islands - Cayman Islands Monetary Authority"
"933466","59760","12109","Cayman Islands - Cayman Islands Monetary Authority"
"933466","59757","12110","Cayman Islands - Cayman Islands Monetary Authority"
"933466","59757","12111","Cayman Islands - Cayman Islands Monetary Authority"
"933466","59760","12108","Cayman Islands - Cayman Islands Monetary Authority"
"933466","32369","5925","Other - CAYMAN ISLANDS MONETARY AUTHORITY"
"933466","32369","5924","Other - CAYMAN ISLANDS MONETARY AUTHORITY"
"933466","32382","5926","Other - CAYMAN ISLANDS MONETARY AUTHORITY"
"933466","32382","5929","Other - CAYMAN ISLANDS MONETARY AUTHORITY"
"947793","44430","14101","Cayman Islands - Cayman Islands Monetary Authority"
"947793","44430","14102","Cayman Islands - Cayman Islands Monetary Authority"
"947793","44430","8019","Other - CAYMAN ISLANDS/CAYMAN ISLANDS MONETARY AUTHORITY"
"947793","44430","8022","Other - CAYMAN ISLANDS/CAYMAN ISLANDS MONETARY AUTHORITY"
"945595","167005","115769","Cayman Islands - Cayman Islands Monetary Authority"
"945595","167005","115770","Cayman Islands - Cayman Islands Monetary Authority"
"947234","65425","13336","Ireland -  Central Bank of Ireland"
"947234","55577","11065","Ireland -  Central Bank of Ireland"
"947149","167068","115793","Cayman Islands - Cayman Islands Monetary Authority"
"947149","167068","115792","Cayman Islands - Cayman Islands Monetary Authority"
"946528","167050","115788","Other - N/A"
"946528","167050","115787","Cayman Islands - Cayman Islands Monetary Authority"
"948468","167191","115810","Cayman Islands - Cayman Islands Monetary Authority"
"948468","167189","115807","Cayman Islands - Cayman Islands Monetary Authority"
"948737","36992","31364","Cayman Islands - Cayman Islands Monetary Authority"
"948766","40113","7331","Other - CAYMAN ISLANDS MONETARY AUTHORITY"
"948766","40113","7332","Other - CAYMAN ISLANDS MONETARY AUTHORITY"
"948766","40113","7329","Other - CAYMAN ISLANDS MONETARY AUTHORITY"
"948766","167203","115812","Other - CAYMAN ISLANDS MONETARY AUTHORITY"
"948766","167203","115813","Other - CAYMAN ISLANDS MONETARY AUTHORITY"
"948766","167203","115814","Other - CAYMAN ISLANDS MONETARY AUTHORITY"
"943943","60460","13797","Guernsey - Guernsey Financial Services Commission"
"949066","120654","83447","Cayman Islands - Cayman Islands Monetary Authority"
"941310","167248","115824","Cayman Islands - Cayman Islands Monetary Authority"
"941310","120449","83406","Cayman Islands - Cayman Islands Monetary Authority"
"941310","120448","83405","Cayman Islands - Cayman Islands Monetary Authority"
"949243","8724","2259","Other - CAYMAN ISLANDS MONETARY AUTHORITY"
"949243","8693","2261","Other - CAYMAN ISLANDS MONETARY AUTHORITY"
