"FilingID","Other Name","BD","RR","Pool","FCM","Real Estate","Insurance","Bank","Trust","Municipal","Swap Dealer","Swap Participant","Accountant","Lawyer","Other","Other Description"
1042752,"C&G SAVINGS","N","N","N","N","N","N","Y","N","N","N","N","N","N","N",""
1042752,"WORLDWIDE SERVICE","N","N","N","N","N","N","Y","N","N","N","N","N","N","N",""
1040835,"WEST FACE CAPITAL INC.","Y","N","N","N","N","N","N","N","N","N","N","N","N","N",""
1042051,"MARTO CAPITAL LP","N","N","Y","N","N","N","N","N","N","N","N","N","N","N",""
