"FilingID","ReferenceID","Name of Adviser","SEC File Number","CRD Number"
1048311,64490,"WINTON CAPITAL MANAGEMENT LTD.","801-73223",130566
1048311,64505,"WINTON CAPITAL MANAGEMENT LTD.","801-73223",130566
1048311,64504,"WINTON CAPITAL MANAGEMENT LTD.","801-73223",130566
1048311,64503,"WINTON CAPITAL MANAGEMENT LTD.","801-73223",130566
1048311,180259,"WINTON CAPITAL MANAGEMENT LTD.","801-73223",130566
1055927,22991,"ICHIGO ASSET MANAGEMENT LTD.","",
1055927,22991,"ICHIGO (CAYMAN) LIMITED","",
1048220,29110,"IRONBRIDGE CAPITAL MANAGEMENT PTY LIMITED","",
1048220,29110,"IRONBRIDGE CAPITAL II G.P. LTD","",
1048220,29087,"IRONBRIDGE CAPITAL MANAGEMENT PTY LIMITED","",
1048220,29087,"IRONBRIDGE CAPITAL G.P. LTD","",
1050051,19978,"ARCUS INVESTMENT ASIA LIMITED","802-107875",281948
1050051,19964,"ARCUS INVESTMENT ASIA LIMITED","802-107875",281948
1050051,168344,"ARCUS INVESTMENT ASIA LIMITED","802-107875",281948
1050051,67297,"ARCUS INVESTMENT ASIA LIMITED","802-107875",281948
1050051,57011,"ARCUS INVESTMENT ASIA LIMITED","802-107875",281948
1045829,179776,"PROCURITAS PARTNERS AB","",
1045829,179776,"PROCURITAS PARTNERS GMBH","",
1045829,179775,"PROCURITAS PARTNERS GMBH","",
1042779,179776,"PROCURITAS PARTNERS AB","",
1042779,179776,"PROCURITAS PARTNERS GMBH","",
1042779,179775,"PROCURITAS PARTNERS GMBH","",
1051100,7080,"SEGANTII CAPITAL","",286144
1051100,7080,"MIRABELLA FINANCIAL SERVICES LLP","802-75591",160328
1026985,179970,"ADP II GP LIMITED","",285019
1026985,55571,"ADP II GP LIMITED","",285019
1026985,6841,"ADP I GP LIMITED","",284979
1026985,4725,"DPI MANAGEMENT LTD","",173316
1026985,6841,"DPI MANAGEMENT LTD","",173316
1051143,179973,"17 CAPITAL SERVICES LIMITED","",
1051143,179971,"17 CAPITAL SERVICES LIMITED","",
1051143,179972,"17 CAPITAL SERVICES LIMITED","",
1050843,139742,"ADVANTAGE ADVISORS, INC.","",
1050843,139744,"ADVANTAGE ADVISORS, INC.","",
1031422,179472,"CDH IV HOLDINGS COMPANY LIMITED","",
1031422,178786,"SOUTHERN OAK CAPITAL MANAGEMENT COMPANY LIMITED","",
1031422,178786,"CEPHEI CAPITAL","801-76600",163621
1031422,178817,"CDH III HOLDINGS COMPANY LIMITED","",
1031422,59330,"CEPHEI CAPITAL","801-76600",163621
1031422,178781,"CDH III HOLDINGS COMPANY LIMITED","",
1031422,178778,"CDH IV HOLDINGS COMPANY LIMITED","",
1052222,32149,"BLACKROCK INVESTMENT MANAGEMENT (UK) LIMITED","802-76129",162379
1052222,32149,"BLACKROCK FINANCIAL MANAGEMENT, INC","801-48433",107105
1052222,32066,"CAPULA  INVESTMENT MANAGEMENT ASIA LIMITED","802-76916",164564
1052222,32066,"CAPULA INVESTMENT US LP","801-73189",157589
1052222,32066,"CAPULA INVESTMENT  JAPAN LIMITED","802-75440",163365
1052222,32149,"CAPULA  INVESTMENT MANAGEMENT ASIA LIMITED","802-76916",164564
1045213,27171,"SC XI MANAGEMENT, LLC","",
1045213,27168,"SC XI MANAGEMENT, LLC","",
1045213,27158,"SC XI MANAGEMENT, LLC","",
1045213,27046,"SC X MANAGEMENT, LLC","",
1045213,27045,"SC X MANAGEMENT, LLC","",
1045213,77536,"SC U.S. GROWTH VI MANAGEMENT, L.P.","",
1045213,174516,"SC U.S. VENTURE XV MANAGMENT, L.P.","",
1045213,174394,"SC GLOBAL GROWTH II MANAGEMENT, L.P.","",
1045213,174384,"SC U.S. VENTURE XV MANAGEMENT, L.P.","",
1045213,174377,"SC U.S. VENTURE XV MANAGEMENT, L.P.","",
1045213,174404,"SC U.S. GROWTH VI MANAGEMENT, L.P.","",
1045213,174398,"SC U.S. GROWTH VII MANAGEMENT, L.P.","",
1045213,174396,"SC GLOBAL GROWTH II MANAGEMENT, L.P.","",
1045213,174381,"SC U.S. VENTURE XV MANAGEMENT, L.P.","",
1045213,77537,"SC U.S. GROWTH VI MANAGEMENT, L.P.","",
1045213,27043,"SC X MANAGEMENT, LLC","",
1045213,27041,"SC IX.I MANAGEMENT, LLC","",
1045213,27034,"SC IX.I MANAGEMENT, LLC","",
1045213,50951,"SC U.S. VENTURE 2010 MANAGEMENT, L.P.","",
1045213,50949,"SC U.S. VENTURE XIV MANAGEMENT, L.P.","",
1045213,61453,"SC U.S. SCOUT SEED FUND 2013 MANAGEMENT, L.P.","",
1045213,61429,"SEQUOIA CAPITAL U.S. SCOUT SEED FUND 2013, L.P.","",
1045213,50943,"SC U.S. VENTURE XIV MANAGEMENT, L.P.","",
1045213,50942,"SC U.S. VENTURE XIV MANAGEMENT, L.P.","",
1045213,35479,"SCGGF MANAGEMENT, L.P.","",
1045213,35487,"SC U.S. VENTURE 2010 MANAGEMENT, L.P.","",
1045213,35480,"SC U.S. VENTURE 2010 MANAGEMENT, L.P.","",
1045213,27327,"SCGF V MANAGEMENT, L.P.","",
1045213,27292,"SCGF IV MANAGEMENT, L.P.","",
1045213,27312,"SC U.S. VENTURE 2010 MANAGEMENT, L.P.","",
1045213,27317,"SC U.S. VENTURE 2010 MANAGEMENT, L.P.","",
1045213,27310,"SC U.S. VENTURE 2010 MANAGEMENT, L.P.","",
1045213,27325,"SCGF V MANAGEMENT, L.P.","",
1045213,27289,"SCGF IV MANAGEMENT, L.P.","",
1045213,27256,"SCGF III MANAGEMENT, LLC","",
1045213,27330,"SCGGF MANAGEMENT, L.P.","",
1045213,27272,"SCGF III MANAGEMENT, LLC","",
1045213,27262,"SCGF III MANAGEMENT, LLC","",
1045213,27258,"SCGF III MANAGEMENT, LLC","",
1045213,27250,"SCFF MANAGEMENT, LLC","",
1045213,27245,"SCFF MANAGEMENT, LLC","",
1045213,27201,"SC XII MANAGEMENT, LLC","",
1045213,27199,"SC XII MANAGEMENT, LLC","",
1045213,27175,"SC XII MANAGEMENT, LLC","",
1045609,180124,"CANYON BRIDGE CAPITAL PARTNERS, LLC","",
1054870,64986,"GALENA PRIVATE EQUITY RESOURCES LIMITED","802-76022",162527
1046273,180107,"WORKING CAPITAL ADVISORS","",285894
1046273,180106,"WORKING CAPITAL ADVISORS","",285894
1049971,177696,"VANGUARD GROUP INC","801-11953",105958
1049971,177694,"VANGUARD GROUP INC","801-11953",105958
1049971,177717,"VANGUARD GROUP INC","801-11953",105958
1049971,177716,"VANGUARD GROUP INC","801-11953",105958
1049971,177711,"VANGUARD GROUP INC","801-11953",105958
1049971,177710,"VANGUARD GROUP INC","801-11953",105958
1049971,177709,"VANGUARD GROUP INC","801-11953",105958
1049971,177714,"VANGUARD GROUP INC","801-11953",105958
1049971,177713,"VANGUARD GROUP INC","801-11953",105958
1049971,177712,"VANGUARD GROUP INC","801-11953",105958
1049971,177719,"VANGUARD GROUP INC","801-11953",105958
1049971,177718,"VANGUARD GROUP INC","801-11953",105958
1049971,177715,"VANGUARD GROUP INC","801-11953",105958
1049971,177705,"VANGUARD GROUP INC","801-11953",105958
1049971,177708,"VANGUARD GROUP INC","801-11953",105958
1049971,177707,"VANGUARD GROUP INC","801-11953",105958
1043771,178355,"APAX PARTNERS BRASIL CONSULTORIA LTDA.","",
1043771,178355,"APAX INVESTMENT MANAGEMENT (SHANGHAI) COMPANY LTD.","",
1043771,178355,"APAX PARTNERS BETEILIGUNGSBERATUNG GMBH","",
1043771,178355,"APAX PARTNERS UK LTD.","",
1043771,178355,"APAX PARTNERS ISRAEL LTD.","",
1043771,178355,"APAX PARTNERS L.P.","801-73724",157110
1043771,178355,"APAX PARTNERS INDIA ADVISERS PRIVATE LTD.","",
1043771,178355,"APAX PARTNERS HONG KONG LTD.","",
1043771,24526,"APAX PARTNERS UK LTD.","",
1043771,24505,"APAX INVESTMENT MANAGEMENT (SHANGHAI) COMPANY LTD.","",
1043771,24505,"APAX PARTNERS INDIA ADVISERS PRIVATE LTD.","",
1043771,24505,"APAX PARTNERS HONG KONG LTD.","",
1043771,24505,"APAX PARTNERS ISRAEL LTD.","",
1043771,24505,"APAX PARTNERS BETEILIGUNGSBERATUNG GMBH","",
1043771,24505,"APAX PARTNERS BRASIL CONSULTORIA LTDA.","",
1043771,24497,"APAX PARTNERS BETEILIGUNGSBERATUNG GMBH","",
1043771,24497,"APAX PARTNERS ISRAEL LTD.","",
1043771,24497,"APAX INVESTMENT MANAGEMENT (SHANGHAI) COMPANY LTD.","",
1043771,24497,"APAX PARTNERS INDIA ADVISERS PRIVATE LTD.","",
1043771,24497,"APAX PARTNERS HONG KONG LTD.","",
1043771,24505,"APAX PARTNERS UK LTD.","",
1043771,24497,"APAX PARTNERS UK LTD.","",
1043771,24490,"APAX INVESTMENT MANAGEMENT (SHANGHAI) COMPANY LTD.","",
1043771,24490,"APAX PARTNERS INDIA ADVISERS PRIVATE LTD.","",
1043771,24490,"APAX PARTNER HONG KONG LTD.","",
1043771,24490,"APAX PARTNERS ISRAEL LTD.","",
1043771,24490,"APAX PARTNERS BETEILGUNGSBERATUNG GMBH","",
1043771,24490,"APAX PARTNERS UK LTD.","",
1043771,34048,"APAX PARTNERS BRASIL CONSULTORIA LTDA.","",
1043771,34048,"APAX PARTNERS BETEILIGUNGSBERATUNG GMBH","",
1043771,34010,"APAX PARTNERS UK LTD","",
1043771,34010,"APAX PARTNERS L.P.","801-73724",157110
1043771,34010,"APAX PARTNERS INDIA ADVISERS PRIVATE LTD","",
1043771,34048,"APAX INVESTMENT MANAGEMENT (SHANGHAI) COMPANY LTD.","",
1043771,24099,"APAX INVESTMENT MANAGEMENT (SHANGHAI) COMPANY LTD.","",
1043771,55001,"APAX PARTNERS UK LTD","",
1043771,55001,"APAX PARTNERS L.P.","801-73724",157110
1043771,55001,"APAX PARTNERS ISRAEL LTD.","",
1043771,55001,"APAX PARTNERS INDIA ADVISERS PRIVATE LTD","",
1043771,55001,"APAX PARTNERS HONG KONG LTD.","",
1043771,55001,"APAX PARTNERS BRASIL CONSULTORIA LTDA.","",
1043771,55001,"APAX PARTNERS BETEILIGUNGSBERATUNG GMBH","",
1043771,55001,"APAX INVESTMENT MANAGEMENT (SHANGHAI) COMPANY LTD.","",
1043771,54999,"APAX INVESTMENT MANAGEMENT (SHANGHAI) COMPANY LTD.","",
1043771,54999,"APAX PARTNERS ISRAEL LTD","",
1043771,54999,"APAX PARTNERS UK LTD","",
1043771,54999,"APAX PARTNERS L.P.","801-73724",157110
1043771,54999,"APAX PARTNERS INDIA ADVISERS PRIVATE LTD","",
1043771,24082,"APAX PARTNERS BETEILIGUNGSBERATUNG GMBH","",
1043771,24082,"APAX PARTNERS ISRAEL LTD.","",
1043771,24082,"APAX PARTNERS INDIA ADVISERS PRIVATE LTD.","",
1043771,24082,"APAX PARTNERS HONG KONG LTD.","",
1043771,24082,"APAX INVESTMENT MANAGEMENT (SHANGHAI) COMPANY LTD.","",
1043771,24490,"APAX PARTNERS BRASIL CONSULTORIA LTDA.","",
1043771,158920,"APAX PARTNERS UK LTD.","",
1043771,158920,"APAX PARTNERS L.P.","801-73724",157110
1043771,158920,"APAX PARTNERS ISRAEL LTD.","",
1043771,158920,"APAX PARTNERS INDIA ADVISERS PRIVATE LTD.","",
1043771,158920,"APAX PARTNERS HONG KONG LTD.","",
1043771,158920,"APAX PARTNERS BRASIL CONSULTORIA LTDA.","",
1043771,158920,"APAX PARTNERS BETEILIGUNGSBERATUNG GMBH","",
1043771,158920,"APAX INVESTMENT MANAGEMENT (SHANGHAI) COMPANY LTD.","",
1043771,34010,"APAX PARTNERS ISRAEL LTD","",
1043771,34048,"APAX PARTNERS UK LTD","",
1043771,34048,"APAX PARTNERS ISRAEL LTD.","",
1043771,34048,"APAX PARTNERS INDIA ADVISERS PRIVATE LTD","",
1043771,34048,"APAX PARTNERS HONG KONG LTD.","",
1043771,24526,"APAX PARTNERS L.P.","801-73724",157110
1043771,24529,"APAX PARTNERS L.P.","801-73724",157110
1043771,24490,"APAX PARTNERS L.P.","801-73724",157110
1043771,24234,"APAX PARTNERS L.P.","801-73724",157110
1043771,24099,"APAX PARTNERS L.P.","801-73724",157110
1043771,24082,"APAX PARTNERS L.P.","801-73724",157110
1043771,24505,"APAX PARTNERS L.P.","801-73724",157110
1043771,24497,"APAX PARTNERS L.P.","801-73724",157110
1043771,34010,"APAX INVESTMENT MANAGEMENT (SHANGHAI) COMPANY LTD.","",
1043771,24539,"APAX PARTNERS BRASIL CONSULTORIA LTDA.","",
1043771,24539,"APAX PARTNERS L.P.","801-73724",157110
1043771,24539,"APAX PARTNERS BETEILGUNGSBERATUNG GMBH","",
1043771,24539,"APAX PARTNERS INDIA ADVISERS PRIVATE LTD.","",
1043771,24539,"APAX PARTNERS HONG KONG LTD.","",
1043771,24539,"APAX INVESMENT MANAGEMENT (SHANGHAI) COMPANY LTD.","",
1043771,24539,"APAX PARTNERS ISRAEL LTD.","",
1043771,24537,"APAX PARTNERS BRASIL CONSULTORIA LTDA.","",
1043771,24537,"APAX PARTNERS L.P.","801-73724",157110
1043771,24537,"APAX PARTNERS BETEILIGUNGSBERATUNG GMBH","",
1043771,24537,"APAX PARTNERS INDIA ADVISERS PRIVATE LTD.","",
1043771,24537,"APAX PARTNERS UK LTD.","",
1043771,24537,"APAX PARTNERS HONG KONG LTD.","",
1043771,24537,"APAX INVESTMENT MANAGEMENT (SHANGHAI) COMPANY LTD.","",
1043771,24537,"APAX PARTNERS ISRAEL LTD.","",
1043771,24533,"APAX PARTNERS L.P.","801-73724",157110
1043771,24533,"APAX PARTNERS BETEILIGUNGSBERATUNG GMBH","",
1043771,24533,"APAX PARTNERS INDIA ADVISERS PRIVATE LTD.","",
1043771,24533,"APAX PARTNERS UK LTD.","",
1043771,24533,"APAX PARTNERS HONG KONG LTD.","",
1043771,24533,"APAX INVESTMENT MANAGEMENT (SHANGHAI) COMPANY LTD.","",
1043771,24533,"APAX PARTNERS ISRAEL LTD.","",
1043771,24533,"APAX PARTNERS BRASIL CONSULTORIA LTDA.","",
1043771,24529,"APAX PARTNERS ISRAEL LTD.","",
1043771,24529,"APAX PARTNERS INDIA ADVISERS PRIVATE LTD.","",
1043771,24529,"APAX PARTNERS BETEILIGUNGSBERATUNG GMBH","",
1043771,24526,"APAX PARTNERS ISRAEL LTD.","",
1043771,24526,"APAX PARTNERS BRASIL CONSULTORIA LTDA.","",
1043771,54999,"APAX PARTNERS HONG KONG LTD.","",
1043771,54999,"APAX PARTNERS BRASIL CONSULTORIA LTDA.","",
1043771,24082,"APAX PARTNERS UK LTD.","",
1043771,24526,"APAX PARTNERS BETEILIGUNGSBERATUNG GMBH","",
1043771,34048,"APAX PARTNERS L.P.","801-73724",157110
1043771,34010,"APAX PARTNERS HONG KONG LTD.","",
1043771,34010,"APAX PARTNERS BRASIL CONSULTORIA LTDA.","",
1043771,34010,"APAX PARTNERS BETEILIGUNGSBERATUNG GMBH","",
1043771,24539,"APAX PARTNERS UK LTD","",
1043771,24529,"APAX PARTNERS UK LTD","",
1043771,24082,"APAX PARTNERS HOLDINGS LTD","",
1043771,24505,"APAX PARTNERS HOLDINGS LTD","",
1043771,54999,"APAX PARTNERS BETEILIGUNGSBERATUNG GMBH","",
1043771,24497,"APAX PARTNERS BRASIL CONSULTORIA LTDA.","",
1043771,24526,"APAX PARTNERS HONG KONG LTD.","",
1043771,24529,"APAX PARTNERS HONG KONG LTD.","",
1043771,24529,"APAX INVESTMENT MANAGEMENT (SHANGHAI) COMPANY LTD.","",
1043771,24526,"APAX INVESTMENT MANAGEMENT (SHANGHAI) COMPANY LTD.","",
1043771,24526,"APAX PARTNERS INDIA ADVISERS PRIVATE LTD.","",
1043771,24529,"APAX PARTNERS BRASIL CONSULTORIA LTDA.","",
1043771,24234,"APAX PARTNERS INDIA ADVISERS PRIVATE LTD.","",
1043771,24234,"APAX INVESTMENT MANAGEMENT (SHANGHAI) COMPANY LTD.","",
1043771,24234,"APAX PARTNERS HONG KONG LTD.","",
1043771,24234,"APAX PARTNERS ISRAEL LTD.","",
1043771,24234,"APAX PARTNERS BRASIL CONSULTORIA LTDA.","",
1043771,24234,"APAX PARTNERS BETEILIGUNGSBERATUNG GMBH","",
1043771,24234,"APAX PARTNERS UK LTD.","",
1043771,24099,"APAX PARTNERS LTD.","",
1043771,24099,"APAX PARTNERS ISRAEL LTD.","",
1043771,24099,"APAX PARTNERS INDIA ADVISERS PRIVATE LTD.","",
1043771,24099,"APAX PARTNERS HONG KONG LTD.","",
1043771,24099,"APAX PARTNERS BRASIL CONSULTORIA LTDA.","",
1043771,24099,"APAX PARTNERS BETEILIGUNGSBERATUNG GMBH","",
1043771,24082,"APAX PARTNERS BRASIL CONSULTORIA LTDA.","",
1049591,13334,"TRISTAN CAPITAL PARTNERS LLP","",
1049591,13332,"TRISTAN CAPITAL PARTNERS LLP","",
1057581,67715,"SERONE CAPITAL MANAGEMENT (CAYMAN) LIMITED","",
1040903,175106,"SNOW LAKE CAPITAL (HK) LIMITED","802-75574",161823
1040903,23675,"SNOW LAKE CAPITAL (HK) LIMITED","802-75574",161823
1054845,179970,"ADP II GP LIMITED","",285019
1054845,55571,"ADP II GP LIMITED","",285019
1054845,6841,"ADP I GP LIMITED","",284979
1054845,4725,"DPI MANAGEMENT LTD","",173316
1054845,6841,"DPI MANAGEMENT LTD","",173316
1054600,28572,"BARINGS LLC","801-241",106006
1046037,180105,"QUAERO CAPITAL (LUXEMBOURG) SA","",
1054884,28572,"BARINGS LLC","801-241",106006
1041833,177332,"PEMBERTON CAPITAL ADVISORS LLP","801-107757",282621
1041833,179694,"PEMBERTON CAPITAL ADVISORS LLP","801-107757",282621
1045793,180020,"H MANAGEMENT COMPANY, LTD.","",
1036018,179973,"17 CAPITAL SERVICES LIMITED","",
1036018,179971,"17 CAPITAL SERVICES LIMITED","",
1036018,179972,"17 CAPITAL SERVICES LIMITED","",
1055664,180259,"WINTON CAPITAL MANAGEMENT LTD.","801-73223",130566
1055664,64490,"WINTON CAPITAL MANAGEMENT LTD.","801-73223",130566
1055664,64505,"WINTON CAPITAL MANAGEMENT LTD.","801-73223",130566
1055664,64504,"WINTON CAPITAL MANAGEMENT LTD.","801-73223",130566
1055664,64503,"WINTON CAPITAL MANAGEMENT LTD.","801-73223",130566
1047246,179776,"PROCURITAS PARTNERS AB","",
1047246,179776,"PROCURITAS PARTNERS GMBH","",
1047246,179775,"PROCURITAS PARTNERS GMBH","",
1057773,174741,"TRIASIMA PORTFOLIO MANAGEMENT INC.","",
1057773,174741,"MAWER INVESTMENT MANAGEMENT LTD.","801-74336",159100
1057773,72711,"HSBC GLOBAL ASSET MANAGEMENT (HONG KONG) LIMITED","801-29922",105193
1057773,25268,"HSBC GLOBAL ASSET MANAGEMENT (UK) LIMITED","801-71863",154700
1055346,180854,"SEGANTII CAPITAL","802-74924",160633
1055346,180854,"MIRABELLA FINANCIAL SERVICES LLP","802-75591",160328
1043721,55368,"CINNAIRE DEVELOPMENT FINANCE MANAGEMENT, LLC","802-78685",167666
1057320,19978,"ARCUS INVESTMENT ASIA LIMITED","802-107875",281948
1057320,19964,"ARCUS INVESTMENT ASIA LIMITED","802-107875",281948
1057320,168344,"ARCUS INVESTMENT ASIA LIMITED","802-107875",281948
1057320,67297,"ARCUS INVESTMENT ASIA LIMITED","802-107875",281948
1057320,57011,"ARCUS INVESTMENT ASIA LIMITED","802-107875",281948
1042058,179714,"SAGEONE INVESTMENT ADVISORS LLP","",285454
1042058,179713,"SAGEONE INVESTMENT ADVISORS LLP","",285454
1051669,64827,"FRANKLIN TEMPLETON INVESTMENT MANAGEMENT LIMITED","801-55170",111360
1052051,62846,"MACKAY SHIELDS LLC","801-5594",107717
1052051,55206,"MACKAY SHIELDS LLC","801-5594",107717
1052051,55202,"MACKAY SHIELDS LLC","801-5594",107717
1052051,55205,"MACKAY SHIELDS LLC","801-5594",107717
1044133,21522,"MAYFIELD INDIA, LTD.","",
1044133,69866,"MAYFIELD MAURITIUS, LTD.","",
1044240,36932,"SEED ADVISORS PRIVATE LTD","",
1044591,65805,"TUDOR INVESTMENT CORPORATION","801-73474",159792
1044591,65827,"H2O AM","801-78613",169065
1054859,179970,"ADP II GP LIMITED","",285019
1054859,55571,"ADP II GP LIMITED","",285019
1054859,6841,"ADP I GP LIMITED","",284979
1054859,4725,"DPI MANAGEMENT LTD","",173316
1054859,6841,"DPI MANAGEMENT LTD","",173316
1055396,177332,"PEMBERTON CAPITAL ADVISORS LLP","801-107757",282621
1055396,179694,"PEMBERTON CAPITAL ADVISORS LLP","801-107757",282621
