"FilingID","Primary Business","Business Name"
"962121","MASECO ASSET MANAGEMENT LIMITED IS GENERAL PARTNER AND INVESTMENT MANAGER OF THE MASECO ALTERNATIVE CREDIT FUND LP AND INVESTMENT ADVISER TO THE MASECO ALTERNATIVE CREDIT FUND SPC",""
"966168","FUND OF FUNDS",""
"994867","CATALYST INVESTORS IS A GROWTH EQUITY VENTURE CAPITAL FIRM INVESTING IN TECHNOLOGY-ENABLED BUSINESSES.",""
"962601","PROVISION OF GOVERNANCE SERVICES AND MANAGEMENT COMPANY SERVICES TO UCITS AND AIFS.","N/A"
"986321","A REAL ESTATE COMPANY THAT PROVIDES LEASING AND SALES BROKERAGE, PROPERTY MANAGEMENT, ASSET MANAGEMENT AND LOAN SERVICING.",""
"966341","GOLDEN SEEDS LLC MANAGES A MEMBERSHIP ORGANIZATION OF EARLY STAGE PRIVATE EQUITY INVESTORS (ANGEL INVESTORS).",""
"978573","EARLY STAGE VENTURE CAPITAL FIRM",""
"1000842","VENTURE CAPITAL FOCUSED ON SECURITY SPACE",""
"997654","PROVISION OF CORPORATE GOVERNANCE SERVICES AND MANAGEMENT COMPANY SERVICES FOR UCITS AND AIFS.","N/A"
"997544","WE ARE A FUND MANAGEMENT COMPANY.",""
"966360","GOLDEN SEEDS LLC MANAGES A MEMBERSHIP ORGANIZATION OR EARLY STAGE PRIVATE EQUITY INVESTORS (ANGEL INVESTORS).","GOLDEN SEEDS LLC"
"968268","STERLING BAY: REAL ESTATE MANAGEMENT, DEVELOPMENT AND LEASING. FOUR CORNERS: HOSPITALITY MANAGEMENT","STERLING BAY CO,LLC; STERLING BAY PROP MGMT,LLC; STERLING BAY DEV.MGMT,LLC; STERLING BAY REALTY,LLC;FOUR CORNERS TAVERN GRP, INC"
"984446","REINSURANCE MANAGEMENT SERVICES.",""
"989261","COMMERCIAL PROPERTY OWNERSHIP, MANAGEMENT AND BROKERAGE","GRAMERCY MANAGEMENT, INC, HOUSTON STONEGATE LLC"
"978171","FUND OF FUNDS",""
"1001992","PRANA REAL ESTATE FINANCE LLC SERVES AS THE MANAGER OF CITY FINANCE COMPANY LLC AND CITY FINANCE COMPANY II LLC, WHICH ENGAGE PRIMARILY IN PROVIDING FINANCING IN THE FORM OF LOANS TO REAL ESTATE FUNDS THAT ARE OPERATED BY ITS RELATED PERSONS.",""
"994063","REPORTING AND ADMINISTRATIVE SERVICES",""
"965582","MAINLY INVOLVED BUT NOT LIMITED TO HIGH YIELD AND HIGH GRADE BOND (FIXED INCOME BONDS) TRADING IN ASIAN MARKETS WITH HEDGING INSTRUMENTS INCLUDING FUTURES, OPTIONS, CDS AND NDF/FX OPTIONS ETC..","SERICA CREDIT BALANCED MASTER FUND"
"990198","HEALTHBOX OPERATES A CONSULTING BUSINESS, WHEREBY IT ADVISES HOSPITAL SYSTEMS AND UNIVERSITIES ON CREATING AN INNOVATIVE CULTURE AND MANAGING THEIR INNOVATION PORTFOLIOS.","HEALTHBOX FOUNDRY"
"976889","RESEARCH CONSULTANT FOR UNIVERSITY OF NORTH FLORIDA RENEWABLE ENERGY PROJECT","FOURTH PARTY AFFILIATES,  LLC"
"975467","MANAGEMENT OF PROPRIETARY TRADING FIRM","TRILLIUM TRADING, LLC"
"996349","PROVIDE MANAGEMENT AND OTHER SERVICES",""
"989343","VENTURE CAPITAL INVESTING",""
"985108","PLACEMENT AGENT",""
"993159","ADVISING AND INVESTING ON BEHALF OF A SMALL, PRIVATE, INVESTMENT FUND WITH LESS THAN $25MM IN ASSETS.",""
"982785","MINING OPERATOR",""
"993983","COMMODITY POOL OPERATOR",""
"998773","CONSULTING SERVICES RELATED TO PORTFOLIO COMPANIES.",""
"992938","STELAC CAPITAL PARTNERS IS A PRIVATE EQUITY INVESTMENT FIRM FOCUSED PRIMARILY ON SMALL COMPANIES IN THE UNITED STATES AND REST OF WORLD. WE PROVIDE GROWTH CAPITAL TO SMALL BUSINESSES. OVER 95% OF OUR ASSETS COME FROM OUTSIDE OF THE UNITED STATES.",""
"1000640","SERVING AS GENERAL PARTNER ORGANIZING AND MANAGING CALIFORNIA LIMITED PARTNERSHIPS",""
"980173","MANAGER OF IRELAND COLLECTIVE INVESTMENT SCHEMES (SPONSOR OF POOLED INVESTMENT VEHICLES)",""
"992772","FUND ADMINISTRATOR AND TRANSFER AGENT OUTSIDE THE U.S. (INCLUDING ACTIVITIES SUCH AS NET ASSET VALUE CALCULATIONS, REGISTRATION OF SUBSCRIPTIONS INTO INVESTMENT FUNDS AND PROCESS OF REDEMPTIONS)",""
"977879","REAL ESTATE FUND AND INVESTMENT MANAGEMENT",""
"986638","GENERAL PARTNER TO A VENTURE CAPITAL FUND",""
"979571","ADVISORY",""
"995399","INVESTMENT MANAGER",""
"1002374","VENTURE CAPITAL INVESTMENTS",""
"974432","MUTUAL CAPITAL PARTNERS FUNDS ARE GROWTH-STAGE VENTURE FUNDS INVESTING IN POST-REVENUE, LIQUIDITY-CHALLENGED BUSINESSES GENERALLY LOCATED IN THE MIDWEST.",""
"994509","PROVISION OF GOVERNANCE SERVICES AND MANAGEMENT COMPANY SERVICES TO UCITS AND AIFS.","N/A"
"1002339","INVESTMENT IN LOW INCOME HOUSING TAX CREDIT PROJECTS.",""
"1000225","PRIVATE EQUITY ADVISORY",""
"976326","HONEYCOMB DEVELOPMENT, LLC SERVES AS THE GENERAL PARTNER OF HONEYCOMB ECONOMIC DEVELOPMENT FUND, L.P., WHICH ENGAGES PRIMARILY IN REAL ESTATE INVESTING.",""
"985525","FUND OF HEDGE FUNDS",""
"970849","PORTFOLIO MANAGER AND REGISTERED REPRESENTATIVE OF NEUBERGER BERMAN LLC",""
"982973","SERVICE PROVIDER",""
"989062","BUYING MORTGAGE LOANS AND THEIR UNDERLYING COLLATERAL (PRIMARILY REAL PROPERTY).  MOST ACQUISITIONS ARE MADE BY LLC'S IN WHICH ADVISER OR WM CAPITAL GP, LLC IS THE MANAGING MEMBER. ADMINISTRATION CONDUCTED BY ITS AFFILIATE, WM CAPITAL MANAGEMENT, INC.",""
"963174","INVESTIGATIVE SERVICES, FORENSIC AUDITING, AND MANAGEMENT CONSULTING.",""
"992132","GGI HAS DEVELOPED AND EXECUTED A SERIES OF INNOVATIVE PROGRAMS AIMED AT STRENGTHENING THE ENTREPRENEURIAL ECOSYSTEM IN PUERTO RICO. GGI'S ULTIMATE GOAL IS TO LEAD IN BUILDING AN ENTREPRENEURIAL ECOSYSTEM THAT DEVELOPS GLOBAL ENTREPRENEURS AND VENTURES.","ENTERPRIZE EVENTS, INC."
"996806","PROVISION OF CORPORATE GOVERNANCE SERVICES AND MANAGEMENT COMPANY SERVICES FOR UCITS AND AIFS.","N/A"
"1000636","MANAGE FUNDS THAT MAKE DEBT/EQUITY INVESTMENTS IN GROWTH COMPANIES.",""
"974945","WE ARE AN INVESTMENT MANAGEMENT COMPANY FOR ULTRA HIGH NET WORTH INDIVIDUALS AND SMALL INSTITUTIONS (FOR NON-US CLIENTS).",""
"994274","PROVISION OF GOVERNANCE SERVICES AND MANAGEMENT COMPANY SERVICES TO UCITS AND AIFS.","N/A"
"986369","TO PROVIDE NON-INVESTMENT ADVISORY TYPE CONSULTING SERVICES TO VARIOUS PRIVATE COMPANIES.",""
"985784","OPERATING COMPANY FOR VENTURE CAPITAL FUNDS.",""
"994752","PROVISION OF DIRECTORS, STRATEGIC PLANNING SERVICES AND CONSULTING SERVICES RELATING TO CAPITAL EXPENDITURE, FINANCINGS AND REFINANCINGS.",""
"988186","REINSURANCE MANAGEMENT SERVICES.",""
"979971","HONEYCOMB DEVELOPMENT, LLC SERVES AS THE GENERAL PARTNER OF HONEYCOMB ECONOMIC DEVELOPMENT FUND, L.P., WHICH ENGAGES PRIMARILY IN REAL ESTATE INVESTING.",""
"990272","PRIVATE EQUITY ADVISORY",""
"998633","TO ACT AS THE GENERAL PARTNER OF PRIVEQ INVESTMENT FUND IV, L.P.","PRIVEQ G.P. IV LIMITED (A PRIVATE COMPANY, BASED IN JERSEY, CHANNEL ISLANDS)."
"989450","PRIVATE EQUITY ADVISORS",""
"991709","PRIVATE EQUITY ADVISORS",""
"997055","PRIVATE EQUITY ADVISORS",""
"986673","GENERAL PARTNER TO A VENTURE CAPITAL FIRM.",""
"984920","THE PRIMARY BUSINESS OF WYNN-CROSBY MANAGEMENT, LTD. INVOLVES THE ACQUISITION, MANAGEMENT, DEVELOPMENT AND OPERATION OF OIL AND NATURAL GAS PROPERTIES, INTERESTS AND RELATED ASSETS.",""
"990612","REAL ESTATE LENDING; FINANCE AND INVESTMENTS; AND THE SALE (UNDER EXEMPTION) OF LOANS SECURED BY DEEDS OF TRUST",""
"1006328","INVESTMENT MANAGEMENT",""
"995833","MANAGER OF PRIVATE EQUITY FUNDS",""
"987534","GOLDEN SEEDS LLC MANAGES A MEMBERSHIP ORGANIZATION OF EARLY STAGE PRIVATE EQUITY INVESTORS (ANGEL INVESTORS).",""
"1005562","PRIVATE EQUITY ADVISOR",""
"976232","AULDBRASS PARTNERS, LP PROVIDES PORTFOLIO MONITORING SERVICES. SUCH SERVICES ARE ADMINISTRATIVE AND INCLUDE ATTENDING MEETINGS AND CATEGORIZING INFORMATION WITH RESPECT TO INVESTMENTS IN THE CLIENT'S PORTFOLIO.",""
"1006389","RIO BRAVO INVESTIMENTOS DTVM LTDA.'S PRIMARY BUSINESSES ARE (I) PLACEMENT AND UNDERWRITING OF SECURITIES, AND (II) ADMINISTRATION OF REAL ESTATE FUNDS.",""
"991574","SKYLAND ANALYTICS PROVIDES RISK MANAGEMENT AND MANUFACTURING SERVICES TO THE LIFE SCIENCE INDUSTRY.",""
"1006651","OUR SOLE BUSINESS IS TO MANAGE OUR PRIVATE EQUITY FUNDS, FSM FUND I LP, LC CO-INVEST HOLDINGS, LCC, FSM FUND II,LP AND FSM FUND II (OFFSHORE), LP",""
"960408","TECHNOLOGY BROKERAGE AND OPEN INNOVATION SERVICES PROVIDER",""
"997297","AGAMERICA LENDING LLC, A LICENSED MORTGAGE LENDER,BROKER,AND SERVICER,ORIGINATES AND SERVICES LOANS, PROVIDES UNDERWRITING AND DUE DILIGENCE SERVICES FOR THE FUNDS' ASSETS, AS WELL AS LOANS ORIGINATED FOR THE FEDERAL AGRICULTURAL MORTGAGE CORPORATION.",""
"980073","SERVES AS GENERAL PARTNER TO HERKULES PRIVATE EQUITY II (JERSEY-II) L.P.",""
"975422","WE PROVIDE NON-ADVISORY-BASED ASSET MANAGEMENT SERVICES TO VARIOUS LEGACY INVESTMENTS.",""
"980616","SERVES AS GENERAL PARTNER TO HERKULES PRIVATE EQUITY III (JERSEY-II) L.P.",""
"991034","SERVES AS GENERAL PARTNER TO HERKULES PRIVATE EQUITY IV (JERSEY-II) L.P.",""
"998810","TO ACT AS GENERAL PARTNER TO CATALYST SAMSARA INDIA OPPORTUNITY FUND I LP",""
"992982","PROPERTY MANAGEMENT",""
"1006199","AGAMERICA LENDING LLC, A LICENSED MORTGAGE LENDER,BROKER,AND SERVICER,ORIGINATES AND SERVICES LOANS, PROVIDES UNDERWRITING AND DUE DILIGENCE SERVICES FOR THE FUNDS' ASSETS, AS WELL AS LOANS ORIGINATED FOR THE FEDERAL AGRICULTURAL MORTGAGE CORPORATION.",""
"995903","GOLDEN SEEDS LLC MANAGES A MEMBERSHIP ORGANIZATION OR EARLY STAGE PRIVATE EQUITY INVESTORS (ANGEL INVESTORS).","GOLDEN SEEDS LLC"
"986653","SERVING AS GENERAL PARTNER AND MANAGER OF PRIVATE FUNDS DOMICILIED OUTSIDE THE US AND CONDUCING BUSINESS OUTSIDE OF  THE US.",""
