"FilingID","WEB_ADRS_NM"
"1007599","HTTP://WWW.CONSULTA.CO.UK"
"1009619","HTTP://WWW.SHAMANACAPITAL.COM"
"1008822","HTTP://WWW.BAINCAPITAL.CO.UK"
"1012009","HTTP://WWW.LASSENCAP.COM"
"1003549","HTTP://WWW.LONGRIVERVENTURES.COM/"
"999632","HTTP://WWW.BLUEGEMCP.COM"
"979074","HTTP://LWIMPACT.COM/"
"1007423","HTTP://WWW.MELKONIANCAPITAL.COM"
"1001569","HTTP://WWW.WALDENVC.COM"
"996033","HTTPS://WWW.HORSEMANCAPITAL.COM"
"1000568","HTTP://WWW.NANODIMENSION.COM"
"1000555","HTTP://WWW.NANODIMENSION.COM"
"1006076","HTTP://WWW.MONTLAKECAPITAL.COM"
"1006550","HTTP://WWW.WAVEPOINTVENTURES.COM"
"975673","HTTP://WEFUNDER.COM"
"1006998","HTTP://WWW.SILVERCREEKFUND.COM"
"964089","HTTP://WWW.VOYAGERCAPITAL.COM"
"965802","HTTPS://WWW.GLOBEVESTOR.COM"
"1007579","HTTP://WWW.ATMOSCAPITAL.COM.BR/"
"1006520","HTTP://WWW.CONSULTA.CO.UK"
"1010691","HTTP://WWW.EDLCAP.COM"
"1011344","HTTP://WWW.KESTERCAPITAL.COM"
"1010030","HTTP://WWW.TAELPARTNERS.COM"
"1008721","HTTP://WWW.JIPINC.COM"
"1019405","HTTP://ACCELERATORVENTURES.COM"
"1018558","HTTP://WWW.PARTNERSGROUP.COM"
"1018685","HTTP://WWW.PEP.CO.JE"
"1018961","HTTP://WWW.MEDCAPADVISORS.COM"
"1019594","HTTP://WWW.CONNORCSB.COM"
"1007537","HTTP://WEINBERGCAP.COM/"
"998460","HTTP://WWW.RUSTICCANYON.COM"
"1008213","HTTP://WWW.GALEN.COM"
"1008414","HTTP://WWW.INSTARAGF.COM"
"999060","HTTP://POLLENCAP.COM/"
"1009460","HTTP://WWW.WATERMILL.COM"
"1010032","HTTP://WWW.PROVENTUSCAPITALPARTNERS.SE/"
"1010346","HTTPS://WWW.PINEBRIDGE.COM"
"1009994","HTTP://WWW.NB.COM"
"1013592","HTTP://WWW.GNSHILLIER.COM"
"1015202","HTTP://WWW.ROUNDABOUTAM.COM"
"1010006","HTTP://WWW.RAREINFRASTRUCTURE.COM"
"1016068","HTTP://ARCHVENTURE.COM"
"1016083","HTTP://WWW.CDHFUND.COM/EN/PRIVATE_EQUITY/INDEX.HTML"
"996627","HTTP://WWW.EVERGREEN.CO.IL"
"996710","HTTP://WWW.GROSVENOR.COM"
"1008326","HTTP://WWW.GENCAPPARTNERS.COM/"
"1005077","HTTP://WWW.HONYCAPITAL.COM"
"1004514","HTTP://WWW.ACTIVUMSG.COM"
"980008","HTTP://WWW.COTTAGECAP.COM"
"1008818","HTTP://WWW.APEXVC.COM"
"1005277","HTTP://WWW.SEQUOIACAP.COM/INDIA"
"1004968","HTTP://WWW.SEGULAH.SE/START.ASPX?LANG=EN"
"1008843","HTTP://HAUSERPRIVATEEQUITY.COM"
"992011","HTTP://WWW.MOSAICVENTURES.COM"
"1005226","HTTP://WWW.COMMITTEDADVISORS.COM"
"1009967","HTTP://WWW.DHANDHOFUNDS.COM"
"1016769","HTTP://WWW.ORIGINVENTURES.COM"
"1015813","HTTPS://WWW.VBIREALESTATE.COM"
"1012866","HTTPS://WWW.HELIOSINVESTMENT.COM"
"1017924","HTTP://CAPSTONETRADE.COM/"
"1019699","HTTP://CAPSTONETRADE.COM/"
"1019043","HTTP://WWW.EVENTURES.VC"
"1019043","HTTP://WWW.EVCPARTNERS.COM"
"1019043","HTTP://WWW.BVCAPITAL.COM"
"1019846","HTTPS://WWW.N2CAP.COM/"
"1019886","HTTP://WWW.KLINEHILL.COM/"
"1010658","HTTP://WWW.DOMAINVC.COM"
"998667","HTTPS://WWW.PALKONCAP.COM"
"1015525","HTTP://WWW.LACUNA.COM"
"1015821","HTTP://WWW.ALTASPARTNERS.COM"
"998431","HTTP://WWW.WPVC.COM"
"1003995","HTTP://WWW.HIGHWAY12VENTURES.COM/"
"1016086","HTTP://WWW.CDHFUND.COM/VENTURE_CAPITAL/INDEX.HTML"
"1016091","HTTP://WWW.CDHFUND.COM/EN/REAL_ESTATE/INDEX.HTML"
"1016306","HTTP://WWW.SANDBRIDGECAP.COM"
"1015976","HTTP://WWW.SUSTAINABLECAPITAL.MU/"
"1008190","HTTPS://WWW.RPMVC.COM"
"1009395","HTTP://HAUSERPRIVATEEQUITY.COM"
"967368","HTTP://NORTHEDGECAPITAL.COM/"
"1010019","HTTP://WWW.LDFM.COM"
"1011150","HTTP://WWW.CLOSEDLOOPFUND.COM"
"998683","HTTP://WWW.DUNEDIN.COM"
"1008264","HTTP://WWW.CAYGAN.COM"
"1009470","HTTP://WWW.ENVISIONVC.COM"
"1007478","HTTP://VENDERARESOURCES.COM/"
"1012239","HTTP://WWW.MAYFAIREQUITY.COM"
"1018712","HTTP://WWW.JUNO-INVEST.COM/"
"1018712","HTTP://WWW.JUNO-INVEST.NL/"
"1016702","HTTP://WWW.PAGASIA.COM"
"1019927","HTTP://WWW.EQT.SE"
"1013010","HTTP://WWW.ILLUMINAVENTURES.COM"
"1019916","HTTP://WWW.STIRLINGSQUARE.COM"
"1019526","HTTP://BAYESIAN.CAPITAL/"
"1013454","HTTPS://WWW.WHITEROCKOILANDGAS.COM"
"1020015","HTTP://WWW.JIPINC.COM"
"1020155","HTTP://WWW.FARVIEWCAPITALMGMT.COM/"
"1016420","HTTPS://WWW.POGRESOURCES.COM"
"1016934","HTTP://WWW.EFWPARTNERS.COM"
"1016974","HTTP://WWW.CHAYTONCAPITAL.COM"
"1016780","HTTP://WWW.KEDAARA.COM"
"1008377","HTTP://WWW.TAMISO.COM"
"1008462","HTTP://WWW.ESTATEFINANCE.COM"
"1008462","HTTP://WWW.LAWFINANCE.COM"
"1008462","HTTP://WWW.LFGSERVICING.COM"
"1008462","HTTP://WWW.LINKEDIN.COM/PUB/LAWFINANCE-GROUP/86/618/BB5"
"1008462","HTTPS://CLIENTS.CORTLANDGLOBAL.COM/LFG"
"986334","HTTP://WWW.PARUSFINANCE.COM"
"986756","HTTP://WWW.CPIM.CO.UK"
"1009014","HTTP://WWW.ISRAELBIOTECHFUND.COM"
"1010725","HTTP://WWW.LANDMARKVALUE.COM"
"1011328","HTTP://WWW.COMPOSITIONCAPITAL.COM"
"979489","HTTPS://WWW.XFUND.COM"
"1012500","HTTP://WWW.DHANDHOFUNDS.COM"
"1008808","HTTP://WWW.REGIMENTCAPITAL.COM"
"1008821","HTTP://WWW.SHERBROOKECAPITAL.COM"
"1013428","HTTP://WWW.TAURUS.VC"
"1016186","HTTP://WWW.ELLISLAKE.COM"
"1016404","HTTP://WWW.PINEBRIDGE.COM.HK/"
"1016995","HTTP://WWW.OAKVC.COM"
"1013551","HTTP://WWW.PHASE4-PARTNERS.COM"
"1016972","HTTP://WWW.MAKOINVESTMENTMANAGERS.COM"
"1014495","HTTP://WWW.BVCF.COM/"
"1017307","HTTP://WWW.MAKOINVESTMENTMANAGERS.COM"
"1017326","HTTP://WWW.CRV.COM"
"989734","HTTPS://WWW.SILVERCREEKMANAGEMENT.COM"
"1019422","HTTP://WWW.ELLISBRADY.COM/"
"1007440","HTTPS://WWW.7GCAPITAL.COM"
"1010664","HTTPS://WWW.VNSINVESTMENT.COM"
"1011731","HTTP://WWW.RELAYVENTURES.COM"
"1017275","HTTPS://WWW.PINEBRIDGE.COM"
"993872","HTTP://WWW.EPICVC.COM"
"1017401","HTTP://SPRINGLAKEASSETMANAGEMENT.COM"
"1003427","HTTP://WWW.SIMMONSCO-INTL.COM/"
"1006943","HTTP://WWW.BWCAPITALPARTNERS.COM/"
"1007594","HTTP://WWW.ATMOSCAPITAL.COM.BR/"
"1006539","HTTP://WWW.AULDBRASSPARTNERS.COM/"
"1008254","HTTPS://WWW.ETHIKAINVESTMENTS.COM"
"1009091","HTTP://WWW.ATVCAPITAL.COM"
"1009091","HTTPS://DYNAMO.NETAGESOLUTIONS.COM/SITE/LOGIN.ASPX"
"1011012","HTTPS://WWW.FACTORIALCAPITAL.COM"
"982112","HTTP://WWW.HENDERSON.COM"
"1013024","HTTP://WWW.EASTSIDEPARTNERS.COM"
"987739","HTTP://BRIDGEPOINTMB.COM"
"1015695","HTTP://WWW.MILESTONEVP.COM"
"1016180","HTTP://WWW.OCEANDIAL.COM"
"1018305","HTTPS://WWW.AVENTICUM.COM"
"1018305","HTTPS://WWW.AVENTICUMCAPITAL.COM"
"1002879","HTTP://WWW.GLENPOINTCAPITAL.COM"
"1020458","HTTPS://WWW.AEGEACAPITAL.COM"
"1002886","HTTP://LUNARCAPITAL.COM/"
"1008794","HTTP://WWW.REGIMENTCAPITAL.COM"
"1008872","HTTP://SUPPLYCHAINEQUITY.COM/"
"963232","HTTP://ILSIMLTD.COM"
"987348","HTTP://NGNCAPITAL.COM"
"1016712","HTTP://WWW.DORICAPITAL.COM"
"1004965","HTTPS://WWW.IANGELS.CO"
"1008487","HTTP://WWW.GLOBALXTAX.COM"
"1017507","HTTP://WWW.BARINGS.COM"
"1017519","HTTP://WWW.ARCUSINVEST.COM"
"1017711","HTTP://WWW.ROGGEGLOBAL.COM"
"1017711","HTTP://WWW.OLDMUTUAL.COM"
"1017495","HTTP://WWW.CBPECAPITAL.COM"
"1017303","HTTP://CATALYSTHEALTHVENTURES.COM/"
"1010433","HTTP://WWW.HARTSTREET.COM"
"1013786","HTTP://WWW.HORTONPOINT.COM"
"1009239","HTTP://WWW.SCPINVESTMENT.COM/"
"1014503","HTTP://WWW.CDHFUND.COM/VENTURE_CAPITAL/INDEX.HTML"
"1014506","HTTP://WWW.CDHFUND.COM/VENTURE_CAPITAL/INDEX.HTML"
"1007118","HTTP://WWW.RDCCAP.COM"
"1015151","HTTP://WWW.DPI-LLP.COM"
"997030","HTTP://WWW.ALDERCAP.COM"
"1015499","HTTP://WWW.SUMMERHILLVP.COM"
"1015772","HTTP://BRAIT.COM/"
"1015772","HTTP://BRAIT.COM/"
"1015796","HTTP://WWW.GENESISCAPPARTNERS.COM"
"1010408","HTTP://WWW.QUANTEDGE.COM"
"1015826","HTTP://WWW.ALTASPARTNERS.COM"
"1015455","HTTP://WWW.KANGGLOBAL.COM"
"1009339","HTTP://WWW.ESPLP.COM"
"967610","HTTP://WWW.TREGARONCAPITAL.COM/"
"1007341","HTTP://WWW.STALEYCAPITAL.COM"
"1007214","HTTP://WWW.MCMCAPITAL.COM"
"982678","HTTP://EIGHT.VC"
"1016224","HTTP://WWW.IDGVUSA.COM"
"1016105","HTTP://WWW.MARIEMONTCAPITAL.COM"
"1008012","HTTP://WWW.BIRCHHILLEQUITY.COM"
"1014895","HTTP://WWW.BAY-AREA-AND-PACIFIC-COAST-DEVELOPMENT.COM"
"1014895","HTTP://WWW.BAPCD.COM"
"1016052","HTTPS://WWW.AVANT.COM/"
"1016689","HTTP://WWW.JTSCAP.COM"
"1016387","HTTP://WWW.SATURNPARTNERSVC.COM"
"1007902","HTTP://WWW.AUGURCAPITAL.COM"
"993316","HTTP://WWW.KLINEHILL.COM/"
"1017214","HTTP://WWW.TDRCAPITAL.COM/"
"1012812","HTTP://WWW.CRISPINCAPITAL.COM"
"1011872","HTTP://SPRINGLAKEASSETMANAGEMENT.COM"
"1020193","HTTP://WWW.FUCHSCAPITALPARTNERS.COM"
"1009706","HTTPS://WWW.BABSONCAPITAL.COM/"
"1009701","HTTP://WWW.FORBION.COM"
"998657","HTTP://WWW.SAPIAPARTNERS.COM"
"1017468","HTTP://500.CO"
"1018103","HTTP://WWW.PENTRUSTONLINE.COM/"
"1018222","HTTP://WWW.GREENWOODSASSET.COM"
"1002011","HTTP://WWW.BARROWSTREETCAPITAL.COM"
"999839","HTTP://MAKOGLOBAL.COM/MAKO-GLOBAL-INVESTORS/"
"1012339","HTTP://WWW.SOTHIC-CAPITAL.COM"
"1013558","HTTP://WWW.SILVARISCAPITAL.COM"
"1015165","HTTP://WWW.DPI-LLP.COM"
"985254","HTTP://WWW.BASISINVGROUP.COM/"
"987151","HTTPS://WWW.DAKOTAPACIFIC.COM"
"1017506","HTTPS://WWW.FONTINALIS.COM"
"1017749","HTTP://WWW.GROSVENOR.COM"
"1017140","HTTP://WWW.LEAFCAPITALMANAGEMENT.COM"
"1017597","HTTP://WWW.ELLISLAKE.COM"
"990448","HTTPS://WWW.LGIRESEARCH.COM"
"1018087","HTTP://WWW.ODINCAPITALMANAGEMENT.COM/"
"1018233","HTTP://WWW.CITICPE.COM"
"1007925","HTTP://WWW.QUAKERBIO.COM"
"1007925","HTTP://WWW.QUAKERPARTNERS.COM"
"1011986","HTTP://WWW.FIFTHSEASONVENTURES.COM"
"1013545","HTTP://WWW.HEADLANDCP.COM"
"1016802","HTTP://WWW.XENONPE.COM"
"998655","HTTP://WWW.VALIANCE-AM.COM"
"980553","HTTP://WWW.NPLUSONE.COM/"
"1004640","HTTP://WWW.KEROGENCAP.COM"
"993075","HTTP://WWW.GULFCAPITAL.COM"
"1002049","HTTP://WWW.FREESTYLE.VC"
"1005241","HTTP://WWW.LILLYASIAVENTURES.COM/EN/"
"1007550","HTTP://WWW.VOYAGERCAPITAL.COM"
"1006580","HTTP://WWW.OCAVENTURES.COM"
"1004785","HTTPS://WWW.ORCHESTRAMV.COM"
"1008621","HTTP://WWW.GEFINORCAPITAL.COM"
"1008420","HTTP://WWW.GEFINORCAPITAL.COM"
"1011352","HTTP://WWW.CANTORPARTNERS.COM"
"1011823","HTTP://WWW.POLARSEC.COM/"
"1013643","HTTP://WWW.LANDSOUTHGROUP.COM"
"1013643","HTTP://WWW.AGAMERICA.COM"
"1013626","HTTP://METAMORPHIC.VC"
"1015798","HTTPS://WWW.BULWARKBAY.COM"
"1005129","HTTP://WWW.IRONBRIDGEEQUITY.COM"
"1013408","HTTPS://WWW.AVANT.COM/"
"1006982","HTTP://BLOG.9MILELABS.COM"
"1006982","HTTP://WWW.9MILELABS.COM"
"1008185","HTTPS://CIC.FR/"
"1008211","HTTP://WWW.MBKPARTNERSLP.COM"
"1006350","HTTPS://WWW.ETHIKAINVESTMENTS.COM"
"1008534","HTTP://WWW.CONWAYMACKENZIE.COM"
"1005254","HTTP://WWW.H2.NL"
"1005254","HTTP://WWW.H2EP.COM"
"1008658","HTTP://WWW.NREP.COM"
"986609","HTTP://WWW.LCAPITAL.EU/"
"1008458","HTTP://WWW.FIRSTMARKCAP.COM"
"1008868","HTTPS://WWW.GROVELANDCAPITAL.COM"
"1008963","HTTP://WWW.HIGHSIDEGLOBAL.COM"
"1008284","HTTP://WWW.NEVSKYCAPITAL.COM"
"1004516","HTTP://WWW.PERCEVACAPITAL.ORG"
"1004516","HTTP://WWW.PERCEVACAPITAL.COM"
"1004516","HTTP://WWW.PERCEVA.EU"
"1004516","HTTP://WWW.PERCEVACAPITAL.EU"
"1004516","HTTP://WWW.PERCEVACAPITAL.FR"
"1004516","HTTP://WWW.PERCEVA.FR"
"1007941","HTTP://WWW.HUTTONCOLLINS.COM"
"1009084","HTTPS://DYNAMO3.NETAGESOLUTIONS.COM/PORTAL/LOGIN/LIGHTSTONE/PORTALPLUS/"
"1009084","HTTP://WWW.LIGHTSTONEVC.COM"
"1008273","HTTP://WWW.IP-CAPITALPARTNERS.COM"
"1004163","HTTP://WWW.GARMARK.COM"
"1015834","HTTP://WWW.TANNORPARTNERS.COM/"
"1016157","HTTP://WWW.BCVC.COM"
"1016146","HTTP://WWW.CARNEGROUP.COM"
"1013553","HTTP://WWW.ZEBEDEECAPITAL.COM"
"1011678","HTTP://WWW.BIOINNOVATION.CO"
"1011678","HTTP://WWW.BIO-INNOVATION.COM"
"1012113","HTTP://WWW.TAURUS.VC"
"1013548","HTTP://WWW.HEADLANDCP.COM"
"1015858","HTTP://WWW.SPPMEZZANINE.COM"
"1018620","HTTP://PARALLELIP.COM/"
"1018692","HTTP://EN.CHUANGXIN.COM/"
"1016109","HTTP://WWW.PIPER.CO.UK/"
"1002558","HTTP://WWW.KREOSCAPITAL.COM"
"1016973","HTTP://WWW.COLOGNY.CO.UK"
"1018724","HTTPS://WWW.AVENTICUM.COM"
"1006066","HTTP://WWW.RJWCAP.COM/"
"1008333","HTTPS://WWW.LEADENHALLCP.COM/"
"994073","HTTP://CERVINVENTURES.COM/"
"993653","HTTP://WWW.PSPFUNDS.COM"
"993653","HTTP://WWW.PSPFAMILYOFFUNDS.COM"
"1006211","HTTP://WWW.VERRAZZANOCAP.COM/"
"993628","HTTP://WWW.NUMENCAPITAL.COM"
"1008261","HTTP://WWW.VALUEADVISORS.CO.KR"
"1010042","HTTP://WWW.BIRCHMEREVC.COM"
"1010042","HTTP://WWW.BIRCHMERELABS.COM"
"1010042","HTTP://WWW.BIRCHMEREADVISORS.COM"
"1009435","HTTP://WWW.FIREBOLTVENTURES.COM"
"995150","HTTP://WWW.IBORROW.COM"
"1007923","HTTP://WWW.NINEALPHACAP.COM/9A/HOME.HTML"
"1005582","HTTP://WWW.MOTUSVENTURES.COM"
"987553","HTTP://WWW.VIOLA-GROUP.COM/VIOLACREDIT.HTML"
"1004679","HTTPS://WWW.CLEARSTONE.COM"
"1007035","HTTP://WWW.GRAPHENE.VC"
"1006987","HTTP://WWW.AXIUMINFRA.COM"
"986190","HTTP://WWW.KOVITZPRIVATEHOLDINGS.COM"
"998970","HTTP://WWW.SAMUELCAPITAL.COM"
"1009686","HTTP://PLENUS.CO.IL"
"989638","HTTP://WWW.OMP.NO"
"1015146","HTTP://WWW.TCP.VC"
"1016018","HTTP://WWW.CALLIANCE.COM"
"1011748","HTTP://WWW.SIMCOECAP.COM/"
"1011748","HTTP://WWW.SIMCOEPARTNERS.COM/"
"1010136","HTTP://WWW.ENVISIONVC.COM"
"1010999","HTTP://WWW.POINTGUARDVENTURES.COM/"
"994357","HTTP://WWW.REV1VENTURES.COM"
"994357","HTTP://WWW.COLUMBUSTECHLIFE.ORG"
"994357","HTTP://WWW.CONCEPTACADEMY.COM"
"994357","HTTP://WWW.CONCEPTACADEMY.ORG"
"994357","HTTP://WWW.INNOVATE-COLUMBUS.COM"
"994357","HTTP://WWW.OHIOTECHANGELS.COM"
"994357","HTTP://WWW.REV1VENTURES.ORG"
"994357","HTTP://WWW.REVONEVENTURES.COM"
"994357","HTTP://WWW.REVONEVENTURES.ORG"
"994357","HTTP://WWW.TCVENTURENEXT.COM"
"994357","HTTP://WWW.TCVENTURENEXT.ORG"
"994357","HTTP://WWW.TECHCOLUMBUS.ORG"
"994357","HTTP://WWW.TECHCOLUMBUS.XXX"
"994357","HTTP://WWW.TECHCOLUMBUSFUNDS.COM"
"994357","HTTP://WWW.TECHCOLUMBUSFUNDS.ORG"
"994357","HTTP://WWW.TECHCOLUMBUSINNOVATIONAWARDS.COM"
"994357","HTTP://WWW.TECHCOLUMBUS-INNOVATIONAWARDS.COM"
"994357","HTTP://WWW.TECHCOLUMBUSINNOVATIONAWARDS.ORG"
"994357","HTTP://WWW.TECHCOLUMBUS-INNOVATIONAWARDS.ORG"
"994357","HTTP://WWW.TECHCOLUMBUSINNOVATIONSUMMIT.ORG"
"994357","HTTP://WWW.TECHCOLUMBUSLIFE.ORG"
"994357","HTTP://WWW.TECHCOLUMBUSSEEDFUND.COM"
"994357","HTTP://WWW.TECHCOLUMBUSSEEDFUND.ORG"
"994357","HTTP://WWW.TECHCOLUMBUSVENTURES.COM"
"994357","HTTP://WWW.TECHCOLUMBUSVENTURES.ORG"
"994357","HTTP://WWW.TECH-LOUNGE.ORG"
"994357","HTTP://WWW.TECHSTARTINCUBATOR.COM"
"994357","HTTP://WWW.TECHSTARTINCUBATOR.ORG"
"1012038","HTTP://WWW.PRUSIKIM.CO.UK"
"1009738","HTTP://WWW.EDGESTONE.COM"
"1011898","HTTP://WWW.SUSTAINABLECAPITAL.MU/"
"1012342","HTTP://WWW.ASTELLONCAPITAL.COM"
"1005981","HTTP://WWW.CAP-SOL.COM/"
"1010356","HTTP://WWW.TRIENTAM.COM"
"1009931","HTTP://WWW.SYRENCAPITALADVISORS.COM"
"1010300","HTTP://WWW.GREENLEALANE.COM"
"1015450","HTTP://WWW.KANGGLOBAL.COM"
"1018020","HTTP://WWW.GAVEAINVEST.COM.BR"
"1008186","HTTP://WWW.ZHENFUND.COM"
"1018517","HTTP://WWW.NINECHAPTERSCM.COM"
"970644","HTTP://WWW.ARCUSINVEST.COM"
"972882","HTTP://WWW.SA-ALPHA.COM/"
"1019020","HTTP://WWW.MAKOINVESTMENTMANAGERS.COM"
"1019050","HTTP://WWW.COMMUNITYBANCAPITAL.COM/"
"1011812","HTTP://WWW.QUANTUM-CAPITAL-PARTNERS.COM"
"1004963","HTTP://WWW.IRONSHIELDCAPITAL.COM"
"1000027","HTTP://WWW.EBEXCHANGE.COM"
"971036","HTTP://WWW.MYRIADASSET.COM/"
"1015970","HTTP://WWW.GENESISCAPPARTNERS.COM"
"1016085","HTTP://WWW.CDHFUND.COM/EN/REAL_ESTATE/INDEX.HTML"
"1011987","HTTP://WWW.FIFTHSEASONVENTURES.COM"
"1008383","HTTP://WWW.TOKIOMARINEAM.CO.JP/"
"1008039","HTTP://WWW.FREESTYLE.VC"
"1011089","HTTP://WWW.EASTCAPITAL.COM"
"1009785","HTTPS://WWW.FRANKLINTEMPLETON.COM/"
"1009785","HTTP://WWW.FRANKLINTEMPLETON.LU/"
"1011863","HTTP://WWW.CHRYSALIXEVC.COM"
"1007843","HTTP://STRATEGICINVESTMENTFUND.ORG"
"997956","HTTP://WWW.PELICANENERGYPARTNERS.COM"
"1007805","HTTP://WWW.GHPGROUP.COM"
"1009111","HTTPS://WWW.OMERSVENTURES.COM"
"1016841","HTTPS://WWW.CORRIDORCAPITAL.COM"
"1009492","HTTP://ILSIMLTD.COM"
"1010023","HTTP://WWW.BHDGSYSTEMATIC.COM"
"1012494","HTTP://WWW.CLOSEDLOOPFUND.COM"
"1013268","HTTP://IKINVEST.COM"
"968098","HTTP://SYMMETRYFUNDS.COM"
"968098","HTTP://SYMMETRYINVESTMENTADVISORS.COM"
"1016290","HTTP://WWW.GTICAPITALGROUP.COM/"
"1016084","HTTP://WWW.CDHFUND.COM/VENTURE_CAPITAL/INDEX.HTML"
"1002307","HTTP://OMEGACAPITAL.COM"
"980555","HTTPS://WWW.ARLE.COM"
"1002475","HTTP://WWW.TRAVERSEVP.COM"
"1010069","HTTPS://WWW.AVENTICUM.COM"
"1012727","HTTP://WWW.PINEBRIDGE.COM.HK/"
"1014000","HTTP://WWW.DUKESTREET.COM"
"998509","HTTP://WWW.BRIGHTSTARCAPITALPARTNERS.COM/"
"1014500","HTTP://WWW.CDHFUND.COM/EN/PRIVATE_EQUITY/INDEX.HTML"
"1014505","HTTP://WWW.CDHFUND.COM/EN/REAL_ESTATE/INDEX.HTML"
"1009801","HTTP://WWW.PTVHC.COM"
"1018697","HTTP://WWW.DRAPERESPRIT.COM"
"1003000","HTTP://WWW.GENERATION.COM"
"999535","HTTP://WWW.LDVP.COM"
"1017269","HTTP://WWW.WISESGR.IT/IT/INDEX.HTML"
"1019260","HTTP://WWW.STONEGOFF.COM/"
"1018255","HTTP://WWW.STRUCKCAPITAL.COM"
"1019087","HTTP://WWW.TVP.COM"
"1018877","HTTP://WWW.EHCP.COM"
"1010342","HTTP://WWW.TARGETBUSINESSCONSULTANTS.COM"
"1010342","HTTP://WWW.TARGETPARTNERS.DE"
"1010342","HTTP://WWW.TARGETPARTNERS.NET"
"1010342","HTTP://WWW.TARGETVENTURES.DE"
"1010342","HTTP://WWW.TARGETVENTURES.COM"
"1010342","HTTP://WWW.TARGETVENTURE.COM"
"1010342","HTTP://WWW.TARGETVENTURE.DE"
"1010342","HTTP://WWW.TARGETPARTNERS.EU"
"1010342","HTTP://WWW.TARGETPARTNERS.BIZ"
"1010342","HTTP://WWW.TECHBRUNCH.DE"
"1010342","HTTP://WWW.TARGETPARTNER.DE"
"1010342","HTTP://WWW.TARGETPARTNERS.VC"
"1010342","HTTP://WWW.TARGETVENTURES.XYZ"
"1010342","HTTP://WWW.TARGETVENTURE.XYZ"
"1010342","HTTP://WWW.TARGETVENTURE.BIZ"
"1010342","HTTP://WWW.TARGETVENTURES.BIZ"
"1010342","HTTP://WWW.TARGETPARTNERS.XYZ"
"1014535","HTTPS://WWW.PINEBRIDGE.COM"
"1015119","HTTPS://WWW.OCPASIA.COM"
"1015188","HTTP://WWW.MIDMARKCAPITAL.COM"
"1014701","HTTP://WWW.BRIDGEPOINT.EU"
"1015304","HTTP://HATTERASVP.COM"
"1015357","HTTP://HATTERASVP.COM"
"1015369","HTTP://HATTERASVP.COM"
"1007416","HTTP://WWW.YORKSTREETCAPITAL.COM"
"1008255","HTTPS://WWW.ETHIKAINVESTMENTS.COM"
"1008763","HTTPS://WWW.PENSATOCAPITAL.COM"
"1018437","HTTP://WWW.CONNORCSB.COM"
"979620","HTTP://WWW.SEACREST.COM"
"993409","HTTP://MATRIXPARTNERS.COM"
"1005008","HTTP://WWW.HONYCAPITAL.COM"
"1022041","HTTP://WWW.ASTELLONCAPITAL.COM"
"1022804","HTTP://WWW.GLOBALSELECTIONADVISORS.COM"
"1022822","HTTP://WWW.BARINGS.COM"
"1017608","HTTP://WWW.PINEBRIDGE.COM"
"1017146","HTTP://WWW.MBKPARTNERSLP.COM"
"1024732","HTTP://WWW.CAPULAGLOBAL.COM/"
"1025976","HTTP://WWW.ICGAM.COM"
"1019912","HTTP://WWW.APPOSITECAPITAL.COM"
"1024286","HTTPS://MARCHCP.COM"
"1024434","HTTP://WWW.ROCKHILLCAP.COM"
"1018516","HTTP://WWW.MELFORDCAPITAL.COM"
"1025611","HTTPS://WWW.FEROXCAPITAL.COM"
"1026620","HTTP://WWW.MKCAPITAL.COM"
"1023070","HTTP://WWW.RESOLUTION.CO.UK"
"1021209","HTTP://CAVANCAPITALLLC.COM"
"994809","HTTPS://WWW.SOLSTICEALTERNATIVEYIELD.COM"
"994809","HTTPS://WWW.SOLSTICEFUNDS.COM"
"994809","HTTPS://WWW.SOLSTICEHOLDINGSLLC.COM"
"1019430","HTTP://WWW.WESTRAYCAPITAL.COM"
"1022515","HTTP://WWW.CXPARTNERS.IN/"
"1025296","HTTP://WWW.WARWICKCAP.COM"
"1023915","HTTP://WWW.CORDIANTCAP.COM"
"1020173","HTTP://WWW.MENLOVC.COM"
"1020173","HTTP://WWW.MENLOVENTURES.COM"
"1019200","HTTP://WWW.ELECTRAPARTNERS.COM"
"1016726","HTTP://WWW.MWAM.COM"
"1022841","HTTP://WWW.ALCUINCAPITAL.COM"
"1022270","HTTP://WWW.DRAPERESPRIT.COM"
"1024312","HTTP://WWW.KIMCO.COM.SG"
"1025549","HTTP://WWW.AMADEUSCAPITAL.COM"
"1019870","HTTP://WWW.OCTAVE-IM.COM"
"991359","HTTP://CLEAR.VENTURES"
"1020853","HTTP://WWW.LONGFORDCAPITAL.COM"
"1023996","HTTP://WWW.AVALON-VENTURES.COM"
"1024792","HTTPS://WWW.FACTORIALCAPITAL.COM"
"1010826","HTTP://WWW.WALLEYETRADING.COM"
"1025277","HTTP://WWW.JMFL.COM"
"1016720","HTTP://WWW.EVERSTONECAPITAL.COM"
"1023550","HTTP://WWW.HSBCPRIVATEBANK.COM/INVEST/ALTERNATIVE-INVESTMENTS"
"1012344","HTTP://WWW.AUGUSTEQUITY.COM"
"1018578","HTTP://WWW.PILLARCOMPANIES.CO/"
"1016165","HTTP://WWW.SUNAREAPROP.COM"
"1024999","HTTP://WWW.ROCKHAMPTON-MGT.COM"
"1016179","HTTP://WWW.ROTHSCHILD.COM"
"1023544","HTTP://WWW.HSBCPRIVATEBANK.COM/INVEST/ALTERNATIVE-INVESTMENTS"
"1025301","HTTP://WWW.REVCAP.CO.UK"
"1021416","HTTP://WWW.CQSCAPITAL.COM"
"1019772","HTTP://DINERSTEINCOS.COM/"
"1021428","HTTP://WWW.XSEEDCAP.COM"
"1016384","HTTP://WWW.SIMMONSCO-INTL.COM/"
"1021496","HTTP://WWW.SIGMAPARTNERS.COM"
"1021507","HTTP://WWW.SIGMAPRIME.COM"
"1019970","HTTP://WWW.GRANITEHILL.NET"
"1022870","HTTP://WWW.TRAFALGARCAPITAL.COM"
"1024642","HTTP://WWW.EMETCAP.COM"
"1023125","HTTP://WWW.ARGANCAPITAL.COM/"
"1022876","HTTP://WWW.CLEARBELL.COM"
"1025014","HTTP://WWW.3I.COM"
"1025550","HTTP://KALAARI.COM"
"1023756","HTTP://WWW.CAPVEST.CO.UK"
"1023756","HTTP://WWW.MEZZVEST.COM"
"1023756","HTTP://WWW.MEZZVEST.CO.UK"
"1023756","HTTP://WWW.MVCREDIT.COM"
"1027069","HTTP://WWW.INVICTUSCP.COM"
"1023096","HTTP://WWW.BREVANHOWARD.COM"
"1025394","HTTP://WWW.YCPLLC.COM"
"1025754","HTTP://WWW.KAE-CAPITAL.COM"
"1020076","HTTP://WWW.APAX.COM"
"1022805","HTTP://WWW.BREVANHOWARD.COM"
"1027057","HTTP://WWW.LEERINK.COM/CAPITAL-PARTNERS/"
"1027238","HTTPS://WWW.PATRIAINVESTIMENTOS.COM.BR"
"1027238","HTTPS://WWW.PATRIAINVESTMENTS.COM"
"1020682","HTTP://STEAMBOATVC.COM"
"1021268","HTTP://WWW.RASCASSE.COM.MT"
"1017731","HTTP://WWW.INCOMEPARTNERS.COM"
"1018037","HTTP://WWW.SYNOVA-CAPITAL.COM"
"1018291","HTTP://WWW.ELYSIANCAPITAL.COM"
"1022365","HTTP://WWW.JEFFERSONCAPITAL.COM"
"1024835","HTTP://WWW.MARYLEBONEPARTNERS.COM"
"1023119","HTTPS://WWW.ROTHSCHILD.COM"
"1021379","HTTP://WWW.KPGVENTURES.COM"
"1025913","HTTPS://WWW.MACQUARIE.COM/MAFM"
"1027051","HTTP://WWW.TRILANTIC.US"
"1027051","HTTP://WWW.TRILANTICCAPITAL.COM"
"1027051","HTTP://WWW.TRI-ATLANTIC.COM"
"1015546","HTTPS://PANTERACAPITAL.COM/"
"1017496","HTTP://WWW.EVERSTONECAPITAL.COM"
"990788","HTTP://WWW.MISSIONOG.COM"
"1023365","HTTP://WWW.MVM.COM"
"1025473","HTTP://WWW.TRUENORTHVP.COM"
"1025480","HTTP://WWW.LONGTAILALPHA.COM"
"1025031","HTTP://OSAGEPARTNERS.COM"
"1024060","HTTP://WWW.POLARCAPITAL.CO.UK"
"993516","HTTPS://WWW.SAMARACAPITAL.COM"
"1026010","HTTP://WWW.OSMIUMPARTNERS.COM"
"1025015","HTTP://WWW.CLEARBELL.COM"
"1018700","HTTP://WWW.GRAPHITECAPITAL.COM"
"1023162","HTTP://WWW.AITHONCAPITAL.COM"
"1025362","HTTP://WWW.EXWORKSCAPITAL.COM"
"1018602","HTTP://WWW.MANSFORD.COM"
"1026447","HTTP://ELDORADO.COM"
"1025274","HTTP://WWW.JMFL.COM"
"1026540","HTTP://WWW.INVICTUSCP.COM"
"1026580","HTTP://WWW.FORMICMGMT.COM/"
"1027051","HTTP://WWW.TRILANTICCAPITAL.NET"
"1027051","HTTP://WWW.TRILANTICCAPITALPARTNERS.COM"
"1027051","HTTP://WWW.TRILANTICCAPITALPARTNERS.NET"
"1027051","HTTP://WWW.TRILANTICCP.COM"
"1027051","HTTP://WWW.TRILANTICCP.NET"
"1027051","HTTP://WWW.TRILANTICINVESTORS.COM"
"1027051","HTTP://WWW.TRILANTICINVESTORS.NET"
"1027051","HTTP://WWW.TRILANTICPARTNERS.COM"
"1027051","HTTP://WWW.TRILANTICPARTNERS.EU"
"1027051","HTTP://WWW.TRILANTICPARTNERS.NET"
"1027051","HTTP://WWW.TRILANTIC.COM"
"1020142","HTTP://WWW.NEXTCOASTVENTURES.COM"
"1020654","HTTP://STEAMBOATVC.COM/"
"1022291","HTTP://WWW.HIGHLANDEUROPE.COM"
"1025592","HTTP://WWW.HGCAPITAL.COM"
"1020040","HTTP://WWW.MACROSYNERGY.COM/"
"1024878","HTTP://WWW.WESTERNSTANDARDLLC.COM/"
"1023513","HTTP://WWW.RPCAPITALGROUP.COM"
"1016828","HTTP://SOAPSTONECAPITAL.COM/"
"1024366","HTTPS://WWW.HABROKCAPITAL.COM"
"1026675","HTTP://WWW.WESTFACECAPITAL.COM"
"1021321","HTTP://WWW.CQSCAPITAL.COM"
"1021440","HTTP://WWW.CQSCAPITAL.COM"
"1023748","HTTP://WWW.GROWTHCAPITAL.CO.UK"
"991038","HTTP://WWW.FAIRTREE.COM"
"1018947","HTTP://WWW.EVERSTONECAPITAL.COM"
"1023751","HTTP://WWW.GREENWOODSINVEST.COM"
"1022283","HTTP://WWW.MALABARINVEST.COM"
"1024033","HTTP://WWW.PORTSEA-ASSET.COM"
"997986","HTTPS://WWW.DLPARTNERS.COM"
"1021013","HTTP://WWW.TCIFUND.COM"
"1016398","HTTP://WWW.LEERINKCAPITAL.COM"
"1022756","HTTP://WWW.HERMES-INVESTMENT.COM"
"1024166","HTTP://WWW.NEXXUSCAPITAL.COM"
"1022080","HTTP://WWW.SOFINNOVA.FR"
"1025852","HTTP://WWW.BRIGHTSTARCAPITALPARTNERS.COM/"
"1019323","HTTP://WWW.PRIMESTONECAPITAL.COM"
"1025851","HTTP://WWW.FIRSTATLANTICCAPITAL.COM"
"1027133","HTTP://WWW.SOMARCAP.COM/"
"1023131","HTTP://WWW.BREVANHOWARD.COM"
"1021760","HTTP://WWW.SOTHIC-CAPITAL.COM"
"1021864","HTTP://WWW.ILLUMINAVENTURES.COM"
"1018958","HTTP://WWW.ASCENTCAPITAL.IN"
"1006412","HTTP://WWW.GUARDEAQUI.COM/"
"977016","HTTP://WWW.PENFUND.COM"
"1027086","HTTP://WWW.GAM.COM"
"1026373","HTTP://SILVERHAWKCAPITALPARTNERS.COM"
"1027223","HTTP://WWW.SEVENMILECP.COM"
"1020739","HTTP://WWW.SCCPASIA.COM"
"1019201","HTTP://WWW.MONTPELIER.COM"
"1020943","HTTPS://WWW.THELEMEPARTNERS.COM"
"1018099","HTTP://WWW.STONEHAGEFLEMING.COM"
"1027080","HTTP://WWW.CREADOR.COM"
"1021435","HTTP://WWW.CQSCAPITAL.COM"
"1024082","HTTP://WWW.ALTIMAPARTNERS.COM"
"1012224","HTTP://WWW.THINKBRG.COM/"
"1023072","HTTP://WWW.CGS-MANAGEMENT.COM"
"1025048","HTTP://WWW.3I.COM"
"1020940","HTTP://WWW.WISESGR.IT/IT/INDEX.HTML"
"1022531","HTTP://WWW.RONITCAPITAL.COM"
"1024392","HTTP://WWW.INNISFREE.CO.UK"
"1013086","HTTPS://WWW.MITSUI-GLOBAL.COM/"
"1026461","HTTP://WWW.KLDSCAP.COM"
"986454","HTTPS://WWW.AGILITASPE.COM"
"1026324","HTTP://WWW.TRITON-PARTNERS.COM"
"1020239","HTTP://WWW.CATCOIM.COM"
"1023602","HTTP://SAGEROADCAPITAL.COM/"
"1024758","HTTP://WWW.EPSILONVENTUREPARTNERS.COM"
"1010337","HTTP://WWW.DIGNARICAPITAL.COM"
"1021764","HTTP://WWW.NEWPEAK.KY"
"1021764","HTTP://WWW.NEWPEAKCAP.COM"
"1021764","HTTP://WWW.NEWPEAKCAP.KY"
"1021764","HTTP://WWW.NEWPEAK.CO.UK"
"1022526","HTTP://WWW.SILVERFLEETCAPITAL.COM/"
"1023167","HTTP://WWW.LARSENMACCOLL.COM"
"1017500","HTTP://WWW.EVERSTONECAPITAL.COM"
"1023468","HTTPS://PANTERACAPITAL.COM/"
"1026338","HTTPS://WWW.EXPONENTPE.COM"
"1022295","HTTP://WWW.BYBROOKCAPITAL.COM"
"1010078","HTTP://WWW.SOVEREIGNCAPITAL.CO.UK/"
"1024826","HTTP://WWW.AEWEUROPE.COM/EN/HOME.HTM"
"1010111","HTTP://WWW.SOVEREIGNCAPITAL.CO.UK"
"1019314","HTTP://SIGNETHEALTHCAREPARTNERS.COM"
"1020917","HTTP://WWW.ELECTRAPARTNERS.COM"
"1020035","HTTP://WWW.BVFUND.COM"
"1020035","HTTP://WWW.EVCPARTNERS.COM"
"1020035","HTTP://WWW.BVCAPITAL.COM"
"1020035","HTTP://WWW.EVENTURES.VC"
"1023640","HTTP://WWW.CROSSOVERHCFUND.COM"
"1020210","HTTP://WWW.HEADWAYCAP.COM"
"1023076","HTTP://WWW.GSQUARECAPITAL.COM"
"1021407","HTTP://WWW.CQSCAPITAL.COM"
"1018596","HTTP://WWW.EASTONCAPITAL.COM"
"1024008","HTTPS://WWW.PANTHEON.COM"
"1022415","HTTP://WWW.MITRACAPITAL.NET"
"1022415","HTTP://WWW.MITRACAPITAL.COM"
"1024319","HTTP://WWW.TORQXCAPITAL.COM"
"1020557","HTTP://WHITEHAVENLP.COM"
"1024467","HTTP://WWW.CATCOIM.COM"
"1026265","HTTP://WWW.WHARDSTEWART.COM"
"1025464","HTTP://WWW.WESTFACECAPITAL.COM"
"1026023","HTTP://WWW.EASTLODGECAPITAL.COM"
"1019341","HTTP://WWW.CANAANPARTNERS.COM"
"1019341","HTTP://WWW.CANAAN.COM"
"1017641","HTTP://KDWCVENTURES.COM/"
"1017735","HTTP://WWW.CHARLESLIMCAPITAL.COM"
"1021888","HTTP://WWW.CVPCAP.COM"
"1009058","HTTP://ROTHSCHILD.COM"
"1022339","HTTP://WWW.AXA-REIMSGP.FR/"
"1022806","HTTP://PENTACAPITAL.COM"
"1026222","HTTP://WWW.SILVERSTREETCAPITAL.COM"
"1022818","HTTP://WWW.FUNDAMENTALDYNAMICS.COM/"
"1021580","HTTP://WWW.RUBICON-UK.COM"
"1020149","HTTP://WWW.SOMARCAP.COM/"
"1026018","HTTP://WWW.FEROXCAPITAL.COM"
"1013893","HTTP://WWW.UMJ-JP.COM"
"1021419","HTTP://WWW.CQSCAPITAL.COM"
"1020922","HTTP://WWW.SQNINVESTORS.COM"
"994238","HTTP://WWW.MAMJ.COM"
"1025535","HTTP://WWW.SERESAM.COM/"
"1026496","HTTP://WWW.TRI-ATLANTIC.COM"
"1026496","HTTP://WWW.TRILANTIC.US"
"1026496","HTTP://WWW.TRILANTICCAPITAL.COM"
"1026496","HTTP://WWW.TRILANTICCAPITAL.NET"
"1026496","HTTP://WWW.TRILANTICCAPITALPARTNERS.COM"
"1026496","HTTP://WWW.TRILANTICCAPITALPARTNERS.NET"
"1026496","HTTP://WWW.TRILANTICCP.COM"
"1026496","HTTP://WWW.TRILANTICCP.NET"
"1026496","HTTP://WWW.TRILANTICINVESTORS.COM"
"1026496","HTTP://WWW.TRILANTICINVESTORS.NET"
"1026496","HTTP://WWW.TRILANTICPARTNERS.COM"
"1026496","HTTP://WWW.TRILANTICPARTNERS.EU"
"1026496","HTTP://WWW.TRILANTICPARTNERS.NET"
"1026496","HTTP://WWW.TRILANTIC.COM"
"1020858","HTTP://WWW.BLGCAPITAL.COM"
"988673","HTTPS://WWW.FROGMORE.CO.UK"
"1023485","HTTP://WWW.SCCPASIA.COM"
"1019182","HTTP://WWW.ICONINFRASTRUCTURE.COM"
"1026223","HTTP://WWW.LYCEUMCAPITAL.CO.UK"
"1026064","HTTP://WWW.WESTBRIDGECAP.COM"
"1025569","HTTP://WWW.VGOCAPITAL.COM"
"1026740","HTTP://WWW.TOCCAP.COM/"
"1023376","HTTP://WWW.KINGSWAYCAP.COM"
"1017497","HTTP://WWW.EVERSTONECAPITAL.COM"
"1017602","HTTPS://WWW.HORSEMANCAPITAL.COM"
"1026776","HTTP://WWW.POLARAMP.COM"
"1021917","HTTP://WWW.NAZMARK.COM/"
"1023035","HTTP://WWW.SCCPASIA.COM"
"1023141","HTTP://WWW.KITELAKE.COM/"
"1016441","HTTP://KURAMOCAPITAL.COM"
"1022807","HTTP://WWW.DARWINPE.COM/"
"1025960","HTTP://WWW.DEUTSCHEAM.COM"
"1025960","HTTP://WWW.DB.COM"
"1025960","HTTP://WWW.DBPE.COM"
"1025412","HTTP://WWW.SUMMITPARKLLC.COM"
"1023226","HTTP://WWW.DRICAPITAL.COM"
"1008634","HTTPS://WWW.SINDICATUM.COM"
"1016092","HTTP://TATACAPITAL.COM"
"1027007","HTTP://WWW.NOVIRIAN.COM"
"1025948","HTTP://WWW.VITRUVIANPARTNERS.COM"
"1022897","HTTPS://WWW.POGRESOURCES.COM"
"1021452","HTTP://WWW.DPI-LLP.COM"
"1026963","HTTP://WWW.PALMERSTONLLP.COM"
"1025903","HTTP://WWW.ICGAM.COM"
"1026978","HTTP://WWW.CAPULAGLOBAL.COM/"
"1025225","HTTP://WWW.COLLERCAPITAL.COM"
"1022078","HTTP://WWW.JMCCP.COM"
"1018234","HTTP://WWW.CHARTERHOUSE.CO.UK"
"1022267","HTTP://WWW.NAVISCAPITAL.COM"
"1024287","HTTPS://WWW.CLEARSTONE.COM"
"1022064","HTTP://WWW.INDIGO-CAPITAL.COM"
"1024797","HTTP://WWW.ECLECTICA-AM.COM"
"1022312","HTTP://WWW.PARKERGALE.COM"
"1026298","HTTP://WWW.ARCISGROUP.COM"
"1017404","HTTP://WWW.VANGUARDCANADA.CA"
"1020676","HTTP://WWW.PETROCAPITALFUNDS.COM"
"1022269","HTTP://WWW.FORMATIONGROUP.COM"
"1021637","HTTP://WWW.VELOSPARTNERS.COM"
"1009782","HTTP://WWW.EUROPACAPITAL.COM"
"1024785","HTTP://WWW.DIGNARICAPITAL.COM"
"1023989","HTTP://WWW.303CAPITAL.COM"
"1023037","HTTP://WWW.SCCPASIA.COM"
"1001514","HTTP://WWW.EAGLEHILLCAPITAL.COM"
"1024332","HTTP://WWW.ASPERATUSCAPITAL.COM/"
"1019687","HTTP://WWW.SLOANEROBINSON.COM"
"1022419","HTTP://WWW.ASTRACAPITALMGMT.COM"
"1018744","HTTP://WWW.GRAPHITECAPITAL.COM"
"1018757","HTTP://WWW.GRAPHITECAPITAL.COM"
"1019162","HTTP://WWW.RONITCAPITAL.COM"
"1020023","HTTP://WWW.TOKIOMARINEAM.CO.JP/"
"1022760","HTTP://WWW.HERMES-INVESTMENT.COM"
"1026638","HTTP://WWW.FQSCAPITAL.COM"
"1025463","HTTP://WWW.ONSLOW-CAPITAL.COM"
"1004922","HTTP://WWW.MAGLAN.COM"
"1020084","HTTP://WWW.BERKSHIRE-GROUP.COM"
"1026311","HTTP://WWW.PALMERSTONLLP.COM"
"1016975","HTTP://WWW.SW7GROUP.COM"
"1020140","HTTP://WWW.JPMAM.COM.BR"
"1015399","HTTP://AMERICANSECUREDCAPITAL.COM"
"1025032","HTTP://CIMARRONHC.COM"
"1021402","HTTP://BRIDGESVENTURES.COM/"
"1021402","HTTP://BRIDGESVENTURES.COM/US"
"1021769","HTTP://WWW.ARCUSINVEST.COM"
"1017276","HTTP://WWW.KLDSCAP.COM"
"1024890","HTTP://WWW.ROGGEGLOBAL.COM"
"1024890","HTTP://WWW.ALLIANZGI.COM"
"1026904","HTTP://WWW.THREECOURT.COM/"
"1017057","HTTP://WWW.SW7GROUP.COM"
"1023514","HTTP://WWW.GEMS.COM.HK"
"1010473","HTTP://WWW.IOGCAPITAL.COM"
"1010473","HTTP://WWW.IOGCAPITAL.SHAREFILE.COM"
"1018471","HTTP://WWW.SEQUOIACAP.COM/INDIA"
"1026584","HTTP://WWW.OMGLOBALINVESTORS.COM"
"1025758","HTTP://WWW.SHEAVENTURES.COM"
"1025057","HTTP://WWW.MIRAFUNDS.COM/"
"1024647","HTTPS://WWW.QUADRATURECAPITAL.COM"
"1024803","HTTP://WWW.RESOLUTIONPROPERTY.COM"
