"FilingID","ReferenceID","SubreferenceID","Foreign Regulatory Authority"
1048701,17011,3383,"Other - CAYMAN ISLANDS MONETARY AUTHORITY"
1048701,17940,3536,"Cayman Islands - Cayman Islands Monetary Authority"
1048701,58420,11781,"Other - NONE"
1043187,56601,11247,"Cayman Islands - Cayman Islands Monetary Authority"
1058668,120317,83378,"Cayman Islands - Cayman Islands Monetary Authority"
1048311,64490,13277,"Cayman Islands - Cayman Islands Monetary Authority"
1048311,180259,118413,"Ireland -  Central Bank of Ireland"
1054113,170127,116615,"Cayman Islands - Cayman Islands Monetary Authority"
1054113,170127,116616,"Cayman Islands - Cayman Islands Monetary Authority"
1047422,180141,118309,"Other - EXEMPT FROM REGISRATION WITH MONETARY AUTHORITY OF CAYMAN ISLANDS"
1047422,66558,13614,"Other - EXEMPT FROM REGISTRATION WITH MONETARY AUTHORITY OF CAYMAN ISLANDS"
1047422,167642,115891,"Other - EXEMPT FROM REGISTRATION WITH MONETARY AUTHORITY OF CAYMAN ISLANDS"
1047422,167642,115892,"Other - EXEMPT FROM REGISTRATION WITH MONETARY AUTHORITY OF THE CAYMAN ISLANDS"
1047422,167642,115893,"Other - EXEMPT FROM REGISTRATION WITH MONETARY AUTHORITY OF CAYMAN ISLANDS"
1047422,167645,115898,"Other - EXEMPT FROM REGISTRATION WITH MONETARY AUTHORITY OF CAYMAN ISLANDS"
1047422,167645,115899,"Other - EXEMPT FROM REGISTRATION WITH MONETARY AUTHORITY OF THE CAYMAN ISLANDS"
1047422,66579,13630,"Other - EXEMPT FROM REGISTRATION WITH THE CAYMAN ISLANDS MONETARY AUTHORITY"
1047422,44147,7971,"Other - NONE"
1047422,44147,7972,"Other - EXEMPT FROM REGISTRATION WITH MONETARY AUTHORITY OF CAYMAN ISLANDS"
1047422,44147,7973,"Other - EXEMPT FROM REGISTRATION WITH MONETARY AUTHORITY OF CAYMAN ISLANDS"
1047422,44147,7974,"Other - EXEMPT FROM REGISTRATION WITH MONETARY AUTHORITY OF CAYMAN ISLANDS"
1047422,167645,115900,"Other - EXEMPT FROM REGISTRATION WITH MONETARY AUTHORITY OF CAYMAN ISLANDS"
1047422,43959,7959,"Bermuda - Bermuda Monetary Authority"
1047422,43959,7960,"Other - NONE"
1047422,56590,11219,"Other - EXEMPT FROM REGISTRATION WITH MONETARY AUTHORITY OF CAYMAN ISLANDS"
1047422,56590,11220,"Other - EXEMPT FROM REGISTRATION WITH MONETARY AUTHORITY OF CAYMAN ISLANDS"
1047422,56597,11233,"Other - EXEMPT FROM REGISTRATION"
1047422,56597,11234,"Other - EXEMPT FROM REGISTRATION WITH MONETARY AUTHORITY OF THE CAYMAN ISLANDS"
1047422,56597,11235,"Other - EXEMPT FROM REGISTRATION WITH MONETARY AUTHORITY OF THE CAYMAN ISLANDS"
1047422,56597,11236,"Other - EXEMPT FROM REGISTRATION WITH MONETARY AUTHORITY OF CAYMAN ISLANDS"
1047422,56597,11237,"Other - EXEMPT FROM REGISTRATION WITH THE MONETARY AUTHORITY OF CAYMAN ISLANDS"
1047422,56600,11243,"Other - EXEMPT FROM REGISTRATION WITH MONETARY AUTHORITY OF CAYMAN ISLANDS"
1047422,56600,11245,"Other - EXEMPT FROM REGISTRATION WITH MONETARY AUTHORITY OF THE CAYMAN ISLANDS"
1047422,56600,11246,"Other - EXEMPT FROM REGISTRATION WITH MONETARY AUTHORITY OF CAYMAN ISLANDS"
1047422,66558,13615,"Other - EXEMPT FROM REGISTRATION WITH MONETARY AUTHORITY OF THE CAYMAN ISLANDS"
1047422,66558,13616,"Other - EXEMPT FROM REGISTRATION WITH MONETARY AUTHORITY OF THE CAYMAN ISLANDS"
1047422,66558,13617,"Other - EXEMPT FROM REGISTRATION WITH THE CAYMAN ISLANDS MONETARY AUTHORITY"
1047422,66559,13618,"Other - EXEMPT FROM REGISTRATION WITH MONETARY AUTHORITY OF CAYMAN ISLANDS"
1047422,66559,13619,"Other - EXEMPT FROM REGISTRATION WITH THE MONETARY AUTHORITY OF CAYMAN ISLANDS"
1047422,66559,13620,"Other - EXEMPT FROM REGISTRATION WITH MONETARY AUTHORITY OF THE CAYMAN ISLANDS"
1047422,66560,13621,"Other - EXEMPT FROM REGISTRATION WITH THE MONETARY AUTHORITY OF CAYMAN ISLANDS"
1047422,66560,13622,"Other - EXEMPT FROM REGISTRATION WITH MONETARY AUTHORITY OF CAYMAN ISLANDS"
1047422,66560,13623,"Other - EXEMPT FROM REGISTRATION WITH MONETARY AUTHORITY OF THE CAYMAN ISLANDS"
1047422,66560,13624,"Other - EXEMPT FROM REGISTRATION WITH MONETARY AUTHORITY OF CAYMAN ISLANDS"
1047422,66561,13625,"Other - EXEMPT FROM REGISRATION WITH MONETARY AUTHORITY OF CAYMAN ISLANDS"
1047422,66562,13626,"Other - EXEMPT FROM REGISTRATION WITH MONETARY AUTHORITY OF CAYMAN ISLANDS"
1051669,64827,13213,"Cayman Islands - Cayman Islands Monetary Authority"
1047244,44430,14102,"Cayman Islands - Cayman Islands Monetary Authority"
1047244,44430,8019,"Other - CAYMAN ISLANDS/CAYMAN ISLANDS MONETARY AUTHORITY"
1047244,44430,14101,"Cayman Islands - Cayman Islands Monetary Authority"
1047244,44430,8022,"Other - CAYMAN ISLANDS/CAYMAN ISLANDS MONETARY AUTHORITY"
1048278,170363,116630,"Ireland -  Central Bank of Ireland"
1048278,170363,116629,"Ireland -  Central Bank of Ireland"
1045026,179996,118296,"Jersey - Jersey Financial Services Commission"
1050950,180558,118376,"Cayman Islands - Cayman Islands Monetary Authority"
1047168,180332,118334,"Cayman Islands - Cayman Islands Monetary Authority"
1047424,180146,118323,"Cayman Islands - Cayman Islands Monetary Authority"
1047424,180148,118344,"Cayman Islands - Cayman Islands Monetary Authority"
1047424,180147,118343,"Cayman Islands - Cayman Islands Monetary Authority"
1047649,179446,118217,"Cayman Islands - Cayman Islands Monetary Authority"
1044343,179909,118270,"Cayman Islands - Cayman Islands Monetary Authority"
1047795,180205,118317,"Cayman Islands - Cayman Islands Monetary Authority"
1043294,179817,118259,"Cayman Islands - Cayman Islands Monetary Authority"
1045429,4729,1567,"Cayman Islands - Cayman Islands Monetary Authority"
1044369,179943,118277,"Cayman Islands - Cayman Islands Monetary Authority"
1045608,179575,118223,"Denmark - Danish Financial Supervisory Authority"
1043504,68661,14117,"Cayman Islands - Cayman Islands Monetary Authority"
1048429,55596,10978,"Other - CAYMAN ISLANDS MONETARY AUTHORITY"
1047692,166896,115736,"Cayman Islands - Cayman Islands Monetary Authority"
1031422,178786,118078,"Cayman Islands - Cayman Islands Monetary Authority"
1031422,178786,118079,"Cayman Islands - Cayman Islands Monetary Authority"
1031422,59330,11966,"Cayman Islands - Cayman Islands Monetary Authority"
1031422,59330,11967,"Cayman Islands - Cayman Islands Monetary Authority"
1040903,23675,4415,"Cayman Islands - Cayman Islands Monetary Authority"
1040903,23675,4416,"Cayman Islands - Cayman Islands Monetary Authority"
1040903,175106,117454,"Cayman Islands - Cayman Islands Monetary Authority"
1040903,175106,117455,"Cayman Islands - Cayman Islands Monetary Authority"
1054845,55571,109574,"Guernsey - Guernsey Financial Services Commission"
1055758,66136,13538,"United Kingdom - Financial Conduct Authority"
1055758,66184,13539,"United Kingdom - Financial Conduct Authority"
1049750,3474,1378,"Other - CAYMAN ISLANDS MONETARY AUTHORITY"
1049750,3474,1377,"Other - CAYMAN ISLANDS MONETARY AUTHORITY"
1044165,168015,116017,"Cayman Islands - Cayman Islands Monetary Authority"
1043771,24539,7540,"Guernsey - Guernsey Financial Services Commission"
1043771,24533,4528,"Guernsey - Guernsey Financial Services Commission"
1043771,24533,4529,"Guernsey - Guernsey Financial Services Commission"
1043771,34048,6518,"Guernsey - Guernsey Financial Services Commission"
1043771,34010,6605,"Guernsey - Guernsey Financial Services Commission"
1043771,54999,10853,"Guernsey - Guernsey Financial Services Commission"
1043771,24539,13098,"Guernsey - Guernsey Financial Services Commission"
1043771,24533,13099,"Guernsey - Guernsey Financial Services Commission"
1043771,24537,13100,"Guernsey - Guernsey Financial Services Commission"
1043771,158920,107500,"Guernsey - Guernsey Financial Services Commission"
1043771,55001,10854,"Guernsey - Guernsey Financial Services Commission"
1051220,180600,118390,"Cayman Islands - Cayman Islands Monetary Authority"
1030630,178934,118131,"Mauritius, Republic of - Financial Services Commission"
1043201,179831,118263,"Cayman Islands - Cayman Islands Monetary Authority"
1050555,172814,116980,"Other - KINGDOM OF SAUDI ARABIA - CAPITAL MARKETS AUTHORITY"
1050555,172814,116980,"Singapore - Monetary Authority of Singapore"
1050555,172929,117019,"Other - KINGDOM OF SAUDI ARABIA - CAPITAL MARKETS AUTHORITY"
1050555,172929,117019,"Singapore - Monetary Authority of Singapore"
1052717,180600,118390,"Cayman Islands - Cayman Islands Monetary Authority"
1052222,32066,5881,"Other - CAYMAN ISLANDS MONETARY AUTHORITY"
1052222,32066,5882,"Other - CAYMAN ISLANDS MONETARY AUTHORITY"
1045524,178193,118006,"Cayman Islands - Cayman Islands Monetary Authority"
1046747,46787,8472,"Cayman Islands - Cayman Islands Monetary Authority"
1046699,46018,8314,"Ireland -  Central Bank of Ireland"
1052222,32149,5888,"Other - CAYMAN ISLANDS MONETARY AUTHORITY"
1052222,32149,5889,"Other - CAYMAN ISLANDS MONETARY AUTHORITY"
1052222,32066,5877,"Other - CAYMAN ISLANDS MONETARY AUTHORITY"
1052222,32066,5879,"Other - CAYMAN ISLANDS MONETARY AUTHORITY"
1052222,32066,5880,"Other - CAYMAN ISLANDS MONETARY AUTHORITY"
1052222,32149,13092,"Cayman Islands - Cayman Islands Monetary Authority"
1041727,179696,118235,"Cayman Islands - Cayman Islands Monetary Authority"
1053988,178585,118059,"Cayman Islands - Cayman Islands Monetary Authority"
1041387,27831,117010,"Cayman Islands - Cayman Islands Monetary Authority"
1041387,27821,117011,"Cayman Islands - Cayman Islands Monetary Authority"
1041387,27753,5114,"Other - CAYMAN ISLANDS MONETARY AUTHORITY"
1041387,27753,5116,"Other - CAYMAN ISLANDS MONETARY AUTHORITY"
1041387,27821,5121,"Other - CAYMAN ISLANDS MONETARY AUTHORITY"
1041387,27831,5123,"Other - CAYMAN ISLANDS MONETARY AUTHORITY"
1041387,27846,5127,"Other - CAYMAN ISLANDS MONETARY AUTHORITY"
1041387,27846,5128,"Other - CAYMAN ISLANDS MONETARY AUTHORITY"
1046292,162212,109591,"Cayman Islands - Cayman Islands Monetary Authority"
1050152,179446,118217,"Cayman Islands - Cayman Islands Monetary Authority"
1048992,180359,118398,"Cayman Islands - Cayman Islands Monetary Authority"
1046260,21456,4143,"Other - CAYMAN ISLANDS MONETARY AUTHORITY"
1046260,21456,4144,"Other - CAYMAN ISLANDS MONETARY AUTHORITY"
1046260,21570,4174,"Other - CAYMAN ISLANDS MONETARY AUTHORITY"
1046260,21570,4175,"Other - CAYMAN ISLANDS MONETARY AUTHORITY"
1055427,71228,29365,"Guernsey - Guernsey Financial Services Commission"
1055664,64490,13277,"Cayman Islands - Cayman Islands Monetary Authority"
1055664,180259,118413,"Ireland -  Central Bank of Ireland"
1056860,5752,1835,"Other - CAYMAN ISLANDS MONETARY AUTHORITY"
1056592,6853,1945,"Other - CAYMAN ISLANDS MONETARY AUTHORITY"
1057581,67715,13899,"Cayman Islands - Cayman Islands Monetary Authority"
1058615,65425,13336,"Ireland -  Central Bank of Ireland"
1058615,55577,11065,"Ireland -  Central Bank of Ireland"
1026985,55571,109574,"Guernsey - Guernsey Financial Services Commission"
1052182,172939,117023,"Other - CAYMAN ISLANDS MONETARY AUTHORITY (CIMA)"
1039036,55518,10955,"Cayman Islands - Cayman Islands Monetary Authority"
1044591,65805,13439,"Jersey - Jersey Financial Services Commission"
1044591,65827,13451,"Jersey - Jersey Financial Services Commission"
1039387,179906,118273,"Cayman Islands - Cayman Islands Monetary Authority"
1042058,179714,118301,"Cayman Islands - Cayman Islands Monetary Authority"
1042058,179713,118275,"Cayman Islands - Cayman Islands Monetary Authority"
1042058,179713,118276,"Cayman Islands - Cayman Islands Monetary Authority"
1048068,178193,118006,"Cayman Islands - Cayman Islands Monetary Authority"
1051108,178861,118380,"Cayman Islands - Cayman Islands Monetary Authority"
1051108,178861,118109,"Cayman Islands - Cayman Islands Monetary Authority"
1054859,55571,109574,"Guernsey - Guernsey Financial Services Commission"
1046698,46018,8314,"Ireland -  Central Bank of Ireland"
1055927,22991,116026,"Other - NONE"
1055927,22991,5499,"Other - NONE"
1055927,22991,5492,"Other - CAYMAN ISLANDS MONETARY AUTHORITY"
1055927,22991,5501,"Other - CAYMAN ISLANDS MONETARY AUTHORITY"
1055927,22991,4348,"Other - CAYMAN ISLANDS MONETARY AUTHORITY"
1055927,22991,5502,"Other - CAYMAN ISLANDS MONETARY AUTHORITY"
1055927,22991,5503,"Other - NONE"
1055927,22991,5504,"Other - NONE"
1056583,168206,116010,"Cayman Islands - Cayman Islands Monetary Authority"
1058169,66136,13538,"United Kingdom - Financial Conduct Authority"
1058169,66184,13539,"United Kingdom - Financial Conduct Authority"
