"FilingID","Full Legal Name","CIK Number"
"1003427","PIPER JAFFRAY COMPANIES","1230245"
"1007834","DEUTSCHE BANK AG","948046"
"1005277","BARCLAYS PLC","312069"
"1009219","MORGAN STANLEY","895421"
"1009785","FRANKLIN RESOURCES, INC.","38777"
"1015142","INVESCO LTD.","914208"
"1001091","MARSH & MCLENNAN COMPANIES INC.","62709"
"1016785","MVC CAPITAL, INC.","1099941"
"1018724","CREDIT SUISSE GROUP AG","1159510"
"1018305","CREDIT SUISSE GROUP AG","1159510"
"1020239","MARKEL CORPORATION","1096343"
"1020140","JPMORGAN CHASE & CO","19617"
"1024008","AFFILIATED MANAGERS GROUP, INC.","1004434"
"1024041","PRUDENTIAL PLC","1116578"
"1023550","HSBC HOLDINGS PLC","1089113"
"1010069","CREDIT SUISSE GROUP AG","1159510"
"1010006","LEGG MASON INC","704051"
"1017601","SUMITOMO MITSUI TRUST HOLDINGS, INC.","1475365"
"972882","PEREGRINE HOLDINGS LIMITED","883559"
"1008721","MIZUHO FINANCIAL GROUP","1335730"
"1020015","MIZUHO FINANCIAL GROUP","1335730"
"1016384","PIPER JAFFRAY COMPANIES","1230245"
"1024467","MARKEL CORPORATION","1096343"
"1023544","HSBC HOLDINGS PLC","1089113"
"1016165","ARES MANAGEMENT, L.P.","1176948"
"1024392","PRUDENTIAL PLC","1116578"
"1025960","DEUTSCHE BANK AG","948046"
"1018471","BARCLAYS PLC","312069"
