"FilingID","ReferenceID","SubreferenceID","Foreign Regulatory Authority"
"948977","64763","13194","Cayman Islands - Cayman Islands Monetary Authority"
"950181","167191","115810","Cayman Islands - Cayman Islands Monetary Authority"
"950181","167189","115807","Cayman Islands - Cayman Islands Monetary Authority"
"945839","73932","39379","Other - CAYMAN ISLANDS MONETARY AUTHORITY"
"945830","65182","13307","Cayman Islands - Cayman Islands Monetary Authority"
"945841","167006","115771","Cayman Islands - Cayman Islands Monetary Authority"
"945839","73928","39376","Other - CAYMAN ISLANDS MONETARY AUTHORITY"
"945839","73932","39378","Other - CAYMAN ISLANDS MONETARY AUTHORITY"
"945839","50037","9257","Other - CAYMAN ISLANDS MONETARY AUTHORITY"
"945839","50037","9258","Other - CAYMAN ISLANDS MONETARY AUTHORITY"
"945839","22136","4267","Other - CAYMAN ISLANDS MONETARY AUTHORITY"
"945839","22136","4268","Other - CAYMAN ISLANDS MONETARY AUTHORITY"
"945839","22136","4269","Other - CAYMAN ISLANDS MONETARY AUTHORITY"
"945839","22136","4270","Other - CAYMAN ISLANDS MONETARY AUTHORITY"
"945839","22985","4347","Other - CAYMAN ISLANDS MONETARY AUTHORITY"
"945839","23013","4354","Other - CAYMAN ISLANDS MONETARY AUTHORITY"
"945839","22994","4351","Other - CAYMAN ISLANDS MONETARY AUTHORITY"
"945839","22136","9534","Other - CAYMAN ISLANDS MONETARY AUTHORITY"
"948111","167177","115805","Cayman Islands - Cayman Islands Monetary Authority"
"949947","65805","13439","Jersey - Jersey Financial Services Commission"
"949947","65815","13442","Jersey - Jersey Financial Services Commission"
"949947","65827","13451","Jersey - Jersey Financial Services Commission"
"952739","167567","115875","Cayman Islands - Cayman Islands Stock Exchange Authority"
"954020","167642","115891","Other - EXEMPT FROM REGISTRATION WITH MONETARY AUTHORITY OF CAYMAN ISLANDS"
"954020","167642","115892","Other - EXEMPT FROM REGISTRATION WITH MONETARY AUTHORITY OF THE CAYMAN ISLANDS"
"954020","167642","115893","Other - EXEMPT FROM REGISTRATION WITH MONETARY AUTHORITY OF CAYMAN ISLANDS"
"953689","55146","10883","Other - CAYMAN ISLANDS MONETARY AUTHORITY"
"953689","55146","10882","Other - CAYMAN ISLANDS MONETARY AUTHORITY"
"954777","55167","10885","Other - CAYMAN ISLANDS MONETARY AUTHORITY"
"954020","167645","115898","Other - EXEMPT FROM REGISTRATION WITH MONETARY AUTHORITY OF CAYMAN ISLANDS"
"954020","167645","115899","Other - EXEMPT FROM REGISTRATION WITH MONETARY AUTHORITY OF THE CAYMAN ISLANDS"
"954020","66579","13630","Other - EXEMPT FROM REGISTRATION WITH THE CAYMAN ISLANDS MONETARY AUTHORITY"
"954020","44147","7971","Other - NONE"
"954020","44147","7972","Other - EXEMPT FROM REGISTRATION WITH MONETARY AUTHORITY OF CAYMAN ISLANDS"
"954020","44147","7973","Other - EXEMPT FROM REGISTRATION WITH MONETARY AUTHORITY OF CAYMAN ISLANDS"
"954020","44147","7974","Other - EXEMPT FROM REGISTRATION WITH MONETARY AUTHORITY OF CAYMAN ISLANDS"
"954020","167645","115900","Other - EXEMPT FROM REGISTRATION WITH MONETARY AUTHORITY OF CAYMAN ISLANDS"
"954020","44150","7975","Other - EXEMPT FROM REGISRATION WITH MONETARY AUTHORITY OF CAYMAN ISLANDS"
"954020","43959","7959","Bermuda - Bermuda Monetary Authority"
"954020","43959","7960","Other - NONE"
"954020","56590","11219","Other - EXEMPT FROM REGISTRATION WITH MONETARY AUTHORITY OF CAYMAN ISLANDS"
"954020","56590","11220","Other - EXEMPT FROM REGISTRATION WITH MONETARY AUTHORITY OF CAYMAN ISLANDS"
"954020","167654","115903","Other - EXEMPT FROM REGISRATION WITH MONETARY AUTHORITY OF CAYMAN ISLANDS"
"954020","56596","11229","Other - EXEMPT FROM REGISTRATION WITH MONETARY AUTHORITY OF CAYMAN ISLANDS"
"954020","56596","11230","Other - EXEMPT FROM REGISTRATION WITH MONETARY AUTHORITY OF THE CAYMAN ISLANDS"
"954020","56596","11231","Other - EXEMPT FROM REGISTRATION WITH MONETARY AUTHORITY OF THE CAYMAN ISLANDS"
"954020","56596","11232","Other - EXEMPT FROM REGISTRATION WITH MONETARY AUTHORITY OF CAYMAN ISLANDS"
"954020","56597","11233","Other - EXEMPT FROM REGISTRATION"
"954020","56597","11234","Other - EXEMPT FROM REGISTRATION WITH MONETARY AUTHORITY OF THE CAYMAN ISLANDS"
"954020","56597","11235","Other - EXEMPT FROM REGISTRATION WITH MONETARY AUTHORITY OF THE CAYMAN ISLANDS"
"954020","56597","11236","Other - EXEMPT FROM REGISTRATION WITH MONETARY AUTHORITY OF CAYMAN ISLANDS"
"954020","56597","11237","Other - EXEMPT FROM REGISTRATION WITH THE MONETARY AUTHORITY OF CAYMAN ISLANDS"
"954020","56599","11242","Other - EXEMPT FROM REGISRATION WITH MONETARY AUTHORITY OF CAYMAN ISLANDS"
"954020","56600","11243","Other - EXEMPT FROM REGISTRATION WITH MONETARY AUTHORITY OF CAYMAN ISLANDS"
"954020","56600","11245","Other - EXEMPT FROM REGISTRATION WITH MONETARY AUTHORITY OF THE CAYMAN ISLANDS"
"954020","56600","11246","Other - EXEMPT FROM REGISTRATION WITH MONETARY AUTHORITY OF CAYMAN ISLANDS"
"954020","66556","13607","Other - EXEMPT FROM REGISTRATION WITH MONETARY AUTHORITY OF CAYMAN ISLANDS"
"954020","66556","13613","Other - EXEMPT FROM REGISTRATION WITH THE MONETARY AUTHORITY OF CAYMAN ISLANDS"
"954020","66556","13609","Other - EXEMPT FROM REGISTRATION WITH MONETARY AUTHORITY OF THE CAYMAN ISLANDS"
"954020","66558","13614","Other - EXEMPT FROM REGISTRATION WITH MONETARY AUTHORITY OF CAYMAN ISLANDS"
"954020","66558","13615","Other - EXEMPT FROM REGISTRATION WITH MONETARY AUTHORITY OF THE CAYMAN ISLANDS"
"954020","66558","13616","Other - EXEMPT FROM REGISTRATION WITH MONETARY AUTHORITY OF THE CAYMAN ISLANDS"
"954020","66558","13617","Other - EXEMPT FROM REGISTRATION WITH THE CAYMAN ISLANDS MONETARY AUTHORITY"
"954020","66559","13618","Other - EXEMPT FROM REGISTRATION WITH MONETARY AUTHORITY OF CAYMAN ISLANDS"
"954020","66559","13619","Other - EXEMPT FROM REGISTRATION WITH THE MONETARY AUTHORITY OF CAYMAN ISLANDS"
"954020","66559","13620","Other - EXEMPT FROM REGISTRATION WITH MONETARY AUTHORITY OF THE CAYMAN ISLANDS"
"954020","66560","13621","Other - EXEMPT FROM REGISTRATION WITH THE MONETARY AUTHORITY OF CAYMAN ISLANDS"
"954020","66560","13622","Other - EXEMPT FROM REGISTRATION WITH MONETARY AUTHORITY OF CAYMAN ISLANDS"
"954020","66560","13623","Other - EXEMPT FROM REGISTRATION WITH MONETARY AUTHORITY OF THE CAYMAN ISLANDS"
"954020","66560","13624","Other - EXEMPT FROM REGISTRATION WITH MONETARY AUTHORITY OF CAYMAN ISLANDS"
"953374","56238","11135","Other - CAYMAN ISLANDS MONETARY AUTHORITY"
"954296","59330","11967","Cayman Islands - Cayman Islands Monetary Authority"
"952263","113239","115901","Cayman Islands - Cayman Islands Monetary Authority"
"951091","167006","115771","Cayman Islands - Cayman Islands Monetary Authority"
"947985","64110","13010","Cayman Islands - Cayman Islands Monetary Authority"
"937068","166836","115720","Cayman Islands - Cayman Islands Monetary Authority"
"937068","166836","115721","Cayman Islands - Cayman Islands Monetary Authority"
"950022","167298","115834","Cayman Islands - Cayman Islands Monetary Authority"
"950839","45579","8220","Other - CAYMAN ISLANDS MONETARY AUTHORITY"
"950839","45579","8222","Other - CAYMAN ISLANDS MONETARY AUTHORITY"
"950839","55706","10998","Other - CAYMAN ISLANDS MONETARY AUTHORITY"
"950839","55706","10999","Other - CAYMAN ISLANDS MONETARY AUTHORITY"
"952493","39708","7261","Other - CAYMAN ISLANDS MONETARY AUTHORITY"
"952306","167519","115870","Jersey - Jersey Financial Services Commission"
"954020","66561","13625","Other - EXEMPT FROM REGISRATION WITH MONETARY AUTHORITY OF CAYMAN ISLANDS"
"954020","66562","13626","Other - EXEMPT FROM REGISTRATION WITH MONETARY AUTHORITY OF CAYMAN ISLANDS"
"954020","167644","115895","Other - EXEMPT FROM REGISTRATION WITH MONETARY AUTHORITY OF CAYMAN ISLANDS"
"954020","167644","115896","Other - EXEMPT FROM REGISTRATION WITH MONETARY AUTHORITY OF THE CAYMAN ISLANDS"
"954020","167644","115897","Other - EXEMPT FROM REGISTRATION WITH MONETARY AUTHORITY OF CAYMAN ISLANDS"
"955891","43409","7853","Other - CAYMAN ISLANDS MONETARY AUTHORITY"
"955891","43416","7858","Other - CAYMAN ISLANDS MONETARY AUTHORITY"
"955891","43409","7851","Other - CAYMAN ISLANDS MONETARY AUTHORITY"
"942686","167044","115784","Cayman Islands - Cayman Islands Monetary Authority"
"942686","167044","115785","United Kingdom - Financial Conduct Authority"
"942686","167044","115785","Cayman Islands - Cayman Islands Monetary Authority"
"953110","61813","12528","Cayman Islands - Cayman Islands Monetary Authority"
"953110","37784","7590","Other - CAYMAN - CAYMAN ISLANDS MONETARY AUTHORITY (CIMA)"
"956275","162212","109591","Cayman Islands - Cayman Islands Monetary Authority"
"956504","65805","13439","Jersey - Jersey Financial Services Commission"
"956504","65815","13442","Jersey - Jersey Financial Services Commission"
"956504","65827","13451","Jersey - Jersey Financial Services Commission"
"955628","2655","1274","Other - CIMA, CAYMAN ISLANDS"
"936703","165158","114567","British Virgin Islands - British Virgin Islands Financial Services Commission"
"951295","167432","115857","Cayman Islands - Cayman Islands Monetary Authority"
"959415","73736","39368","Other - CAYMAN ISLANDS MONETARY AUTHORITY"
"959415","27676","7134","Other - CAYMAN ISLANDS MONETARY AUTHORITY"
"959415","27184","6961","Other - CAYMAN ISLANDS MONETARY AUTHORITY"
"959415","27556","7127","Other - CAYMAN ISLANDS MONETARY AUTHORITY"
"960226","55167","10885","Other - CAYMAN ISLANDS MONETARY AUTHORITY"
"944693","166914","115884","Cayman Islands - Cayman Islands Monetary Authority"
"958131","2775","2989","Other - CAYMAN ISLANDS MONETARY AUTHORITY"
"958131","2775","2988","Other - CAYMAN ISLANDS MONETARY AUTHORITY"
"943885","166896","115736","Cayman Islands - Cayman Islands Monetary Authority"
"948497","167250","115827","Cayman Islands - Cayman Islands Monetary Authority"
"953683","168284","116051","Cayman Islands - Cayman Islands Monetary Authority"
"953683","168284","116044","Cayman Islands - Cayman Islands Monetary Authority"
"957254","167951","115965","Cayman Islands - Cayman Islands Monetary Authority"
"950410","167329","115856","Cayman Islands - Cayman Islands Monetary Authority"
"957303","168015","116017","Cayman Islands - Cayman Islands Monetary Authority"
"960169","65805","13439","Jersey - Jersey Financial Services Commission"
"960169","65815","13442","Jersey - Jersey Financial Services Commission"
"960169","65827","13451","Jersey - Jersey Financial Services Commission"
"962926","167432","115857","Cayman Islands - Cayman Islands Monetary Authority"
"963188","64065","12999","Cayman Islands - Cayman Islands Monetary Authority"
"963255","158930","107528","Cayman Islands - Cayman Islands Monetary Authority"
"948438","64827","13213","Cayman Islands - Cayman Islands Monetary Authority"
"958890","168206","116010","Cayman Islands - Cayman Islands Monetary Authority"
"956694","68440","115964","Cayman Islands - Cayman Islands Monetary Authority"
"961997","165158","114567","British Virgin Islands - British Virgin Islands Financial Services Commission"
"961511","22991","116026","Other - NONE"
"961511","22991","5499","Other - NONE"
"961511","22991","5492","Other - CAYMAN ISLANDS MONETARY AUTHORITY"
"961511","22991","5501","Other - CAYMAN ISLANDS MONETARY AUTHORITY"
"961511","22991","4348","Other - CAYMAN ISLANDS MONETARY AUTHORITY"
"961511","22991","5502","Other - CAYMAN ISLANDS MONETARY AUTHORITY"
"961511","22991","5503","Other - NONE"
"961511","22991","5504","Other - NONE"
"960236","37647","6995","Other - CAYMAN ISLANDS MONETARY AUTHORITY"
"963977","41582","7534","Other - NONE"
"963977","41582","7536","Other - CAYMAN ISLANDS/CAYMAN ISLANDS MONETARY AUTHORITY"
"964427","43506","7878","Other - CAYMAN ISLANDS MONETARY AUTHORITY"
"964427","64792","13198","Other - CAYMAN ISLANDS MONETARY AUTHORITY"
"961869","168593","116074","Other - MALTA FINANCIAL SERVICES AUTHORITY (MFSA)"
"961869","168593","116073","Other - MALTA FINANCIAL SERVICES AUTHORITY (MFSA)"
"958562","167068","115793","Cayman Islands - Cayman Islands Monetary Authority"
"958562","167068","115792","Cayman Islands - Cayman Islands Monetary Authority"
"963826","120734","95462","Cayman Islands - Cayman Islands Monetary Authority"
