"FilingID","ReferenceID","Name of Prime Broker","SEC Number","CRD Number","City","State","Country","Custodian"
"948977","64763","CITIGROUP GLOBAL MARKETS LIMITED","","","LONDON","","United Kingdom","Y"
"945830","65182","MORGAN STANLEY & CO. LLC","8-15869","8209","NEW YORK","New York","United States","Y"
"949349","45359","INTERACTIVE BROKERS LLC","8-47257","36418","GREENWICH","Connecticut","United States","N"
"949787","43431","BNP PARIBAS PRIME BROKERAGE, INC.","8-40490","24962","CHICAGO","Illinois","United States","Y"
"949749","167285","M.S. HOWELLS & CO.","","","SCOTTSDALE","Arizona","United States","Y"
"946440","65172","BANK HAPOALIM","","","TEL AVIV","","Israel","Y"
"946440","65144","BNP PARIBAS PRIME BROKERAGE, INC.","8-40490","24962","NEW YORK","New York","United States","Y"
"946440","65173","BNP PARIBAS PRIME BROKERAGE, INC.","8-40490","24962","NEW YORK","New York","United States","Y"
"946440","65170","BNP PARIBAS PRIME BROKERAGE, INC.","8-40490","24962","NEW YORK","New York","United States","Y"
"946440","65145","BNP PARIBAS PRIME BROKERAGE, INC.","8-40490","24962","NEW YORK","New York","United States","Y"
"946440","65109","U.S. BANCORP INVESTMENTS, INC.","8-35359","17868","MINNEAPOLIS","Minnesota","United States","N"
"946440","167149","INTERACTIVE BROKERS LLC","8-47257","36418","GREENWICH","Connecticut","United States","Y"
"946440","167148","BNP PARIBAS PRIME BROKERAGE, INC.","8-40490","24962","NEW YORK","New York","United States","Y"
"945841","167006","J.P. MORGAN SECURITIES PLC","","","LONDON","","United Kingdom","Y"
"945841","167006","DEUTSCHE BANK AG","","","LONDON","","United Kingdom","Y"
"946490","68657","CREDIT SUISSE SECURITIES (USA) LLC","","","NEW YORK","New York","United States","Y"
"946490","42243","DEUTSCHE BANK AG","","","LONDON","","United Kingdom","Y"
"946490","42213","MERRILL LYNCH INTERNATIONAL","","","LONDON","","United Kingdom","Y"
"946490","42213","DEUTSCHE BANK AG","","","LONDON","","United Kingdom","Y"
"946490","41724","J.P. MORGAN SECURITIES LIMITED","","","LONDON","","United Kingdom","Y"
"946490","41687","DEUTSCHE BANK AG","","","LONDON","","United Kingdom","Y"
"946490","41687","MERRILL LYNCH INTERNATIONAL","","","LONDON","","United Kingdom","Y"
"946490","41661","DEUTSCHE BANK AG","","","LONDON","","United Kingdom","Y"
"946490","41661","MERRILL LYNCH INTERNATIONAL","","","LONDON","","United Kingdom","Y"
"946490","42243","MERRILL LYNCH INTERNATIONAL","","","LONDON","","United Kingdom","Y"
"946490","42223","DEUTSCHE BANK AG","","","LONDON","","United Kingdom","Y"
"946490","42223","MERRILL LYNCH INTERNATIONAL","","","LONDON","","United Kingdom","Y"
"946490","68552","GOLDMAN SACHS INTERNATIONAL","","","LONDON","","United Kingdom","Y"
"946490","68552","BARCLAYS CAPITAL SECURITIES LIMITED","","","LONDON","","United Kingdom","Y"
"946490","68552","UBS AG","","","LONDON","","United Kingdom","Y"
"946490","68552","CITIGROUP GLOBAL MARKETS LIMITED","","","LONDON","","United Kingdom","Y"
"946490","41724","DEUTSCHE BANK AG","","","LONDON","","United Kingdom","N"
"950181","167189","GOLDMAN SACHS INTERNATIONAL","","","LONDON","","United Kingdom","Y"
"950181","167189","MERRILL LYNCH INTERNATIONAL","","","LONDON","","United Kingdom","Y"
"950181","167189","CREDIT SUISSE","","","HONG KONG","","Hong kong","Y"
"950181","167188","GOLDMAN SACHS INTERNATIONAL","","","LONDON","","United Kingdom","Y"
"950181","167188","MERRILL LYNCH INTERNATIONAL","","","LONDON","","United Kingdom","Y"
"950181","167188","CREDIT SUISSE","","","HONG KONG","","Hong kong","Y"
"950181","167191","GOLDMAN SACHS INTERNATIONAL","","","LONDON","","United Kingdom","Y"
"950181","167191","MERRILL LYNCH INTERNATIONAL","","","LONDON","","United Kingdom","Y"
"950181","167191","CREDIT SUISSE","","","HONG KONG","","Hong kong","Y"
"950181","167187","GOLDMAN SACHS INTERNATIONAL","","","LONDON","","United Kingdom","Y"
"950181","167187","MERRILL LYNCH INTERNATIONAL","","","LONDON","","United Kingdom","Y"
"950181","167187","CREDIT SUISSE","","","HONG KONG","","Hong kong","Y"
"945839","73932","HSBC BANK PLC","","","LONDON","","United Kingdom","Y"
"945839","73928","DEUTSCHE BANK AG","","","HONG KONG","","Hong kong","Y"
"945839","22136","CREDIT SUISSE SECURITIES (EUROPE) LIMITED","","","HONG KONG","","Hong kong","Y"
"945839","23013","DEUTSCHE BANK AG","","","LONDON","","United Kingdom","Y"
"945839","22136","HSBC BANK PLC","","","LONDON","","United Kingdom","Y"
"945839","22136","MORGAN STANLEY & COMPANY INTERNATIONAL PLC","","","HONG KONG","","Hong kong","Y"
"945839","22136","GOLDMAN SACHS INTERNATIONAL","","","HONG KONG","","Hong kong","Y"
"945839","22136","DEUTSCHE BANK AG","","","HONG KONG","","Hong kong","Y"
"945839","22993","DEUTSCHE BANK AG","","","HONG KONG","","Hong kong","Y"
"945839","22994","DEUTSCHE BANK AG","","","HONG KONG","","Hong kong","Y"
"945839","22985","DEUTSCHE BANK SECURITIES INC.","","","HONG KONG","","Hong kong","Y"
"945839","50037","HSBC BANK PLC","","","LONDON","","United Kingdom","Y"
"945839","167030","DEUTSCHE BANK AG","","","HONG KONG","","Hong kong","Y"
"945839","167030","CREDIT SUISSE SECURITIES (EUROPE) LIMITED","","","SINGAPORE","","Singapore","Y"
"948111","167177","J.P. MORGAN CLEARING CORP.","8-43724","28432","NEW YORK","New York","United States","Y"
"949947","65815","GOLDMAN, SACHS & CO.","8-129","361","NEW YORK","New York","United States","Y"
"950927","46772","INTERACTIVE BROKERS LLC","8-47257","36418","GREENWICH","Connecticut","United States","Y"
"951091","167006","DEUTSCHE BANK AG","","","LONDON","","United Kingdom","Y"
"951091","167006","J.P. MORGAN SECURITIES PLC","","","LONDON","","United Kingdom","Y"
"940965","96236","UBS AG (LONDON BRANCH)","","","LONDON","","United Kingdom","Y"
"940965","96236","MERRILL LYNCH INTERNATIONAL","","","LONDON","","United Kingdom","Y"
"940965","96236","GOLDMAN SACHS INTERNATIONAL","","","LONDON","","United Kingdom","Y"
"951271","16002","CITIGROUP GLOBAL MARKETS LIMITED","","","LONDON","","United Kingdom","Y"
"951271","15995","CITIGROUP GLOBAL MARKETS LIMITED","","","LONDON","","United Kingdom","Y"
"947985","64110","GOLDMAN, SACHS & CO.","8-129","361","NEW YORK","New York","United States","Y"
"947985","64110","MORGAN STANLEY & CO. LLC","8-15869","8209","NEW YORK","New York","United States","Y"
"951949","58422","PERSHING LLC","8-17574","7560","JERSEY CITY","New Jersey","United States","Y"
"940577","74122","MORGAN STANLEY & CO. LLC","8-15869","8209","NEW YORK","New York","United States","Y"
"940577","76380","MORGAN STANLEY & CO. LLC","8-15869","8209","NEW YORK","New York","United States","Y"
"950022","167298","GOLDMAN, SACHS & CO.","8-129","361","NEW YORK","New York","United States","Y"
"950022","167298","MORGAN STANLEY & CO. LLC","8-15869","8209","NEW YORK","New York","United States","Y"
"952200","56954","GOLDMAN, SACHS & CO.","8-129","361","NEW YORK","New York","United States","Y"
"952200","56954","MORGAN STANLEY & CO. LLC","8-15869","8209","NEW YORK","New York","United States","Y"
"949182","167455","J.P. MORGAN CHASE","","","NEW YORK","New York","United States","Y"
"950839","65404","CREDIT SUISSE SECURITIES (USA) LLC","8-422","816","NEW YORK","New York","United States","Y"
"950839","55706","DEUTSCHE BANK SECURITIES INC.","8-17822","2525","NEW YORK","New York","United States","Y"
"950839","45579","GOLDMAN, SACHS & CO.","8-129","361","NEW YORK","New York","United States","Y"
"950839","45579","DEUTSCHE BANK SECURITIES INC.","8-17822","2525","NEW YORK","New York","United States","Y"
"950839","45579","CREDIT SUISSE SECURITIES (USA) LLC","8-422","816","NEW YORK","New York","United States","Y"
"950839","45579","PERSHING LLC","8-17574","7560","NY","New York","United States","Y"
"952469","167104","MERRILL LYNCH INTERNATIONAL","","","LONDON","","United Kingdom","Y"
"952469","167104","CREDIT SUISSE SECURITIES EUROPE LIMITED","","","LONDON","","United Kingdom","Y"
"952493","39708","GOLDMAN, SACHS & CO.","8-129","361","NEW YORK","New York","United States","Y"
"952493","39674","GOLDMAN, SACHS & CO.","8-129","361","NEW YORK","New York","United States","Y"
"952493","39624","GOLDMAN, SACHS & CO.","8-129","361","NEW YORK","New York","United States","Y"
"952535","58422","PERSHING LLC","8-17574","7560","JERSEY CITY","New Jersey","United States","Y"
"950258","12652","MERRILL LYNCH, PIERCE, FENNER & SMITH INCORPORATED","8-7221","7691","SAN FRANCISCO","California","United States","N"
"950258","52082","MORGAN STANLEY","8-68191","149777","PURCHASE","New York","United States","N"
"950258","12652","MORGAN STANLEY","8-68191","149777","PURCHASE","New York","United States","N"
"950258","12652","COLLINS STEWART (CI) LTD","","","ST PETER PORT","","Guernsey","Y"
"950258","12652","SOCIETE GENERALE S.A., DUBLIN BRANCH","","","DUBLIN","","Ireland","Y"
"950258","12652","CANTOR FITZGERALD & CO.","8-201","134","NEW YORK","New York","United States","Y"
"952739","167567","DEUTSCHE BANK AG","","","LONDON","","United Kingdom","Y"
"953689","55146","UBS AG (LONDON BRANCH)","","","LONDON","","United Kingdom","Y"
"953689","55146","MORGAN STANLEY & CO. INTERNATIONAL PLC","","","LONDON","","United Kingdom","Y"
"953689","55146","GOLDMAN SACHS INTERNATIONAL","","","LONDON","","United Kingdom","Y"
"953198","167561","MORGAN STANLEY","8-68191","149777","BOSTON","Massachusetts","United States","Y"
"954083","67021","UBS AG","","","LONDON","","United Kingdom","N"
"954083","67021","DEUTSCHE BANK AG","","","LONDON","","United Kingdom","N"
"948213","167170","BTIG, LLC","8-65473","122225","SAN FRANCISCO","California","United States","Y"
"954261","58441","WELLS FARGO PRIME SERVICES, LLC","8-66677","133068","SAN FRANCISCO","California","United States","Y"
"954261","58441","J.P. MORGAN CLEARING CORP.","8-43724","28432","BROOKLYN","New York","United States","Y"
"954261","58441","CITIGROUP GLOBAL MARKETS INC.","8-8177","7059","NEW YORK","New York","United States","Y"
"954907","167706","MERRILL LYNCH PROFESSIONAL CLEARING CORP.","8-33359","16139","SAN FRANCISCO","California","United States","Y"
"954907","167706","GOLDMAN, SACHS & CO.","8-129","361","SAN FRANCISCO","California","United States","Y"
"955512","67750","INTERACTIVE BROKERS LLC","8-47257","36418","GREENWICH","Connecticut","United States","Y"
"954008","167620","DEUTSCHE BANK AG","","","NEW YORK","New York","United States","Y"
"954008","40970","NOMURA INTERNATIONAL PLC","","","LONDON","","United Kingdom","Y"
"954008","40970","J.P. MORGAN CLEARING CORP.","8-43724","28432","NEW YORK","New York","United States","Y"
"954008","167619","NOMURA INTERNATIONAL PLC","","","LONDON","","United Kingdom","Y"
"937068","166836","UBS SECURITIES LLC","8-12345678","","NEW YORK","New York","United States","Y"
"954777","55167","DEUTSCHE BANK AG","","","LONDON","","United Kingdom","Y"
"954777","55167","MORGAN STANLEY & CO. INTERNATIONAL PLC","","","LONDON","","United Kingdom","Y"
"955891","40506","THE BANK OF NOVA SCOTIA","","","TORONTO","","Canada","Y"
"955891","40506","BMO NESBITT BURNS INC.","","","TORONTO","","Canada","Y"
"955891","40506","J.P. MORGAN CLEARING CORP.","8-43724","28432","NEW YORK","New York","United States","Y"
"955891","40506","MORGAN STANLEY & CO. LLC","8-15869","8209","NEW YORK","New York","United States","Y"
"955891","43416","BMO NESBITT BURNS INC.","","","TORONTO","","Canada","Y"
"955891","43416","J.P. MORGAN CLEARING CORP.","8-43724","28432","NEW YORK","New York","United States","Y"
"955891","43416","MORGAN STANLEY & CO. LLC","8-15869","8209","NEW YORK","New York","United States","Y"
"955891","43409","BMO NESBITT BURNS INC.","","","TORONTO","","Canada","Y"
"955891","43409","J.P. MORGAN CLEARING CORP.","8-43724","28432","NEW YORK","New York","United States","Y"
"955891","43409","MORGAN STANLEY & CO. LLC","8-15869","8209","NEW YORK","New York","United States","Y"
"955891","43416","BANK OF NOVA SCOTIA","","","TORONTO","","Canada","Y"
"955891","43409","BANK OF NOVA SCOTIA","","","TORONTO","","Canada","Y"
"949275","167254","CREDIT SUISSE SECURITIES (USA) LLC","8-422","816","NEW YORK","New York","United States","Y"
"949275","167253","CREDIT SUISSE SECURITIES (USA) LLC","8-422","816","NEW YORK","New York","United States","Y"
"949275","167252","CREDIT SUISSE SECURITIES (USA) LLC","8-422","816","NEW YORK","New York","United States","Y"
"949275","27953","CREDIT SUISSE SECURITIES (USA) LLC","8-422","816","NEW YORK","New York","United States","Y"
"949275","27978","CREDIT SUISSE SECURITIES (USA) LLC","8-422","816","NEW YORK","New York","United States","Y"
"949275","27978","WELLS FARGO PRIME SERVICES, LLC","8-66677","133068","NEW YORK","New York","United States","N"
"949275","167254","WELLS FARGO PRIME SERVICES, LLC","8-66677","133068","SAN FRANCISCO","California","United States","N"
"949275","167253","WELLS FARGO PRIME SERVICES, LLC","8-66677","133068","SAN FRANCISCO","California","United States","N"
"949275","167252","WELLS FARGO PRIME SERVICES, LLC","8-66677","133068","SAN FRANCISCO","California","United States","N"
"953374","56238","MERRILL LYNCH PROFESSIONAL CLEARING CORP.","8-33359","16139","NEW YORK","New York","United States","Y"
"953374","56238","MORGAN STANLEY & CO. LLC","8-15869","8209","SAN FRANCISCO","California","United States","Y"
"953846","64719","J.P. MORGAN CLEARING CORP.","8-43724","28432","NEW YORK","New York","United States","Y"
"954296","43597","CHINA INTERNATIONAL CAPITAL CORPORATION HONG KONG SECURITIES LIMITED","","","HONG KONG","","China","N"
"954296","43595","BOC INTERNATIONAL (CHINA) LIMITED","","","BEIJING","","China","N"
"954296","43595","MORGAN STANLEY & CO., INTERNATIONAL PLC","","","LONDON","","United Kingdom","N"
"954296","43595","CHINA INTERNATIONAL CAPITAL CORPORATION LIMITED","","","GUANGZHOU","","China","N"
"954296","43595","GUOTAI JUNAN SECURITIES (HONG KONG) LIMITED","","","HONG KONG","","China","N"
"954296","43594","CHINA INTERNATIONAL CAPITAL CORPORATION LIMITED","","","BEIJING","","China","N"
"954296","43594","GUOTAI JUNAN SECURITIES (HONG KONG) LIMITED","","","HONG KONG","","China","N"
"954296","43594","MORGAN STANLEY SMITH BARNEY LLC","","","NEW YORK","New York","United States","N"
"954296","43594","GF SECURITIES CO LTD","","","SHENZHEN","","China","N"
"954296","43597","MORGAN STANLEY & CO., INTERNATIONAL PLC","","","LONDON","","United Kingdom","N"
"954296","43595","UBS AG HONG KONG BRANCH","","","HONG KONG","","China","N"
"954529","54838","MORGAN STANLEY & CO INTERNATIONAL PLC","","","LONDON","","United Kingdom","Y"
"954529","54916","MORGAN STANLEY & CO INTERNATIONAL PLC","","","LONDON","","United Kingdom","Y"
"955471","67750","INTERACTIVE BROKERS LLC","8-47257","36418","GREENWICH","Connecticut","United States","Y"
"954527","54838","MORGAN STANLEY & CO INTERNATIONAL PLC","","","LONDON","","United Kingdom","Y"
"954527","54916","MORGAN STANLEY & CO INTERNATIONAL PLC","","","LONDON","","United Kingdom","Y"
"952263","113239","J.P. MORGAN CLEARING CORP.","8-43724","28432","NEW YORK","New York","United States","Y"
"952263","113239","DEUTSCHE BANK SECURITIES INC.","8-17822","2525","NEW YORK","New York","United States","Y"
"944802","166975","JEFFERIES LLC","","","NEW YORK","New York","United States","Y"
"944802","166975","JP MORGAN CLEARING CORP","","","BROOKLYN","New York","United States","Y"
"953110","34831","GOLDMAN, SACHS & CO.","8-129","361","NEW YORK","New York","United States","Y"
"953110","37784","HSBC BANK PLC","","","LONDON","","United Kingdom","Y"
"953110","37784","GOLDMAN, SACHS & CO.","8-129","361","NEW YORK","New York","United States","Y"
"953110","35202","GOLDMAN, SACHS & CO.","8-129","361","NEW YORK","New York","United States","Y"
"953110","35171","GOLDMAN, SACHS & CO.","8-129","361","NEW YORK","New York","United States","Y"
"953110","40829","GOLDMAN, SACHS & CO.","8-129","361","NEW YORK","New York","United States","Y"
"953110","40851","GOLDMAN, SACHS & CO.","8-129","361","NEW YORK","New York","United States","Y"
"953110","40459","GOLDMAN, SACHS & CO.","8-129","361","NEW YORK","New York","United States","Y"
"953110","40954","GOLDMAN, SACHS & CO.","8-129","361","NEW YORK","New York","United States","Y"
"953110","40944","GOLDMAN, SACHS & CO.","8-129","361","NEW YORK","New York","United States","Y"
"953110","40928","GOLDMAN, SACHS & CO.","8-129","361","NEW YORK","New York","United States","Y"
"953110","40902","GOLDMAN, SACHS & CO.","8-129","361","NEW YORK","New York","United States","Y"
"953110","40888","GOLDMAN, SACHS & CO.","8-129","361","NEW YORK","New York","United States","Y"
"953110","40878","GOLDMAN, SACHS & CO.","8-129","361","NEW YORK","New York","United States","Y"
"953110","40867","GOLDMAN, SACHS & CO.","8-129","361","NEW YORK","New York","United States","Y"
"953110","50487","THE BANK OF NEW YORK MELLON TREASURY SERVICES","","","NEW YORK","New York","United States","Y"
"953110","61813","HSBC BANK PLC","","","LONDON","","United Kingdom","Y"
"953110","61813","GOLDMAN, SACHS & CO.","8-129","361","NEW YORK","New York","United States","Y"
"953110","76567","THE BANK OF NEW YORK MELLON","","","NEW YORK","New York","United States","N"
"953110","76564","GOLDMAN, SACHS & CO.","8-129","361","NEW YORK","New York","United States","Y"
"953110","76566","GOLDMAN, SACHS & CO.","8-129","361","NEW YORK","New York","United States","Y"
"953110","76563","GOLDMAN, SACHS & CO.","8-129","361","NEW YORK","New York","United States","Y"
"953110","76562","GOLDMAN, SACHS & CO.","8-129","361","NEW YORK","New York","United States","Y"
"956275","162210","GOLDMAN, SACHS & CO.","8-129","361","NEW YORK","New York","United States","Y"
"956275","162212","GOLDMAN, SACHS & CO.","8-129","361","NEW YORK","New York","United States","Y"
"956275","162212","DEUTSCHE BANK SECURITIES INC.","8-17822","2525","NEW YORK","New York","United States","Y"
"956275","162210","DEUTSCHE BANK SECURITIES INC.","8-17822","2525","NEW YORK","New York","United States","Y"
"956275","162212","MORGAN STANLEY","","","NEW YORK","New York","United States","Y"
"956275","162210","MORGAN STANLEY","","","NEW YORK","New York","United States","Y"
"956504","65815","GOLDMAN, SACHS & CO.","8-129","361","NEW YORK","New York","United States","Y"
"957289","167846","INTERACTIVE BROKERS LLC","8-47257","36418","GREENWICH","Connecticut","United States","Y"
"957487","167170","BTIG, LLC","8-65473","122225","SAN FRANCISCO","California","United States","Y"
"956503","167870","MORGAN STANLEY & CO. LLC","8-15869","8209","NEW YORK","New York","United States","Y"
"954608","167679","COWEN PRIME SERVICES LLC","8-68531","153397","NY","New York","United States","N"
"956635","47027","CREDIT SUISSE SECURITIES (EUROPE) LIMITED","","","LONDON","","United Kingdom","Y"
"956635","47027","GOLDMAN SACHS INTERNATIONAL","","","LONDON","","United Kingdom","Y"
"955628","2655","UBS AG","","","LONDON","","United Kingdom","Y"
"955628","2655","MORGAN STANLEY & CO.  INTERNATIONAL PLC","","","LONDON","","United Kingdom","Y"
"936703","165158","MERRILL LYNCH, PIERCE, FENNER & SMITH INCORPORATED","8-72218","","CHICAGO","Illinois","United States","N"
"951295","167432","MORGAN STANLEY AND CO. INTERNATIONAL PLC","","","LONDON","","United Kingdom","Y"
"951295","167432","CREDIT SUISSE SECURITIES (EUROPE) LIMITED","","","LONDON","","United Kingdom","Y"
"953380","167669","THE HUNTINGTON INVESTMENT COMPANY","8-34867","16986","COLUMBUS","Ohio","United States","Y"
"950167","167323","PERSHING LLC","8-17574","7560","JERSEY CITY","New Jersey","United States","N"
"957434","65172","BANK HAPOALIM","","","TEL AVIV","","Israel","Y"
"957434","65144","BNP PARIBAS PRIME BROKERAGE, INC.","8-40490","24962","NEW YORK","New York","United States","Y"
"957434","65173","BNP PARIBAS PRIME BROKERAGE, INC.","8-40490","24962","NEW YORK","New York","United States","Y"
"957434","65170","BNP PARIBAS PRIME BROKERAGE, INC.","8-40490","24962","NEW YORK","New York","United States","Y"
"957434","167148","BNP PARIBAS PRIME BROKERAGE, INC.","8-40490","24962","NEW YORK","New York","United States","Y"
"957434","65145","BNP PARIBAS PRIME BROKERAGE, INC.","8-40490","24962","NEW YORK","New York","United States","Y"
"957434","65109","U.S. BANCORP INVESTMENTS, INC.","8-35359","17868","MINNEAPOLIS","Minnesota","United States","N"
"957434","167149","INTERACTIVE BROKERS LLC","8-47257","36418","GREENWICH","Connecticut","United States","Y"
"957276","26469","MORGAN STANLEY & CO. LLC","8-15869","8209","NEW YORK","New York","United States","Y"
"957276","26469","DEUTSCHE BANK SECURITIES INC.","8-17822","2525","NEW YORK","New York","United States","Y"
"959082","57147","J.P. MORGAN SECURITIES LLC","8-35008","79","NEW YORK","New York","United States","Y"
"956830","43363","JEFFERIES LLC","8-15074","2347","NEW YORK","New York","United States","Y"
"956769","168079","MERRILL LYNCH INTERNATIONAL","","","LONDON","","United Kingdom","Y"
"956769","168079","DEUTSCHE BANK AG","","","LONDON","","United Kingdom","Y"
"956769","168079","CREDIT SUISSE SECURITIES (EUROPE) LIMITED","","","LONDON","","United Kingdom","Y"
"956769","54183","HSBC BANK PLC","","","LONDON","","United Kingdom","Y"
"956769","54183","GOLDMAN SACHS INTERNATIONAL","","","LONDON","","United Kingdom","Y"
"956769","35456","JP MORGAN SECURITIES PLC","","","LONDON","","United Kingdom","Y"
"956769","35456","HSBC BANK PLC","","","LONDON","","United Kingdom","Y"
"956769","35456","GOLDMAN SACHS INTERNATIONAL","","","LONDON","","United Kingdom","Y"
"956769","34858","HSBC BANK PLC","","","LONDON","","United Kingdom","Y"
"956769","34858","JP MORGAN SECURITIES PLC","","","LONDON","","United Kingdom","Y"
"956769","34858","GOLDMAN SACHS INTERNATIONAL","","","LONDON","","United Kingdom","Y"
"956769","35256","JP MORGAN SECURITIES PLC","","","LONDON","","United Kingdom","Y"
"956769","35256","HSBC BANK PLC","","","LONDON","","United Kingdom","Y"
"956769","35256","GOLDMAN SACHS INTERNATIONAL","","","LONDON","","United Kingdom","Y"
"956769","35353","JP MORGAN SECURITIES PLC","","","LONDON","","United Kingdom","Y"
"956769","35353","HSBC BANK PLC","","","LONDON","","United Kingdom","Y"
"956769","35353","GOLDMAN SACHS INTERNATIONAL","","","LONDON","","United Kingdom","Y"
"956769","35294","HSBC BANK PLC","","","LONDON","","United Kingdom","Y"
"956769","35294","JP MORGAN SECURITIES PLC","","","LONDON","","United Kingdom","Y"
"956769","35294","GOLDMAN SACHS INTERNATIONAL","","","LONDON","","United Kingdom","Y"
"956769","54183","MERRILL LYNCH INTERNATIONAL","","","LONDON","","United Kingdom","Y"
"956769","54183","DEUTSCHE BANK AG","","","LONDON","","United Kingdom","Y"
"956769","54183","CREDIT SUISSE SECURITIES (EUROPE) LIMITED","","","LONDON","","United Kingdom","Y"
"956769","54183","UBS AG","","","LONDON","","United Kingdom","Y"
"956769","54183","MORGAN STANLEY & CO. INTERNATIONAL PLC","","","LONDON","","United Kingdom","Y"
"956769","35353","MERRILL LYNCH INTERNATIONAL","","","LONDON","","United Kingdom","Y"
"956769","35353","DEUTSCHE BANK AG","","","LONDON","","United Kingdom","Y"
"956769","35294","MERRILL LYNCH INTERNATIONAL","","","LONDON","","United Kingdom","Y"
"956769","35294","DEUTSCHE BANK AG","","","LONDON","","United Kingdom","Y"
"956769","35294","CREDIT SUISSE SECURITIES (EUROPE) LIMITED","","","LONDON","","United Kingdom","Y"
"956769","35294","UBS AG","","","LONDON","","United Kingdom","Y"
"956769","35294","MORGAN STANLEY & CO INTERNATIONAL PLC","","","LONDON","","United Kingdom","Y"
"956769","35353","CREDIT SUISSE SECURITIES (EUROPE) LIMITED","","","LONDON","","United Kingdom","Y"
"956769","35353","UBS AG","","","LONDON","","United Kingdom","Y"
"956769","35256","MERRILL LYNCH INTERNATIONAL","","","LONDON","","United Kingdom","Y"
"956769","35256","DEUTSCHE BANK AG","","","LONDON","","United Kingdom","Y"
"956769","35256","CREDIT SUISSE SECURITIES (EUROPE) LIMITED","","","LONDON","","United Kingdom","Y"
"956769","35256","UBS AG","","","LONDON","","United Kingdom","Y"
"956769","35256","MORGAN STANLEY & CO. INTERNATIONAL PLC","","","LONDON","","United Kingdom","Y"
"956769","35353","MORGAN STANLEY & CO INTERNATIONAL PLC","","","LONDON","","United Kingdom","Y"
"956769","34858","MERRILL LYNCH INTERNATIONAL","","","LONDON","","United Kingdom","Y"
"956769","34858","DEUTSCHE BANK AG","","","LONDON","","United Kingdom","Y"
"956769","34858","CREDIT SUISSE SECURITIES (EUROPE) LIMITED","","","LONDON","","United Kingdom","Y"
"956769","34858","UBS AG","","","LONDON","","United Kingdom","Y"
"956769","34858","MORGAN STANLEY & CO. INTERNATIONAL PLC","","","LONDON","","United Kingdom","Y"
"956769","35456","MERRILL LYNCH INTERNATIONAL","","","LONDON","","United Kingdom","Y"
"956769","35456","DEUTSCHE BANK AG","","","LONDON","","United Kingdom","Y"
"956769","35456","CREDIT SUISSE SECURITIES (EUROPE) LIMITED","","","LONDON","","United Kingdom","Y"
"956769","35456","UBS AG","","","LONDON","","United Kingdom","Y"
"956769","35456","MORGAN STANLEY & CO. INTERNATIONAL PLC","","","LONDON","","United Kingdom","Y"
"956769","35456","MORGAN STANLEY & COMPANY LLC","","","NEW YORK","New York","United States","Y"
"956769","35256","MORGAN STANLEY & CO. LLC","","","NEW YORK","New York","United States","Y"
"956769","64347","HSBC BANK PLC","","","LONDON","","United Kingdom","Y"
"956769","54185","MERRILL LYNCH INTERNATIONAL","","","LONDON","","United Kingdom","Y"
"956769","64347","JP MORGAN SECURITIES PLC","","","LONDON","","United Kingdom","Y"
"956769","64347","MERRILL LYNCH INTERNATIONAL","","","LONDON","","United Kingdom","Y"
"956769","64347","DEUTSCHE BANK AG","","","LONDON","","United Kingdom","Y"
"956769","64347","CREDIT SUISSE SECURITIES (EUROPE) LIMITED","","","LONDON","","United Kingdom","Y"
"956769","64347","UBS AG","","","LONDON","","United Kingdom","Y"
"956769","64347","MORGAN STANLEY & CO. INTERNATIONAL PLC","","","LONDON","","United Kingdom","Y"
"956769","54183","JP MORGAN SECURITIES PLC","","","LONDON","","United Kingdom","Y"
"956769","64347","BARCLAYS CAPITAL INC.","","","NEW YORK","New York","United States","Y"
"956769","54183","BARCLAYS CAPITAL INC.","","","NEW YORK","New York","United States","Y"
"956769","34858","BARCLAYS CAPITAL INC.","","","NEW YORK","New York","United States","Y"
"956769","35294","BARCLAYS CAPITAL INC.","","","NEW YORK","New York","United States","Y"
"956769","35256","BARCLAYS CAPITAL INC.","","","NEW YORK","New York","United States","Y"
"956769","35456","BARCLAYS CAPITAL INC.","","","NEW YORK","New York","United States","Y"
"956769","35353","BARCLAYS CAPITAL INC.","","","NEW YORK","New York","United States","Y"
"959560","168256","GOLDMAN, SACHS & CO.","8-129","361","NEW YORK","New York","United States","Y"
"959415","168241","UBS AG","","","LONDON","","United Kingdom","Y"
"959415","27676","J.P. MORGAN SECURITIES PLC","","","LONDON","","United Kingdom","Y"
"959415","50094","CREDIT SUISSE SECURITIES (EUROPE) LIMITED","","","LONDON","","United Kingdom","Y"
"959415","27184","CREDIT SUISSE SECURITIES (USA) LLC","8-422","816","NEW YORK","New York","United States","Y"
"959415","168240","CREDIT SUISSE SECURITIES (EUROPE) LIMITED","","","LONDON","","United Kingdom","Y"
"959415","27676","MORGAN STANLEY & CO. INTERNATIONAL PLC","","","LONDON","","United Kingdom","Y"
"959415","27676","GOLDMAN SACHS INTERNATIONAL","","","LONDON","","United Kingdom","Y"
"959415","27676","BARCLAYS CAPITAL SECURITIES LIMITED","","","LONDON","","United Kingdom","Y"
"959415","73736","BARCLAYS BANK PLC","","","LONDON","","United Kingdom","Y"
"959415","73736","CREDIT SUISSE SECURITIES (EUROPE) LIMITED","","","LONDON","","United Kingdom","Y"
"959415","168241","CREDIT SUISSE SECURITIES (EUROPE) LIMITED","","","LONDON","","United Kingdom","Y"
"959415","168241","CITIGROUP GLOBAL MARKETS LIMITED","","","LONDON","","United Kingdom","Y"
"959415","168240","MORGAN STANLEY & CO. INTERNATIONAL PLC","","","LONDON","","United Kingdom","Y"
"959415","168241","MORGAN STANLEY & CO. INTERNATIONAL PLC","","","LONDON","","United Kingdom","Y"
"959415","27676","CREDIT SUISSE SECURITIES (EUROPE) LIMITED","","","LONDON","","United Kingdom","Y"
"959415","27556","CREDIT SUISSE SECURITIES (EUROPE) LIMITED","","","LONDON","","United Kingdom","Y"
"959415","168240","BARCLAYS BANK PLC","","","LONDON,","","United Kingdom","Y"
"959415","27184","MORGAN STANLEY & CO. INTERNATIONAL PLC","","","LONDON","","United Kingdom","Y"
"959415","27184","BARCLAYS CAPITAL SECURITIES LIMITED","","","LONDON","","United Kingdom","Y"
"959415","27184","CREDIT SUISSE SECURITIES (EUROPE) LIMITED","","","LONDON","","United Kingdom","Y"
"959415","27676","CREDIT SUISSE SECURITIES (USA) LLC","8-422","816","NEW YORK","New York","United States","Y"
"959415","73736","MORGAN STANLEY & CO. INTERNATIONAL PLC","","","LONDON","","United Kingdom","Y"
"960226","55167","DEUTSCHE BANK AG","","","LONDON","","United Kingdom","Y"
"960226","55167","MORGAN STANLEY & CO. INTERNATIONAL PLC","","","LONDON","","United Kingdom","Y"
"958046","120386","JEFFERIES LLC","8-15074","2347","NEW YORK","New York","United States","Y"
"958131","2775","DEUTSCHE BANK AG (ACTING THROUGH ITS LONDON BRANCH)","","","LONDON","","United Kingdom","Y"
"958131","2775","GOLDMAN SACHS INTERNATIONAL","","","LONDON","","United Kingdom","Y"
"958131","2775","UBS AG (ACTING THOUGH ITS LONDON BRANCH)","","","LONDON","","United Kingdom","Y"
"958131","2775","CREDIT SUISSE SECURITIES (EUROPE) LIMITED","","","LONDON","","United Kingdom","Y"
"958131","2775","MORGAN STANLEY & CO. INTERNATIONAL PLC","","","LONDON","","United Kingdom","Y"
"943885","166896","MORGAN STANLEY & CO. INTERNATIONAL PLC","","","LONDON","","United Kingdom","Y"
"958870","57332","CREDIT SUISSE SECURITIES (USA) LLC","8-422","816","NEW YORK","New York","United States","Y"
"948497","167250","CREDIT SUISSE SECURITIES (USA) LLC","8-422","816","NEW YORK","New York","United States","Y"
"948497","167250","MORGAN STANLEY & CO. LLC","8-15869","8209","NEW YORK","New York","United States","Y"
"954128","167633","JEFFERIES LLC","8-15074","2347","DALLAS","Texas","United States","Y"
"959232","168225","CREDIT SUISSE SECURITIES (EUROPE) LIMITED","","","LONDON","","United Kingdom","Y"
"959232","168225","MORGAN STANLEY & CO. INTERNATIONAL PLC","","","LONDON","","United Kingdom","Y"
"944693","166914","DEUTSCHE BANK","","","LONDON","","United Kingdom","Y"
"944693","166914","GOLDMAN SACHS INTERNATIONAL","","","LONDON","","United Kingdom","Y"
"958174","19978","GOLDMAN SACHS INTERNATIONAL","","","LONDON","","United Kingdom","Y"
"956959","167955","MORGAN STANLEY & CO. LLC","8-15869","8209","NEW YORK","New York","United States","Y"
"956959","167927","BTIG, LLC","8-65473","122225","SAN FRANCISCO","California","United States","Y"
"956959","67533","BTIG, LLC","8-65473","122225","SAN FRANCISCO","California","United States","Y"
"957254","167951","DEUTSCHE BANK","","","LONDON","","United Kingdom","Y"
"947027","49101","FIDELITY INVESTMENTS INSTITUTIONAL SERVICES COMPANY, INC.","8-35097","17507","NEW YORK","New York","United States","Y"
"960373","168395","WEALTHFORGE, LLC","8-68464","152550","RICHMOND","Virginia","United States","N"
"960373","168394","WEALTHFORGE, LLC","8-68464","152550","RICHMOND","Virginia","United States","N"
"960373","168393","WEALTHFORGE, LLC","8-68464","152550","RICHMOND","Virginia","United States","N"
"960373","168392","WEALTHFORGE, LLC","8-68464","152550","RICHMOND","Virginia","United States","N"
"960373","168391","WEALTHFORGE, LLC","8-68464","152550","RICHMOND","Virginia","United States","N"
"960373","168371","WEALTHFORGE, LLC","8-68464","152550","RICHMOND","Virginia","United States","N"
"960373","168347","WEALTHFORGE, LLC","8-68464","152550","RICHMOND","Virginia","United States","N"
"960373","168370","WEALTHFORGE, LLC","8-68464","152550","RICHMOND","Virginia","United States","N"
"960373","168390","WEALTHFORGE, LLC","8-68464","152550","RICHMOND","Virginia","United States","N"
"960373","168389","WEALTHFORGE, LLC","8-68464","152550","RICHMOND","Virginia","United States","N"
"960373","168385","WEALTHFORGE, LLC","8-68464","152550","RICHMOND","Virginia","United States","N"
"960373","168384","WEALTHFORGE, LLC","8-68464","152550","RICHMOND","Virginia","United States","N"
"960373","168381","WEALTHFORGE, LLC","8-68464","152550","RICHMOND","Virginia","United States","N"
"960373","168379","WEALTHFORGE, LLC","8-68464","152550","RICHMOND","Virginia","United States","N"
"960373","168378","WEALTHFORGE, LLC","8-68464","152550","RICHMOND","Virginia","United States","N"
"960373","168377","WEALTHFORGE, LLC","8-68464","152550","RICHMOND","Virginia","United States","N"
"960373","168376","WEALTHFORGE, LLC","8-68464","152550","RICHMOND","Virginia","United States","N"
"960373","168368","WEALTHFORGE, LLC","8-68464","152550","RICHMOND","Virginia","United States","N"
"960373","168367","WEALTHFORGE, LLC","8-68464","152550","RICHMOND","Virginia","United States","N"
"960373","168364","WEALTHFORGE, LLC","8-68464","152550","RICHMOND","Virginia","United States","N"
"960373","168360","WEALTHFORGE, LLC","8-68464","152550","RICHMOND","Virginia","United States","N"
"960373","168357","WEALTHFORGE, LLC","8-68464","152550","RICHMOND","Virginia","United States","N"
"960373","168356","WEALTHFORGE, LLC","8-68464","152550","RICHMOND","Virginia","United States","N"
"960373","168355","WEALTHFORGE, LLC","8-68464","152550","RICHMOND","Virginia","United States","N"
"960373","168349","WEALTHFORGE, LLC","8-68464","152550","RICHMOND","Virginia","United States","N"
"960373","168343","WEALTHFORGE, LLC","8-68464","152550","RICHMOND","Virginia","United States","N"
"960373","168342","WEALTHFORGE, LLC","8-68464","152550","RICHMOND","Virginia","United States","N"
"960373","168341","WEALTHFORGE, LLC","8-68464","152550","RICHMOND","Virginia","United States","N"
"960373","168340","WEALTHFORGE, LLC","8-68464","152550","RICHMOND","Virginia","United States","N"
"960373","168339","WEALTHFORGE, LLC","8-68464","152550","RICHMOND","Virginia","United States","N"
"960373","168338","WEALTHFORGE, LLC","8-68464","152550","RICHMOND","Virginia","United States","N"
"960373","168337","WEALTHFORGE, LLC","8-68464","152550","RICHMOND","Virginia","United States","N"
"960373","168329","WEALTHFORGE, LLC","8-68464","152550","RICHMOND","Virginia","United States","N"
"960373","168348","WEALTHFORGE, LLC","8-68464","152550","RICHMOND","Virginia","United States","N"
"960373","168302","WEALTHFORGE, LLC","8-68464","152550","RICHMOND","Virginia","United States","N"
"960373","168400","WEALTHFORGE, LLC","8-68464","152550","RICHMOND","Virginia","United States","N"
"960373","168399","WEALTHFORGE, LLC","8-68464","152550","RICHMOND","Virginia","United States","N"
"960373","168398","WEALTHFORGE, LLC","8-68464","152550","RICHMOND","Virginia","United States","N"
"960373","168397","WEALTHFORGE, LLC","8-68464","152550","RICHMOND","Virginia","United States","N"
"960373","168396","WEALTHFORGE, LLC","8-68464","152550","RICHMOND","Virginia","United States","N"
"960373","168388","WEALTHFORGE, LLC","8-68464","152550","RICHMOND","Virginia","United States","N"
"960373","168375","WEALTHFORGE, LLC","8-68464","152550","RICHMOND","Virginia","United States","N"
"960373","168387","WEALTHFORGE, LLC","8-68464","152550","RICHMOND","Virginia","United States","N"
"960373","168383","WEALTHFORGE, LLC","8-68464","152550","RICHMOND","Virginia","United States","N"
"960373","168382","WEALTHFORGE, LLC","8-68464","152550","RICHMOND","Virginia","United States","N"
"960373","168380","WEALTHFORGE, LLC","8-68464","152550","RICHMOND","Virginia","United States","N"
"960373","168386","WEALTHFORGE, LLC","8-68464","152550","RICHMOND","Virginia","United States","N"
"960373","168366","WEALTHFORGE, LLC","8-68464","152550","RICHMOND","Virginia","United States","N"
"960373","168363","WEALTHFORGE, LLC","8-68464","152550","RICHMOND","Virginia","United States","N"
"960373","168362","WEALTHFORGE, LLC","8-68464","152550","RICHMOND","Virginia","United States","N"
"960373","168361","WEALTHFORGE, LLC","8-68464","152550","RICHMOND","Virginia","United States","N"
"960373","168359","WEALTHFORGE, LLC","8-68464","152550","RICHMOND","Virginia","United States","N"
"960373","168358","WEALTHFORGE, LLC","8-68464","152550","RICHMOND","Virginia","United States","N"
"960373","168354","WEALTHFORGE, LLC","8-68464","152550","RICHMOND","Virginia","United States","N"
"960373","168353","WEALTHFORGE, LLC","8-68464","152550","RICHMOND","Virginia","United States","N"
"960373","168352","WEALTHFORGE, LLC","8-68464","152550","RICHMOND","Virginia","United States","N"
"960373","168336","WEALTHFORGE, LLC","8-68464","152550","RICHMOND","Virginia","United States","N"
"960373","168335","WEALTHFORGE, LLC","8-68464","152550","RICHMOND","Virginia","United States","N"
"960373","168331","WEALTHFORGE, LLC","8-68464","152550","RICHMOND","Virginia","United States","N"
"960373","168330","WEALTHFORGE, LLC","8-68464","152550","RICHMOND","Virginia","United States","N"
"960373","168327","WEALTHFORGE, LLC","8-68464","152550","RICHMOND","Virginia","United States","N"
"960373","168326","WEALTHFORGE, LLC","8-68464","152550","RICHMOND","Virginia","United States","N"
"960373","168324","WEALTHFORGE, LLC","8-68464","152550","RICHMOND","Virginia","United States","N"
"960373","168323","WEALTHFORGE, LLC","8-68464","152550","RICHMOND","Virginia","United States","N"
"960373","168322","WEALTHFORGE, LLC","8-68464","152550","RICHMOND","Virginia","United States","N"
"960373","168321","WEALTHFORGE, LLC","8-68464","152550","RICHMOND","Virginia","United States","N"
"960373","168325","WEALTHFORGE, LLC","8-68464","152550","RICHMOND","Virginia","United States","N"
"960373","168319","WEALTHFORGE, LLC","8-68464","152550","RICHMOND","Virginia","United States","N"
"960373","168318","WEALTHFORGE, LLC","8-68464","152550","RICHMOND","Virginia","United States","N"
"960373","168317","WEALTHFORGE, LLC","8-68464","152550","RICHMOND","Virginia","United States","N"
"960373","168316","WEALTHFORGE, LLC","8-68464","152550","RICHMOND","Virginia","United States","N"
"960373","168315","WEALTHFORGE, LLC","8-68464","152550","RICHMOND","Virginia","United States","N"
"960373","168314","WEALTHFORGE, LLC","8-68464","152550","RICHMOND","Virginia","United States","N"
"960373","168313","WEALTHFORGE, LLC","8-68464","152550","RICHMOND","Virginia","United States","N"
"960373","168312","WEALTHFORGE, LLC","8-68464","152550","RICHMOND","Virginia","United States","N"
"960373","168311","WEALTHFORGE, LLC","8-68464","152550","RICHMOND","Virginia","United States","N"
"960373","168310","WEALTHFORGE, LLC","8-68464","152550","RICHMOND","Virginia","United States","N"
"960373","168307","WEALTHFORGE, LLC","8-68464","152550","RICHMOND","Virginia","United States","N"
"960373","168306","WEALTHFORGE, LLC","8-68464","152550","RICHMOND","Virginia","United States","N"
"960373","168309","WEALTHFORGE, LLC","8-68464","152550","RICHMOND","Virginia","United States","N"
"960373","168308","WEALTHFORGE, LLC","8-68464","152550","RICHMOND","Virginia","United States","N"
"960373","168334","WEALTHFORGE, LLC","8-68464","152550","RICHMOND","Virginia","United States","N"
"960373","168333","WEALTHFORGE, LLC","8-68464","152550","RICHMOND","Virginia","United States","N"
"960373","168332","WEALTHFORGE, LLC","8-68464","152550","RICHMOND","Virginia","United States","N"
"960373","168304","WEALTHFORGE, LLC","8-68464","152550","RICHMOND","Virginia","United States","N"
"960373","168303","WEALTHFORGE, LLC","8-68464","152550","RICHMOND","Virginia","United States","N"
"960373","168301","WEALTHFORGE, LLC","8-68464","152550","RICHMOND","Virginia","United States","N"
"960373","168328","WEALTHFORGE, LLC","8-68464","152550","RICHMOND","Virginia","United States","N"
"960373","168305","WEALTHFORGE, LLC","8-68464","152550","RICHMOND","Virginia","United States","N"
"960373","168350","WEALTHFORGE, LLC","8-68464","152550","RICHMOND","Virginia","United States","N"
"960373","168351","WEALTHFORGE, LLC","8-68464","152550","RICHMOND","Virginia","United States","N"
"950410","167329","MORGAN, STANLEY & CO. INTERNATIONAL PLC","","","LONDON","","United Kingdom","Y"
"957303","168015","GOLDMAN SACHS INTERNATIONAL","","","LONDON","","United Kingdom","Y"
"960169","65815","GOLDMAN, SACHS & CO.","8-129","361","NEW YORK","New York","United States","Y"
"961997","165158","MERRILL LYNCH, PIERCE, FENNER & SMITH INCORPORATED","8-72218","","CHICAGO","Illinois","United States","N"
"961511","22991","MORGAN STANLEY & CO INTERNATIONAL PLC","","","SINGAPORE","","Singapore","Y"
"963188","64065","CITIGROUP GLOBAL MARKETS INC.","","","LONDON","","United Kingdom","Y"
"963188","64065","CREDIT SUISSE SECURITIES (EUROPE) LIMITED","","","LONDON","","United Kingdom","Y"
"963188","64065","GOLDMAN SACHS INTERNATIONAL","","","LONDON","","United Kingdom","Y"
"955014","7080","HSBC BANK PLC","","","HONG KONG","","Hong kong","Y"
"955014","7080","CREDIT SUISSE SECURITIES (EUROPE) LIMITED","","","HONG KONG","","Hong kong","Y"
"955014","7080","UBS AG, LONDON BRANCH","","","HONG KONG","","Hong kong","Y"
"955014","7080","DEUTSCHE BANK AG, LONDON BRANCH","","","HONG KONG","","Hong kong","Y"
"955014","7080","MERRILL LYNCH INTERNATIONAL","","","HONG KONG","","Hong kong","Y"
"955014","7080","MORGAN STANLEY AND CO","","","HONG KONG","","Hong kong","Y"
"963826","120734","CREDIT SUISSE SECURITIES (EUROPE) LIMITED","","","LONDON","","United Kingdom","Y"
"963826","120734","MORGAN STANLEY & CO.","","","LONDON","","United Kingdom","Y"
"964417","7525","MORGAN STANLEY & CO. LLC","8-15869","8209","NEW YORK","New York","United States","Y"
"961352","168432","CANTOR FITZGERALD & CO.","8-201","134","NEW YORK","New York","United States","Y"
"957818","22425","MERRILL LYNCH PIERCE, FENNER & SMITH INCORPORATED","","","SAN FRANSISCO","California","United States","Y"
"957818","22425","MORGAN STANLEY SMITH BARNEY LLC","","","SANTA BARBARA","California","United States","Y"
"957818","22442","MORGAN STANLEY SMITH BARNEY LLC","","","SANTA BARBARA","California","United States","N"
"962741","168079","MERRILL LYNCH INTERNATIONAL","","","LONDON","","United Kingdom","Y"
"962741","168079","DEUTSCHE BANK AG","","","LONDON","","United Kingdom","Y"
"962741","168079","CREDIT SUISSE SECURITIES (EUROPE) LIMITED","","","LONDON","","United Kingdom","Y"
"962741","54183","HSBC BANK PLC","","","LONDON","","United Kingdom","Y"
"962741","54183","GOLDMAN SACHS INTERNATIONAL","","","LONDON","","United Kingdom","Y"
"962741","35456","JP MORGAN SECURITIES PLC","","","LONDON","","United Kingdom","Y"
"962741","35456","HSBC BANK PLC","","","LONDON","","United Kingdom","Y"
"962741","35456","GOLDMAN SACHS INTERNATIONAL","","","LONDON","","United Kingdom","Y"
"962741","34858","HSBC BANK PLC","","","LONDON","","United Kingdom","Y"
"962741","34858","JP MORGAN SECURITIES PLC","","","LONDON","","United Kingdom","Y"
"962741","34858","GOLDMAN SACHS INTERNATIONAL","","","LONDON","","United Kingdom","Y"
"962741","35256","JP MORGAN SECURITIES PLC","","","LONDON","","United Kingdom","Y"
"962741","35256","HSBC BANK PLC","","","LONDON","","United Kingdom","Y"
"962741","35256","GOLDMAN SACHS INTERNATIONAL","","","LONDON","","United Kingdom","Y"
"962741","35353","JP MORGAN SECURITIES PLC","","","LONDON","","United Kingdom","Y"
"962741","35353","HSBC BANK PLC","","","LONDON","","United Kingdom","Y"
"962741","35353","GOLDMAN SACHS INTERNATIONAL","","","LONDON","","United Kingdom","Y"
"962741","35294","HSBC BANK PLC","","","LONDON","","United Kingdom","Y"
"962741","35294","JP MORGAN SECURITIES PLC","","","LONDON","","United Kingdom","Y"
"962741","35294","GOLDMAN SACHS INTERNATIONAL","","","LONDON","","United Kingdom","Y"
"962741","54183","MERRILL LYNCH INTERNATIONAL","","","LONDON","","United Kingdom","Y"
"962741","54183","DEUTSCHE BANK AG","","","LONDON","","United Kingdom","Y"
"962741","54183","CREDIT SUISSE SECURITIES (EUROPE) LIMITED","","","LONDON","","United Kingdom","Y"
"962741","54183","UBS AG","","","LONDON","","United Kingdom","Y"
"962741","54183","MORGAN STANLEY & CO. INTERNATIONAL PLC","","","LONDON","","United Kingdom","Y"
"962741","35353","MERRILL LYNCH INTERNATIONAL","","","LONDON","","United Kingdom","Y"
"962741","35353","DEUTSCHE BANK AG","","","LONDON","","United Kingdom","Y"
"962741","35294","MERRILL LYNCH INTERNATIONAL","","","LONDON","","United Kingdom","Y"
"962741","35294","DEUTSCHE BANK AG","","","LONDON","","United Kingdom","Y"
"962741","35294","CREDIT SUISSE SECURITIES (EUROPE) LIMITED","","","LONDON","","United Kingdom","Y"
"962741","35294","UBS AG","","","LONDON","","United Kingdom","Y"
"962741","35294","MORGAN STANLEY & CO INTERNATIONAL PLC","","","LONDON","","United Kingdom","Y"
"962741","35353","CREDIT SUISSE SECURITIES (EUROPE) LIMITED","","","LONDON","","United Kingdom","Y"
"962741","35353","UBS AG","","","LONDON","","United Kingdom","Y"
"962741","35256","MERRILL LYNCH INTERNATIONAL","","","LONDON","","United Kingdom","Y"
"962741","35256","DEUTSCHE BANK AG","","","LONDON","","United Kingdom","Y"
"962741","35256","CREDIT SUISSE SECURITIES (EUROPE) LIMITED","","","LONDON","","United Kingdom","Y"
"962741","35256","UBS AG","","","LONDON","","United Kingdom","Y"
"962741","35256","MORGAN STANLEY & CO. INTERNATIONAL PLC","","","LONDON","","United Kingdom","Y"
"962741","35353","MORGAN STANLEY & CO INTERNATIONAL PLC","","","LONDON","","United Kingdom","Y"
"962741","34858","MERRILL LYNCH INTERNATIONAL","","","LONDON","","United Kingdom","Y"
"962741","34858","DEUTSCHE BANK AG","","","LONDON","","United Kingdom","Y"
"962741","34858","CREDIT SUISSE SECURITIES (EUROPE) LIMITED","","","LONDON","","United Kingdom","Y"
"962741","34858","UBS AG","","","LONDON","","United Kingdom","Y"
"962741","34858","MORGAN STANLEY & CO. INTERNATIONAL PLC","","","LONDON","","United Kingdom","Y"
"962741","35456","MERRILL LYNCH INTERNATIONAL","","","LONDON","","United Kingdom","Y"
"962741","35456","DEUTSCHE BANK AG","","","LONDON","","United Kingdom","Y"
"962741","35353","BARCLAYS CAPITAL INC.","","","NEW YORK","New York","United States","Y"
"962741","35456","CREDIT SUISSE SECURITIES (EUROPE) LIMITED","","","LONDON","","United Kingdom","Y"
"962741","35456","UBS AG","","","LONDON","","United Kingdom","Y"
"962741","35456","MORGAN STANLEY & CO. INTERNATIONAL PLC","","","LONDON","","United Kingdom","Y"
"962741","35456","MORGAN STANLEY & COMPANY LLC","","","NEW YORK","New York","United States","Y"
"962741","35256","MORGAN STANLEY & CO. LLC","","","NEW YORK","New York","United States","Y"
"962741","64347","HSBC BANK PLC","","","LONDON","","United Kingdom","Y"
"962741","54185","MERRILL LYNCH INTERNATIONAL","","","LONDON","","United Kingdom","Y"
"962741","64347","JP MORGAN SECURITIES PLC","","","LONDON","","United Kingdom","Y"
"962741","64347","MERRILL LYNCH INTERNATIONAL","","","LONDON","","United Kingdom","Y"
"962741","64347","DEUTSCHE BANK AG","","","LONDON","","United Kingdom","Y"
"962741","64347","CREDIT SUISSE SECURITIES (EUROPE) LIMITED","","","LONDON","","United Kingdom","Y"
"962741","64347","UBS AG","","","LONDON","","United Kingdom","Y"
"962741","64347","MORGAN STANLEY & CO. INTERNATIONAL PLC","","","LONDON","","United Kingdom","Y"
"962741","54183","JP MORGAN SECURITIES PLC","","","LONDON","","United Kingdom","Y"
"962741","64347","BARCLAYS CAPITAL INC.","","","NEW YORK","New York","United States","Y"
"962741","54183","BARCLAYS CAPITAL INC.","","","NEW YORK","New York","United States","Y"
"962741","34858","BARCLAYS CAPITAL INC.","","","NEW YORK","New York","United States","Y"
"962741","35294","BARCLAYS CAPITAL INC.","","","NEW YORK","New York","United States","Y"
"962741","35256","BARCLAYS CAPITAL INC.","","","NEW YORK","New York","United States","Y"
"962741","35456","BARCLAYS CAPITAL INC.","","","NEW YORK","New York","United States","Y"
"954305","64984","GOLDMAN SACHS INTERNATIONAL","","","LONDON","","United Kingdom","Y"
"954305","64387","GOLDMAN SACHS INTERNATIONAL","","","LONDON","","United Kingdom","Y"
"954305","64387","J.P. MORGAN SECURITIES PLC","","","LONDON","","United Kingdom","Y"
"954305","64987","GOLDMAN SACHS INTERNATIONAL LIMITED","","","LONDON","","United Kingdom","Y"
"954305","64984","J.P. MORGAN SECURITIES PLC","","","LONDON","","United Kingdom","Y"
"954305","64984","JP MORGAN CHASE BANK NA, LONDON BRANCH","","","LONDON","","United Kingdom","Y"
"954305","64387","JP MORGAN CHASE BANK NA, LONDON BRANCH","","","LONDON","","United Kingdom","Y"
"954305","167655","J.P. MORGAN SECURITIES PLC","","","LONDON","","United Kingdom","Y"
"958948","67873","GOLDMAN SACHS EXECUTION & CLEARING, L.P.","8-526","3466","NEW YORK","New York","United States","Y"
"958948","168223","GOLDMAN SACHS EXECUTION & CLEARING, L.P.","8-526","3466","NEW YORK","New York","United States","Y"
"964427","64792","JP MORGAN SECURITIES PLC","","","LONDON","","United Kingdom","Y"
"964427","43506","JPM MORGAN SECURITIES PLC","","","LONDON","","United Kingdom","Y"
"964427","64792","UBS AG","","","LONDON","","United Kingdom","Y"
"964427","64792","MORGAN STANLEY & CO INTERNATIONAL PLC","","","LONDON","","United Kingdom","Y"
"964427","64792","GOLDMAN SACHS INTERNATIONAL","","","LONDON","","United Kingdom","Y"
"964427","43506","UBS AG","","","LONDON","","United Kingdom","Y"
"964427","43506","MORGAN STANLEY & CO INTERNATIONAL PLC","","","LONDON","","United Kingdom","Y"
"964427","43506","GOLDMAN SACHS INTERNATIONAL","","","LONDON","","United Kingdom","Y"
"964230","65890","WELLS FARGO PRIME SERVICES, LLC","8-66677","133068","SAN FRANCISCO","California","United States","N"
"964230","65888","WELLS FARGO PRIME SERVICES, LLC","8-66677","133068","SAN FRANCISCO","California","United States","N"
"961869","168593","MORGAN STANLEY & CO. INTERNATIONAL PLC","","","LONDON","","United Kingdom","Y"
"961869","168593","UBS AG","","","LONDON","","United Kingdom","Y"
"955633","24829","BNP PARIBAS PRIME BROKERAGE, INC.","8-40490","24962","NEW YORK","New York","United States","Y"
"958890","168206","BANK OF AMERICA MERRILL LYNCH","","","LONDON","","United Kingdom","Y"
"958890","168206","MORGAN STANLEY & CO. INTERNATIONAL PLC","","","LONDON","","United Kingdom","Y"
"958890","168206","J.P. MORGAN SECURITIES PLC","","","LONDON","","United Kingdom","Y"
"958890","168206","GOLDMAN SACHS INTERNATIONAL","","","LONDON","","United Kingdom","Y"
"963923","6689","BTIG, LLC","8-65473","122225","NEW YORK","New York","United States","N"
"963977","41582","BNP PARIBAS PRIME BROKERAGE, INC.","8-40490","24962","NEW YORK","New York","United States","Y"
"956694","167940","BTIG, LLC","8-65473","122225","NEW YORK","New York","United States","Y"
"956694","68440","BTIG, LLC","8-65473","122225","NEW YORK","New York","United States","N"
"960236","37647","MERRILL LYNCH INTERNATIONAL","","","LONDON","","United Kingdom","Y"
"960236","37647","UBS SECURITIES LLC","8-22651","7654","NEW YORK","New York","United States","Y"
"960236","37647","GOLDMAN, SACHS & CO.","8-129","361","NEW YORK","New York","United States","Y"
"962801","64339","WEDBUSH SECURITIES INC.","8-12987","877","LOS ANGELES","California","United States","Y"
"962801","64339","INTERACTIVE BROKERS LLC","8-47257","36418","GREENWICH","Connecticut","United States","Y"
"962926","167432","MORGAN STANLEY AND CO. INTERNATIONAL PLC","","","LONDON","","United Kingdom","Y"
"962926","167432","CREDIT SUISSE SECURITIES (EUROPE) LIMITED","","","LONDON","","United Kingdom","Y"
"953683","55890","MERRILL LYNCH PROFESSIONAL CLEARING CORP.","8-33359","16139","NEW YORK","New York","United States","Y"
"953683","168284","MERRILL LYNCH PROFESSIONAL CLEARING CORP.","8-33359","16139","NEW YORK","New York","United States","Y"
"963255","158930","J.P. MORGAN SECURITIES PLC","","","LONDON","","United Kingdom","N"
"963255","158930","UBS AG","","","LONDON","","United Kingdom","N"
"963255","158930","MORGAN STANLEY & CO. INTERNATIONAL PLC","","","LONDON","","United Kingdom","N"
"963279","55221","J.P. MORGAN CLEARING CORP.","8-43724","28432","NEW YORK","New York","United States","Y"
"963279","55221","GOLDMAN, SACHS & CO.","8-129","361","NEW YORK","New York","United States","Y"
"961816","168445","PERSHING LLC","8-17574","7560","NEW YORK","New York","United States","Y"
"961816","168445","INTERACTIVE BROKERS LLC","8-47257","36418","NEW YORK","New York","United States","Y"
"963143","58422","PERSHING LLC","8-17574","7560","JERSEY CITY","New Jersey","United States","Y"
"958562","167068","GOLDMAN SACHS INTERNATIONAL","","","LONDON","","United Kingdom","Y"
"964082","168587","INTERACTIVE BROKERS LLC","8-47257","36418","GREENWICH","Connecticut","United States","Y"
