"FilingID","Full Legal Name","CIK Number"
"877375","N/A","161437"
"880651","MMA CAPITAL MANAGEMENT, LLC","1003201"
"894620","RENAISSANCERE HOLDINGS LTD.","913144"
"897927","NATIONAL WESTMINSTER BANK PLC","702162"
"897927","THE ROYAL BANK OF SCOTLAND GROUP","844150"
"893944","CREDIT SUISSE GROUP AG","1159510"
"895349","BANK OF AMERICA CORPORATION","70858"
"894673","INVESCO LTD.","914208"
"897098","JONES LANG LASALLE INCORPORATED","1037956"
"896658","AFFILILATED MANAGERS GROUP INC","1004434"
"893078","THE CARLYLE GROUP L.P.","1527166"
"886622","BLACKROCK, INC.","1364742"
"893765","CREDIT SUISSE GROUP AG","1159510"
"870995","BLACKROCK, INC.","1364742"
"902203","INVESCO LTD.","914208"
"885976","DEUTSCHE BANK AG","948046"
"896287","HSBC HOLDINGS PLC","1089113"
"896281","HSBC HOLDINGS PLC","1089113"
"893135","CREDIT SUISSE GROUP AG","1159510"
"893135","GENERAL ELECTRIC COMPANY","40545"
"893380","THE ROYAL BANK OF SCOTLAND GROUP","844150"
"893690","AFFILIATED MANAGERS GROUP, INC.","1004434"
"889331","FEDERATED INVESTORS, INC.","1056288"
"878472","HSBC HOLDINGS PLC","1089113"
"863626","JPMORGAN CHASE & CO.","19617"
"896185","STIFEL FINANCIAL CORP","720672"
"904275","MORGAN STANLEY","895421"
"894694","THE CARLYLE GROUP, L.P.","1527166"
"900000","MARSH & MCLENNAN COMPANIES INC.","62709"
"898416","KENNEDY-WILSON HOLDINGS, INC.","1408100"
"900249","SAFEGUARD SCIENTIFCS, INC.","86115"
"890573","JPMORGAN CHASE & CO.","19517"
"894275","MVC CAPITAL, INC.","1099941"
"897104","JPMORGAN CHASE & CO.","19617"
"895086","CBRE GROUP, INC","1138118"
"895075","CBRE GROUP, INC.","1138118"
"895067","CBRE GROUP, INC.","1138118"
"905166","LEUCADIA NATIONAL CORPORATION","96223"
"896142","DEUTSCHE BANK AG","948046"
"868874","BARCLAYS PLC","312069"
"905808","BROOKFIELD ASSET MANAGEMENT INC.","10010085"
"906251","LEUCADIA NATIONAL CORPORATION","96223"
"906268","BROOKFIELD ASSET MANAGEMENT INC.","10010085"
"899981","UMB BANK N.A.","854729"
"871417","BROOKFIELD ASSET MANAGEMENT INC.","1001085"
"906376","DEUTSCHE BANK AG","948046"
"906438","EVERCORE PARTNERS INC.","1360901"
"906475","DEUTSCHE BANK AG","948046"
"878057","HSBC BANK PLC","1140465"
"894106","UBS GROUP AG","1610520"
"900286","UBS AG","1114446"
"907000","HSBC HOLDINGS PLC","1089113"
"905107","AFFILILATED MANAGERS GROUP INC","1004434"
"898718","STIFEL FINANCIAL CORP.","720672"
"912872","NOMURA HOLDINGS INC","1163653"
"914339","DEUTSCHE BANK AG","948046"
"909978","GOLDMAN SACHS GROUP, INC.","886982"
"918347","ADAMS DIVERSIFIED EQUITY FUND, INC.","2230"
"913251","KKR & CO. L.P.","1404912"
"919539","DEUTSCHE BANK AG","948046"
"920262","JPMORGAN CHASE & CO.","19517"
"921115","JPMORGAN CHASE & CO.","19517"
"920224","JPMORGAN CHASE & CO.","19617"
"920182","DEUTSCHE BANK AG","948046"
"906829","DEUTSCHE BANK AG","948046"
"923134","JPMORGAN CHASE & CO.","19617"
"926703","MIZUHO FINANCIAL GROUP","1335730"
"925222","DEUTSCHE BANK AG","948046"
"927655","DEUTSCHE BANK AG","948046"
"927869","DEUTSCHE BANK AG","948046"
"926346","JPMORGAN CHASE & CO.","19617"
"929521","THE CARLYLE GROUP L.P.","1527166"
"926168","SUMITOMO MITSUI TRUST HOLDINGS, INC.","1475365"
"930061","RENAISSANCERE HOLDINGS LTD.","913144"
"906413","BLACKROCK, INC.","1364742"
"906422","BLACKROCK, INC.","1364742"
"930213","NOMURA HOLDINGS, INC.","1163653"
"912437","ARES MANAGEMENT, L.P.","1176948"
"932198","KKR & CO. L.P.","1404912"
"927268","SWISS RE LIMITED","1519921"
"926738","PRUDENTIAL PLC","1116578"
"896449","BARCLAYS PLC","312069"
"933274","BANK OF MONTREAL","927971"
"934453","BANK OF MONTREAL","927971"
"930159","HSBC HOLDINGS PLC","1089113"
"934774","BLACKROCK, INC.","1364742"
"938619","N/A","12345678"
"934835","FEDERATED INVESTORS, INC.","1056288"
"940907","NOMURA HOLDINGS, INC.","1163653"
"942776","KKR & CO. L.P.","1404912"
"943188","MORGAN STANLEY","895421"
"943542","UNITED OVERSEAS BANK LIMITED","867530"
"943543","UNITED OVERSEAS BANK LIMITED","867530"
"940457","BLACKROCK, INC.","1364742"
"944512","N/A","12345678"
"942591","BLACKROCK, INC.","1364742"
"945858","PRUDENTIAL PLC","1116578"
"947199","ADAMS DIVERSIFIED EQUITY FUND, INC.","2230"
"947203","ADAMS DIVERSIFIED EQUITY FUND, INC.","2230"
"945256","BLACKROCK, INC.","1364742"
"948080","AMERICAN CAPITAL LTD.","817473"
