"FilingID","ReferenceID","Name of Adviser","SEC File Number","CRD Number"
"599612","4128","SOTHIC CAPITAL MANAGEMENT (CAYMAN) LIMITED","",""
"608454","8435","INVESTOR CAPITAL MANAGEMENT ASIA LIMITED","",""
"602579","7505","PELHAM CAPITAL MANAGEMENT LIMITED","",""
"599618","5605","COUPLAND CARDIFF MANAGEMENT (CAYMAN) LTD","",""
"609326","13337","PINEBRIDGE ASIA PARTNERS G.P., L.L.C.","",""
"609326","13317","PINEBRIDGE ASIA PARTNERS II, LIMITED","",""
"609326","13330","PINEBRIDGE ASIA PARTNERS G.P., L.L.C.","",""
"613891","17466","KAZAZIAN ASSET MANAGEMENT, LLC","","161960"
"600078","5561","RIDLEY PARK CAPITAL (CAYMAN) LIMITED","",""
"623066","13337","PINEBRIDGE ASIA PARTNERS G.P., L.L.C.","",""
"623066","13317","PINEBRIDGE ASIA PARTNERS II, LIMITED","",""
"623066","13330","PINEBRIDGE ASIA PARTNERS G.P., L.L.C.","",""
"601767","19428","SARASIN FUNDS MANAGEMENT (IRELAND) LIMITED","",""
"601767","19420","SARASIN FUNDS MANAGEMENT (IRELAND) LIMITED","",""
"601767","19413","SARASIN FUNDS MANAGEMENT (IRELAND) LIMITED","",""
"621374","23577","DCR III INVESTORS, LLC","",""
"592843","1871","LONG INVESTMENT MANAGEMENT (CAYMAN) LIMITED","",""
"592843","1870","LONG INVESTMENT MANAGEMENT INTERNATIONAL LIMITED","",""
"592843","1930","LONG INVESTMENT MANAGEMENT (CAYMAN) LIMITED","",""
"592843","1929","LONG INVESTMENT MANAGEMENT INTERNATIONAL LIMITED","",""
"624305","26111","DYNAMO INTERNACIONAL","","162122"
"625743","28214","JK CAPITAL MANAGEMENT LTD.","",""
"617901","19383","RIVERSIDE CAPITAL MANAGEMENT, INC.","",""
"604895","6121","KEYWISE CAPITAL MANAGEMENT LTD.","",""
"604895","6128","KEYWISE CAPITAL MANAGEMENT LTD.","",""
"604895","6132","KEYWISE CAPITAL MANAGEMENT LTD.","",""
"623274","24841","STONE MILLINER ASSET MANAGEMENT AG","","163246"
"623274","28106","STONE MILLINER ASSET MANAGEMENT AG","","163246"
"625449","27846","JABRE CAPITAL PARTNERS (CAYMAN) LIMITED","",""
"625449","27859","JABRE CAPITAL PARTNERS (CAYMAN) LIMITED","",""
"625449","27831","JABRE CAPITAL PARTNERS (CAYMAN) LIMITED","",""
"625449","27821","JABRE CAPITAL PARTNERS (CAYMAN) LIMITED","",""
"625449","27753","JABRE CAPITAL PARTNERS (CAYMAN) LIMITED","",""
"615359","18764","SWISS RE PORTFOLIO ADVISORS CORPORATION","801-67396","142260"
"614544","16606","STIRLING SQUARE CAPITAL PARTNERS ADVISERS LIMITED","",""
"614544","16616","STIRLING SQUARE CAPITAL PARTNERS SECOND FUND ADVISERS LIMITED","",""
"593126","2214","CAPITAL Z ASSET MANAGEMENT, LLC","","162210"
"593126","2217","CAPITAL Z ASSET MANAGEMENT, LLC","","162210"
"627379","30353","LITORINA KAPITAL PARTNERS III LIMITED","",""
"627379","30342","LITORINA PARTNERS IV LIMITED","802-74681","162137"
"606390","36237","LMR PARTNERS (OFFSHORE) LIMITED","","162861"
"606390","36158","LMR PARTNERS (OFFSHORE) LIMITED","","162861"
"632808","6121","KEYWISE CAPITAL MANAGEMENT LTD.","",""
"632808","6128","KEYWISE CAPITAL MANAGEMENT LTD.","",""
"632808","6132","KEYWISE CAPITAL MANAGEMENT LTD.","",""
"598936","8413","SG HAMBROS FUND MANAGERS (JERSEY) LIMITED","",""
"598936","8359","SG HAMBROS FUND MANAGERS (JERSEY) LIMITED","",""
"598936","8279","SG HAMBROS FUND ADVISERS (JERSEY) LIMITED","",""
"598936","8276","SG HAMBROS FUND MANAGERS (JERSEY) LIMITED","",""
"598936","8277","SG HAMBROS FUND MANAGERS (JERSEY) LIMITED","",""
"598936","8285","SG HAMBROS FUND MANAGERS (JERSEY) LIMITED","",""
"598936","8292","SG HAMBROS FUND MANAGERS (JERSEY) LIMITED","",""
"598936","7877","SG HAMBROS FUND MANAGERS (JERSEY) LIMITED","",""
"598936","3498","SG HAMBROS FUND MANAGERS (JERSEY) LIMITED","",""
"598936","7574","SG HAMBROS FUND MANAGERS (JERSEY) LIMITED","",""
"598936","7866","SG HAMBROS FUND MANAGERS (JERSEY) LIMITED","",""
"598936","7867","SG HAMBROS FUND MANAGERS (JERSEY) LIMITED","",""
"598936","7884","SG HAMBROS FUND MANAGERS (JERSEY) LIMITED","",""
"598936","7892","SG HAMBROS FUND MANAGERS (JERSEY) LIMITED","",""
"598936","7508","SG HAMBROS FUND MANAGERS (JERSEY) LIMITED","",""
"598936","7913","SG HAMBROS FUND MANAGERS (JERSEY) LIMITED","",""
"598936","7929","SG HAMBROS FUND MANAGERS (JERSEY) LIMITED","",""
"598936","8304","SG HAMBROS FUND MANAGERS (JERSEY) LIMITED","",""
"598936","8316","SG HAMBROS FUND MANAGERS (JERSEY) LIMITED","",""
"598936","8340","SG HAMBROS FUND MANAGERS (JERSEY) LIMITED","",""
"598936","8373","SG HAMBROS FUND MANAGERS (JERSEY) LIMITED","",""
"598936","8387","SG HAMBROS FUND MANAGERS (JERSEY) LIMITED","",""
"598936","8399","SG HAMBROS FUND MANAGERS (JERSEY) LIMITED","",""
"598936","8406","SG HAMBROS FUND MANAGERS (JERSEY) LIMITED","",""
"598936","8409","SG HAMBROS FUND MANAGERS (JERSEY) LIMITED","",""
"598936","8423","SG HAMBROS FUND MANAGERS (JERSEY) LIMITED","",""
"598936","8429","SG HAMBROS FUND MANAGERS (JERSEY) LIMITED","",""
"598936","8431","SG HAMBROS FUND MANAGERS (JERSEY) LIMITED","",""
"598936","8434","SG HAMBROS FUND MANAGERS (JERSEY) LIMITED","",""
"598936","8436","SG HAMBROS FUND MANAGERS (JERSEY) LIMITED","",""
"623236","25168","EMERALD HILL MANAGEMENT LIMITED","","163383"
"623236","25148","EMERALD HILL MANAGEMENT LIMITED","","163383"
"623236","25173","EMERALD HILL MANAGEMENT LIMITED","","163383"
"617359","19384","SLF MANAGEMENT, LLC","",""
"603488","15536","SYLEBRA CAPITAL MANAGEMENT","",""
"603488","26203","GOTHIC CORPORATION","",""
"607869","18634","SERICA MANAGEMENT LIMITED","",""
"631244","35836","HITECVISION ADVISORY AS (SEE MISCELLANEOUS)","",""
"631244","35846","HITECVISION ADVISORY AS (SEE MISCELLANEOUS)","",""
"631244","35855","HITECVISION ADVISORY AS (SEE MISCELLANEOUS)","",""
"631244","35861","HITECVISION ADVISORY AS (SEE MISCELLANEOUS)","",""
"634079","40129","NEXIT INFOCOM II GP LIMITED","",""
"634478","40580","MARWIT PARTNERS, LLC (ERA), SEE MISC NOTES","",""
"622791","38850","AMP CAPITAL INVESTORS (LUXEMBOURG) S.A.R.L.","",""
"615270","17218","ABSOLUTE PARTNERS MANAGEMENT LIMITED (RELYING ADVISER)","",""
"615270","17259","ABSOLUTE PARTNERS MANAGEMENT LIMITED (RELYING ADVISER)","",""
"615270","17281","ABSOLUTE PARTNERS MANAGEMENT LIMITED (RELYING ADVISER)","",""
"615270","36051","ABSOLUTE PARTNERS MANAGEMENT LIMITED (RELYING ADVISER)","",""
"630230","36738","ENERGY VENTURES III AS","",""
"630230","36787","ENERGY VENTURES IV AS","",""
"628551","32282","CAPULA INVESTMENT MANAGEMENT LLP","",""
"616079","17836","PEAKSIDE CAPITAL SPC","",""
"616079","18803","BOSPHORUS REAL ESTATE MANAGERS I, LTD","",""
"627451","30904","CCP BH MANAGEMENT II, LLC","",""
"627451","30894","CCP BH MANAGEMENT, LLC","",""
"621503","23257","PERMIRA DEBT MANAGERS GROUP HOLDINGS LIMITED","",""
"621503","24553","PERMIRA SCF S.A.R.L.","",""
"621503","23588","PERMIRA DEBT MANAGERS GROUP HOLDINGS LIMITED","",""
"621503","24548","PERMIRA DEBT MANAGERS GROUP HOLDINGS LIMITED","",""
"621503","24551","PERMIRA DEBT MANAGERS GROUP HOLDINGS LIMITED","",""
"629653","33251","FRONTIER WEALTH MANAGEMENT, LLC","801-68048","144344"
"631795","36707","TELESOFT MANAGEMENT II, L.L.C.","",""
"631795","36748","TELESOFT II SBIC-GP, INC.","",""
"631795","36633","TELESOFT MANAGEMENT II, L.L.C.","",""
"626525","35122","MIO PARTNERS, INC.","801-41495","108637"
"628151","31253","ARCHER CAPITAL GP4 LIMITED","",""
"628151","31222","ARCHER CAPITAL GP5 LTD","",""
"628151","31209","ARCHER CAPITAL VCMP 5, LP","",""
"628151","31274","ARCHER CAPITAL VCMP3, LP","",""
"602633","22219","GRAHAM CAPITAL MANAGEMENT, L.P.","","137392"
"602633","23825","GRAHAM CAPITAL MANAGEMENT, L.P.","","137392"
"635484","7505","PELHAM CAPITAL MANAGEMENT LIMITED","",""
"609154","18844","VILLAGE VENTURES CAPITAL MANAGEMENT, LLC","",""
"609154","18904","VILLAGE VENTURES CAPITAL MANAGEMENT, LLC","",""
"609154","18916","VILLAGE VENTURES CAPITAL MANAGEMENT, LLC","",""
"635512","18844","VILLAGE VENTURES CAPITAL MANAGEMENT, LLC","",""
"635512","18904","VILLAGE VENTURES CAPITAL MANAGEMENT, LLC","",""
"635512","18916","VILLAGE VENTURES CAPITAL MANAGEMENT, LLC","",""
"629640","33220","HORIZON CAPITAL ASSOCIATES, LLC","",""
"629640","33345","HORIZON CAPITAL ASSOCIATES II, LLC","",""
"629640","33374","HORIZON CAPITAL ASSOCIATES, LLC","",""
"625051","35828","WOLVER HILL ASSET MANAGEMENT","",""
"625051","35847","WOLVER HILL ASSET MANAGEMENT","",""
"625051","35853","WOLVER HILL ASSET MANAGEMENT","",""
"632845","41954","OCEANWOOD CAPITAL MANAGEMENT LTD","802-75070","159874"
"635523","41975","ZANA CAPITAL PTE. LTD","","162768"
"626510","36992","MIO PARTNERS, INC.","801-41495","108637"
"629991","33864","UTI VENTURE FUNDS MANAGEMENT COMPANY PRIVATE LIMITED","",""
"629991","34086","UTI VENTURE FUNDS MANAGEMENT COMPANY PRIVATE LIMITED","",""
"635510","41980","NEXIT INFOCOM 2000 LIMITED","",""
"635510","41997","NEXIT INFOCOM 2000 LIMITED","",""
"629049","34026","TVG CAPITAL PARTNERS MC III LIMITED","",""
"629049","34061","TVG (CAYMAN) LIMITED","",""
"629049","34079","TELECOM VENTURE GROUP FF L.D.C.","",""
"605481","27055","AEDOS FUND MANAGEMENT (BERMUDA) LIMITED","",""
"605481","6434","AEDOS FUND MANAGEMENT (BERMUDA) LIMITED","","161675"
"629696","33379","PAMPLONA CREDIT OPPORTUNITIES INVESTMENTS LIMITED","","160866"
"629696","33377","PAMPLONA CREDIT OPPORTUNITIES INVESTMENTS LIMITED","","160866"
"619836","21698","VECTOR COMMODITY MANAGEMENT MALTA LIMITED","",""
"618712","20296","BENNELONG ASSET MANAGEMENT LIMITED","","162698"
"618712","20942","BENNELONG ASSET MANAGEMENT LIMITED","","162698"
"624448","30508","HAYFIN MANAGEMENT LIMITED","",""
"609811","11323","OAKLEY CAPITAL MANAGEMENT (BERMUDA) LIMITED","",""
"609811","10786","OAKLEY CAPITAL (BERMUDA) LIMITED","",""
"609811","11320","OAKLEY CAPITAL (BERMUDA) LIMITED","",""
"619849","40102","EVERGREEN MANAGEMENT LTD.","",""
"619849","35870","EVERGREEN MANAGEMENT LTD.","",""
"619849","35916","EVERGREEN MANAGEMENT LTD","",""
"619849","40131","EVERGREEN MANAGEMENT LTD","",""
"619849","40069","EVERGREEN MANAGEMENT LTD","",""
"623281","37413","SCP MANAGEMENT II, LLC","",""
"623281","37358","SCP MANAGEMENT III, LLC","",""
"623281","25895","SCP MANAGEMENT III, LLC","",""
"623281","37365","SCP MANAGEMENT III, LLC","",""
"623281","37431","SCP MANAGEMENT IV, LLC","",""
"636468","41980","NEXIT INFOCOM 2000 LIMITED","",""
"636468","41997","NEXIT INFOCOM 2000 LIMITED","",""
"631395","41011","GILDE HEALTHCARE PARTNERS BV","","163373"
"631395","36089","GILDE HEALTHCARE PARTNERS BV","","163373"
"636718","41011","GILDE HEALTHCARE PARTNERS BV","","163373"
"636718","36089","GILDE HEALTHCARE PARTNERS BV","","163373"
"610273","10492","TRISKELE CAPITAL INTERNATIONAL LIMITED","",""
"610273","10504","TRISKELE CAPITAL INTERNATIONAL LIMITED","",""
"635518","42357","RMF 2 CO-INVESTMENT IM, LTD.","",""
"636302","40129","NEXIT INFOCOM II GP LIMITED","",""
"634278","40654","DAVIDE LEONE AND PARTNERS (CAYMAN) LTD","",""
"617535","38420","MERRILL LYNCH INVESTMENT SOLUTIONS (LUXEMBOURG)","",""
"637354","6121","KEYWISE CAPITAL MANAGEMENT LTD.","",""
"637354","6128","KEYWISE CAPITAL MANAGEMENT LTD.","",""
"637354","6132","KEYWISE CAPITAL MANAGEMENT LTD.","",""
"637362","6121","KEYWISE CAPITAL MANAGEMENT LTD.","",""
"637362","6128","KEYWISE CAPITAL MANAGEMENT LTD.","",""
"637362","6132","KEYWISE CAPITAL MANAGEMENT LTD.","",""
"631195","35639","BRAZIL REAL ESTATE OPPORTUNITIES MANAGER LTD.","",""
"631195","35767","BRAZIL REAL ESTATE OPPORTUNITIES MANAGER II LTD.","",""
"631195","35779","BRAZIL REAL ESTATE OPPORTUNITIES MANAGER II LTD.","",""
"631195","35791","BRAZIL REAL ESTATE OPPORTUNITIES MANAGER II LTD.","",""
"631195","35800","BRAZIL REAL ESTATE OPPORTUNITIES MANAGER II LTD.","",""
"631195","35784","BRAZIL REAL ESTATE OPPORTUNITIES MANAGER II LTD.","",""
"631195","42140","BRAZIL REAL ESTATE OPPORTUNITIES MANAGER LTD.","",""
"631195","35790","BRAZIL REAL ESTATE OPPORTUNITIES MANAGER II LTD.","",""
"631195","36175","BRAZIL REAL ESTATE OPPORTUNITIES MANAGER II LTD.","",""
"632678","43483","HERMITAGE CAPITAL MANAGEMENT LIMITED","802-76160","162931"
"629770","43234","COLCHIS CAPITAL MANAGEMENT, LLC","","138510"
"629770","43238","COLCHIS CAPITAL MANAGEMENT, LLC","","138510"
"629770","33646","COLCHIS CAPITAL MANAGEMENT, LLC","","138510"
"637738","6121","KEYWISE CAPITAL MANAGEMENT LIMITED","",""
"637738","6128","KEYWISE CAPITAL MANAGEMENT LIMITED","",""
"637738","6132","KEYWISE CAPITAL MANAGEMENT LIMITED","",""
"636293","42984","ADVANTAGE CAPITAL MANAGEMENT COMPANY OF WISCONSIN, LLC","",""
"623152","38251","PINEBRIDGE INVESTMENTS IRELAND LIMITED","",""
"623152","38414","PINEBRIDGE INVESTMENTS IRELAND LIMITED","",""
"623152","38275","PINEBRIDGE INVESTMENTS IRELAND LIMITED","",""
"623152","37850","PINEBRIDGE INVESTMENTS IRELAND LIMITED","",""
"623152","38312","PINEBRIDGE INVESTMENTS IRELAND LIMITED","",""
"623152","38335","PINEBRDIGE INVESTMENTS IRELAND LIMITED","",""
"623152","38378","PINEBRIDGE INVESTMENTS IRELAND LIMITED","",""
"623152","38387","PINEBRIDGE INVESTMENTS IRELAND LIMITED","",""
"623152","38358","PINEBRIDGE INVESTMENTS IRELAND LIMITED","",""
"623152","38396","PINEBRIDGE INVESTMENTS IRELAND LIMITED","",""
"634915","41562","INOVIA MANAGEMENT II, L.P.","",""
"634915","41410","INOVIA MANAGEMENT II, L.P.","",""
"634915","41684","INOVIA MANAGEMENT II, L.P.","",""
"634915","41706","INOVIA CAPITAL INC.","",""
"634915","41294","MSBI MANAGEMENT, L.P.","",""
"634915","41734","INOVIA CAPITAL INC.","",""
"637239","43393","ROCKWOOD GP I LLC","",""
"642242","38251","PINEBRIDGE INVESTMENTS IRELAND LIMITED","",""
"642242","38414","PINEBRIDGE INVESTMENTS IRELAND LIMITED","",""
"642242","38275","PINEBRIDGE INVESTMENTS IRELAND LIMITED","",""
"642242","37850","PINEBRIDGE INVESTMENTS IRELAND LIMITED","",""
"642242","38312","PINEBRIDGE INVESTMENTS IRELAND LIMITED","",""
"642242","38335","PINEBRDIGE INVESTMENTS IRELAND LIMITED","",""
"642242","38378","PINEBRIDGE INVESTMENTS IRELAND LIMITED","",""
"642242","38387","PINEBRIDGE INVESTMENTS IRELAND LIMITED","",""
"642242","38358","PINEBRIDGE INVESTMENTS IRELAND LIMITED","",""
"642242","38396","PINEBRIDGE INVESTMENTS IRELAND LIMITED","",""
"643216","38420","MERRILL LYNCH INVESTMENT SOLUTIONS (LUXEMBOURG)","",""
"643421","13337","PINEBRIDGE ASIA PARTNERS G.P., L.L.C.","",""
"643421","13317","PINEBRIDGE ASIA PARTNERS II, LIMITED","",""
"643421","13330","PINEBRIDGE ASIA PARTNERS G.P., L.L.C.","",""
"643696","13337","PINEBRIDGE ASIA PARTNERS G.P., L.L.C.","",""
"643696","13317","PINEBRIDGE ASIA PARTNERS II, LIMITED","",""
"643696","13330","PINEBRIDGE ASIA PARTNERS G.P., L.L.C.","",""
"645238","41954","OCEANWOOD CAPITAL MANAGEMENT LTD","802-75070","159874"
"645995","13337","PINEBRIDGE ASIA PARTNERS G.P., L.L.C.","",""
"645995","13317","PINEBRIDGE ASIA PARTNERS II, LIMITED","",""
"645995","13330","PINEBRIDGE ASIA PARTNERS G.P., L.L.C.","",""
"637723","43501","UFG CAPITAL MANAGEMENT LIMITED","",""
"647119","17466","KAZAZIAN ASSET MANAGEMENT, LLC","","161960"
"649099","38420","MERRILL LYNCH INVESTMENT SOLUTIONS (LUXEMBOURG)","",""
"649459","21698","VECTOR COMMODITY MANAGEMENT MALTA LIMITED","",""
"649458","4128","SOTHIC CAPITAL MANAGEMENT (CAYMAN) LIMITED","",""
"644921","18764","SWISS RE PORTFOLIO ADVISORS CORPORATION","801-67396","142260"
"650403","17218","ABSOLUTE PARTNERS MANAGEMENT LIMITED (RELYING ADVISER)","",""
"650403","17259","ABSOLUTE PARTNERS MANAGEMENT LIMITED (RELYING ADVISER)","",""
"650403","17281","ABSOLUTE PARTNERS MANAGEMENT LIMITED (RELYING ADVISER)","",""
"650403","36051","ABSOLUTE PARTNERS MANAGEMENT LIMITED (RELYING ADVISER)","",""
"650977","8413","SG HAMBROS FUND MANAGERS (JERSEY) LIMITED","",""
"650977","8359","SG HAMBROS FUND MANAGERS (JERSEY) LIMITED","",""
"650977","8279","SG HAMBROS FUND ADVISERS (JERSEY) LIMITED","",""
"650977","8276","SG HAMBROS FUND MANAGERS (JERSEY) LIMITED","",""
"650977","8277","SG HAMBROS FUND MANAGERS (JERSEY) LIMITED","",""
"650977","8285","SG HAMBROS FUND MANAGERS (JERSEY) LIMITED","",""
"650977","8292","SG HAMBROS FUND MANAGERS (JERSEY) LIMITED","",""
"650977","7877","SG HAMBROS FUND MANAGERS (JERSEY) LIMITED","",""
"650977","3498","SG HAMBROS FUND MANAGERS (JERSEY) LIMITED","",""
"650977","7574","SG HAMBROS FUND MANAGERS (JERSEY) LIMITED","",""
"650977","7866","SG HAMBROS FUND MANAGERS (JERSEY) LIMITED","",""
"650977","7867","SG HAMBROS FUND MANAGERS (JERSEY) LIMITED","",""
"650977","7884","SG HAMBROS FUND MANAGERS (JERSEY) LIMITED","",""
"650977","7892","SG HAMBROS FUND MANAGERS (JERSEY) LIMITED","",""
"650977","7508","SG HAMBROS FUND MANAGERS (JERSEY) LIMITED","",""
"650977","7913","SG HAMBROS FUND MANAGERS (JERSEY) LIMITED","",""
"650977","7929","SG HAMBROS FUND MANAGERS (JERSEY) LIMITED","",""
"650977","8304","SG HAMBROS FUND MANAGERS (JERSEY) LIMITED","",""
"650977","8316","SG HAMBROS FUND MANAGERS (JERSEY) LIMITED","",""
"650977","8340","SG HAMBROS FUND MANAGERS (JERSEY) LIMITED","",""
"650977","8373","SG HAMBROS FUND MANAGERS (JERSEY) LIMITED","",""
"650977","8387","SG HAMBROS FUND MANAGERS (JERSEY) LIMITED","",""
"650977","8399","SG HAMBROS FUND MANAGERS (JERSEY) LIMITED","",""
"650977","8406","SG HAMBROS FUND MANAGERS (JERSEY) LIMITED","",""
"650977","8409","SG HAMBROS FUND MANAGERS (JERSEY) LIMITED","",""
"650977","8423","SG HAMBROS FUND MANAGERS (JERSEY) LIMITED","",""
"650977","8429","SG HAMBROS FUND MANAGERS (JERSEY) LIMITED","",""
"650977","8431","SG HAMBROS FUND MANAGERS (JERSEY) LIMITED","",""
"650977","8434","SG HAMBROS FUND MANAGERS (JERSEY) LIMITED","",""
"650977","8436","SG HAMBROS FUND MANAGERS (JERSEY) LIMITED","",""
"646842","44614","INNOVATIONSKAPITAL /INNKAP","","164128"
"646842","44615","INNOVATIONSKAPITAL /INNKAP","","164128"
"646842","44616","INNOVATIONSKAPITAL /INNKAP","","164128"
"646842","44617","INNOVATIONSKAPITAL /INNKAP","","164128"
"646842","44618","INNOVATIONSKAPITAL /INNKAP","","164128"
"646842","44619","INNOVATIONSKAPITAL /INNKAP","","164128"
"646842","44613","INNOVATIONSKAPITAL /INNKAP","","164128"
"656140","38251","PINEBRIDGE INVESTMENTS IRELAND LIMITED","",""
"656140","38414","PINEBRIDGE INVESTMENTS IRELAND LIMITED","",""
"656140","38275","PINEBRIDGE INVESTMENTS IRELAND LIMITED","",""
"656140","37850","PINEBRIDGE INVESTMENTS IRELAND LIMITED","",""
"656140","38312","PINEBRIDGE INVESTMENTS IRELAND LIMITED","",""
"656140","38335","PINEBRDIGE INVESTMENTS IRELAND LIMITED","",""
"656140","38378","PINEBRIDGE INVESTMENTS IRELAND LIMITED","",""
"656140","38387","PINEBRIDGE INVESTMENTS IRELAND LIMITED","",""
"656140","38358","PINEBRIDGE INVESTMENTS IRELAND LIMITED","",""
"656140","38396","PINEBRIDGE INVESTMENTS IRELAND LIMITED","",""
"656141","38251","PINEBRIDGE INVESTMENTS IRELAND LIMITED","",""
"656141","38414","PINEBRIDGE INVESTMENTS IRELAND LIMITED","",""
"656141","38275","PINEBRIDGE INVESTMENTS IRELAND LIMITED","",""
"656141","37850","PINEBRIDGE INVESTMENTS IRELAND LIMITED","",""
"656141","38312","PINEBRIDGE INVESTMENTS IRELAND LIMITED","",""
"656141","38335","PINEBRDIGE INVESTMENTS IRELAND LIMITED","",""
"656141","38378","PINEBRIDGE INVESTMENTS IRELAND LIMITED","",""
"656141","38387","PINEBRIDGE INVESTMENTS IRELAND LIMITED","",""
"656141","38358","PINEBRIDGE INVESTMENTS IRELAND LIMITED","",""
"656141","38396","PINEBRIDGE INVESTMENTS IRELAND LIMITED","",""
"638577","43831","MARINER INVESTMENT GROUP, LLC","801-62016","124744"
"657677","41011","GILDE HEALTHCARE PARTNERS BV","","163373"
"657677","36089","GILDE HEALTHCARE PARTNERS BV","","163373"
"659130","45087","LSGP, INC.","","164867"
"661371","36237","LMR PARTNERS (OFFSHORE) LIMITED","","162861"
"661371","36158","LMR PARTNERS (OFFSHORE) LIMITED","","162861"
"663137","23314","FUJIMOTO CAPITAL MANAGEMENT LLC","","149085"
"662557","36707","TELESOFT MANAGEMENT II, L.L.C.","",""
"662557","36748","TELESOFT II SBIC-GP, INC.","",""
"662557","36633","TELESOFT MANAGEMENT II, L.L.C.","",""
"663357","23314","FUJIMOTO CAPITAL MANAGEMENT LLC","","149085"
"663547","23314","FUJIMOTO CAPITAL MANAGEMENT LLC","","149085"
"663463","19428","SARASIN FUNDS MANAGEMENT (IRELAND) LIMITED","",""
"663463","19420","SARASIN FUNDS MANAGEMENT (IRELAND) LIMITED","",""
"663463","19413","SARASIN FUNDS MANAGEMENT (IRELAND) LIMITED","",""
"663455","45444","ACCOUNT #50 GP","",""
"666220","45743","3LOGI CAPITAL","",""
"663994","45509","I2BF-RNC GP I LTD.","",""
"663994","45510","I2BF CAPITAL MANAGEMENT LTD.","",""
"663994","45510","I2BF CAPITAL ADVISORS LTD.","",""
"663994","45510","I2BF GP I LTD.","",""
"667682","33379","PAMPLONA CREDIT OPPORTUNITIES INVESTMENTS LIMITED","","160866"
"667682","33377","PAMPLONA CREDIT OPPORTUNITIES INVESTMENTS LIMITED","","160866"
"661251","45513","KEROGEN CAPITAL LIMITED","",""
"661251","45512","KEROGEN CAPITAL LIMITED","",""
"661251","45511","KEROGEN CAPITAL LIMITED","",""
"665623","45646","ASIAN INVESTMENT PARTNERS","",""
"672055","31253","ARCHER CAPITAL GP4 LIMITED","",""
"672055","31222","ARCHER CAPITAL GP5 LTD","",""
"672055","31209","ARCHER CAPITAL VCMP 5, LP","",""
"672055","31274","ARCHER CAPITAL VCMP3, LP","",""
"672387","42357","RMF 2 CO-INVESTMENT IM, LTD.","",""
"664334","46249","ICHIRIZUKA FUND GP","",""
"674708","42357","RMF 2 CO-INVESTMENT IM, LTD.","",""
"680351","47027","VINCI ZAFFERANO CAPITAL LP","",""
"684913","47316","36 SOUTH INVESTMENT MANAGERS (IRELAND) LIMITED","",""
"684913","47317","36 SOUTH INVESTMENT MANAGERS (IRELAND) LIMITED","",""
"684913","47318","36 SOUTH INVESTMENT MANAGERS (IRELAND) LIMITED","",""
"684913","47315","36 SOUTH INVESTMENT MANAGERS (IRELAND) LIMITED","",""
"686297","18634","SERICA MANAGEMENT LIMITED","",""
"685674","47409","LSE FUND MANAGEMENT LLC","",""
"685674","47408","LSE FUND MANAGEMENT LLC","",""
"685674","47382","LONGACRE EUROPEAN FUND MANAGEMENT LLC","",""
"687290","47552","PROSTAR GEIF MANAGEMENT - INVESTMENT MANAGER","",""
"687290","47556","PROSTAR GNRF MANAGER - INVESTMENT MANAGER","",""
"687760","47552","PROSTAR GEIF MANAGEMENT - INVESTMENT MANAGER","",""
"687760","47556","PROSTAR GNRF MANAGER - INVESTMENT MANAGER","",""
"687236","47547","CC GLOBAL ADVISERS, LLC","",""
"689000","47709","CRATON EQUITY PARTNERS","802-74299","156595"
"690547","47709","CRATON EQUITY PARTNERS","802-74299","156595"
"692179","38251","PINEBRIDGE INVESTMENTS IRELAND LIMITED","",""
"692179","38414","PINEBRIDGE INVESTMENTS IRELAND LIMITED","",""
"692179","38275","PINEBRIDGE INVESTMENTS IRELAND LIMITED","",""
"692179","37850","PINEBRIDGE INVESTMENTS IRELAND LIMITED","",""
"692179","38312","PINEBRIDGE INVESTMENTS IRELAND LIMITED","",""
"692179","38335","PINEBRDIGE INVESTMENTS IRELAND LIMITED","",""
"692179","38378","PINEBRIDGE INVESTMENTS IRELAND LIMITED","",""
"692179","38387","PINEBRIDGE INVESTMENTS IRELAND LIMITED","",""
"692179","38358","PINEBRIDGE INVESTMENTS IRELAND LIMITED","",""
"692179","38396","PINEBRIDGE INVESTMENTS IRELAND LIMITED","",""
"692700","47027","VINCI ZAFFERANO CAPITAL LP","",""
"693817","21698","VECTOR COMMODITY MANAGEMENT MALTA LIMITED","",""
"693009","47316","36 SOUTH INVESTMENT MANAGERS (IRELAND) LIMITED","",""
"693009","47317","36 SOUTH INVESTMENT MANAGERS (IRELAND) LIMITED","",""
"693009","47318","36 SOUTH INVESTMENT MANAGERS (IRELAND) LIMITED","",""
"693009","47315","36 SOUTH INVESTMENT MANAGERS (IRELAND) LIMITED","",""
"696327","19420","SARASIN FUNDS MANAGEMENT (IRELAND) LIMITED","",""
"696327","19413","SARASIN FUNDS MANAGEMENT (IRELAND) LIMITED","",""
"696327","19428","SARASIN FUNDS MANAGEMENT (IRELAND) LIMITED","",""
"696862","30904","CCP BH MANAGEMENT II, LLC","",""
"696862","30894","CCP BH MANAGEMENT, LLC","",""
"691001","17836","PEAKSIDE CAPITAL SPC","",""
"691001","18803","BOSPHORUS REAL ESTATE MANAGERS I, LTD","",""
"698846","45509","I2BF-RNC GP I LTD.","",""
"698846","45510","I2BF CAPITAL MANAGEMENT LTD.","",""
"698846","45510","I2BF CAPITAL ADVISORS LTD.","",""
"698846","45510","I2BF GP I LTD.","",""
"698864","25168","EMERALD HILL MANAGEMENT LIMITED","","163383"
"698864","25148","EMERALD HILL MANAGEMENT LIMITED","","163383"
"698864","25173","EMERALD HILL MANAGEMENT LIMITED","","163383"
"693825","21698","VECTOR COMMODITY MANAGEMENT MALTA LIMITED","",""
"698192","48381","HEDGECO INVESTMENT MANAGEMENT, LLC","",""
"698192","48381","HEDGECO HYBRID MASTER GP, LLC","",""
"700824","23314","FUJIMOTO CAPITAL MANAGEMENT LLC","","149085"
"700447","30353","LITORINA KAPITAL PARTNERS III LIMITED","",""
"700985","13337","PINEBRIDGE ASIA PARTNERS G.P., L.L.C.","",""
"700985","13317","PINEBRIDGE ASIA PARTNERS II, LIMITED","",""
"700985","13330","PINEBRIDGE ASIA PARTNERS G.P., L.L.C.","",""
"692737","45513","KEROGEN CAPITAL LIMITED","",""
"692737","45512","KEROGEN CAPITAL LIMITED","",""
"692737","45511","KEROGEN CAPITAL LIMITED","",""
"694454","48507","ANDBANC ASSET MANAGEMENT LUXEMBOURG S. A.","",""
"694220","18634","SERICA MANAGEMENT LIMITED","",""
"703431","21698","VECTOR COMMODITY MANAGEMENT MALTA LIMITED","",""
"705590","38251","PINEBRIDGE INVESTMENTS IRELAND LIMITED","",""
"705590","38414","PINEBRIDGE INVESTMENTS IRELAND LIMITED","",""
"705590","38275","PINEBRIDGE INVESTMENTS IRELAND LIMITED","",""
"705590","37850","PINEBRIDGE INVESTMENTS IRELAND LIMITED","",""
"705590","38312","PINEBRIDGE INVESTMENTS IRELAND LIMITED","",""
"705590","38335","PINEBRDIGE INVESTMENTS IRELAND LIMITED","",""
"705590","38378","PINEBRIDGE INVESTMENTS IRELAND LIMITED","",""
"705590","38387","PINEBRIDGE INVESTMENTS IRELAND LIMITED","",""
"705590","38358","PINEBRIDGE INVESTMENTS IRELAND LIMITED","",""
"705590","38396","PINEBRIDGE INVESTMENTS IRELAND LIMITED","",""
"705591","38251","PINEBRIDGE INVESTMENTS IRELAND LIMITED","",""
"705591","38414","PINEBRIDGE INVESTMENTS IRELAND LIMITED","",""
"705591","38275","PINEBRIDGE INVESTMENTS IRELAND LIMITED","",""
"705591","37850","PINEBRIDGE INVESTMENTS IRELAND LIMITED","",""
"705591","38312","PINEBRIDGE INVESTMENTS IRELAND LIMITED","",""
"705591","38335","PINEBRDIGE INVESTMENTS IRELAND LIMITED","",""
"705591","38378","PINEBRIDGE INVESTMENTS IRELAND LIMITED","",""
"705591","38387","PINEBRIDGE INVESTMENTS IRELAND LIMITED","",""
"705591","38358","PINEBRIDGE INVESTMENTS IRELAND LIMITED","",""
"705591","38396","PINEBRIDGE INVESTMENTS IRELAND LIMITED","",""
"705592","38251","PINEBRIDGE INVESTMENTS IRELAND LIMITED","",""
"705592","38414","PINEBRIDGE INVESTMENTS IRELAND LIMITED","",""
"705592","38275","PINEBRIDGE INVESTMENTS IRELAND LIMITED","",""
"705592","37850","PINEBRIDGE INVESTMENTS IRELAND LIMITED","",""
"705592","38312","PINEBRIDGE INVESTMENTS IRELAND LIMITED","",""
"705592","38335","PINEBRDIGE INVESTMENTS IRELAND LIMITED","",""
"705592","38378","PINEBRIDGE INVESTMENTS IRELAND LIMITED","",""
"705592","38387","PINEBRIDGE INVESTMENTS IRELAND LIMITED","",""
"705592","38358","PINEBRIDGE INVESTMENTS IRELAND LIMITED","",""
"705592","38396","PINEBRIDGE INVESTMENTS IRELAND LIMITED","",""
"705599","36158","LMR PARTNERS (OFFSHORE) LIMITED","","162861"
"705599","36237","LMR PARTNERS (OFFSHORE) LIMITED","","162861"
"706850","38420","MERRILL LYNCH INVESTMENT SOLUTIONS (LUXEMBOURG)","",""
"705617","5605","COUPLAND CARDIFF MANAGEMENT (CAYMAN) LTD","",""
"706884","18844","VILLAGE VENTURES CAPITAL MANAGEMENT, LLC","",""
"706884","18904","VILLAGE VENTURES CAPITAL MANAGEMENT, LLC","",""
"706884","18916","VILLAGE VENTURES CAPITAL MANAGEMENT, LLC","",""
"708163","18844","VILLAGE VENTURES CAPITAL MANAGEMENT, LLC","",""
"708163","18904","VILLAGE VENTURES CAPITAL MANAGEMENT, LLC","",""
"708163","18916","VILLAGE VENTURES CAPITAL MANAGEMENT, LLC","",""
"705694","19413","SARASIN FUNDS MANAGEMENT (IRELAND) LIMITED","",""
"705694","19420","SARASIN FUNDS MANAGEMENT (IRELAND) LIMITED","",""
"705694","19428","SARASIN FUNDS MANAGEMENT (IRELAND) LIMITED","",""
"707214","45444","ACCOUNT #50 GP","",""
"699418","19383","RIVERSIDE CAPITAL MANAGEMENT, INC.","",""
"711297","50111","NUMEN INVESTMENTS LIMITED","","167127"
"703369","15536","SYLEBRA CAPITAL MANAGEMENT","",""
"703369","26203","GOTHIC CORPORATION","",""
"709041","41011","GILDE HEALTHCARE PARTNERS BV","","163373"
"709041","36089","GILDE HEALTHCARE PARTNERS BV","","163373"
"716907","18844","VILLAGE VENTURES CAPITAL MANAGEMENT, LLC","",""
"716907","18904","VILLAGE VENTURES CAPITAL MANAGEMENT, LLC","",""
"716907","18916","VILLAGE VENTURES CAPITAL MANAGEMENT, LLC","",""
"713664","19384","SLF MANAGEMENT, LLC","",""
"708240","45743","3LOGI CAPITAL","",""
"713653","43393","ROCKWOOD GP I LLC","",""
"717031","42984","ADVANTAGE CAPITAL MANAGEMENT COMPANY OF WISCONSIN, LLC","",""
"709307","38358","PINEBRIDGE INVESTMENTS IRELAND LIMITED","",""
"709307","38396","PINEBRIDGE INVESTMENTS IRELAND LIMITED","",""
"709307","38275","PINEBRIDGE INVESTMENTS IRELAND LIMITED","",""
"718915","27055","AEDOS FUND MANAGEMENT (BERMUDA) LIMITED","",""
"718915","6434","AEDOS FUND MANAGEMENT (BERMUDA) LIMITED","","161675"
"713295","35639","BRAZIL REAL ESTATE OPPORTUNITIES MANAGER LTD.","",""
"713295","35767","BRAZIL REAL ESTATE OPPORTUNITIES MANAGER II LTD.","",""
"713295","35779","BRAZIL REAL ESTATE OPPORTUNITIES MANAGER II LTD.","",""
"713295","35791","BRAZIL REAL ESTATE OPPORTUNITIES MANAGER II LTD.","",""
"713295","35800","BRAZIL REAL ESTATE OPPORTUNITIES MANAGER II LTD.","",""
"713295","35784","BRAZIL REAL ESTATE OPPORTUNITIES MANAGER II LTD.","",""
"713295","42140","BRAZIL REAL ESTATE OPPORTUNITIES MANAGER LTD.","",""
"713295","35790","BRAZIL REAL ESTATE OPPORTUNITIES MANAGER II LTD.","",""
"713295","36175","BRAZIL REAL ESTATE OPPORTUNITIES MANAGER II LTD.","",""
"717146","34026","TVG CAPITAL PARTNERS MC III LIMITED","",""
"717146","34061","TVG (CAYMAN) LIMITED","",""
"705600","20296","BENNELONG ASSET MANAGEMENT LIMITED","","162698"
"705600","20942","BENNELONG ASSET MANAGEMENT LIMITED","","162698"
"717966","27846","JABRE CAPITAL PARTNERS (CAYMAN) LIMITED","",""
"717966","27859","JABRE CAPITAL PARTNERS (CAYMAN) LIMITED","",""
"717966","27831","JABRE CAPITAL PARTNERS (CAYMAN) LIMITED","",""
"717966","27821","JABRE CAPITAL PARTNERS (CAYMAN) LIMITED","",""
"717966","27753","JABRE CAPITAL PARTNERS (CAYMAN) LIMITED","",""
"702499","17218","ABSOLUTE PARTNERS MANAGEMENT LIMITED (RELYING ADVISER)","",""
"702499","17281","ABSOLUTE PARTNERS MANAGEMENT LIMITED (RELYING ADVISER)","",""
"702499","36051","ABSOLUTE PARTNERS MANAGEMENT LIMITED (RELYING ADVISER)","",""
"699226","51784","THE OBSERVATORY US INC","",""
"720085","47552","PROSTAR GEIF MANAGEMENT - INVESTMENT MANAGER","",""
"720085","47556","PROSTAR GNRF MANAGER - INVESTMENT MANAGER","",""
"718953","41975","ZANA CAPITAL PTE. LTD","","162768"
"716215","13337","PINEBRIDGE ASIA PARTNERS G.P., L.L.C.","",""
"716215","13317","PINEBRIDGE ASIA PARTNERS II, LIMITED","",""
"716215","13330","PINEBRIDGE ASIA PARTNERS G.P., L.L.C.","",""
"722730","13337","PINEBRIDGE ASIA PARTNERS G.P., L.L.C.","",""
"722730","13317","PINEBRIDGE ASIA PARTNERS II, LIMITED","",""
"722730","13330","PINEBRIDGE ASIA PARTNERS G.P., L.L.C.","",""
"703460","24841","STONE MILLINER ASSET MANAGEMENT AG","","163246"
"703460","28106","STONE MILLINER ASSET MANAGEMENT AG","","163246"
"699977","8435","INVESTOR CAPITAL MANAGEMENT ASIA LIMITED","",""
"721712","33220","HORIZON CAPITAL ASSOCIATES, LLC","",""
"721712","33345","HORIZON CAPITAL ASSOCIATES II, LLC","",""
"721712","33374","HORIZON CAPITAL ASSOCIATES, LLC","",""
"694602","2214","CAPITAL Z ASSET MANAGEMENT, LLC","","162210"
"694602","2217","CAPITAL Z ASSET MANAGEMENT, LLC","","162210"
"707136","37358","SCP MANAGEMENT III, LLC","",""
"707136","25895","SCP MANAGEMENT III, LLC","",""
"707136","37365","SCP MANAGEMENT III, LLC","",""
"707136","37431","SCP MANAGEMENT IV, LLC","",""
"707136","52030","SCMP MANAGEMENT I, LLC","",""
"724067","18634","SERICA MANAGEMENT LIMITED","",""
"717132","15536","SYLEBRA CAPITAL MANAGEMENT","",""
"717132","26203","GOTHIC CORPORATION","",""
"710471","1871","LONG INVESTMENT MANAGEMENT (CAYMAN) LIMITED","",""
"710471","1870","LONG INVESTMENT MANAGEMENT INTERNATIONAL LIMITED","",""
"710471","1930","LONG INVESTMENT MANAGEMENT (CAYMAN) LIMITED","",""
"719393","36992","MIO PARTNERS, INC.","801-41495","108637"
"718135","47027","VINCI ZAFFERANO CAPITAL LP","",""
"715106","50780","PERMIRA DEBT MANAGERS GROUP HOLDINGS LIMITED","",""
"715106","23257","PERMIRA DEBT MANAGERS GROUP HOLDINGS LIMITED","",""
"715106","24553","PERMIRA SCF S.A.R.L.","",""
"715106","23588","PERMIRA DEBT MANAGERS GROUP HOLDINGS LIMITED","",""
"715106","24548","PERMIRA DEBT MANAGERS GROUP HOLDINGS LIMITED","",""
"715106","24551","PERMIRA DEBT MANAGERS GROUP HOLDINGS LIMITED","",""
"715106","50777","PERMIRA DEBT MANAGERS GROUP HOLDINGS LIMITED","",""
"715106","50784","PERMIRA SCF S.A.R.L.","",""
"719641","23577","DCR III INVESTORS, LLC","",""
"698153","8359","SG HAMBROS FUND MANAGERS (JERSEY) LIMITED","",""
"698153","8279","SG HAMBROS FUND ADVISERS (JERSEY) LIMITED","",""
"698153","8276","SG HAMBROS FUND MANAGERS (JERSEY) LIMITED","",""
"698153","8413","SG HAMBROS FUND MANAGERS (JERSEY) LIMITED","",""
"698153","8277","SG HAMBROS FUND MANAGERS (JERSEY) LIMITED","",""
"698153","8292","SG HAMBROS FUND MANAGERS (JERSEY) LIMITED","",""
"698153","7877","SG HAMBROS FUND MANAGERS (JERSEY) LIMITED","",""
"698153","3498","SG HAMBROS FUND MANAGERS (JERSEY) LIMITED","",""
"698153","7574","SG HAMBROS FUND MANAGERS (JERSEY) LIMITED","",""
"698153","7867","SG HAMBROS FUND MANAGERS (JERSEY) LIMITED","",""
"698153","7884","SG HAMBROS FUND MANAGERS (JERSEY) LIMITED","",""
"698153","7892","SG HAMBROS FUND MANAGERS (JERSEY) LIMITED","",""
"698153","7508","SG HAMBROS FUND MANAGERS (JERSEY) LIMITED","",""
"698153","7913","SG HAMBROS FUND MANAGERS (JERSEY) LIMITED","",""
"698153","7929","SG HAMBROS FUND MANAGERS (JERSEY) LIMITED","",""
"698153","8304","SG HAMBROS FUND MANAGERS (JERSEY) LIMITED","",""
"698153","8316","SG HAMBROS FUND MANAGERS (JERSEY) LIMITED","",""
"698153","8340","SG HAMBROS FUND MANAGERS (JERSEY) LIMITED","",""
"698153","8373","SG HAMBROS FUND MANAGERS (JERSEY) LIMITED","",""
"698153","8387","SG HAMBROS FUND MANAGERS (JERSEY) LIMITED","",""
"698153","8399","SG HAMBROS FUND MANAGERS (JERSEY) LIMITED","",""
"698153","8406","SG HAMBROS FUND MANAGERS (JERSEY) LIMITED","",""
"698153","8423","SG HAMBROS FUND MANAGERS (JERSEY) LIMITED","",""
"698153","8431","SG HAMBROS FUND MANAGERS (JERSEY) LIMITED","",""
"698153","8434","SG HAMBROS FUND MANAGERS (JERSEY) LIMITED","",""
"698153","8436","SG HAMBROS FUND MANAGERS (JERSEY) LIMITED","",""
"698153","49937","SG HAMBROS FUND MANAGERS (JERSEY) LIMITED","",""
"698153","49940","SG HAMBROS FUND MANAGERS (JERSEY) LIMITED","",""
"698153","49935","SG HAMBROS FUND MANAGERS (JERSEY) LIMITED","",""
"698153","49942","SG HAMBROS FUND MANAGERS (JERSEY) LIMITED","",""
"722917","11323","OAKLEY CAPITAL MANAGEMENT (BERMUDA) LIMITED","",""
"722917","10786","OAKLEY CAPITAL (BERMUDA) LIMITED","",""
"722917","11320","OAKLEY CAPITAL (BERMUDA) LIMITED","",""
"721528","38850","AMP CAPITAL INVESTORS (LUXEMBOURG) S.A.R.L.","",""
"698872","48423","EMERALD HILL CAPITAL PARTNERS MANAGEMENT II, LTD.","","164759"
"698872","48425","EMERALD HILL CAPITAL PARTNERS MANAGEMENT II, LTD.","","164759"
"698872","25168","EMERALD HILL MANAGEMENT LIMITED","","163383"
"698872","25148","EMERALD HILL MANAGEMENT LIMITED","","163383"
"698872","25173","EMERALD HILL MANAGEMENT LIMITED","","163383"
"703556","50793","PARTNERS GROUP AG","802-75101","162791"
"703556","50797","PARTNERS GROUP AG","802-75101","162791"
"703556","50798","PARTNERS GROUP AG","802-75101","162791"
"703556","50799","PARTNERS GROUP AG","802-75101","162791"
"703556","26784","PARTNERS GROUP AG","802-75101","162791"
"703556","25198","PARTNERS GROUP AG","802-75101","162791"
"703556","50886","PARTNERS GROUP AG","802-75101","162791"
"703556","25091","PARTNERS GROUP AG","802-75101","162791"
"703556","25249","PARTNERS GROUP AG","802-75101","162791"
"703556","25245","PARTNERS GROUP AG","802-75101","162791"
"703556","29124","PARTNERS GROUP AG","802-75101","162791"
"703556","29150","PARTNERS GROUP AG","802-75101","162791"
"703556","25244","PARTNERS GROUP AG","802-75101","162791"
"703556","25909","PARTNERS GROUP AG","802-75101","162791"
"703556","25907","PARTNERS GROUP AG","802-75101","162791"
"703556","25942","PARTNERS GROUP AG","802-75101","162791"
"703556","25941","PARTNERS GROUP AG","802-75101","162791"
"703556","25961","PARTNERS GROUP AG","802-75101","162791"
"703556","26086","PARTNERS GROUP AG","802-75101","162791"
"703556","26085","PARTNERS GROUP AG","802-75101","162791"
"703556","26110","PARTNERS GROUP AG","802-75101","162791"
"703556","26109","PARTNERS GROUP AG","802-75101","162791"
"703556","26142","PARTNERS GROUP AG","802-75101","162791"
"703556","26149","PARTNERS GROUP AG","802-75101","162791"
"703556","26768","PARTNERS GROUP AG","802-75101","162791"
"703556","26766","PARTNERS GROUP AG","802-75101","162791"
"703556","26778","PARTNERS GROUP AG","802-75101","162791"
"703556","26791","PARTNERS GROUP AG","802-75101","162791"
"703556","26803","PARTNERS GROUP AG","802-75101","162791"
"703556","26829","PARTNERS GROUP AG","802-75101","162791"
"703556","26864","PARTNERS GROUP AG","802-75101","162791"
"703556","26823","PARTNERS GROUP AG","802-75101","162791"
"703556","26878","PARTNERS GROUP AG","802-75101","162791"
"703556","50953","PARTNERS GROUP AG","802-75101","162791"
"703556","26910","PARTNERS GROUP AG","802-75101","162791"
"703556","26917","PARTNERS GROUP AG","802-75101","162791"
"703556","26922","PARTNERS GROUP AG","802-75101","162791"
"703556","26928","PARTNERS GROUP AG","802-75101","162791"
"703556","26933","PARTNERS GROUP AG","802-75101","162791"
"703556","30947","PARTNERS GROUP AG","802-75101","162791"
"703556","31021","PARTNERS GROUP AG","802-75101","162791"
"703556","26899","PARTNERS GROUP AG","802-75101","162791"
"703556","51652","PARTNERS GROUP AG","802-75101","162791"
"703556","51150","PARTNERS GROUP AG","802-75101","162791"
"703556","25978","PARTNERS GROUP AG","802-75101","162791"
"703556","25960","PARTNERS GROUP AG","802-75101","162791"
"703556","26024","PARTNERS GROUP AG","802-75101","162791"
"703556","26028","PARTNERS GROUP AG","801-162791",""
"721900","52603","HAYFIN MANAGEMENT LIMITED","",""
"721900","52606","HAYFIN MANAGEMENT LIMITED","",""
"721900","52596","HAYFIN MANAGEMENT LIMITED","",""
"723052","36738","ENERGY VENTURES III AS","",""
"723052","36787","ENERGY VENTURES IV AS","",""
"725822","35847","WOLVER HILL ASSET MANAGEMENT","",""
"725822","35828","WOLVER HILL ASSET MANAGEMENT","",""
"725822","35853","WOLVER HILL ASSET MANAGEMENT","",""
"714855","33251","FRONTIER WEALTH MANAGEMENT, LLC","801-68048","144344"
"724537","47409","LSE FUND MANAGEMENT LLC","",""
"724537","47408","LSE FUND MANAGEMENT LLC","",""
"724537","47382","LONGACRE EUROPEAN FUND MANAGEMENT LLC","",""
"723633","45087","LSGP, INC.","","164867"
"716535","45513","KEROGEN CAPITAL LIMITED","",""
"716535","45512","KEROGEN CAPITAL LIMITED","",""
"716535","45511","KEROGEN CAPITAL LIMITED","",""
"719587","52909","AMITY ADVISERS LLC","",""
"727643","43501","UFG CAPITAL MANAGEMENT LIMITED","",""
"727671","43501","UFG CAPITAL MANAGEMENT LIMITED","",""
"718214","35870","EVERGREEN MANAGEMENT LTD.","",""
"718214","35916","EVERGREEN MANAGEMENT LTD","",""
"729009","43501","UFG CAPITAL MANAGEMENT LIMITED","",""
"729008","36158","LMR PARTNERS (OFFSHORE) LIMITED","","162861"
"729008","36237","LMR PARTNERS (OFFSHORE) LIMITED","","162861"
"701942","48870","AIG-GE CAPITAL LATIN AMERICAN INFRASTRUCTURE MANAGEMENT L.P.","",""
"729634","35836","HITECVISION ADVISORY AS (SEE MISCELLANEOUS)","",""
"729634","35846","HITECVISION ADVISORY AS (SEE MISCELLANEOUS)","",""
"729634","35855","HITECVISION ADVISORY AS (SEE MISCELLANEOUS)","",""
"729634","35861","HITECVISION ADVISORY AS (SEE MISCELLANEOUS)","",""
"730867","46249","ICHIRIZUKA FUND GP","",""
"730867","54001","VAN BIEMA VALUE PARTNERS, LLC","801-65614","136988"
"730922","38358","PINEBRIDGE INVESTMENTS IRELAND LIMITED","",""
"730922","38396","PINEBRIDGE INVESTMENTS IRELAND LIMITED","",""
"730922","38275","PINEBRIDGE INVESTMENTS IRELAND LIMITED","",""
"727624","10492","TRISKELE CAPITAL INTERNATIONAL LIMITED","",""
"727624","10504","TRISKELE CAPITAL INTERNATIONAL LIMITED","",""
"733619","36992","MIO PARTNERS, INC.","801-41495","108637"
"730875","54139","ONE NORTH CAPITAL LIMITED","",""
"735565","13337","PINEBRIDGE ASIA PARTNERS G.P., L.L.C.","",""
"735565","13317","PINEBRIDGE ASIA PARTNERS II, LIMITED","",""
"735565","13330","PINEBRIDGE ASIA PARTNERS G.P., L.L.C.","",""
"735255","54303","EDISON MANAGEMENT CORPORATION","802-74550","160620"
"735255","54354","EDISON MANAGEMENT CORPORATION","802-74550","160620"
"735255","54355","EDISON MANAGEMENT CORPORATION","802-74550","160620"
"735255","54356","EDISON MANAGEMENT CORPORATION","802-74550","160620"
"735255","54357","EDISON MANAGEMENT CORPORATION","802-74550","160620"
"735255","54358","EDISON MANAGEMENT CORPORATION","802-74550","160620"
"735255","54353","EDISON MANAGEMENT CORPORATION","802-74550","160620"
"735255","54302","EDISON MANAGEMENT CORPORATION","802-74550","160620"
"738775","54584","MATRIX PARTNERS CHINA MANAGEMENT, LTD.","802-75690","163224"
"738775","54585","MATRIX PARTNERS CHINA MANAGEMENT, LTD.","802-75690","163224"
"738775","54581","MATRIX PARTNERS CHINA MANAGEMENT, LTD.","802-75690","163224"
"738775","54600","MATRIX PARTNERS CHINA MANAGEMENT, LTD.","802-75690","163224"
"738775","54602","MATRIX PARTNERS CHINA MANAGEMENT, LTD.","802-75690","163224"
"738775","54582","MATRIX PARTNERS CHINA MANAGEMENT, LTD.","802-75690","163224"
"741180","4128","SOTHIC CAPITAL MANAGEMENT (CAYMAN) LIMITED","",""
"741954","19413","SARASIN FUNDS MANAGEMENT (IRELAND) LIMITED","",""
"741954","19420","SARASIN FUNDS MANAGEMENT (IRELAND) LIMITED","",""
"741954","19428","SARASIN FUNDS MANAGEMENT (IRELAND) LIMITED","",""
"742705","8359","SG HAMBROS FUND MANAGERS (JERSEY) LIMITED","",""
"742705","8279","SG HAMBROS FUND ADVISERS (JERSEY) LIMITED","",""
"742705","8276","SG HAMBROS FUND MANAGERS (JERSEY) LIMITED","",""
"742705","8413","SG HAMBROS FUND MANAGERS (JERSEY) LIMITED","",""
"742705","8277","SG HAMBROS FUND MANAGERS (JERSEY) LIMITED","",""
"742705","8292","SG HAMBROS FUND MANAGERS (JERSEY) LIMITED","",""
"742705","7877","SG HAMBROS FUND MANAGERS (JERSEY) LIMITED","",""
"742705","3498","SG HAMBROS FUND MANAGERS (JERSEY) LIMITED","",""
"742705","7574","SG HAMBROS FUND MANAGERS (JERSEY) LIMITED","",""
"742705","7867","SG HAMBROS FUND MANAGERS (JERSEY) LIMITED","",""
"742705","7884","SG HAMBROS FUND MANAGERS (JERSEY) LIMITED","",""
"742705","7892","SG HAMBROS FUND MANAGERS (JERSEY) LIMITED","",""
"742705","7508","SG HAMBROS FUND MANAGERS (JERSEY) LIMITED","",""
"742705","7913","SG HAMBROS FUND MANAGERS (JERSEY) LIMITED","",""
"742705","7929","SG HAMBROS FUND MANAGERS (JERSEY) LIMITED","",""
"742705","8304","SG HAMBROS FUND MANAGERS (JERSEY) LIMITED","",""
"742705","8316","SG HAMBROS FUND MANAGERS (JERSEY) LIMITED","",""
"742705","8340","SG HAMBROS FUND MANAGERS (JERSEY) LIMITED","",""
"742705","8373","SG HAMBROS FUND MANAGERS (JERSEY) LIMITED","",""
"742705","8387","SG HAMBROS FUND MANAGERS (JERSEY) LIMITED","",""
"742705","8399","SG HAMBROS FUND MANAGERS (JERSEY) LIMITED","",""
"742705","8406","SG HAMBROS FUND MANAGERS (JERSEY) LIMITED","",""
"742705","8423","SG HAMBROS FUND MANAGERS (JERSEY) LIMITED","",""
"742705","8431","SG HAMBROS FUND MANAGERS (JERSEY) LIMITED","",""
"742705","8434","SG HAMBROS FUND MANAGERS (JERSEY) LIMITED","",""
"742705","8436","SG HAMBROS FUND MANAGERS (JERSEY) LIMITED","",""
"742705","49937","SG HAMBROS FUND MANAGERS (JERSEY) LIMITED","",""
"742705","49940","SG HAMBROS FUND MANAGERS (JERSEY) LIMITED","",""
"742705","49935","SG HAMBROS FUND MANAGERS (JERSEY) LIMITED","",""
"742705","49942","SG HAMBROS FUND MANAGERS (JERSEY) LIMITED","",""
"743759","47552","PROSTAR GEIF MANAGEMENT - INVESTMENT MANAGER","",""
"743759","47556","PROSTAR GNRF MANAGER - INVESTMENT MANAGER","",""
"743761","47556","PROSTAR GNRF MANAGER - INVESTMENT MANAGER","",""
"743761","47552","PROSTAR GEIF MANAGEMENT - INVESTMENT MANAGER","",""
"743764","47556","PROSTAR GNRF MANAGER - INVESTMENT MANAGER","",""
"743764","47552","PROSTAR GEIF MANAGEMENT - INVESTMENT MANAGER","",""
"743162","33864","UTI VENTURE FUNDS MANAGEMENT COMPANY PRIVATE LIMITED","",""
"743162","34086","UTI VENTURE FUNDS MANAGEMENT COMPANY PRIVATE LIMITED","",""
"744221","34086","UTI VENTURE FUNDS MANAGEMENT COMPANY PRIVATE LIMITED","",""
"744221","33864","UTI VENTURE FUNDS MANAGEMENT COMPANY PRIVATE LIMITED","",""
"740844","41562","INOVIA MANAGEMENT II, L.P.","",""
"740844","41410","INOVIA MANAGEMENT II, L.P.","",""
"740844","41684","INOVIA MANAGEMENT II, L.P.","",""
"740844","41706","INOVIA CAPITAL INC.","",""
"740844","41294","MSBI MANAGEMENT, L.P.","",""
"740844","41734","INOVIA CAPITAL INC.","",""
"744562","8435","INVESTOR CAPITAL MANAGEMENT ASIA LIMITED","",""
"726300","41954","OCEANWOOD CAPITAL MANAGEMENT LTD","802-75070","159874"
"724540","40654","DAVIDE LEONE AND PARTNERS (CAYMAN) LTD","",""
"741807","55022","DRUG ROYALTY III GP, LLC","",""
"741807","42357","RMF 2 CO-INVESTMENT IM, LTD.","",""
"743347","36738","ENERGY VENTURES III AS","",""
"743347","36787","ENERGY VENTURES IV AS","",""
"745855","7505","PELHAM CAPITAL MANAGEMENT LIMITED","",""
"751190","15536","SYLEBRA CAPITAL MANAGEMENT","",""
"751190","26203","GOTHIC CORPORATION","",""
"754046","33251","FRONTIER WEALTH MANAGEMENT, LLC","801-68048","144344"
"756063","38358","PINEBRIDGE INVESTMENTS IRELAND LIMITED","",""
"756063","38396","PINEBRIDGE INVESTMENTS IRELAND LIMITED","",""
"756063","38275","PINEBRIDGE INVESTMENTS IRELAND LIMITED","",""
"756460","31253","ARCHER CAPITAL GP4 LIMITED","",""
"756460","31222","ARCHER CAPITAL GP5 LTD","",""
"756460","31209","ARCHER CAPITAL VCMP 5, LP","",""
"756460","31274","ARCHER CAPITAL VCMP3, LP","",""
"757543","50793","PARTNERS GROUP AG","802-75101","162791"
"757543","50797","PARTNERS GROUP AG","802-75101","162791"
"757543","50798","PARTNERS GROUP AG","802-75101","162791"
"757543","50799","PARTNERS GROUP AG","802-75101","162791"
"757543","26784","PARTNERS GROUP AG","802-75101","162791"
"757543","25198","PARTNERS GROUP AG","802-75101","162791"
"757543","50886","PARTNERS GROUP AG","802-75101","162791"
"757543","25091","PARTNERS GROUP AG","802-75101","162791"
"757543","25249","PARTNERS GROUP AG","802-75101","162791"
"757543","25245","PARTNERS GROUP AG","802-75101","162791"
"757543","29124","PARTNERS GROUP AG","802-75101","162791"
"757543","29150","PARTNERS GROUP AG","802-75101","162791"
"757543","25244","PARTNERS GROUP AG","802-75101","162791"
"757543","25909","PARTNERS GROUP AG","802-75101","162791"
"757543","25907","PARTNERS GROUP AG","802-75101","162791"
"757543","25942","PARTNERS GROUP AG","802-75101","162791"
"757543","25941","PARTNERS GROUP AG","802-75101","162791"
"757543","25961","PARTNERS GROUP AG","802-75101","162791"
"757543","26086","PARTNERS GROUP AG","802-75101","162791"
"757543","26085","PARTNERS GROUP AG","802-75101","162791"
"757543","26110","PARTNERS GROUP AG","802-75101","162791"
"757543","26109","PARTNERS GROUP AG","802-75101","162791"
"757543","26142","PARTNERS GROUP AG","802-75101","162791"
"757543","26149","PARTNERS GROUP AG","802-75101","162791"
"757543","26768","PARTNERS GROUP AG","802-75101","162791"
"757543","26766","PARTNERS GROUP AG","802-75101","162791"
"757543","26778","PARTNERS GROUP AG","802-75101","162791"
"757543","26791","PARTNERS GROUP AG","802-75101","162791"
"757543","26803","PARTNERS GROUP AG","802-75101","162791"
"757543","26829","PARTNERS GROUP AG","802-75101","162791"
"757543","26864","PARTNERS GROUP AG","802-75101","162791"
"757543","26823","PARTNERS GROUP AG","802-75101","162791"
"757543","26878","PARTNERS GROUP AG","802-75101","162791"
"757543","50953","PARTNERS GROUP AG","802-75101","162791"
"757543","26910","PARTNERS GROUP AG","802-75101","162791"
"757543","26917","PARTNERS GROUP AG","802-75101","162791"
"757543","26922","PARTNERS GROUP AG","802-75101","162791"
"757543","26928","PARTNERS GROUP AG","802-75101","162791"
"757543","26933","PARTNERS GROUP AG","802-75101","162791"
"757543","30947","PARTNERS GROUP AG","802-75101","162791"
"757543","31021","PARTNERS GROUP AG","802-75101","162791"
"757543","26899","PARTNERS GROUP AG","802-75101","162791"
"757543","51652","PARTNERS GROUP AG","802-75101","162791"
"757543","51150","PARTNERS GROUP AG","802-75101","162791"
"757543","25978","PARTNERS GROUP AG","802-75101","162791"
"757543","25960","PARTNERS GROUP AG","802-75101","162791"
"757543","26024","PARTNERS GROUP AG","802-75101","162791"
"757543","26028","PARTNERS GROUP AG","801-162791",""
"762566","8359","SG HAMBROS FUND MANAGERS (JERSEY) LIMITED","",""
"762566","8279","SG HAMBROS FUND ADVISERS (JERSEY) LIMITED","",""
"762566","8276","SG HAMBROS FUND MANAGERS (JERSEY) LIMITED","",""
"762566","8413","SG HAMBROS FUND MANAGERS (JERSEY) LIMITED","",""
"762566","8277","SG HAMBROS FUND MANAGERS (JERSEY) LIMITED","",""
"762566","8292","SG HAMBROS FUND MANAGERS (JERSEY) LIMITED","",""
"762566","7877","SG HAMBROS FUND MANAGERS (JERSEY) LIMITED","",""
"762566","3498","SG HAMBROS FUND MANAGERS (JERSEY) LIMITED","",""
"762566","7574","SG HAMBROS FUND MANAGERS (JERSEY) LIMITED","",""
"762566","7867","SG HAMBROS FUND MANAGERS (JERSEY) LIMITED","",""
"762566","7884","SG HAMBROS FUND MANAGERS (JERSEY) LIMITED","",""
"762566","7892","SG HAMBROS FUND MANAGERS (JERSEY) LIMITED","",""
"762566","7508","SG HAMBROS FUND MANAGERS (JERSEY) LIMITED","",""
"762566","7913","SG HAMBROS FUND MANAGERS (JERSEY) LIMITED","",""
"762566","7929","SG HAMBROS FUND MANAGERS (JERSEY) LIMITED","",""
"762566","8304","SG HAMBROS FUND MANAGERS (JERSEY) LIMITED","",""
"762566","8316","SG HAMBROS FUND MANAGERS (JERSEY) LIMITED","",""
"762566","8340","SG HAMBROS FUND MANAGERS (JERSEY) LIMITED","",""
"762566","8373","SG HAMBROS FUND MANAGERS (JERSEY) LIMITED","",""
"762566","8387","SG HAMBROS FUND MANAGERS (JERSEY) LIMITED","",""
"762566","8399","SG HAMBROS FUND MANAGERS (JERSEY) LIMITED","",""
"762566","8406","SG HAMBROS FUND MANAGERS (JERSEY) LIMITED","",""
"762566","8423","SG HAMBROS FUND MANAGERS (JERSEY) LIMITED","",""
"762566","8431","SG HAMBROS FUND MANAGERS (JERSEY) LIMITED","",""
"762566","8434","SG HAMBROS FUND MANAGERS (JERSEY) LIMITED","",""
"762566","8436","SG HAMBROS FUND MANAGERS (JERSEY) LIMITED","",""
"762566","49937","SG HAMBROS FUND MANAGERS (JERSEY) LIMITED","",""
"762566","49940","SG HAMBROS FUND MANAGERS (JERSEY) LIMITED","",""
"762566","49935","SG HAMBROS FUND MANAGERS (JERSEY) LIMITED","",""
"762566","49942","SG HAMBROS FUND MANAGERS (JERSEY) LIMITED","",""
"769684","8359","SG HAMBROS FUND MANAGERS (JERSEY) LIMITED","",""
"769684","8279","SG HAMBROS FUND ADVISERS (JERSEY) LIMITED","",""
"769684","8276","SG HAMBROS FUND MANAGERS (JERSEY) LIMITED","",""
"769684","8413","SG HAMBROS FUND MANAGERS (JERSEY) LIMITED","",""
"769684","8277","SG HAMBROS FUND MANAGERS (JERSEY) LIMITED","",""
"769684","8292","SG HAMBROS FUND MANAGERS (JERSEY) LIMITED","",""
"769684","7877","SG HAMBROS FUND MANAGERS (JERSEY) LIMITED","",""
"769684","3498","SG HAMBROS FUND MANAGERS (JERSEY) LIMITED","",""
"769684","7574","SG HAMBROS FUND MANAGERS (JERSEY) LIMITED","",""
"769684","7867","SG HAMBROS FUND MANAGERS (JERSEY) LIMITED","",""
"769684","7884","SG HAMBROS FUND MANAGERS (JERSEY) LIMITED","",""
"769684","7892","SG HAMBROS FUND MANAGERS (JERSEY) LIMITED","",""
"769684","7508","SG HAMBROS FUND MANAGERS (JERSEY) LIMITED","",""
"769684","7913","SG HAMBROS FUND MANAGERS (JERSEY) LIMITED","",""
"769684","7929","SG HAMBROS FUND MANAGERS (JERSEY) LIMITED","",""
"769684","8304","SG HAMBROS FUND MANAGERS (JERSEY) LIMITED","",""
"769684","8316","SG HAMBROS FUND MANAGERS (JERSEY) LIMITED","",""
"769684","8340","SG HAMBROS FUND MANAGERS (JERSEY) LIMITED","",""
"769684","8373","SG HAMBROS FUND MANAGERS (JERSEY) LIMITED","",""
"769684","8387","SG HAMBROS FUND MANAGERS (JERSEY) LIMITED","",""
"769684","8399","SG HAMBROS FUND MANAGERS (JERSEY) LIMITED","",""
"769684","8406","SG HAMBROS FUND MANAGERS (JERSEY) LIMITED","",""
"769684","8423","SG HAMBROS FUND MANAGERS (JERSEY) LIMITED","",""
"769684","8431","SG HAMBROS FUND MANAGERS (JERSEY) LIMITED","",""
"769684","8434","SG HAMBROS FUND MANAGERS (JERSEY) LIMITED","",""
"769684","8436","SG HAMBROS FUND MANAGERS (JERSEY) LIMITED","",""
"769684","49937","SG HAMBROS FUND MANAGERS (JERSEY) LIMITED","",""
"769684","49940","SG HAMBROS FUND MANAGERS (JERSEY) LIMITED","",""
"769684","49935","SG HAMBROS FUND MANAGERS (JERSEY) LIMITED","",""
"769684","49942","SG HAMBROS FUND MANAGERS (JERSEY) LIMITED","",""
"773479","23314","FUJIMOTO CAPITAL MANAGEMENT LLC","","149085"
"774937","45509","I2BF-RNC GP I LTD.","",""
"774937","45510","I2BF CAPITAL MANAGEMENT LTD.","",""
"774937","45510","I2BF CAPITAL ADVISORS LTD.","",""
"774937","45510","I2BF GP I LTD.","",""
"777639","47027","VINCI ZAFFERANO CAPITAL LP","",""
"774427","57563","BETAWORKS INVESTMENTS, LLC","","170173"
"774427","57564","BETAWORKS INVESTMENTS, LLC","","170173"
"773466","57571","FARRINGDON CAPITAL MANAGEMENT S.A.","802-99999",""
"782306","57944","JEFFERIES INVESTMENT ADVISERS, LLC","",""
"784375","57944","JEFFERIES INVESTMENT ADVISERS, LLC","",""
"784026","54139","ONE NORTH CAPITAL LIMITED","",""
"785272","57944","JEFFERIES INVESTMENT ADVISERS, LLC","",""
"784639","58109","ARCAPITA INVESTMENT MANAGEMENT LIMITED","",""
"776793","19413","SARASIN FUNDS MANAGEMENT (IRELAND) LIMITED","",""
"776793","19420","SARASIN FUNDS MANAGEMENT (IRELAND) LIMITED","",""
"776793","19428","SARASIN FUNDS MANAGEMENT (IRELAND) LIMITED","",""
"778344","57744","CREADOR MANAGEMENT COMPANY II LTD","",""
"778344","57745","CREADOR MANAGEMENT COMPANY I LTD","",""
"778344","57742","CREADOR MANAGEMENT COMPANY I LTD","",""
"789378","18844","VILLAGE VENTURES CAPITAL MANAGEMENT, LLC","",""
"789378","18904","VILLAGE VENTURES CAPITAL MANAGEMENT, LLC","",""
"789378","18916","VILLAGE VENTURES CAPITAL MANAGEMENT, LLC","",""
"789378","58607","VILLAGE VENTURES CAPITAL MANAGEMENT, LLC","",""
"782730","36992","MIO PARTNERS, INC.","801-41495","108637"
"789590","30353","LITORINA KAPITAL PARTNERS III LIMITED","",""
"791804","31222","ARCHER CAPITAL GP5 LTD","",""
"791804","31209","ARCHER CAPITAL VCMP 5, LP","",""
"791804","31274","ARCHER CAPITAL VCMP3, LP","",""
"788539","48507","ANDBANC ASSET MANAGEMENT LUXEMBOURG S. A.","",""
"799389","40129","NEXIT INFOCOM II GP LIMITED","",""
"798107","23314","FUJIMOTO CAPITAL MANAGEMENT LLC","","149085"
"801274","44615","INNOVATIONSKAPITAL /INNKAP","","164128"
"801274","44614","INNOVATIONSKAPITAL /INNKAP","","164128"
"801274","44616","INNOVATIONSKAPITAL /INNKAP","","164128"
"801274","44617","INNOVATIONSKAPITAL /INNKAP","","164128"
"801274","44618","INNOVATIONSKAPITAL /INNKAP","","164128"
"801274","44619","INNOVATIONSKAPITAL /INNKAP","","164128"
"801274","44613","INNOVATIONSKAPITAL /INNKAP","","164128"
"799368","41980","NEXIT INFOCOM 2000 LIMITED","",""
"799368","41997","NEXIT INFOCOM 2000 LIMITED","",""
"797521","59569","ROCKWOOD GP I LLC","",""
"797927","15536","SYLEBRA CAPITAL MANAGEMENT","",""
"797927","26203","GOTHIC CORPORATION","",""
"799602","18634","SERICA MANAGEMENT LIMITED","",""
"795162","37358","SCP MANAGEMENT III, LLC","",""
"795162","25895","SCP MANAGEMENT III, LLC","",""
"795162","37365","SCP MANAGEMENT III, LLC","",""
"795162","37431","SCP MANAGEMENT IV, LLC","",""
"795162","52030","SCMP MANAGEMENT I, LLC","",""
"803521","37358","SCP MANAGEMENT III, LLC","",""
"803521","25895","SCP MANAGEMENT III, LLC","",""
"803521","37365","SCP MANAGEMENT III, LLC","",""
"803521","37431","SCP MANAGEMENT IV, LLC","",""
"803521","52030","SCMP MANAGEMENT I, LLC","",""
"792260","41011","GILDE HEALTHCARE PARTNERS BV","","163373"
"792260","36089","GILDE HEALTHCARE PARTNERS BV","","163373"
"802945","41975","ZANA CAPITAL PTE. LTD","","162768"
"803007","51784","THE OBSERVATORY US INC","",""
"795750","19384","SLF MANAGEMENT, LLC","",""
"797617","2214","CAPITAL Z ASSET MANAGEMENT, LLC","","162210"
"797617","2217","CAPITAL Z ASSET MANAGEMENT, LLC","","162210"
"790591","48423","EMERALD HILL MANAGEMENT II LIMITED","802-77883","164759"
"790591","48425","EMERALD HILL MANAGEMENT II LIMITED","802-77883","164759"
"790591","25168","EMERALD HILL MANAGEMENT LIMITED","","163383"
"790591","25148","EMERALD HILL MANAGEMENT LIMITED","","163383"
"790591","25173","EMERALD HILL MANAGEMENT LIMITED","","163383"
"789111","56932","SPRINGS CAPITAL (HONG KONG) LIMITED","802-78959","168321"
"784040","1871","LONG INVESTMENT MANAGEMENT (CAYMAN) LIMITED","",""
"784040","1870","LONG INVESTMENT MANAGEMENT INTERNATIONAL LIMITED","",""
"784040","1930","LONG INVESTMENT MANAGEMENT (CAYMAN) LIMITED","",""
"784040","58056","LONG INVESTMENT MANAGEMENT INTERNATIONAL LIMITED","",""
"804987","5605","COUPLAND CARDIFF MANAGEMENT (CAYMAN) LTD","",""
"806947","33220","HORIZON CAPITAL ASSOCIATES, LLC","",""
"806947","33345","HORIZON CAPITAL ASSOCIATES II, LLC","",""
"806947","33374","HORIZON CAPITAL ASSOCIATES, LLC","",""
"806527","41562","INOVIA MANAGEMENT II, L.P.","",""
"806527","41410","INOVIA MANAGEMENT II, L.P.","",""
"806527","41684","INOVIA MANAGEMENT II, L.P.","",""
"806527","41706","INOVIA CAPITAL INC.","",""
"806527","41294","MSBI MANAGEMENT, L.P.","",""
"806527","41734","INOVIA CAPITAL INC.","",""
"784064","24841","STONE MILLINER ASSET MANAGEMENT AG","802-74859","163246"
"784064","28106","STONE MILLINER ASSET MANAGEMENT AG","802-74859","163246"
"807140","2775","AZENTUS CAPITAL MANAGEMENT (CAYMAN) LIMITED","",""
"794745","27846","JABRE CAPITAL PARTNERS LP","",""
"794745","27859","JABRE CAPITAL PARTNERS LP","",""
"794745","27831","JABRE CAPITAL PARTNERS LP","",""
"794745","27821","JABRE CAPITAL PARTNERS LP","",""
"794745","27753","JABRE CAPITAL PARTNERS LP","",""
"771695","38396","PINEBRIDGE INVESTMENTS IRELAND LIMITED","",""
"771695","38275","PINEBRIDGE INVESTMENTS IRELAND LIMITED","",""
"801189","37234","SURNIA INVESTMENT MANAGEMENT, LTD","",""
"808734","54303","EDISON MANAGEMENT CORPORATION","802-74550","160620"
"808734","54354","EDISON MANAGEMENT CORPORATION","802-74550","160620"
"808734","54355","EDISON MANAGEMENT CORPORATION","802-74550","160620"
"808734","54356","EDISON MANAGEMENT CORPORATION","802-74550","160620"
"808734","54357","EDISON MANAGEMENT CORPORATION","802-74550","160620"
"808734","54358","EDISON MANAGEMENT CORPORATION","802-74550","160620"
"808734","54353","EDISON MANAGEMENT CORPORATION","802-74550","160620"
"808734","54302","EDISON MANAGEMENT CORPORATION","802-74550","160620"
"791251","13337","PINEBRIDGE ASIA PARTNERS G.P., L.L.C.","",""
"791251","13317","PINEBRIDGE ASIA PARTNERS II, LIMITED","",""
"791251","13330","PINEBRIDGE ASIA PARTNERS G.P., L.L.C.","",""
"791251","61512","PINEBRIDGE INVESTMENTS IRELAND LIMITED","",""
"806931","26319","ARISAIG PARTNERS (MAURITIUS) LTD","802-76012","162868"
"806931","26295","ARISAIG PARTNERS (MAURITIUS) LTD","802-76012","162868"
"806931","61524","ARISAIG PARTNERS (MAURITIUS) LTD","802-76012","162868"
"806931","26328","ARISAIG PARTNERS (MAURITIUS) LTD","802-76012","162868"
"798935","20296","BENNELONG ASSET MANAGEMENT LIMITED","","162698"
"798935","20942","BENNELONG ASSET MANAGEMENT LIMITED","","162698"
"804134","33251","FRONTIER WEALTH MANAGEMENT, LLC","801-68048","144344"
"793464","50780","PERMIRA DEBT MANAGERS GROUP HOLDINGS LIMITED","",""
"793464","23257","PERMIRA DEBT MANAGERS GROUP HOLDINGS LIMITED","",""
"793464","24553","PERMIRA SCF S.A.R.L.","",""
"793464","23588","PERMIRA DEBT MANAGERS GROUP HOLDINGS LIMITED","",""
"793464","24548","PERMIRA DEBT MANAGERS GROUP HOLDINGS LIMITED","",""
"793464","24551","PERMIRA DEBT MANAGERS GROUP HOLDINGS LIMITED","",""
"793464","50777","PERMIRA DEBT MANAGERS GROUP HOLDINGS LIMITED","",""
"793464","50784","PERMIRA SCF S.A.R.L.","",""
"798360","47547","CC GLOBAL ADVISERS, LLC","802-77542","166484"
"807593","11323","OAKLEY CAPITAL MANAGEMENT (BERMUDA) LIMITED","",""
"807593","10786","OAKLEY CAPITAL (BERMUDA) LIMITED","802-76007","161459"
"807593","11320","OAKLEY CAPITAL (BERMUDA) LIMITED","802-76007","161459"
"807593","62041","OAKLEY CAPITAL GP II LIMITED","",""
"807929","36787","ENERGY VENTURES IV AS","",""
"807929","36738","ENERGY VENTURES III AS","",""
"785474","58190","KEROGEN CAPITAL LIMITED","",""
"785474","45513","KEROGEN CAPITAL LIMITED","",""
"785474","45512","KEROGEN CAPITAL LIMITED","",""
"785474","45511","KEROGEN CAPITAL LIMITED","",""
"785474","62212","KEROGEN CAPITAL LIMITED","",""
"808446","35836","HITECVISION ADVISORY AS (SEE MISCELLANEOUS)","",""
"808446","35846","HITECVISION ADVISORY AS (SEE MISCELLANEOUS)","",""
"808446","35855","HITECVISION ADVISORY AS (SEE MISCELLANEOUS)","",""
"808446","35861","HITECVISION ADVISORY AS (SEE MISCELLANEOUS)","",""
"778088","17836","PEAKSIDE CAPITAL SPC","",""
"778088","59631","PEAKSIDE CAPITAL SPC","",""
"802108","61262","WORTH VENTURE PARTNERS, LLC","",""
"804872","40654","DAVIDE LEONE AND PARTNERS (CAYMAN) LTD","",""
"799802","27055","AEDOS FUND MANAGEMENT (BERMUDA) LIMITED","802-75757","161675"
"799802","6434","AEDOS FUND MANAGEMENT (BERMUDA) LIMITED","802-75757","161675"
"784069","8279","SG HAMBROS FUND ADVISERS (JERSEY) LIMITED","",""
"784069","8359","SG HAMBROS FUND MANAGERS (JERSEY) LIMITED","",""
"784069","8276","SG HAMBROS FUND MANAGERS (JERSEY) LIMITED","",""
"784069","8413","SG HAMBROS FUND MANAGERS (JERSEY) LIMITED","",""
"784069","8277","SG HAMBROS FUND MANAGERS (JERSEY) LIMITED","",""
"784069","8292","SG HAMBROS FUND MANAGERS (JERSEY) LIMITED","",""
"784069","7877","SG HAMBROS FUND MANAGERS (JERSEY) LIMITED","",""
"784069","3498","SG HAMBROS FUND MANAGERS (JERSEY) LIMITED","",""
"784069","7574","SG HAMBROS FUND MANAGERS (JERSEY) LIMITED","",""
"784069","7867","SG HAMBROS FUND MANAGERS (JERSEY) LIMITED","",""
"784069","7884","SG HAMBROS FUND MANAGERS (JERSEY) LIMITED","",""
"784069","7892","SG HAMBROS FUND MANAGERS (JERSEY) LIMITED","",""
"784069","7508","SG HAMBROS FUND MANAGERS (JERSEY) LIMITED","",""
"784069","7929","SG HAMBROS FUND MANAGERS (JERSEY) LIMITED","",""
"784069","8304","SG HAMBROS FUND MANAGERS (JERSEY) LIMITED","",""
"784069","8316","SG HAMBROS FUND MANAGERS (JERSEY) LIMITED","",""
"784069","8340","SG HAMBROS FUND MANAGERS (JERSEY) LIMITED","",""
"784069","8387","SG HAMBROS FUND MANAGERS (JERSEY) LIMITED","",""
"784069","8399","SG HAMBROS FUND MANAGERS (JERSEY) LIMITED","",""
"784069","8406","SG HAMBROS FUND MANAGERS (JERSEY) LIMITED","",""
"784069","8423","SG HAMBROS FUND MANAGERS (JERSEY) LIMITED","",""
"784069","8431","SG HAMBROS FUND MANAGERS (JERSEY) LIMITED","",""
"784069","8434","SG HAMBROS FUND MANAGERS (JERSEY) LIMITED","",""
"784069","8436","SG HAMBROS FUND MANAGERS (JERSEY) LIMITED","",""
"784069","49937","SG HAMBROS FUND MANAGERS (JERSEY) LIMITED","",""
"784069","49935","SG HAMBROS FUND MANAGERS (JERSEY) LIMITED","",""
"784069","58067","TWIN SECURITIES, INC.","801-73786","158318"
"784069","58064","SG HAMBROS FUND MANAGEMENT (JERSEY) LIMITED","",""
"784069","59938","SG HAMBROS FUND MANAGEMENT (JERSEY) LIMITED","",""
"784069","58066","SG HAMBROS FUND MANAGERS (JERSEY) LIMITED","",""
"784069","58068","LYXOR ASSET MANAGEMENT LUXEMBOURG S.A.","",""
"803951","61891","UFG PE MANAGERS LIMITED","",""
"803951","43501","UFG CAPITAL MANAGEMENT LIMITED","",""
"812472","35847","WOLVER HILL ASSET MANAGEMENT","",""
"812472","35828","WOLVER HILL ASSET MANAGEMENT","",""
"812472","35853","WOLVER HILL ASSET MANAGEMENT","",""
"790966","52603","HAYFIN MANAGEMENT LIMITED","",""
"790966","52606","HAYFIN MANAGEMENT LIMITED","",""
"790966","52596","HAYFIN MANAGEMENT LIMITED","",""
"790966","59357","HAYFIN MANAGEMENT LIMITED","",""
"790966","59371","HAYFIN MANAGEMENT LIMITED","",""
"790966","59372","HAYFIN MANAGEMENT LIMITED","",""
"790966","59377","HAYFIN MANAGEMENT LIMITED","",""
"803530","48870","AIG-GE CAPITAL LATIN AMERICAN INFRASTRUCTURE MANAGEMENT L.P.","",""
"804112","63076","GUGGENHEIM FUND SOLUTIONS, LLC","801-73007","160181"
"803847","60744","BEIDMCI LIMITED","",""
"812208","47556","PROSTAR GNRF MANAGEMENT","",""
"812208","47552","PROSTAR GEIF MANAGEMENT","",""
"806819","38850","AMP CAPITAL INVESTORS (LUXEMBOURG) S.A.R.L.","",""
"813882","40580","MARWIT PARTNERS, LLC (ERA), SEE MISC NOTES","",""
"813932","40580","MARWIT PARTNERS, LLC (ERA), SEE MISC NOTES","",""
"814012","54139","ONE NORTH CAPITAL LIMITED","",""
"812691","47382","LONGACRE EUROPEAN FUND MANAGEMENT LLC","",""
"797253","45743","3LOGI CAPITAL","",""
"805866","50111","NUMEN INVESTMENTS LIMITED","","167127"
"814069","36237","LMR PARTNERS (OFFSHORE) LIMITED","","162861"
"814069","36158","LMR PARTNERS (OFFSHORE) LIMITED","","162861"
"818141","18844","VILLAGE VENTURES CAPITAL MANAGEMENT, LLC","",""
"818141","18904","VILLAGE VENTURES CAPITAL MANAGEMENT, LLC","",""
"818141","18916","VILLAGE VENTURES CAPITAL MANAGEMENT, LLC","",""
"818141","58607","VILLAGE VENTURES CAPITAL MANAGEMENT, LLC","",""
"818418","41011","GILDE HEALTHCARE PARTNERS BV","","163373"
"818418","36089","GILDE HEALTHCARE PARTNERS BV","","163373"
"806995","35870","EVERGREEN MANAGEMENT LTD.","",""
"806995","35916","EVERGREEN MANAGEMENT LTD","",""
"819280","38275","PINEBRIDGE INVESTMENTS IRELAND LIMITED","",""
"819280","38396","PINEBRIDGE INVESTMENTS IRELAND LIMITED","",""
"819375","16606","STIRLING SQUARE CAPITAL PARTNERS ADVISERS LIMITED","",""
"819375","16616","STIRLING SQUARE CAPITAL PARTNERS SECOND FUND ADVISERS LIMITED","",""
"821034","38396","PINEBRIDGE INVESTMENTS IRELAND LIMITED","",""
"821034","38275","PINEBRIDGE INVESTMENTS IRELAND LIMITED","",""
"819652","46249","ICHIRIZUKA FUND GP","",""
"820704","42984","ADVANTAGE CAPITAL MANAGEMENT COMPANY OF WISCONSIN, LLC","",""
"823098","38850","AMP CAPITAL INVESTORS (LUXEMBOURG) S.A.R.L.","",""
"823472","61893","ARKKAN INVESTMENT MANAGEMENT LIMITED","802-79739","171129"
"818799","63764","SEAGUL CAPITAL LP","","162794"
"823420","55022","DRUG ROYALTY III GP, LLC","",""
"823420","42357","RMF 2 CO-INVESTMENT IM, LTD.","",""
"825913","64449","MAKURIA INVESTMENT MANAGEMENT (UK) LLP","",""
"825913","64452","MAKURIA INVESTMENT MANAGEMENT (UK) LLP","",""
"826605","64510","CHASM CAPITAL ADVISORS","",""
"826605","64512","CHASM CAPITAL ADVISORS","",""
"829411","7505","PELHAM CAPITAL MANAGEMENT LIMITED","",""
"831020","4128","SOTHIC CAPITAL MANAGEMENT (CAYMAN) LIMITED","",""
"825478","55022","DRUG ROYALTY III GP, LLC","",""
"825478","42357","RMF 2 CO-INVESTMENT IM, LTD.","",""
"830783","33864","UTI VENTURE FUNDS MANAGEMENT COMPANY PRIVATE LIMITED","",""
"830728","61262","WORTH VENTURE PARTNERS, LLC","",""
"828444","64725","SYMMETRY INVESTMENTS (HONG KONG) LIMITED","","171483"
"828444","64725","SYMMETRY INVESTMENTS LP","","171484"
"828441","64739","SYMMETRY INVESTMENTS LP","","171484"
"827823","64836","RBS ASSET MANAGEMENT LIMITED","802-76153","161046"
"827823","64834","RBS ASSET MANAGEMENT LIMITED","802-76153","161046"
"827823","64835","RBS ASSET MANAGEMENT LIMITED","802-76153","161046"
"827823","64837","RBS ASSET MANAGEMENT LIMITED","802-76153","161046"
"832691","38850","AMP CAPITAL INVESTORS (LUXEMBOURG) S.A.R.L.","",""
"834079","48423","EMERALD HILL MANAGEMENT II LIMITED","802-77883","164759"
"834079","48425","EMERALD HILL MANAGEMENT II LIMITED","802-77883","164759"
"834079","25168","EMERALD HILL MANAGEMENT LIMITED","","163383"
"834079","25148","EMERALD HILL MANAGEMENT LIMITED","","163383"
"834079","25173","EMERALD HILL MANAGEMENT LIMITED","","163383"
"835631","60744","BEIDMCI LIMITED","",""
"829342","48507","ANDBANC ASSET MANAGEMENT LUXEMBOURG S. A.","",""
"838142","65288","PARABELLUM LIMITED","",""
"836964","65321","WORTH VENTURE PARTNERS, LLC","","168610"
"823195","63976","CCTRACK SOLUTIONS CAYMAN LIMITED","",""
"823195","63976","CCTRACK SOLUTIONS LIMITED","",""
"839544","63976","CCTRACK SOLUTIONS CAYMAN LIMITED","",""
"839544","63976","CCTRACK SOLUTIONS LIMITED","",""
"840757","48507","ANDBANC ASSET MANAGEMENT LUXEMBOURG S. A.","",""
"841169","32322","SPINNAKER ASSET MANAGEMENT - SAM LIMITED","802-75616","160208"
"841169","31241","SPINNAKER ASSET MANAGEMENT - SAM LIMITED","802-75616","160208"
"841169","50678","SPINNAKER ASSET MANAGEMENT - SAM LIMITED","802-75616","160208"
"841180","20942","BENNELONG ASSET MANAGEMENT LIMITED","","162698"
"841180","20296","BENNELONG ASSET MANAGEMENT LIMITED","","162698"
"845488","64725","SYMMETRY INVESTMENTS (HONG KONG) LIMITED","","171483"
"845488","64725","SYMMETRY INVESTMENTS LP","","171484"
"845487","64739","SYMMETRY INVESTMENTS LP","","171484"
"843739","65759","ESD MANAGEMENT V LLC","",""
"846049","58109","RAIM LIMITED","",""
"844406","65988","MARK CRAGUN","",""
"847358","48507","ANDBANC ASSET MANAGEMENT LUXEMBOURG S. A.","",""
"845939","66170","STEWART ASIA INVESTMENT SINGAPORE PTE. LTD.","",""
"848881","36992","MIO PARTNERS, INC.","801-41495","108637"
"850434","36237","LMR PARTNERS (OFFSHORE) LIMITED","","162861"
"850434","36158","LMR PARTNERS (OFFSHORE) LIMITED","","162861"
"850826","15536","SYLEBRA CAPITAL MANAGEMENT","",""
"850826","26203","GOTHIC CORPORATION","",""
"850711","35639","BRAZIL REAL ESTATE OPPORTUNITIES MANAGER LTD.","",""
"850711","35767","BRAZIL REAL ESTATE OPPORTUNITIES MANAGER II LTD.","",""
"850711","35779","BRAZIL REAL ESTATE OPPORTUNITIES MANAGER II LTD.","",""
"850711","35791","BRAZIL REAL ESTATE OPPORTUNITIES MANAGER II LTD.","",""
"850711","35800","BRAZIL REAL ESTATE OPPORTUNITIES MANAGER II LTD.","",""
"850711","35784","BRAZIL REAL ESTATE OPPORTUNITIES MANAGER II LTD.","",""
"850711","42140","BRAZIL REAL ESTATE OPPORTUNITIES MANAGER LTD.","",""
"850711","35790","BRAZIL REAL ESTATE OPPORTUNITIES MANAGER II LTD.","",""
"850711","36175","BRAZIL REAL ESTATE OPPORTUNITIES MANAGER II LTD.","",""
"851461","35639","BRAZIL REAL ESTATE OPPORTUNITIES MANAGER LTD.","",""
"851461","35767","BRAZIL REAL ESTATE OPPORTUNITIES MANAGER II LTD.","",""
"851461","35779","BRAZIL REAL ESTATE OPPORTUNITIES MANAGER II LTD.","",""
"851461","35791","BRAZIL REAL ESTATE OPPORTUNITIES MANAGER II LTD.","",""
"851461","35800","BRAZIL REAL ESTATE OPPORTUNITIES MANAGER II LTD.","",""
"851461","35784","BRAZIL REAL ESTATE OPPORTUNITIES MANAGER II LTD.","",""
"851461","42140","BRAZIL REAL ESTATE OPPORTUNITIES MANAGER LTD.","",""
"851461","35790","BRAZIL REAL ESTATE OPPORTUNITIES MANAGER II LTD.","",""
"851461","36175","BRAZIL REAL ESTATE OPPORTUNITIES MANAGER II LTD.","",""
"851692","35639","BRAZIL REAL ESTATE OPPORTUNITIES MANAGER LTD.","",""
"851692","35767","BRAZIL REAL ESTATE OPPORTUNITIES MANAGER II LTD.","",""
"851692","35779","BRAZIL REAL ESTATE OPPORTUNITIES MANAGER II LTD.","",""
"851692","35791","BRAZIL REAL ESTATE OPPORTUNITIES MANAGER II LTD.","",""
"851692","35800","BRAZIL REAL ESTATE OPPORTUNITIES MANAGER II LTD.","",""
"851692","35784","BRAZIL REAL ESTATE OPPORTUNITIES MANAGER II LTD.","",""
"851692","42140","BRAZIL REAL ESTATE OPPORTUNITIES MANAGER LTD.","",""
"851692","35790","BRAZIL REAL ESTATE OPPORTUNITIES MANAGER II LTD.","",""
"851692","36175","BRAZIL REAL ESTATE OPPORTUNITIES MANAGER II LTD.","",""
"852594","38396","PINEBRIDGE INVESTMENTS IRELAND LIMITED","",""
"852594","38275","PINEBRIDGE INVESTMENTS IRELAND LIMITED","",""
"853324","15536","SYLEBRA CAPITAL MANAGEMENT","",""
"853324","26203","GOTHIC CORPORATION","",""
"854393","66829","PELHAM CAPITAL MANAGEMENT LIMITED","",""
"854393","66759","PELHAM CAPITAL MANAGEMENT LIMITED","",""
"857746","20942","BENNELONG ASSET MANAGEMENT LIMITED","","162698"
"857746","20296","BENNELONG ASSET MANAGEMENT LIMITED","","162698"
"853813","66777","ABBERTON CAPITAL MANAGEMENT L.P","","173921"
"854887","66787","TRILOGY PARTNERS LIMITED","",""
"854887","67080","TRILOGY PARTNERS LIMITED","",""
"857993","17281","ABSOLUTE PARTNERS MANAGEMENT LIMITED (RELYING ADVISER)","",""
"857993","17218","ABSOLUTE PARTNERS MANAGEMENT LIMITED (RELYING ADVISER)","",""
"857993","36051","ABSOLUTE PARTNERS MANAGEMENT LIMITED (RELYING ADVISER)","",""
"857993","67092","PINYIN CAPITAL MANAGEMENT LIMITED (RELYING ADVISER)","",""
"856600","66971","CVC CAPITAL PARTNERS ADVISORY COMPANY LIMITED","802-75245","161620"
"856600","66975","CVC CAPITAL PARTNERS ADVISORY COMPANY LIMITED","802-75245","161620"
"856600","66972","CVC CAPITAL PARTNERS ADVISORY COMPANY LIMITED","802-75245","161620"
"856600","66978","CVC CAPITAL PARTNERS ADVISORY COMPANY LIMITED","802-75245","161620"
"856600","66980","CVC CAPITAL PARTNERS ADVISORY COMPANY LIMITED","802-75245","161620"
"856600","66983","CVC CAPITAL PARTNERS ADVISORY COMPANY LIMITED","802-75245","161620"
"856600","66986","CVC CAPITAL PARTNERS ADVISORY COMPANY LIMITED","802-75245","161620"
"856600","66988","CVC CAPITAL PARTNERS ADVISORY COMPANY LIMITED","802-75245","161620"
"856600","66990","CVC CAPITAL PARTNERS ADVISORY COMPANY LIMITED","802-75245","161620"
"856600","66992","CVC CAPITAL PARTNERS ADVISORY COMPANY LIMITED","802-75245","161620"
"856600","66993","CVC CAPITAL PARTNERS ADVISORY COMPANY LIMITED","802-75245","161620"
"856600","66994","CVC CAPITAL PARTNERS ADVISORY COMPANY LIMITED","802-75245","161620"
"856600","67205","CVC CAPITAL PARTNERS ADVISORY COMPANY LIMITED","802-75245","161620"
"856600","67206","CVC CAPITAL PARTNERS ADVISORY COMPANY LIMITED","802-75245","161620"
"855410","7080","SEGANTII CAPITAL MANAGEMENT (CAYMAN) LIMITED","",""
"857545","67086","PROPUS CAPITAL LLC","802-75362","163535"
"857545","67085","PROPUS CAPITAL LLC","802-75362","163535"
"862845","66777","ABBERTON CAPITAL MANAGEMENT L.P","","173921"
"868241","45509","I2BF-RNC GP I LTD.","",""
"868241","45510","I2BF CAPITAL MANAGEMENT LTD.","",""
"868241","45510","I2BF CAPITAL ADVISORS LTD.","",""
"868241","45510","I2BF GP I LTD.","",""
"858317","67121","3W FUND MANAGEMENT LIMITED","","173723"
"869493","40654","DAVIDE LEONE AND PARTNERS (CAYMAN) LTD","",""
"868216","67656","SCIPION CAPITAL LTD.","",""
"865353","54139","ONE NORTH CAPITAL LIMITED","",""
"870812","47027","VINCI ZAFFERANO CAPITAL LP","",""
"861153","19413","SARASIN FUNDS MANAGEMENT (IRELAND) LIMITED","",""
"861153","19420","SARASIN FUNDS MANAGEMENT (IRELAND) LIMITED","",""
"861153","19428","SARASIN FUNDS MANAGEMENT (IRELAND) LIMITED","",""
"872905","41975","ZANA CAPITAL PTE. LTD","","162768"
"876271","36158","LMR PARTNERS (OFFSHORE) LIMITED","","162861"
"876271","36237","LMR PARTNERS (OFFSHORE) LIMITED","","162861"
"875734","35870","EVERGREEN MANAGEMENT LTD.","",""
"875734","35916","EVERGREEN MANAGEMENT LTD","",""
"878508","66787","TRILOGY PARTNERS LIMITED","",""
"878508","67080","TRILOGY PARTNERS LIMITED","",""
"878511","67121","3W FUND MANAGEMENT LIMITED","","173723"
"873602","41011","GILDE HEALTHCARE PARTNERS BV","","163373"
"873602","36089","GILDE HEALTHCARE PARTNERS BV","","163373"
"881326","18634","SERICA MANAGEMENT LIMITED","",""
"880253","63976","CCTRACK SOLUTIONS CAYMAN LIMITED","",""
"880253","63976","CCTRACK SOLUTIONS LIMITED","",""
"881332","18634","SERICA MANAGEMENT LIMITED","",""
"876227","61893","ARKKAN INVESTMENT MANAGEMENT LIMITED","802-79739","171129"
"885393","56932","SPRINGS CAPITAL (HONG KONG) LIMITED","802-78959","168321"
"885242","17836","PEAKSIDE CAPITAL SPC","",""
"885242","59631","PEAKSIDE CAPITAL SPC","",""
"889735","17836","PEAKSIDE CAPITAL SPC","",""
"889735","59631","PEAKSIDE CAPITAL SPC","",""
"888604","67086","PROPUS CAPITAL LLC","802-75362","163535"
"888604","67085","PROPUS CAPITAL LLC","802-75362","163535"
