"FilingID","Other Name","BD","RR","Pool","FCM","Real Estate","Insurance","Bank","Trust","Municipal","Swap Dealer","Swap Participant","Accountant","Lawyer","Other","Other Description"
"614510","JPB ACCOUNTING SERVICES","N","N","N","N","N","N","N","N","N","N","N","Y","N","N",""
"614510","JPB REAL ESTATE SERVICES","N","N","N","N","Y","N","N","N","N","N","N","N","N","N",""
"614510","JPB STRATEGIC ADVISORS","Y","N","N","N","N","N","N","N","N","N","N","N","N","N",""
"624436","C&G SAVINGS","N","N","N","N","N","N","Y","N","N","N","N","N","N","N",""
"624436","WORLDWIDE SERVICE","N","N","N","N","N","N","Y","N","N","N","N","N","N","N",""
"625247","HALIFAX","N","N","N","N","N","N","Y","N","N","N","N","N","N","N",""
"625247","INTELLIGENT FINANCE","N","N","N","N","N","N","Y","N","N","N","N","N","N","N",""
"625247","BIRMINGHAM MIDSHIRES","N","N","N","N","N","N","Y","N","N","N","N","N","N","N",""
"632035","GLOBAL MARKETS LLC","Y","N","N","N","N","N","N","N","N","N","N","N","N","N",""
"632035","GLOBAL MARKETS LLC","Y","N","N","N","N","N","N","N","N","N","N","N","N","N",""
"609154","LEVERPOINT MANAGEMENT, LLC","N","N","N","N","N","N","N","N","N","N","N","N","N","Y","FUND ADMINISTRATOR"
"635512","LEVERPOINT MANAGEMENT, LLC","N","N","N","N","N","N","N","N","N","N","N","N","N","Y","FUND ADMINISTRATOR"
"634272","BATEMAN FINANCIAL","Y","N","N","N","N","N","N","N","N","N","N","N","N","N",""
"633142","SATURN CAPITAL, INC.","Y","N","N","N","N","N","N","N","N","N","N","N","N","N",""
"638202","KOEHLER NEAL LLC","N","N","N","N","N","N","N","N","N","N","N","N","Y","N",""
"639510","BAYTREE FUNDING CAPITAL MARKETS, INC","N","N","N","N","N","N","N","N","N","N","N","N","N","Y","COMMERCIAL MORTGAGES"
"638673","GRAIL SECURITIES LLC","Y","N","N","N","N","N","N","N","N","N","N","N","N","N",""
"629750","REGISTERED REPRESENTATIVE AT SHORELINE TRADING GROUP LLC","N","Y","N","N","N","N","N","N","N","N","N","N","N","N",""
"663077","SATURN CAPITAL, INC.","Y","N","N","N","N","N","N","N","N","N","N","N","N","N",""
"658279","C&G SAVINGS","N","N","N","N","N","N","Y","N","N","N","N","N","N","N",""
"658279","WORLDWIDE SERVICE","N","N","N","N","N","N","Y","N","N","N","N","N","N","N",""
"658292","HALIFAX","N","N","N","N","N","N","Y","N","N","N","N","N","N","N",""
"658292","INTELLIGENT FINANCE","N","N","N","N","N","N","Y","N","N","N","N","N","N","N",""
"658292","BIRMINGHAM MIDSHIRES","N","N","N","N","N","N","Y","N","N","N","N","N","N","N",""
"668367","REGISTERED REPRESENTATIVE AT SHORELINE TRADING GROUP LLC","N","Y","N","N","N","N","N","N","N","N","N","N","N","N",""
"670667","ARIXA CAPITAL ADVISORS, LLC","N","N","N","N","Y","N","N","N","N","N","N","N","N","N",""
"677378","FOREST INTELLIGENCE GROUP","N","N","N","N","Y","N","N","N","N","N","N","N","N","N",""
"678605","HALIFAX","N","N","N","N","N","N","Y","N","N","N","N","N","N","N",""
"678605","INTELLIGENT FINANCE","N","N","N","N","N","N","Y","N","N","N","N","N","N","N",""
"678605","BIRMINGHAM MIDSHIRES","N","N","N","N","N","N","Y","N","N","N","N","N","N","N",""
"685674","CAPSTONE ADVISORY GROUP, LLC","N","N","N","N","N","N","N","N","N","N","N","N","N","Y","FINANCIAL CONSULTING-RESTRUCTURING AND LITIGATION SUPPORT"
"685674","CAPSTONE VALUATION SERVICES, LLC","N","N","N","N","N","N","N","N","N","N","N","N","N","Y","VALUATION AND LITIGATION SUPPORT SERVICES"
"688847","HALIFAX","N","N","N","N","N","N","Y","N","N","N","N","N","N","N",""
"688847","INTELLIGENT FINANCE","N","N","N","N","N","N","Y","N","N","N","N","N","N","N",""
"688847","BIRMINGHAM MIDSHIRES","N","N","N","N","N","N","Y","N","N","N","N","N","N","N",""
"686920","C&G SAVINGS","N","N","N","N","N","N","Y","N","N","N","N","N","N","N",""
"686920","WORLDWIDE SERVICE","N","N","N","N","N","N","Y","N","N","N","N","N","N","N",""
"695240","SIMPLEX GLOBAL INVESTMENTS LIMITED","N","N","Y","N","N","N","N","N","N","N","N","N","N","N",""
"706884","LEVERPOINT MANAGEMENT, LLC","N","N","N","N","N","N","N","N","N","N","N","N","N","Y","FUND ADMINISTRATOR"
"708163","LEVERPOINT MANAGEMENT, LLC","N","N","N","N","N","N","N","N","N","N","N","N","N","Y","FUND ADMINISTRATOR"
"705681","JPB ACCOUNTING SERVICES","N","N","N","N","N","N","N","N","N","N","N","Y","N","N",""
"705681","JPB REAL ESTATE SERVICES","N","N","N","N","Y","N","N","N","N","N","N","N","N","N",""
"705681","JPB STRATEGIC ADVISORS","Y","N","N","N","N","N","N","N","N","N","N","N","N","N",""
"713115","REGISTERED REPRESENTATIVE AT ISRAEL A. ENGLANDER & CO.LLC","N","Y","N","N","N","N","N","N","N","N","N","N","N","N",""
"716907","LEVERPOINT MANAGEMENT, LLC","N","N","N","N","N","N","N","N","N","N","N","N","N","Y","FUND ADMINISTRATOR"
"716097","GRAIL SECURITIES LLC","Y","N","N","N","N","N","N","N","N","N","N","N","N","N",""
"723204","C&G SAVINGS","N","N","N","N","N","N","Y","N","N","N","N","N","N","N",""
"723204","WORLDWIDE SERVICE","N","N","N","N","N","N","Y","N","N","N","N","N","N","N",""
"726199","KOEHLER NEAL LLC","N","N","N","N","N","N","N","N","N","N","N","N","Y","N",""
"724537","CAPSTONE ADVISORY GROUP, LLC","N","N","N","N","N","N","N","N","N","N","N","N","N","Y","FINANCIAL CONSULTING-RESTRUCTURING AND LITIGATION SUPPORT"
"724537","CAPSTONE VALUATION SERVICES, LLC","N","N","N","N","N","N","N","N","N","N","N","N","N","Y","VALUATION AND LITIGATION SUPPORT SERVICES"
"712660","VERITAS ASSET MANAGEMENT LLP","N","N","Y","N","N","N","N","N","N","N","N","N","N","N",""
"727635","FROGMORE REAL ESTATE PARTNERS INVESTMENT MANAGERS LIMITED","N","N","N","N","Y","N","N","N","N","N","N","N","N","N",""
"741388","SIMPLEX GLOBAL INVESTMENTS LIMITED","N","N","Y","N","N","N","N","N","N","N","N","N","N","N",""
"745517","ARIXA CAPITAL ADVISORS, LLC","N","N","N","N","Y","N","N","N","N","N","N","N","N","N",""
"745158","NICHOLAS KNAPTON, P.S.","N","N","N","N","N","N","N","N","N","N","N","Y","N","N",""
"745158","NICHOLAS ROSS KNAPTON, P.C.","N","N","N","N","N","N","N","N","N","N","N","N","Y","N",""
"746515","TRIVIUM INVESTMENT MANAGEMENT COMPANY","N","N","N","N","Y","N","N","N","N","N","N","N","N","N",""
"732520","ABC","N","N","Y","N","N","N","N","N","N","N","N","N","N","N",""
"756062","NICHOLAS KNAPTON, P.S.","N","N","N","N","N","N","N","N","N","N","N","Y","N","N",""
"756062","NICHOLAS ROSS KNAPTON, P.C.","N","N","N","N","N","N","N","N","N","N","N","N","Y","N",""
"757127","LION'S HEAD GLOBAL PARTNERS LLP","N","N","N","N","N","N","N","N","N","N","N","N","N","Y","CORPORATE FINANCE ADVISORY"
"759826","HAROLD TARA TRUST","N","N","N","N","N","N","N","Y","N","N","N","N","N","N",""
"759826","BAHAMID TRUST","N","N","N","N","N","N","N","Y","N","N","N","N","N","N",""
"760263","C&G SAVINGS","N","N","N","N","N","N","Y","N","N","N","N","N","N","N",""
"760263","WORLDWIDE SERVICE","N","N","N","N","N","N","Y","N","N","N","N","N","N","N",""
"764690","THE BALANCE SHEET COMPANY, LLC","N","N","Y","N","N","N","N","N","N","N","N","N","N","N",""
"773149","THE BALANCE SHEET COMPANY, LLC","N","N","Y","N","N","N","N","N","N","N","N","N","N","N",""
"773211","VERITAS ASSET MANAGEMENT LLP","N","N","Y","N","N","N","N","N","N","N","N","N","N","N",""
"779535","VERITAS ASSET MANAGEMENT LLP","N","N","Y","N","N","N","N","N","N","N","N","N","N","N",""
"783147","C&G SAVINGS","N","N","N","N","N","N","Y","N","N","N","N","N","N","N",""
"783147","WORLDWIDE SERVICE","N","N","N","N","N","N","Y","N","N","N","N","N","N","N",""
"785523","THE BALANCE SHEET COMPANY, LLC","N","N","Y","N","N","N","N","N","N","N","N","N","N","N",""
"786991","TRIVIUM INVESTMENT MANAGEMENT COMPANY","N","N","N","N","Y","N","N","N","N","N","N","N","N","N",""
"776533","JPB ACCOUNTING SERVICES","N","N","N","N","N","N","N","N","N","N","N","Y","N","N",""
"776533","JPB REAL ESTATE SERVICES","N","N","N","N","Y","N","N","N","N","N","N","N","N","N",""
"776533","JPB STRATEGIC ADVISORS","Y","N","N","N","N","N","N","N","N","N","N","N","N","N",""
"777147","COLLECTIVE INVESTMENT SCHEME MANAGER","N","N","N","N","N","N","N","N","N","N","N","N","N","Y","COLLECTIVE INVESTMENT SCHEME MANAGER AND INVESTMENT MANAGEMENT SERVICES"
"789378","LEVERPOINT MANAGEMENT, LLC","N","N","N","N","N","N","N","N","N","N","N","N","N","Y","FUND ADMINISTRATOR"
"792457","ASIA FRONTER CAPITAL (VIETNAM) LIMITED","N","N","N","N","N","N","N","N","N","N","N","N","N","Y","INVESTMENT MANAGER"
"792457","ASIA FRONTIER INVESTMENTS LIMITED","N","N","N","N","N","N","N","N","N","N","N","N","N","Y","INVESTMENT ADVISER"
"806982","LION'S HEAD GLOBAL PARTNERS LLP","N","N","N","N","N","N","N","N","N","N","N","N","N","Y","CORPORATE FINANCE ADVISORY"
"797779","GRAIL SECURITIES LLC","Y","N","N","N","N","N","N","N","N","N","N","N","N","N",""
"809183","SPOONHILL ASSET MANAGEMENT","Y","N","N","N","N","N","N","N","N","N","N","N","N","N",""
"783242","C&G SAVINGS","N","N","N","N","N","N","Y","N","N","N","N","N","N","N",""
"783242","WORLDWIDE SERVICE","N","N","N","N","N","N","Y","N","N","N","N","N","N","N",""
"812691","CAPSTONE ADVISORY GROUP, LLC","N","N","N","N","N","N","N","N","N","N","N","N","N","Y","FINANCIAL CONSULTING-RESTRUCTURING AND LITIGATION SUPPORT"
"812691","CAPSTONE VALUATION SERVICES, LLC","N","N","N","N","N","N","N","N","N","N","N","N","N","Y","VALUATION AND LITIGATION SUPPORT SERVICES"
"818141","LEVERPOINT MANAGEMENT, LLC","N","N","N","N","N","N","N","N","N","N","N","N","N","Y","FUND ADMINISTRATOR"
"825788","TRIVIUM INVESTMENT MANAGEMENT COMPANY","N","N","N","N","Y","N","N","N","N","N","N","N","N","N",""
"822137","FROGMORE REAL ESTATE PARTNERS INVESTMENT MANAGERS LIMITED","N","N","N","N","Y","N","N","N","N","N","N","N","N","N",""
"822399","SIMPLEX GLOBAL INVESTMENTS LIMITED","N","N","Y","N","N","N","N","N","N","N","N","N","N","N",""
"826605","CHASM CAPITAL MANAGEMENT LLC","N","N","N","N","N","N","N","N","N","N","N","N","N","Y","INVESTMENT MANAGEMENT BUSINESS"
"837794","C&G SAVINGS","N","N","N","N","N","N","Y","N","N","N","N","N","N","N",""
"837794","WORLDWIDE SERVICE","N","N","N","N","N","N","Y","N","N","N","N","N","N","N",""
"838224","TRILLIUM TRADING, LLC","N","N","N","N","N","N","N","N","N","N","N","N","N","Y","PROPRIETARY TRADING FIRM"
"838224","TRILLIUM LABS, LLC","N","N","N","N","N","N","N","N","N","N","N","N","N","Y","TECHNOLOGY DEVELOPMENT FIRM"
"839336","C&G SAVINGS","N","N","N","N","N","N","Y","N","N","N","N","N","N","N",""
"839336","WORLDWIDE SERVICE","N","N","N","N","N","N","Y","N","N","N","N","N","N","N",""
"850711","BRAZIL REAL ESTATE PARTNERS GP LTD, BRAZIL REAL ESTATE PARTNERS GP LTD II, BRAZIL R E MANAGER LTD, BRAZIL R E MANAGER II","N","N","N","N","N","N","N","N","N","N","N","N","N","Y","SERVING AS GENERAL PARTNER AND MANAGER OF PRIVATE FUNDS DOMICILIED OUTSIDE THE US AND CONDUCLING BUSINESS OUTSIDE OF  THE US"
"851461","BRAZIL REAL ESTATE PARTNERS GP LTD, BRAZIL REAL ESTATE PARTNERS GP LTD II, BRAZIL R E MANAGER LTD, BRAZIL R E MANAGER II","N","N","N","N","N","N","N","N","N","N","N","N","N","Y","SERVING AS GENERAL PARTNER AND MANAGER OF PRIVATE FUNDS DOMICILIED OUTSIDE THE US AND CONDUCLING BUSINESS OUTSIDE OF  THE US"
"851692","BRAZIL REAL ESTATE PARTNERS GP LTD, BRAZIL REAL ESTATE PARTNERS GP LTD II, BRAZIL R E MANAGER LTD, BRAZIL R E MANAGER II","N","N","N","N","N","N","N","N","N","N","N","N","N","Y","SERVING AS GENERAL PARTNER AND MANAGER OF PRIVATE FUNDS DOMICILIED OUTSIDE THE US AND CONDUCLING BUSINESS OUTSIDE OF  THE US"
"855432","OLD VAM LLP","N","N","Y","N","N","N","N","N","N","N","N","N","N","N",""
"843764","STERLING BAY COMPANIES, LLC","N","N","N","N","N","N","N","N","N","N","N","N","N","Y","REAL ESTATE INVESTMENT, MANAGEMENT & DEVELOPMENT SERVICES"
"843764","STERLING BAY REALTY, LLC","N","N","N","N","Y","N","N","N","N","N","N","N","N","N",""
"843764","STERLING BAY DEVELOPMENT MANAGEMENT, LLC","N","N","N","N","N","N","N","N","N","N","N","N","N","Y","REAL ESTATE DEVELOPMENT SERVICES"
"843764","STERLING BAY PROPERTY MANAGEMENT, LLC","N","N","N","N","N","N","N","N","N","N","N","N","N","Y","REAL ESTATE MANAGEMENT SERVICES"
"859676","SIMPLEX GLOBAL INVESTMENTS LIMITED","N","N","Y","N","N","N","N","N","N","N","N","N","N","N",""
"859676","SIMPLEX ASSET MANAGEMENT (HK) COMPANY LTD","N","N","Y","N","N","N","N","N","N","N","N","N","N","N",""
"850406","LUIS ANTONIO RUIZ AND DIVERSIFIED HEALTH INSURANCE MARKETING","N","N","N","N","N","Y","N","N","N","N","N","N","N","N",""
"871833","ASIA FRONTER CAPITAL (VIETNAM) LIMITED","N","N","N","N","N","N","N","N","N","N","N","N","N","Y","INVESTMENT MANAGER"
"871833","ASIA FRONTIER INVESTMENTS LIMITED","N","N","N","N","N","N","N","N","N","N","N","N","N","Y","INVESTMENT ADVISER"
"876064","TRIVIUM INVESTMENT MANAGEMENT COMPANY","N","N","N","N","Y","N","N","N","N","N","N","N","N","N",""
"884406","WEST FACE CAPITAL INC.","Y","N","N","N","N","N","N","N","N","N","N","N","N","N",""
"887404","LION'S HEAD GLOBAL PARTNERS LLP","N","N","N","N","N","N","N","N","N","N","N","N","N","Y","CORPORATE FINANCE ADVISORY"
"887944","HD SPECIAL-SITUATIONS III, LP","N","N","N","N","N","N","N","N","N","N","N","N","N","Y","FUND MANAGEMENT"
