"FilingID","ReferenceID","SubreferenceID","Website Address"
"602155","5558","2367","WWW.HARRINGTONCOOPER.COM"
"602155","5942","2375","WWW.HARRINGTONCOOPER.COM"
"597512","16619","5968","WWW.OPENWORLDINVESTING.COM"
"597512","16724","5995","WWW.OPENWORLDINVESTING.COM"
"611296","13310","4829","WWW.WFM.SE"
"624646","27120","15656","WWW.MEDITOR.CO.UK"
"607374","7713","9107","WWW.ORBISFUNDS.COM"
"607374","7713","9163","WWW.ORBISFUNDS.COM"
"623097","24635","11471","WWW.STANWICHADVISORS.COM"
"628834","32037","16310","WWW.BUTLERCAP.COM"
"623721","26207","12476","WWW.AJIAPARTNERS.COM"
"624436","28202","18914","WWW.TRADEWEB.COM"
"624436","28202","18914","WWW.BLOOMBERG.COM"
"624436","28202","18903","WWW,TRADEWEB.COM"
"624436","28202","18903","WWW,BLOOMBERG.COM"
"624436","27067","18922","WWW.TRADEWEB.COM"
"624436","27067","18922","WWW.BLOOMBERG.COM"
"624436","27067","18925","WWW.TRADEWEB.COM"
"624436","27067","18925","WWW.BLOOMBERG.COM"
"624436","27067","13282","WWW.MORGANMARKETS.COM"
"624436","27067","13284","WWW.BLOOMBERG.COM ""SEE PAGE MSSM"""
"624436","28202","13720","WWW.MORGANMARKETS.COM"
"624436","28202","13721","WWW.BLOOMBERG.COM ""SEE PAGE MSSM"""
"624436","28202","13733","WWW.TRADEWEB.COM"
"625247","28107","18996","WWW,TRADEWEB.COM"
"625247","28107","18996","WWW.BLOOMBERG.COM"
"625247","28107","19001","WWW.TRADEWEB.COM"
"625247","28107","19001","WWW.BLOOMBERG.COM"
"625247","28107","13672","WWW.MORGANMARKETS.COM"
"625247","28107","13673","WWW.BLOOMBERG.COM ""SEE PAGE MSSM"""
"629178","34060","17352","WWW.MVISION.COM"
"629178","34136","17358","WWW.MVISION.COM"
"629178","34188","17375","WWW.MVISION.COM"
"627610","30557","15700","WWW.LLOYDSTSB-OFFSHORE.COM/FUNDS"
"627610","30562","15701","WWW.LLOYDSTSB-OFFSHORE.COM/FUNDS"
"627610","30570","15705","WWW.LLOYDSTSB-OFFSHORE.COM/FUNDS"
"627610","30584","15729","WWW.LLOYDSTSB-OFFSHORE.COM/FUNDS"
"627610","30592","15739","WWW.LLOYDSTSB-OFFSHORE.COM/FUNDS"
"627610","30599","15747","WWW.LLOYDSTSB-OFFSHORE.COM/FUNDS"
"627610","30616","15753","WWW.LLOYDSTSB-OFFSHORE.COM/FUNDS"
"627610","30620","15764","WWW.LLOYDSTSB-OFFSHORE.COM/FUNDS"
"627610","30628","15769","WWW.LLOYDSTSB-OFFSHORE.COM/FUNDS"
"621837","23041","8608","WWW.MCHINVESTMENTSTRATEGIES.ES"
"632949","38175","19264","WWW.HEDGEFUND.NET"
"629135","32777","16652","MM.JPMORGAN.COM"
"629135","32890","16662","MM.JPMORGAN.COM"
"631795","36748","18577","HTTPS://SECURE.REPORTINGSYSTEM.COM/TELESOFTVC"
"602633","25661","11655","HTTPS://WWW.ALPHAMETRIX.COM/"
"624811","30125","15381","VARIOUS"
"624811","29091","15116","VARIOUS"
"624811","29752","15174","VARIOUS"
"624811","29902","15256","VARIOUS"
"624811","29966","15295","VARIOUS"
"624811","30068","15331","VARIOUS"
"624811","30182","15577","VARIOUS"
"624811","30407","15579","VARIOUS"
"624811","30459","15641","VARIOUS"
"624811","30507","15667","VARIOUS"
"624811","30611","15751","VARIOUS"
"624811","30665","15843","VARIOUS"
"624811","30744","15844","VARIOUS"
"624811","30910","15931","VARIOUS"
"624811","30956","15940","VARIOUS"
"624811","30983","15951","VARIOUS"
"623007","25255","12157","WWW.HSBC.CA"
"623007","25257","12449","WWW.HSBC.CA"
"623007","25259","12481","WWW.HSBC.CA"
"623007","25263","12492","WWW.HSBC.CA"
"623007","25264","12511","WWW.HSBC.CA"
"623007","25265","12826","WWW.HSBC.CA"
"623007","25268","13132","WWW.HSBC.CA"
"623007","25273","13137","WWW.HSBC.CA"
"623007","25275","13143","WWW.HSBC.CA"
"623007","25289","13145","WWW.HSBC.CA"
"623007","25290","13146","WWW.HSBC.CA"
"623007","25291","13147","WWW.HSBC.CA"
"626616","29645","21060","SEE SCHEDULE D - MISCELLANEOUS"
"626616","29645","21043","SEE SCHEDULE D - MISCELLANEOUS"
"626616","29645","21046","SEE SCHEDULE D - MISCELLANEOUS"
"626616","29645","21047","SEE SCHEDULE D - MISCELLANEOUS"
"626616","29645","21061","SEE SCHEDULE D - MISCELLANEOUS"
"626616","29645","21063","SEE SCHEDULE D - MISCELLANEOUS"
"626616","29645","21036","SEE SCHEDULE D - MISCELLANEOUS"
"626616","29645","21037","SEE SCHEDULE D - MISCELLANEOUS"
"626616","29645","21041","SEE SCHEDULE D - MISCELLANEOUS"
"626616","29645","21028","SEE SCHEDULE D - MISCELLANEOUS"
"626616","29645","21029","SEE SCHEDULE D - MISCELLANEOUS"
"626616","29645","21027","SEE SCHEDULE D - MISCELLANEOUS"
"626616","29645","21025","SEE SCHEDULE D - MISCELLANEOUS"
"626616","29645","21030","SEE SCHEDULE D - MISCELLANEOUS"
"626616","29645","21033","SEE SCHEDULE D - MISCELLANEOUS"
"618293","25420","13493","HTTP://WWW.WFM.SE/INDEX.PHP/SITE/DISCLAIMER"
"618293","25416","13505","HTTP://WWW.WFM.SE/INDEX.PHP/SITE/DISCLAIMER"
"618293","25419","13495","HTTP://WWW.WFM.SE/INDEX.PHP/SITE/DISCLAIMER"
"618293","24628","13497","HTTP://WWW.WFM.SE/INDEX.PHP/SITE/DISCLAIMER"
"618293","25422","13498","HTTP://WWW.WFM.SE/INDEX.PHP/SITE/DISCLAIMER"
"618293","25423","13503","HTTP://WWW.WFM.SE/INDEX.PHP/SITE/DISCLAIMER"
"618293","25418","13508","HTTP://WWW.WFM.SE/INDEX.PHP/SITE/DISCLAIMER"
"609835","27156","14804","WWW.RBS.COM/FUNDS"
"627634","30938","15956","WWW.AQUILLIAN.COM"
"636818","30938","15956","WWW.AQUILLIAN.COM"
"613645","15995","5727","HTTP://WWW.SAMENACAPITAL.COM/"
"613645","16002","5729","HTTP://WWW.SAMENACAPITAL.COM/"
"617535","35449","21123","WWW.FUND-CHANNEL.COM"
"632678","43483","21421","WWW.HERMITAGEFUND.COM"
"630104","35778","19876","WWW.DIVERSUSINVESTMENT.COM"
"629093","39845","19967","SEE NOTE"
"629093","42621","21140","SEE NOTE"
"629093","42604","21137","SEE NOTE"
"629093","42682","21186","SEE NOTE"
"635164","41489","20535","WWW.GRIL.NET"
"635164","41512","20538","WWW.GRIL.NET"
"643216","35449","21123","WWW.FUND-CHANNEL.COM"
"649099","35449","21123","WWW.FUND-CHANNEL.COM"
"651214","44537","21754","WWW.SOM-CAP.COM"
"656708","23041","8608","WWW.MCHINVESTMENTSTRATEGIES.ES"
"658130","5558","2367","WWW.HARRINGTONCOOPER.COM"
"658130","5942","2375","WWW.HARRINGTONCOOPER.COM"
"651457","45133","22053","WWW.HSBC.CA"
"651457","25255","12157","WWW.HSBC.CA"
"651457","25257","12449","WWW.HSBC.CA"
"651457","25259","12481","WWW.HSBC.CA"
"651457","25263","12492","WWW.HSBC.CA"
"651457","25264","12511","WWW.HSBC.CA"
"651457","25265","12826","WWW.HSBC.CA"
"651457","25268","13132","WWW.HSBC.CA"
"651457","25273","13137","WWW.HSBC.CA"
"651457","25275","13143","WWW.HSBC.CA"
"651457","25289","13145","WWW.HSBC.CA"
"651457","25290","13146","WWW.HSBC.CA"
"651457","25291","13147","WWW.HSBC.CA"
"657557","29645","21060","SEE SCHEDULE D - MISCELLANEOUS"
"657557","29645","21043","SEE SCHEDULE D - MISCELLANEOUS"
"657557","29645","21046","SEE SCHEDULE D - MISCELLANEOUS"
"657557","29645","21047","SEE SCHEDULE D - MISCELLANEOUS"
"657557","29645","21061","SEE SCHEDULE D - MISCELLANEOUS"
"657557","29645","21063","SEE SCHEDULE D - MISCELLANEOUS"
"657557","29645","21036","SEE SCHEDULE D - MISCELLANEOUS"
"657557","29645","21037","SEE SCHEDULE D - MISCELLANEOUS"
"657557","29645","21041","SEE SCHEDULE D - MISCELLANEOUS"
"657557","29645","21028","SEE SCHEDULE D - MISCELLANEOUS"
"657557","29645","21029","SEE SCHEDULE D - MISCELLANEOUS"
"657557","29645","21027","SEE SCHEDULE D - MISCELLANEOUS"
"657557","29645","21025","SEE SCHEDULE D - MISCELLANEOUS"
"657557","29645","21030","SEE SCHEDULE D - MISCELLANEOUS"
"657557","29645","21033","SEE SCHEDULE D - MISCELLANEOUS"
"662557","36748","18577","HTTPS://SECURE.REPORTINGSYSTEM.COM/TELESOFTVC"
"656119","45088","22048","WWW.GRANTSAMUEL.COM.AU"
"661378","25661","11655","HTTPS://WWW.ALPHAMETRIX.COM/"
"658279","28202","18914","WWW.TRADEWEB.COM"
"658279","28202","18914","WWW.BLOOMBERG.COM"
"658279","28202","18903","WWW,TRADEWEB.COM"
"658279","28202","18903","WWW,BLOOMBERG.COM"
"658279","27067","18922","WWW.TRADEWEB.COM"
"658279","27067","18922","WWW.BLOOMBERG.COM"
"658279","27067","18925","WWW.TRADEWEB.COM"
"658279","27067","18925","WWW.BLOOMBERG.COM"
"658279","27067","13282","WWW.MORGANMARKETS.COM"
"658279","27067","13284","WWW.BLOOMBERG.COM ""SEE PAGE MSSM"""
"658279","28202","13720","WWW.MORGANMARKETS.COM"
"658279","28202","13721","WWW.BLOOMBERG.COM ""SEE PAGE MSSM"""
"658279","28202","13733","WWW.TRADEWEB.COM"
"658292","28107","18996","WWW,TRADEWEB.COM"
"658292","28107","18996","WWW.BLOOMBERG.COM"
"658292","28107","19001","WWW.TRADEWEB.COM"
"658292","28107","19001","WWW.BLOOMBERG.COM"
"658292","28107","13672","WWW.MORGANMARKETS.COM"
"658292","28107","13673","WWW.BLOOMBERG.COM ""SEE PAGE MSSM"""
"663820","45488","22166","HTTP://CENTENIUMADV.COM/"
"665565","45488","22166","HTTP://CENTENIUMADV.COM/"
"666080","45133","22053","WWW.HSBC.CA"
"666080","25255","12157","WWW.HSBC.CA"
"666080","25257","12449","WWW.HSBC.CA"
"666080","25259","12481","WWW.HSBC.CA"
"666080","25263","12492","WWW.HSBC.CA"
"666080","25264","12511","WWW.HSBC.CA"
"666080","25265","12826","WWW.HSBC.CA"
"666080","25268","13132","WWW.HSBC.CA"
"666080","25273","13137","WWW.HSBC.CA"
"666080","25275","13143","WWW.HSBC.CA"
"666080","25289","13145","WWW.HSBC.CA"
"666080","25290","13146","WWW.HSBC.CA"
"666080","25291","13147","WWW.HSBC.CA"
"662645","30125","15381","VARIOUS"
"662645","29091","15116","VARIOUS"
"662645","29752","15174","VARIOUS"
"662645","29902","15256","VARIOUS"
"662645","29966","15295","VARIOUS"
"662645","30068","15331","VARIOUS"
"662645","30182","15577","VARIOUS"
"662645","30407","15579","VARIOUS"
"662645","30459","15641","VARIOUS"
"662645","30507","15667","VARIOUS"
"662645","30611","15751","VARIOUS"
"662645","30665","15843","VARIOUS"
"662645","30744","15844","VARIOUS"
"662645","30910","15931","VARIOUS"
"662645","30956","15940","VARIOUS"
"662645","30983","15951","VARIOUS"
"678605","28107","18996","WWW,TRADEWEB.COM"
"678605","28107","18996","WWW.BLOOMBERG.COM"
"678605","28107","19001","WWW.TRADEWEB.COM"
"678605","28107","19001","WWW.BLOOMBERG.COM"
"678605","28107","13672","WWW.MORGANMARKETS.COM"
"678605","28107","13673","WWW.BLOOMBERG.COM ""SEE PAGE MSSM"""
"681448","45133","22053","WWW.HSBC.CA"
"681448","25255","12157","WWW.HSBC.CA"
"681448","25257","12449","WWW.HSBC.CA"
"681448","25259","12481","WWW.HSBC.CA"
"681448","25263","12492","WWW.HSBC.CA"
"681448","25264","12511","WWW.HSBC.CA"
"681448","25265","12826","WWW.HSBC.CA"
"681448","25268","13132","WWW.HSBC.CA"
"681448","25273","13137","WWW.HSBC.CA"
"681448","25275","13143","WWW.HSBC.CA"
"681448","25289","13145","WWW.HSBC.CA"
"681448","25290","13146","WWW.HSBC.CA"
"681448","25291","13147","WWW.HSBC.CA"
"682608","45088","22048","WWW.GRANTSAMUEL.COM.AU"
"679092","46917","22762","WWW.ANCHORPE.COM"
"684110","25291","13147","WWW.HSBC.CA"
"684110","45133","22053","WWW.HSBC.CA"
"684110","25255","12157","WWW.HSBC.CA"
"684110","25257","12449","WWW.HSBC.CA"
"684110","25259","12481","WWW.HSBC.CA"
"684110","25263","12492","WWW.HSBC.CA"
"684110","25264","12511","WWW.HSBC.CA"
"684110","25265","12826","WWW.HSBC.CA"
"684110","25268","13132","WWW.HSBC.CA"
"684110","25273","13137","WWW.HSBC.CA"
"684110","25275","13143","WWW.HSBC.CA"
"684110","25289","13145","WWW.HSBC.CA"
"684110","25290","13146","WWW.HSBC.CA"
"683558","29645","22942","SEE SCHEDULE D - MISCELLANEOUS"
"683558","29645","22941","SEE SCHEDULE D - MISCELLANEOUS"
"683558","29645","22943","SEE SCHEDULE D - MISCELLANEOUS"
"683558","29645","22944","SEE SCHEDULE D - MISCELLANEOUS"
"683558","29645","22945","SEE SCHEDULE D - MISCELLANEOUS"
"683558","29645","22946","SEE SCHEDULE D - MISCELLANEOUS"
"683558","29645","22947","SEE SCHEDULE D - MISCELLANEOUS"
"683558","29645","22948","SEE SCHEDULE D - MISCELLANEOUS"
"683558","29645","22949","SEE SCHEDULE D - MISCELLANEOUS"
"683558","29645","21060","SEE SCHEDULE D - MISCELLANEOUS"
"683558","29645","21043","SEE SCHEDULE D - MISCELLANEOUS"
"683558","29645","21046","SEE SCHEDULE D - MISCELLANEOUS"
"683558","29645","21047","SEE SCHEDULE D - MISCELLANEOUS"
"683558","29645","21061","SEE SCHEDULE D - MISCELLANEOUS"
"683558","29645","21063","SEE SCHEDULE D - MISCELLANEOUS"
"683558","29645","21036","SEE SCHEDULE D - MISCELLANEOUS"
"683558","29645","21037","SEE SCHEDULE D - MISCELLANEOUS"
"683558","29645","21028","SEE SCHEDULE D - MISCELLANEOUS"
"683558","29645","21029","SEE SCHEDULE D - MISCELLANEOUS"
"683558","29645","21027","SEE SCHEDULE D - MISCELLANEOUS"
"683558","29645","21025","SEE SCHEDULE D - MISCELLANEOUS"
"683558","29645","21030","SEE SCHEDULE D - MISCELLANEOUS"
"683558","29645","21033","SEE SCHEDULE D - MISCELLANEOUS"
"688847","28107","18996","WWW,TRADEWEB.COM"
"688847","28107","18996","WWW.BLOOMBERG.COM"
"688847","28107","19001","WWW.TRADEWEB.COM"
"688847","28107","19001","WWW.BLOOMBERG.COM"
"688847","28107","13672","WWW.MORGANMARKETS.COM"
"688847","28107","13673","WWW.BLOOMBERG.COM ""SEE PAGE MSSM"""
"686920","28202","18914","WWW.TRADEWEB.COM"
"686920","28202","18914","WWW.BLOOMBERG.COM"
"686920","28202","18903","WWW,TRADEWEB.COM"
"686920","28202","18903","WWW,BLOOMBERG.COM"
"686920","27067","18922","WWW.TRADEWEB.COM"
"686920","27067","18922","WWW.BLOOMBERG.COM"
"686920","27067","18925","WWW.TRADEWEB.COM"
"686920","27067","18925","WWW.BLOOMBERG.COM"
"686920","27067","13282","WWW.MORGANMARKETS.COM"
"686920","27067","13284","WWW.BLOOMBERG.COM ""SEE PAGE MSSM"""
"686920","28202","13720","WWW.MORGANMARKETS.COM"
"686920","28202","13721","WWW.BLOOMBERG.COM ""SEE PAGE MSSM"""
"686920","28202","13733","WWW.TRADEWEB.COM"
"701009","34060","17352","WWW.MVISION.COM"
"701009","34136","17358","WWW.MVISION.COM"
"701009","34188","17375","WWW.MVISION.COM"
"706850","35449","21123","WWW.FUND-CHANNEL.COM"
"710432","30938","15956","WWW.AQUILLIAN.COM"
"707779","27120","15656","WWW.MEDITOR.CO.UK"
"704500","15995","5727","HTTP://WWW.SAMENACAPITAL.COM/"
"704500","16002","5729","HTTP://WWW.SAMENACAPITAL.COM/"
"702191","7713","9107","WWW.ORBISFUNDS.COM"
"702191","7713","9163","WWW.ORBISFUNDS.COM"
"716657","51117","24768","WWW.HEDGEFUND.NET"
"713413","27156","14804","WWW.RBS.COM/FUNDS"
"701220","16619","5968","WWW.OPENWORLDINVESTING.COM"
"701220","16724","5995","WWW.OPENWORLDINVESTING.COM"
"716581","32777","16652","MM.JPMORGAN.COM"
"716581","32890","16662","MM.JPMORGAN.COM"
"717495","32037","16310","WWW.BUTLERCAP.COM"
"716191","46917","22762","WWW.ANCHORPE.COM"
"704451","13310","4829","WWW.WFM.SE"
"713192","26207","12476","WWW.AJIAPARTNERS.COM"
"718205","51576","25160","WWW.FIRSTPOINTEQUITY.COM"
"720140","30557","15700","WWW.LLOYDSTSB-OFFSHORE.COM/FUNDS"
"720140","30562","15701","WWW.LLOYDSTSB-OFFSHORE.COM/FUNDS"
"720140","30570","15705","WWW.LLOYDSTSB-OFFSHORE.COM/FUNDS"
"720140","30584","15729","WWW.LLOYDSTSB-OFFSHORE.COM/FUNDS"
"720140","30592","15739","WWW.LLOYDSTSB-OFFSHORE.COM/FUNDS"
"720140","30599","15747","WWW.LLOYDSTSB-OFFSHORE.COM/FUNDS"
"720140","30616","15753","WWW.LLOYDSTSB-OFFSHORE.COM/FUNDS"
"720140","30620","15764","WWW.LLOYDSTSB-OFFSHORE.COM/FUNDS"
"720140","30628","15769","WWW.LLOYDSTSB-OFFSHORE.COM/FUNDS"
"723204","27067","18922","WWW.TRADEWEB.COM"
"723204","27067","18922","WWW.BLOOMBERG.COM"
"723204","27067","18925","WWW.TRADEWEB.COM"
"723204","27067","18925","WWW.BLOOMBERG.COM"
"723204","27067","13282","WWW.MORGANMARKETS.COM"
"723204","27067","13284","WWW.BLOOMBERG.COM ""SEE PAGE MSSM"""
"719670","41489","20535","WWW.GRIL.NET"
"719670","41512","20538","WWW.GRIL.NET"
"713017","44016","26858","HTTP://SABERTIA.COM/EN.HTML"
"718499","25291","13147","WWW.HSBC.CA"
"718499","45133","22053","WWW.HSBC.CA"
"718499","25255","12157","WWW.HSBC.CA"
"718499","25257","12449","WWW.HSBC.CA"
"718499","25259","12481","WWW.HSBC.CA"
"718499","25263","12492","WWW.HSBC.CA"
"718499","25264","12511","WWW.HSBC.CA"
"718499","25265","12826","WWW.HSBC.CA"
"718499","25268","13132","WWW.HSBC.CA"
"718499","25273","13137","WWW.HSBC.CA"
"718499","25275","13143","WWW.HSBC.CA"
"718499","25289","13145","WWW.HSBC.CA"
"718499","25290","13146","WWW.HSBC.CA"
"691706","45488","22166","HTTP://CENTENIUMADV.COM/"
"732950","45488","22166","HTTP://CENTENIUMADV.COM/"
"736862","27156","14804","WWW.RBS.COM/FUNDS"
"736894","27156","14804","WWW.RBS.COM/FUNDS"
"732709","35449","21123","WWW.FUND-CHANNEL.COM"
"739907","39845","19967","SEE NOTE"
"739907","42621","21140","SEE NOTE"
"739907","42604","21137","SEE NOTE"
"739907","42682","21186","SEE NOTE"
"738274","44537","21754","WWW.SOM-CAP.COM"
"743808","23041","8608","WWW.MCHINVESTMENTSTRATEGIES.ES"
"743808","23041","27705","WWW.CAMPIONCAPITAL.COM"
"743808","23041","27706","WWW.GROWTHCAPITALADVISORS.COM"
"743808","23041","27707","WWW.TENEOPARTNERS.COM"
"746094","55411","27862","WWW.DCPLA.COM"
"754764","15995","5727","HTTP://WWW.SAMENACAPITAL.COM/"
"754764","16002","5729","HTTP://WWW.SAMENACAPITAL.COM/"
"758336","30557","15700","WWW.LLOYDSTSB-OFFSHORE.COM/FUNDS"
"758336","30562","15701","WWW.LLOYDSTSB-OFFSHORE.COM/FUNDS"
"758336","30570","15705","WWW.LLOYDSTSB-OFFSHORE.COM/FUNDS"
"758336","30584","15729","WWW.LLOYDSTSB-OFFSHORE.COM/FUNDS"
"758336","30592","15739","WWW.LLOYDSTSB-OFFSHORE.COM/FUNDS"
"758336","30599","15747","WWW.LLOYDSTSB-OFFSHORE.COM/FUNDS"
"758336","30616","15753","WWW.LLOYDSTSB-OFFSHORE.COM/FUNDS"
"758336","30620","15764","WWW.LLOYDSTSB-OFFSHORE.COM/FUNDS"
"758336","30628","15769","WWW.LLOYDSTSB-OFFSHORE.COM/FUNDS"
"756029","30125","15381","VARIOUS"
"756029","29091","15116","VARIOUS"
"756029","29752","15174","VARIOUS"
"756029","29902","15256","VARIOUS"
"756029","29966","15295","VARIOUS"
"756029","30068","15331","VARIOUS"
"756029","30182","15577","VARIOUS"
"756029","30407","15579","VARIOUS"
"756029","30459","15641","VARIOUS"
"756029","30507","15667","VARIOUS"
"756029","30611","15751","VARIOUS"
"756029","30665","15843","VARIOUS"
"756029","30910","15931","VARIOUS"
"756029","30956","15940","VARIOUS"
"756029","30983","15951","VARIOUS"
"758471","45088","22048","WWW.GRANTSAMUEL.COM.AU"
"760898","30570","15705","WWW.LLOYDSTSB-OFFSHORE.COM/FUNDS"
"760898","30584","15729","WWW.LLOYDSTSB-OFFSHORE.COM/FUNDS"
"760898","30592","15739","WWW.LLOYDSTSB-OFFSHORE.COM/FUNDS"
"760898","30599","15747","WWW.LLOYDSTSB-OFFSHORE.COM/FUNDS"
"760898","30616","15753","WWW.LLOYDSTSB-OFFSHORE.COM/FUNDS"
"760898","30620","15764","WWW.LLOYDSTSB-OFFSHORE.COM/FUNDS"
"760898","30628","15769","WWW.LLOYDSTSB-OFFSHORE.COM/FUNDS"
"760898","30562","15701","WWW.LLOYDSTSB-OFFSHORE.COM/FUNDS"
"760898","30557","15700","WWW.LLOYDSTSB-OFFSHORE.COM/FUNDS"
"760263","27067","18922","WWW.TRADEWEB.COM"
"760263","27067","18922","WWW.BLOOMBERG.COM"
"760263","27067","18925","WWW.TRADEWEB.COM"
"760263","27067","18925","WWW.BLOOMBERG.COM"
"760263","27067","13282","WWW.MORGANMARKETS.COM"
"760263","27067","13284","WWW.BLOOMBERG.COM ""SEE PAGE MSSM"""
"764450","25291","13147","WWW.HSBC.CA"
"764450","45133","22053","WWW.HSBC.CA"
"764450","25255","12157","WWW.HSBC.CA"
"764450","25257","12449","WWW.HSBC.CA"
"764450","25259","12481","WWW.HSBC.CA"
"764450","25263","12492","WWW.HSBC.CA"
"764450","25264","12511","WWW.HSBC.CA"
"764450","25265","12826","WWW.HSBC.CA"
"764450","25268","13132","WWW.HSBC.CA"
"764450","25273","13137","WWW.HSBC.CA"
"764450","25275","13143","WWW.HSBC.CA"
"764450","25289","13145","WWW.HSBC.CA"
"764450","25290","13146","WWW.HSBC.CA"
"769655","25291","13147","WWW.HSBC.CA"
"769655","45133","22053","WWW.HSBC.CA"
"769655","25255","12157","WWW.HSBC.CA"
"769655","25257","12449","WWW.HSBC.CA"
"769655","25259","12481","WWW.HSBC.CA"
"769655","25263","12492","WWW.HSBC.CA"
"769655","25264","12511","WWW.HSBC.CA"
"769655","25265","12826","WWW.HSBC.CA"
"769655","25268","13132","WWW.HSBC.CA"
"769655","25273","13137","WWW.HSBC.CA"
"769655","25275","13143","WWW.HSBC.CA"
"769655","25289","13145","WWW.HSBC.CA"
"769655","25290","13146","WWW.HSBC.CA"
"777591","32037","16310","WWW.BUTLERCAP.COM"
"783147","27067","18922","WWW.TRADEWEB.COM"
"783147","27067","18922","WWW.BLOOMBERG.COM"
"783147","27067","18925","WWW.TRADEWEB.COM"
"783147","27067","18925","WWW.BLOOMBERG.COM"
"783147","27067","13282","WWW.MORGANMARKETS.COM"
"783147","27067","13284","WWW.BLOOMBERG.COM ""SEE PAGE MSSM"""
"775146","16619","5968","WWW.OPENWORLDINVESTING.COM"
"775146","16724","5995","WWW.OPENWORLDINVESTING.COM"
"784328","25291","13147","WWW.HSBC.CA"
"784328","45133","22053","WWW.HSBC.CA"
"784328","25255","12157","WWW.HSBC.CA"
"784328","25257","12449","WWW.HSBC.CA"
"784328","25259","12481","WWW.HSBC.CA"
"784328","25263","12492","WWW.HSBC.CA"
"784328","25264","12511","WWW.HSBC.CA"
"784328","25265","12826","WWW.HSBC.CA"
"784328","25268","13132","WWW.HSBC.CA"
"784328","25273","13137","WWW.HSBC.CA"
"784328","25275","13143","WWW.HSBC.CA"
"784328","25289","13145","WWW.HSBC.CA"
"784328","25290","13146","WWW.HSBC.CA"
"783785","18905","29146","HTTP://WWW.BRASSRINGCAPITAL.COM/"
"783785","18928","29147","HTTP://WWW.BRASSRINGCAPITAL.COM/"
"790645","46917","22762","WWW.ANCHORPE.COM"
"777594","57782","29359","HTTPS://MCP-AM.COM"
"777594","57781","29360","HTTPS://MCP-AM.COM"
"777594","57779","29308","HTTPS://MCP-AM.COM"
"777594","57776","29309","HTTPS://MCP-AM.COM"
"786773","26207","12476","WWW.APAMHK.COM"
"787688","58422","29182","HTTP://WWW.CORONADOINVESTMENTS.COM/"
"781632","57891","28904","HTTP://WWW.CCSTRATEGIC.COM/"
"793958","13310","4829","WWW.WFM.SE"
"795744","32777","16652","MM.JPMORGAN.COM"
"795744","32890","16662","MM.JPMORGAN.COM"
"802032","32037","16310","WWW.BUTLERCAP.COM"
"805865","51117","24768","WWW.HEDGEFUND.NET"
"786275","61302","30963","WWW.WFM.SC"
"786275","19135","30967","HTTP://WWW.PROSPERITYCAPITAL.COM/FUNDS~416.ASPX"
"786275","19151","30973","HTTP://WWW.PROSPERITYCAPITAL.COM/FUNDS~416.ASPX"
"786275","19147","30982","HTTP://WWW.PROSPERITYCAPITAL.COM/FUNDS~416.ASPX"
"786275","61302","30983","HTTP://WWW.PROSPERITYCAPITAL.COM/FUNDS~416.ASPX"
"786275","19151","16305","HTTP://WWW.EDMOND-DE-ROTHSCHILD.CO.UK/"
"786275","19135","16297","HTTP://WWW.EDMOND-DE-ROTHSCHILD.CO.UK/"
"791383","55411","27862","WWW.DCPLA.COM"
"808521","34060","17352","WWW.MVISION.COM"
"808521","34136","17358","WWW.MVISION.COM"
"808521","34188","17375","WWW.MVISION.COM"
"786622","16619","5968","WWW.OPENWORLDINVESTING.COM"
"786622","16724","5995","WWW.OPENWORLDINVESTING.COM"
"793404","61414","31028","WWW.HSBC.CA"
"793404","61296","30946","WWW.HSBC.CA"
"793404","25291","13147","WWW.HSBC.CA"
"793404","45133","22053","WWW.HSBC.CA"
"793404","25255","12157","WWW.HSBC.CA"
"793404","25257","12449","WWW.HSBC.CA"
"793404","25259","12481","WWW.HSBC.CA"
"793404","25263","12492","WWW.HSBC.CA"
"793404","25264","12511","WWW.HSBC.CA"
"793404","25265","12826","WWW.HSBC.CA"
"793404","25268","13132","WWW.HSBC.CA"
"793404","25273","13137","WWW.HSBC.CA"
"793404","25275","13143","WWW.HSBC.CA"
"793404","25289","13145","WWW.HSBC.CA"
"793404","25290","13146","WWW.HSBC.CA"
"796216","7713","9107","WWW.ORBISFUNDS.COM"
"796216","7713","9163","WWW.ORBISFUNDS.COM"
"776218","60985","30665","WWW.CENTENIUMADV.COM"
"776218","60985","30668","WWW.TRESTLEPOINT.COM"
"776218","57585","28787","WWW.CENTENIUMADV.COM"
"776218","57585","28788","WWW.TRESTLEPOINT.COM"
"804134","60785","30949","WWW.SECONDMARKET.COM"
"802982","15995","5727","HTTP://WWW.SAMENACAPITAL.COM/"
"802982","16002","5729","HTTP://WWW.SAMENACAPITAL.COM/"
"799678","27156","14804","WWW.RBS.COM/FUNDS"
"810735","51576","25160","WWW.FIRSTPOINTEQUITY.COM"
"783242","27067","18922","WWW.TRADEWEB.COM"
"783242","27067","18922","WWW.BLOOMBERG.COM"
"783242","27067","18925","WWW.TRADEWEB.COM"
"783242","27067","18925","WWW.BLOOMBERG.COM"
"783242","27067","13282","WWW.MORGANMARKETS.COM"
"783242","27067","13284","WWW.BLOOMBERG.COM ""SEE PAGE MSSM"""
"809606","30570","15705","WWW.LLOYDSBANK.COM/INTERNATIONAL"
"809606","30584","15729","WWW. LLOYDSBANK.COM/INTERNATIONAL"
"809606","30592","15739","WWW.LLOYDSBANK.COM/INTERNATIONAL"
"809606","30599","15747","WWW.LLOYDSBANK.COM/INTERNATIONAL"
"809606","30616","15753","WWW.LLOYDSBANK.COM/INTERNATIONAL"
"809606","30620","15764","WWW.LLOYDSBANK.COM/INTERNATIONAL"
"809606","30628","15769","WWW.LLOYDSBANK.COM/INTERNATIONAL"
"809606","30562","15701","WWW.LLOYDSBANK.COM/INTERNATIONAL"
"809606","30557","15700","WWW.LLOYDSBANK.COM/INTERNATIONAL"
"810924","41489","20535","WWW.GRIL.NET"
"810924","41512","20538","WWW.GRIL.NET"
"802198","61236","30893","ANGEL.CO"
"802198","61238","30895","ANGEL.CO"
"802198","61240","30896","ANGEL.CO"
"802198","61241","30900","ANGEL.CO"
"802198","61242","30901","ANGEL.CO"
"802198","61243","30902","ANGEL.CO"
"802198","61244","30904","ANGEL.CO"
"802198","61245","30905","ANGEL.CO"
"802198","61247","30906","ANGEL.CO"
"802198","61251","30908","ANGEL.CO"
"802198","61255","30913","ANGEL.CO"
"802198","61256","30914","ANGEL.CO"
"802198","61261","30917","ANGEL.CO"
"802198","61263","30919","ANGEL.CO"
"802198","61266","30923","ANGEL.CO"
"802198","61267","30924","ANGEL.CO"
"802198","63009","32276","ANGEL.CO"
"802198","63010","32277","ANGEL.CO"
"802198","63011","32278","ANGEL.CO"
"802198","63012","32279","ANGEL.CO"
"802198","63014","32281","ANGEL.CO"
"802198","61108","30782","ANGEL.CO"
"802198","61109","30783","ANGEL.CO"
"802198","61111","30794","ANGEL.CO"
"802198","61115","30795","ANGEL.CO"
"802198","61116","30796","ANGEL.CO"
"802198","61117","30797","ANGEL.CO"
"802198","61118","30798","ANGEL.CO"
"802198","61119","30799","ANGEL.CO"
"802198","61120","30800","ANGEL.CO"
"802198","61121","30801","ANGEL.CO"
"802198","61144","30811","ANGEL.CO"
"802198","61145","30812","ANGEL.CO"
"802198","61146","30813","ANGEL.CO"
"802198","61147","30814","ANGEL.CO"
"802198","61148","30815","ANGEL.CO"
"802198","61149","30816","ANGEL.CO"
"802198","61150","30817","ANGEL.CO"
"802198","61151","30818","ANGEL.CO"
"802198","61152","30819","ANGEL.CO"
"802198","61154","30820","ANGEL.CO"
"802198","61155","30821","ANGEL.CO"
"802198","61156","30822","ANGEL.CO"
"802198","61157","30823","ANGEL.CO"
"802198","61158","30824","ANGEL.CO"
"802198","61159","30825","ANGEL.CO"
"802198","61160","30826","ANGEL.CO"
"802198","61161","30827","ANGEL.CO"
"802198","61162","30828","ANGEL.CO"
"802198","61165","30829","ANGEL.CO"
"802198","61166","30830","ANGEL.CO"
"802198","61167","30831","ANGEL.CO"
"802198","61189","30839","ANGEL.CO"
"802198","61191","30840","ANGEL.CO"
"802198","61193","30841","ANGEL.CO"
"802198","61194","30842","ANGEL.CO"
"802198","61195","30843","ANGEL.CO"
"802198","61196","30844","ANGEL.CO"
"802198","61197","30845","ANGEL.CO"
"802198","61199","30847","ANGEL.CO"
"802198","61201","30848","ANGEL.CO"
"802198","61202","30849","ANGEL.CO"
"802198","61203","30850","ANGEL.CO"
"802198","61206","30852","ANGEL.CO"
"802198","61208","30853","ANGEL.CO"
"802198","61209","30855","ANGEL.CO"
"802198","61211","30857","ANGEL.CO"
"802198","61212","30858","ANGEL.CO"
"802198","61214","30859","ANGEL.CO"
"802198","61215","30860","ANGEL.CO"
"802198","61216","30862","ANGEL.CO"
"802198","61218","30864","ANGEL.CO"
"802198","61219","30865","ANGEL.CO"
"802198","61221","30867","ANGEL.CO"
"802198","61233","30891","ANGEL.CO"
"802198","61234","30892","ANGEL.CO"
"814039","57782","29359","HTTPS://MCP-AM.COM"
"814039","57781","29360","HTTPS://MCP-AM.COM"
"814039","57779","29308","HTTPS://MCP-AM.COM"
"814039","57776","29309","HTTPS://MCP-AM.COM"
"817718","7713","9107","WWW.ORBISFUNDS.COM"
"817718","7713","9163","WWW.ORBISFUNDS.COM"
"820434","46230","28833","HTTP://WWW.EVOJAPAN.COM/"
"817940","45488","22166","HTTP://CENTENIUMADV.COM/"
"815236","45088","22048","WWW.GRANTSAMUEL.COM.AU"
"824984","30570","15705","WWW.LLOYDSBANK.COM/INTERNATIONAL"
"824984","30584","15729","WWW. LLOYDSBANK.COM/INTERNATIONAL"
"824984","30592","15739","WWW.LLOYDSBANK.COM/INTERNATIONAL"
"824984","30599","15747","WWW.LLOYDSBANK.COM/INTERNATIONAL"
"824984","30616","15753","WWW.LLOYDSBANK.COM/INTERNATIONAL"
"824984","30620","15764","WWW.LLOYDSBANK.COM/INTERNATIONAL"
"824984","30628","15769","WWW.LLOYDSBANK.COM/INTERNATIONAL"
"824984","30562","15701","WWW.LLOYDSBANK.COM/INTERNATIONAL"
"824984","30557","15700","WWW.LLOYDSBANK.COM/INTERNATIONAL"
"825396","46230","28833","HTTP://WWW.EVOJAPAN.COM/"
"825051","35449","21123","WWW.FUND-CHANNEL.COM"
"826839","35449","21123","WWW.FUND-CHANNEL.COM"
"829682","23059","32932","HTTP://WWW.MCHINVESTMENTSTRATEGIES.ES"
"830126","64582","33056","HTTPS://WILLENBACHER-CONSULTING.AT"
"830126","64582","32967","HTTPS://MCHINVESTMENTSTRATEGIES.ES"
"830126","64582","32966","HTTPS://WWW.CAMPIONCAPITAL.COM"
"830126","64582","32968","HTTPS://TENEOPARTNERS.CO.JP"
"832227","24635","11471","WWW.STANWICHADVISORS.COM"
"809252","39845","19967","SEE NOTE"
"809252","42604","21137","SEE NOTE"
"827608","64490","33150","HTTPS://WWW.WINTONCAPITAL.COM/"
"827608","64490","33153","HTTPS://WWW.WINTONCAPITAL.COM"
"827608","64503","33156","HTTPS://WWW.WINTONCAPITAL.COM/"
"827608","64503","33157","HTTPS://WWW.WINTONCAPITAL.COM"
"827608","64504","33158","HTTPS://WWW.WINTONCAPITAL.COM"
"827608","64504","33159","HTTPS://WWW.WINTONCAPITAL.COM/"
"827608","64505","33160","HTTPS://WWW.WINTONCAPITAL.COM/"
"827608","64505","33161","HTTPS://WWW.WINTONCAPITAL.COM"
"837794","27067","18922","WWW.TRADEWEB.COM"
"837794","27067","18922","WWW.BLOOMBERG.COM"
"837794","27067","18925","WWW.TRADEWEB.COM"
"837794","27067","18925","WWW.BLOOMBERG.COM"
"837794","27067","13282","WWW.MORGANMARKETS.COM"
"837794","27067","13284","WWW.BLOOMBERG.COM ""SEE PAGE MSSM"""
"837744","44537","21754","WWW.SOM-CAP.COM"
"839336","27067","18922","WWW.TRADEWEB.COM"
"839336","27067","18922","WWW.BLOOMBERG.COM"
"839336","27067","18925","WWW.TRADEWEB.COM"
"839336","27067","18925","WWW.BLOOMBERG.COM"
"839336","27067","13282","WWW.MORGANMARKETS.COM"
"839336","27067","13284","WWW.BLOOMBERG.COM ""SEE PAGE MSSM"""
"844465","30570","15705","WWW.LLOYDSBANK.COM/INTERNATIONAL"
"844465","30584","15729","WWW. LLOYDSBANK.COM/INTERNATIONAL"
"844465","30592","15739","WWW.LLOYDSBANK.COM/INTERNATIONAL"
"844465","30599","15747","WWW.LLOYDSBANK.COM/INTERNATIONAL"
"844465","30616","15753","WWW.LLOYDSBANK.COM/INTERNATIONAL"
"844465","30620","15764","WWW.LLOYDSBANK.COM/INTERNATIONAL"
"844465","30628","15769","WWW.LLOYDSBANK.COM/INTERNATIONAL"
"844465","30562","15701","WWW.LLOYDSBANK.COM/INTERNATIONAL"
"844465","30557","15700","WWW.LLOYDSBANK.COM/INTERNATIONAL"
"843814","45088","22048","WWW.GRANTSAMUEL.COM.AU"
"846421","30584","15729","WWW. LLOYDSBANK.COM/INTERNATIONAL"
"846421","30592","15739","WWW.LLOYDSBANK.COM/INTERNATIONAL"
"846421","30599","15747","WWW.LLOYDSBANK.COM/INTERNATIONAL"
"846421","30616","15753","WWW.LLOYDSBANK.COM/INTERNATIONAL"
"846421","30620","15764","WWW.LLOYDSBANK.COM/INTERNATIONAL"
"846421","30628","15769","WWW.LLOYDSBANK.COM/INTERNATIONAL"
"846421","30562","15701","WWW.LLOYDSBANK.COM/INTERNATIONAL"
"846421","30557","15700","WWW.LLOYDSBANK.COM/INTERNATIONAL"
"846421","30570","15705","WWW.LLOYDSBANK.COM/INTERNATIONAL"
"846229","54680","33642","WWW.303CAPITAL.COM"
"846229","54697","33643","WWW.303CAPITAL.COM"
"842055","65743","33539","VARIOUS"
"842055","30125","15381","VARIOUS"
"842055","29091","15116","VARIOUS"
"842055","29752","15174","VARIOUS"
"842055","29966","15295","VARIOUS"
"842055","30068","15331","VARIOUS"
"842055","30182","15577","VARIOUS"
"842055","30407","15579","VARIOUS"
"842055","30459","15641","VARIOUS"
"842055","30507","15667","VARIOUS"
"842055","30611","15751","VARIOUS"
"842055","30665","15843","VARIOUS"
"842055","30910","15931","VARIOUS"
"842055","30956","15940","VARIOUS"
"852445","7713","9107","WWW.ORBISFUNDS.COM"
"852445","7713","9163","WWW.ORBISFUNDS.COM"
"852459","7713","9107","WWW.ORBISFUNDS.COM"
"852459","7713","9163","WWW.ORBISFUNDS.COM"
"855684","46230","28833","HTTP://WWW.EVOJAPAN.COM/"
"855689","46230","28833","HTTP://WWW.EVOJAPAN.COM/"
"857948","64490","33150","HTTPS://WWW.WINTONCAPITAL.COM/"
"857948","64490","33153","HTTPS://WWW.WINTONCAPITAL.COM"
"857948","64503","33156","HTTPS://WWW.WINTONCAPITAL.COM/"
"857948","64503","33157","HTTPS://WWW.WINTONCAPITAL.COM"
"857948","64504","33158","HTTPS://WWW.WINTONCAPITAL.COM"
"857948","64504","33159","HTTPS://WWW.WINTONCAPITAL.COM/"
"857948","64505","33160","HTTPS://WWW.WINTONCAPITAL.COM/"
"857948","64505","33161","HTTPS://WWW.WINTONCAPITAL.COM"
"860503","45488","22166","HTTP://CENTENIUMADV.COM/"
"849460","16619","5968","WWW.OPENWORLDINVESTING.COM"
"849460","16724","5995","WWW.OPENWORLDINVESTING.COM"
"872406","55411","27862","WWW.DCPLA.COM"
"872861","24635","11471","WWW.STANWICHADVISORS.COM"
"869365","26207","12476","WWW.APAMHK.COM"
"875984","18905","29146","HTTP://WWW.BRASSRINGCAPITAL.COM/"
"875984","18928","29147","HTTP://WWW.BRASSRINGCAPITAL.COM/"
"850570","67734","34683","HTTP://WWW.BUTTONWOODGROUPADVISORS.COM/"
"850570","67735","34684","HTTP://WWW.BUTTONWOODGROUPADVISORS.COM/"
"850570","67810","34673","HTTP://WWW.BUTTONWOODGROUPADVISORS.COM/"
"850570","67811","34681","HTTP://WWW.BUTTONWOODGROUPADVISORS.COM/"
"872907","46917","22762","WWW.ANCHORPE.COM"
"880144","30584","15729","WWW. LLOYDSBANK.COM/INTERNATIONAL"
"880144","30599","15747","WWW.LLOYDSBANK.COM/INTERNATIONAL"
"880144","30616","15753","WWW.LLOYDSBANK.COM/INTERNATIONAL"
"880144","30620","15764","WWW.LLOYDSBANK.COM/INTERNATIONAL"
"880144","30628","15769","WWW.LLOYDSBANK.COM/INTERNATIONAL"
"882088","68935","35005","WWW.RULE501.COM"
