"FilingID","SEC File Number"
"1004248","811-22445"
"1007660","811-21949"
"1007660","811-05482"
"1007660","811-00642"
"1007660","811-07507"
"1007660","811-01236"
"1007660","811-05689"
"1007660","811-05655"
"1007660","811-02671"
"1007660","811-03657"
"1007660","811-08382"
"1007660","811-05767"
"1007660","811-05002"
"1007660","811-06103"
"1007660","811-05076"
"1007660","811-05970"
"1007660","811-06073"
"1007660","811-03196"
"1007660","811-06671"
"1007660","811-06698"
"1007660","811-04670"
"1007660","811-04049"
"1007660","811-06071"
"1007660","811-02527"
"1007660","811-00042"
"1007660","811-03495"
"1007660","811-08606"
"1007660","811-05896"
"1007660","811-03632"
"1007660","811-05385"
"1007660","811-04257"
"1008746","811-08104"
"1008726","811-81106707"
"1009481","811-06114"
"1010413","811-05186"
"1010413","811-03836"
"1010413","811-22495"
"1010413","811-05823"
"1010413","811-07953"
"1010413","811-08194"
"1010413","811-06618"
"1010413","811-10267"
"1010413","811-04676"
"1010413","811-04615"
"1010413","811-00558"
"1010413","811-07589"
"1010413","811-08629"
"1010413","811-08918"
"1010413","811-8817"
"1010413","811-07428"
"1010413","811-10041"
"1010413","811-08894"
"1010413","811-21779"
"1010413","811-22441"
"1010413","811-04146"
"1010413","811-08090"
"1010413","811-08274"
"1010413","811-08261"
"1010413","811-02224"
"1010413","811-03213"
"1010413","811-21407"
"1010413","811-22329"
"1010413","811-22374"
"1010413","811-21335"
"1010413","811-07572"
"1010413","811-03175"
"1010413","811-07725"
"1010413","811-03451"
"1010413","811-05601"
"1010413","811-07257"
"1010413","811-04878"
"1010413","811-08727"
"1010413","811-21482"
"1010413","811-04556"
"1010413","811-08272"
"1010413","811-04419"
"1010413","811-04815"
"1010413","811-07852"
"1010413","811-03738"
"1010413","811-08789"
"1010413","811-01530"
"1010413","811-05445"
"1010413","811-02368"
"1010413","811-05628"
"1010413","811-01685"
"1010413","811-3916"
"1010413","811-0296899"
"1010413","811-05962"
"1010413","811-01766"
"1010413","811-00121"
"1010413","811-07443"
"1010413","811-00834"
"1010413","811-01027"
"1010413","811-08941"
"1010413","811-03153"
"1010413","811-07704"
"1010413","811-22811"
"1010413","811-4801"
"1010413","811-22743"
"1010413","811-22708"
"1010413","811-22865"
"1010413","811-005600"
"1010413","811-07763"
"1010413","811-03990"
"1010413","811-22641"
"1010413","811-09253"
"1010413","811-21777"
"1010413","811-10183"
"1010413","811-03618"
"1010413","811-10401"
"1015901","811-10401"
"1016412","811-05426"
"1017154","811-22743"
"1008363","811-07257"
"1008363","811-04878"
"1022527","811-04915"
"1022527","811-06416"
"1022527","811-07358"
"1022527","811-22533"
"1022527","811-07455"
"1022527","811-04642"
"1022527","811-21680"
"1022527","811-22958"
"1022527","811-22906"
"1024828","811-3023"
"1024828","811-9253"
"1024828","811-9689"
"1024631","811-21720"
"1024278","811-04254"
"1024278","811-06740"
"1024278","811-06310"
"1024278","811-06110"
"1024278","811-10407"
"1024278","811-21864"
"1024278","811-05141"
"1024278","811-10603"
"1024278","811-21337"
"1024278","811-21343"
"1024278","811-21609"
"1024278","811-22265"
"1024278","811-22294"
"1024278","811-22334"
"1024278","811-22444"
"1024278","811-7686"
"1024278","811-7994"
"1024278","811-8092"
"1024278","811-8709"
"1026752","811-2229"
"1007860","811-22924"
"1006821","811-4052"
"1006821","811-4254"
"1006821","811-5497"
"1006821","811-5812"
"1006821","811-6110"
"1006821","811-6310"
"1006821","811-6444"
"1006821","811-6506"
"1006821","811-6629"
"1006821","811-6740"
"1006821","811-7362"
"1006821","811-7396"
"1006821","811-7686"
"1006821","811-7920"
"1006821","811-7994"
"1006821","811-8092"
"1006821","811-8709"
"1006821","811-8985"
"1006821","811-10407"
"1006821","811-21098"
"1006821","811-21128"
"1006821","811-21337"
"1006821","811-21343"
"1006821","811-21467"
"1006821","811-21609"
"1006821","811-22265"
"1006821","811-22294"
"1006821","811-22334"
"1006821","811-22338"
"1006821","811-22369"
"1006821","811-22444"
"1006821","811-22491"
"1006821","811-22546"
"1006821","811-22405"
"1006821","811-22693"
"1006821","811-22734"
"1006821","811-22805"
"1006821","811-22628"
"1006821","811-22836"
"1006821","811-22850"
"1006821","811-22910"
"1006821","811-22582"
"1008310","811-7123"
"1008310","811-22912"
"1008310","811-00524"
"1008310","811-5125"
"1008310","811-04813"
"1008310","811-7123"
"1008697","811-22926"
"1008697","811-22925"
"1011490","811-22221"
"1011674","811-05426"
"1011674","811-06463"
"1011381","811-22380"
"1011381","811-01545"
"1011381","811-22648"
"1011381","811-05514"
"1011381","811-22596"
"1012029","811-01400"
"1012029","811-06453"
"1012029","811-07205"
"1012029","811-00215"
"1012029","811-00649"
"1012029","811-00790"
"1012029","811-01193"
"1012029","811-01352"
"1012029","811-01796"
"1012029","811-02105"
"1012029","811-02460"
"1012029","811-02546"
"1012029","811-02628"
"1012029","811-02676"
"1012029","811-02737"
"1012029","811-02741"
"1012029","811-02841"
"1012029","811-02861"
"1012029","811-02890"
"1012029","811-03221"
"1012029","811-03320"
"1012029","811-03329"
"1012029","811-03361"
"1012029","811-03455"
"1012029","811-03518"
"1012029","811-03583"
"1012029","811-03587"
"1012029","811-03723"
"1012029","811-03725"
"1012029","811-03737"
"1012029","811-03785"
"1012029","811-03855"
"1012029","811-04008"
"1012029","811-04085"
"1012029","811-04118"
"1012029","811-04707"
"1012029","811-05251"
"1012029","811-05511"
"1012029","811-05629"
"1012029","811-06397"
"1012029","811-06398"
"1012029","811-06452"
"1012029","811-06454"
"1012029","811-07139"
"1012029","811-05361"
"1013390","811-09997"
"1013390","811-07572"
"1013390","811-22811"
"1013390","811-06400"
"1013390","811-8764"
"1022452","811-03153"
"1022452","811-07443"
"1022452","811-08228"
"1022452","811-01530"
"1022452","811-21586"
"1022452","811-21719"
"1018368","811-994"
"1024251","811-22440"
"1024251","811-212720"
"1009353","811-05601"
"1009353","811-07257"
"1009353","811-22538"
"1009353","811-05514"
"1016268","811-22172"
"1018266","811-22440"
"1018266","811-212720"
"1007939","811-21720"
"1007739","811-21779"
"1007739","811-21777"
"1007739","811-04146"
"1008348","811-22466"
"1008348","811-22516"
"1008348","811-22517"
"1008445","811-01090"
"1009214","811-06318"
"1013768","811-22209"
"1015773","811-22177"
"1018079","811-04915"
"1018079","811-06416"
"1018079","811-07358"
"1018079","811-22533"
"1018079","811-07455"
"1018079","811-04642"
"1018079","811-21680"
"1018079","811-22958"
"1018079","811-22906"
"1022156","811-04801"
"1022156","811-04708"
"1022156","811-03807"
"1022156","811-07797"
"1022156","811-21482"
"1022156","811-03836"
"1022156","811-07725"
"1022156","811-07238"
"1022156","811-03738"
"1022156","811-08727"
"1022156","811-08789"
"1022333","811-03738"
"1022333","811-08789"
"1023455","811-4338"
"1023455","811-4767"
"1023455","811-7470"
"1025470","811-04878"
"1025470","811-07257"
"1025470","811-21777"
"1024277","811-10263"
"1025635","811-23016"
"1025641","811-21872"
"1025546","811-05742"
"1025677","811-22509"
"1025781","811-9689"
"1025781","811-9253"
"1025781","811-9255"
"1025781","811-21806"
"1025781","811-21269"
"1025781","811-22005"
"1025781","811-21331"
"1025781","811-21507"
"1025915","811-23084"
"1025945","811-09253"
"1026041","811-07102"
"1009514","811-04708"
"1009514","811-03738"
"1009514","811-08789"
"1009514","811-07725"
"1009514","811-07238"
"1009514","811-22613"
"1009514","811-21965"
"1009514","811-04556"
"1009514","811-04419"
"1009514","811-08194"
"1017846","811-21853"
"1017856","811-22110"
"1004698","811-00642"
"1007589","811-06400"
"1007589","811-04556"
"1012276","811-3940"
"1018296","811-01236"
"1019051","811-07959"
"1020111","811-8270"
"1020111","811-10027"
"1020111","811-8073"
"1020111","811-02224"
"1021148","811-2123"
"1022072","811-07959"
"1022262","811-05426"
"1022209","811-09301"
"1022209","811-08961"
"1022209","811-08520"
"1023217","811-22069"
"1023217","811-22386"
"1023217","811-22476"
"1023217","811-22475"
"1023217","811-22816"
"1023217","811-22815"
"1023217","811-22814"
"1023217","811-22474"
"1023772","811-1027"
"1023772","811-3916"
"1023772","811-02968"
"1023772","811-5962"
"1023772","811-21991"
"1025827","811-21872"
"1025827","814-00710"
"1010404","811-9391"
"1011083","811-22655"
"1010893","811-22794"
"1010893","811-06719"
"1011436","811-06557"
"1014554","811-07513"
"1014704","811-07168"
"1014704","811-21237"
"1015777","814-00971"
"1013552","811-04894"
"1013552","811-05583"
"1013552","811-05878"
"1013552","811-07953"
"1013552","811-05141"
"1013552","811-07238"
"1013552","811-22865"
"1016484","811-4255"
"1016484","811-21715"
"1016484","811-07912"
"1015009","811-01027"
"1015009","811-21732"
"1015009","811-07257"
"1015009","811-04878"
"1015009","811-05962"
"1015009","811-08090"
"1015009","811-08274"
"1015009","811-08764"
"1015009","811-06318"
"1015009","811-07972"
"1015009","811-04413"
"1015009","811-08457"
"1015009","811-06324"
"1015009","811-06322"
"1015009","811-05162"
"1015009","811-04547"
"1015009","811-10263"
"1015009","811-22525"
"1016379","811-4984"
"1012571","811-22842"
"1017656","811-80205486"
"1019304","811-099997"
"1012490","811-03373"
"1027138","811-21079"
"1027138","811-21895"
"1027138","811-22251"
"1027138","811-21666"
"1025865","811-21571"
"1025316","811-22743"
"1011814","811-08239"
"1011814","811-04419"
"1017093","811-7445"
"1017093","811-3451"
"1017093","811-5601"
"1017093","811-4878"
"1017093","811-3231"
"1017093","811-3447"
"1017093","811-7257"
"1017093","811-22107"
"1017093","811-22480"
"1017093","811-9025"
"1017093","811-22862"
"1017093","811-23015"
"1018250","811-22440"
"1018250","811-212720"
"1019649","811-22743"
"1019649","811-22743"
"1023116","811-6719"
"1023352","811-7123"
"1023352","811-9903"
"1023352","811-21035"
"1023352","811-3081"
"1023352","811-6604"
"1023352","811-2653"
"1023352","811-4175"
"1023352","811-523"
"1023352","811-1018"
"1023352","811-3964"
"1023352","811-6474"
"1023352","811-8703"
"1023352","811-5883"
"1023352","811-21075"
"1023352","811-8211"
"1023352","811-22169"
"1023352","811-3721"
"1023352","811-7502"
"1023352","811-6718"
"1023352","811-4813"
"1023352","811-8673"
"1023352","811-5202"
"1023352","811-524"
"1023352","811-2410"
"1023352","811-21386"
"1023352","811-21327"
"1023352","811-6325"
"1023352","811-4764"
"1023352","811-6172"
"1023352","811-6377"
"1023352","811-5652"
"1023352","811-5454"
"1023352","811-5527"
"1023352","811-5160"
"1023352","811-4765"
"1023352","811-6395"
"1023352","811-3726"
"1023352","811-9891"
"1023352","811-3757"
"1023352","811-4215"
"1023352","811-6490"
"1023352","811-5021"
"1023352","811-7512"
"1023352","811-1899"
"1023352","811-4888"
"1023352","811-7044"
"1023352","811-4906"
"1023352","811-5719"
"1023352","811-5877"
"1023352","811-05245"
"1023352","811-3954"
"1023352","811-2192"
"1023352","811-4723"
"1023352","811-5718"
"1023352","811-4428"
"1023352","811-4429"
"1023352","811-5125"
"1023352","811-4871"
"1023352","811-3456"
"1023352","811-3207"
"1023352","811-3481"
"1023352","811-4870"
"1023352","811-3940"
"1023352","811-7953"
"1023352","811-22784"
"1023352","811-22912"
"1023352","811-21236"
"1023352","811-23036"
"1018699","811-08685"
"1018699","811-22552"
"1023954","811-22668"
"1024350","811-994"
"1021281","811-22321"
"1021281","811-0383301"
"1025250","811-07619"
"1025250","811-21979"
"1025250","811-21407"
"1025250","811-22058"
"1025250","811-21471"
"1025250","811-21293"
"1025250","811-21732"
"1025250","811-07076"
"1025250","811-22820"
"1025871","811-22743"
"1025932","811-21720"
"1026011","811-09253"
"1025270","811-22747"
"989699","811-03143"
"989699","811-06336"
"989699","811-21779"
"1008365","811-07737"
"994330","811-22925"
"1008500","811-05992"
"1009142","814-00827"
"1010562","811-22794"
"1010562","811-06719"
"1010904","811-07343"
"1010904","811-03981"
"1010904","811-05186"
"1010904","811-03623"
"1010904","811-07257"
"1010904","811-04878"
"1010904","811-04419"
"1010904","811-09805"
"1010904","811-06677"
"1010904","811-09101"
"1010904","811-08085"
"1010904","811-08565"
"1010904","811-08915"
"1010904","811-07064"
"1010817","811-21993"
"1010952","811-07168"
"1010952","811-21237"
"1012375","811-2123"
"1023267","811-22549"
"1023267","811-21853"
"1021262","811-05518"
"1019850","811-22895"
"1008758","811-22925"
"1008393","811-9869"
"1008393","811-10157"
"1008393","811-1700"
"1008393","811-1608"
"1008393","811-4986"
"1008393","811-2790"
"1008393","811-4356"
"1008393","811-537"
"1008393","811-3395"
"1008393","811-2605"
"1008393","811-6481"
"1008393","811-3479"
"1008393","811-4787"
"1008393","811-7288"
"1008393","811-6243"
"1008393","811-4149"
"1008393","811-7851"
"1008393","811-4450"
"1008393","811-6336"
"1008393","811-21357"
"1008393","811-8962"
"1008393","811-5583"
"1008393","811-5569"
"1008393","811-4267"
"1008393","811-7866"
"1008393","811-4706"
"1008393","811-5459"
"1008393","811-7038"
"1008393","811-8226"
"1008393","811-4984"
"1008393","811-05186"
"1008393","811-10509"
"1008393","811-09491"
"1008393","811-07953"
"1008393","811-21744"
"1008393","811-03364"
"1008393","811-10267"
"1008393","811-5629"
"1008393","811-8894"
"1008393","811-04146"
"1008393","811-08090"
"1008393","811-21732"
"1008393","811-03618"
"1008393","811-07912"
"1008393","811-04279"
"1008393","811-03738"
"1008393","811-22801"
"1008731","811-03364"
"1008891","811-01879"
"1009557","811-06400"
"1008585","811-22172"
"1010298","814-00789"
"1010298","811-22874"
"1010252","811-23025"
"1015852","811-7458"
"1019025","811-05629"
"1019025","811-01400"
"1019025","811-07205"
"1019025","811-00215"
"1019025","811-00649"
"1019025","811-00790"
"1019025","811-01193"
"1019025","811-01352"
"1019025","811-02546"
"1019025","811-02676"
"1019025","811-02737"
"1019025","811-02841"
"1019025","811-03010"
"1019025","811-03114"
"1019025","811-03221"
"1019025","811-03329"
"1019025","811-03466"
"1019025","811-03583"
"1019025","811-03587"
"1019025","811-03759"
"1019025","811-03785"
"1019025","811-03855"
"1019025","811-04008"
"1019025","811-04085"
"1019025","811-04118"
"1019025","811-04707"
"1019025","811-05251"
"1019025","811-05361"
"1019025","811-05511"
"1019025","811-21667"
"1019025","811-01796"
"1019025","811-02105"
"1019025","811-22796"
"1025445","811-10303"
"1007848","811-21872"
"1010093","811-06111"
"1010115","811-21991"
"1010115","811-04556"
"1010115","811-04338"
"1010115","811-07470"
"1010115","811-22842"
"1010115","811-06400"
"1010218","811-22153"
"1010218","811-06318"
"1010218","811-03153"
"1010218","811-23011"
"1010218","811-22838"
"1015836","811-22143"
"1016308","811-21475"
"1016308","811-06520"
"1016308","811-07168"
"1016308","811-05371"
"1016308","811-10263"
"1015941","811-2229"
"1015949","811-05823"
"1017413","814-00646"
"1017413","811-22481"
"1017413","811-22591"
"1017457","811-21720"
"1017488","811-1241"
"1019633","811-22641"
"1026238","811-81103541"
"1026300","811-22525"
"1026343","811-7527"
"1026370","811-7527"
"1009716","811-81103541"
"1008354","811-07572"
"1008354","811-21082"
"1008354","811-21137"
"1008354","811-21242"
"1008354","811-03447"
"1008354","811-07572"
"1008354","811-01944"
"1008354","811-07572"
"1012536","811-23043"
"1014137","811-22454"
"1014137","811-22685"
"1014137","811-22527"
"1016196","811-02409"
"1017142","811-22634"
"1017142","811-22792"
"1017142","811-22635"
"1017142","811-22792"
"1008719","811-00214"
"1008719","811-09917"
"1017528","811-21260"
"1017528","811-06260"
"1017939","811-21715"
"1017939","811-22743"
"1019740","811-4017"
"1019740","811-8042"
"1019740","811-7141"
"1019740","811-08274"
"1019740","811-03015"
"1019740","811-09491"
"1019740","811-1"
"1020686","811-7959"
"1015636","811-08542"
"1020514","811-21872"
"1021470","811-21872"
"1023080","811-23084"
"1023323","811-06400"
"1024609","811-06400"
"1024704","811-03153"
"1024704","811-08236"
"1024704","811-07572"
"1024704","811-22747"
"1025553","811-08839"
"1021251","811-22708"
"1023556","811-22842"
"1008266","811-07455"
"1008266","811-00945"
"1008266","811-04642"
"1008766","811-03006"
"1008766","811-05979"
"1008766","811-01677"
"1008766","811-02485"
"1008766","811-00560"
"1008766","811-03999"
"1008766","811-04630"
"1008766","811-05968"
"1008766","811-03392"
"1008766","811-02402"
"1008766","811-04651"
"1008766","811-05079"
"1008766","811-08568"
"1008766","811-22586"
"1008766","811-22587"
"1008766","811-22441"
"1008766","811-04186"
"1008766","811-04173"
"1008766","811-21131"
"1008766","811-21202"
"1008766","811-21287"
"1008766","811-22675"
"1008766","811-21416"
"1008766","811-22056"
"1008766","811-05908"
"1008766","811-22733"
"1008766","811-22303"
"1008766","811-21779"
"1008766","811-21777"
"1008766","811-4079"
"1008792","811-04146"
"1009876","811-22655"
"1009890","811-81103541"
"1002503","811-22378"
"1002503","811-22791"
"1002503","811-7763"
"1002503","811-22592"
"1002503","811-21720"
"1002503","811-21934"
"1002503","811-22486"
"1002503","811-8004"
"1002503","811-22613"
"1002503","811-22959"
"1002503","811-07953"
"1002503","811-08894"
"1002503","811-21714"
"1002503","811-07076"
"1002503","811-22542"
"1018190","811-3153"
"1018190","811-5371"
"1018190","811-0321"
"1018867","811-21872"
"1019555","811-21719"
"1016540","811-07820"
"1019609","811-22509"
"1019752","811-21720"
"1019985","811-4338"
"1019985","811-4767"
"1019985","811-7470"
"1020398","811-21719"
"1022244","811-03618"
"1022244","811-10183"
"1022854","811-23036"
"1022854","811-0315"
"1022854","811-05371"
"1025416","811-08194"
"1025808","811-22338"
"1022141","811-04146"
"1022141","811-21779"
"1022141","811-07257"
"1022141","811-04878"
"1022141","811-04556"
"1022141","811-05141"
"1022141","811-05186"
"1022141","811-06444"
"1022141","811-07852"
"1022141","811-10385"
"1022141","811-22338"
"1022141","811-04419"
"1022141","811-21128"
"1022141","811-23096"
"1022141","811-07953"
"1026899","811-22069"
"1026899","811-22386"
"1026899","811-22476"
"1026899","811-22475"
"1026899","811-22816"
"1026899","811-22815"
"1026899","811-22814"
"1026899","811-22474"
"1022338","814-00897"
"1022338","811-21992"
"1022353","811-22298"
"1027118","811-10263"
"1027118","811-04254"
"1027118","811-06740"
"1027118","811-06310"
"1027118","811-03618"
"1027118","811-05186"
"1027118","811-07257"
"1027118","811-04878"
"1027118","811-06110"
"1027118","811-07917"
"1027118","811-10407"
"1027118","811-21864"
"1027118","811-04146"
"1027118","811-08274"
"1027118","811-09025"
"1027118","811-05141"
"1027118","811-02351"
"1027118","811-10603"
"1027118","811-21337"
"1027118","811-21343"
"1027118","811-21403"
"1027118","811-21467"
"1027118","811-21477"
"1027118","811-21609"
"1027118","811-21779"
"1027118","811-22265"
"1027118","811-22294"
"1027118","811-22334"
"1027118","811-22369"
"1027118","811-22444"
"1027118","811-22734"
"1027118","811-7396"
"1027118","811-7686"
"1027118","811-7920"
"1027118","811-7994"
"1027118","811-8092"
"1027118","811-8709"
"1027118","811-22338"
"1026225","811-22924"
"1027164","811-22110"
"1026828","811-22549"
"1026828","811-22756"
"1009926","811-07972"
"1009926","811-02806"
"1009926","811-00249"
"1009926","811-00750"
"1009926","811-04413"
"1009926","811-04997"
"1009926","811-08457"
"1009926","811-06324"
"1009926","811-04304"
"1009926","811-02071"
"1009926","811-03363"
"1009926","811-02715"
"1009926","811-03850"
"1009926","811-06322"
"1009926","811-05162"
"1009926","811-21335"
"1009926","811-07742"
"1009926","811-04547"
"1009926","811-03910"
"1009926","811-22050"
"1009926","811-07810"
"1009926","811-07410"
"1009926","811-07420"
"1009926","811-04973"
"1009926","811-04364"
"1009926","811-07460"
"1009926","811-10401"
"1009926","811-08236"
"1009926","811-08228"
"1009926","811-08090"
"1009926","811-07428"
"1009926","811-07257"
"1009926","811-06318"
"1009926","811-05601"
"1009926","811-04878"
"1009926","811-03447"
"1009926","811-03153"
"1009926","811-10267"
"1009926","811-03990"
"1009926","811-04989"
"1009926","811-10183"
"1027217","811-22525"
"1022763","811-21965"
"1022763","811-21964"
"1022763","811-21963"
"1022763","811-22552"
"1022763","811-22358"
"1022763","811-07923"
"1027239","811-21965"
"1027239","811-21964"
"1027239","811-21963"
"1027239","811-22552"
"1027239","811-22358"
"1027239","811-07923"
"1005361","811-21172"
"1027289","811-07142"
"1027293","811-03153"
"1027293","811-05371"
"1007838","811-22894"
"1007602","811-22492"
"1008274","811-22027"
"1008274","811-22648"
"999570","811-10401"
"999570","811-22912"
"1009036","811-22897"
"1011167","811-08495"
"1016261","811-22549"
"1016273","811-22549"
"1016640","811-22263"
"1016640","811-22700"
"1016640","811-22668"
"1016666","811-22655"
"1015678","814-00932"
"1018134","811-21720"
"1018391","811-03006"
"1018391","811-05979"
"1018391","811-01677"
"1018391","811-02485"
"1018391","811-00560"
"1018391","811-03999"
"1018391","811-04630"
"1018391","811-05968"
"1018391","811-03392"
"1018391","811-02402"
"1018391","811-04651"
"1018391","811-05079"
"1018391","811-08568"
"1018391","811-22586"
"1018391","811-22587"
"1018391","811-22441"
"1018391","811-04186"
"1018391","811-04173"
"1018391","811-21131"
"1018391","811-21202"
"1018391","811-21287"
"1018391","811-22675"
"1018391","811-21416"
"1018391","811-22056"
"1018391","811-05908"
"1018391","811-22733"
"1018391","811-22303"
"1018391","811-21779"
"1018391","811-21777"
"1018391","811-4079"
"1019431","811-58433"
"1019431","811-07447"
"1017063","811-07572"
"1018018","811-04661"
"1018018","811-09101"
"1018018","811-04024"
"1018018","811-04930"
"1018018","811-02992"
"1018018","811-03712"
"1018018","811-02896"
"1018018","811-05594"
"1018018","811-07215"
"1018018","811-02619"
"1018018","811-09999"
"1018018","811-03981"
"1018018","811-03422"
"1018018","811-03623"
"1018018","811-05186"
"1018018","811-22724"
"1018018","811-22632"
"1018018","811-09805"
"1018018","811-07343"
"1018018","811-08565"
"1018018","811-08915"
"1018018","811-07064"
"1022961","811-22310"
"1022982","814-00646"
"1022982","811-22481"
"1022982","811-22591"
"1023029","811-3153"
"1023029","811-5371"
"1023029","811-0321"
"1024474","811-06520"
"1023170","811-01436"
"1023170","811-01597"
"1023170","811-21662"
"1016989","811-22882"
"1018703","811-10183"
"1018703","811-05186"
"1018703","811-22127"
"1018703","811-04603"
"1018703","811-21991"
"1018703","811-09491"
"1018703","811-07238"
"1018703","811-04279"
"1018703","811-02993"
"1018703","811-03990"
"1018789","811-22127"
"1018789","811-08104"
"1018789","811-04984"
"1018789","811-07168"
"1018789","811-03651"
"1018789","811-22613"
"1018789","811-05629"
"1018789","811-08416"
"1018789","811-08236"
"1020580","811-22628"
"1020580","811-06444"
"1020580","811-22836"
"1020580","811-21128"
"1018738","811-07455"
"1018738","811-58433"
"1018738","811-07704"
"1018738","811-22882"
"1011808","811-21114"
"1016567","811-22897"
"1016806","811-22438"
"1016806","811-08817"
"1016806","811-08895"
"1016806","811-21786"
"1016806","811-22144"
"1016806","811-22051"
"1016806","811-05629"
"1016806","811-07428"
"1016806","811-08319"
"1016806","811-05410"
"1016806","811-21938"
"1016806","811-10223"
"1016806","811-22025"
"1016806","811-06352"
"1016806","811-08934"
"1016806","811-02514"
"1016806","811-07651"
"1016806","811-08220"
"1016806","811-05773"
"1016806","811-02361"
"1016806","811-02565"
"1016806","811-22004"
"1016806","811-21553"
"1008405","811-04980"
"1008405","811-07170"
"1008405","811-10263"
"1008405","811-04809"
"1008405","811-04537"
"1008405","811-22127"
"1008405","811-23025"
"1008405","811-22959"
"1008405","811-10183"
"1008405","811-03153"
"1008609","811-04980"
"1008609","811-07170"
"1008609","811-10263"
"1008609","811-04809"
"1008609","811-04537"
"1008609","811-22127"
"1008609","811-23025"
"1008609","811-22959"
"1008609","811-10183"
"1008609","811-03153"
"1008914","811-03153"
"1010495","811-04984"
"1010495","811-22127"
"1010501","811-8690"
"1010568","811-05629"
"1010568","811-01400"
"1010568","811-07205"
"1010568","811-00215"
"1010568","811-00649"
"1010568","811-00790"
"1010568","811-01193"
"1010568","811-01352"
"1010568","811-02546"
"1010568","811-02676"
"1010568","811-02737"
"1010568","811-02841"
"1010568","811-03010"
"1010568","811-03114"
"1010568","811-03221"
"1010568","811-03329"
"1010568","811-03466"
"1010568","811-03583"
"1010568","811-03587"
"1010568","811-03759"
"1010568","811-03785"
"1010568","811-03855"
"1010568","811-04008"
"1010568","811-04085"
"1010568","811-04118"
"1010568","811-04707"
"1010568","811-05251"
"1010568","811-05361"
"1010568","811-05511"
"1010568","811-21667"
"1010568","811-01796"
"1010568","811-02105"
"1010568","811-22796"
"1013762","811-8117254"
"1013740","814-00841"
"1013740","811-22802"
"1013957","811-7959"
"1013957","811-08274"
"1013957","811-08236"
"1017259","814-00908"
"1017653","811-21422"
"1017653","811-08021"
"1017653","811-08495"
"1017653","811-22613"
"1017419","814-00646"
"1017419","811-22481"
"1017419","811-22591"
"1019085","811-06400"
"1019085","811-04556"
"1020012","811-03153"
"1020012","811-06400"
"1021253","811-04438"
"1021253","811-06342"
"1021253","811-04611"
"1021253","811-08266"
"1021253","811-08050"
"1021253","811-06115"
"1021253","811-06024"
"1021253","811-06674"
"1021256","811-22406"
"1021256","811-22918"
"1024775","811-8977"
"1024775","811-10267"
"1024775","811-22486"
"1020343","811-05992"
"1020343","811-08002"
"1020343","811-22920"
"1007486","811-22990"
"1008042","811-04692"
"1010015","811-01596"
"1010015","811-08544"
"1010015","811-01735"
"1010015","811-00852"
"1010015","811-03896"
"1010015","811-01731"
"1010530","811-9195"
"1010214","811-09134"
"1009722","811-21991"
"1010659","811-7685"
"1010659","811-21732"
"1007716","811-21960"
"1007716","811-21992"
"1007716","814-00899"
"1007716","814-00897"
"1017509","811-05037"
"1019930","811-22680"
"1020242","811-05037"
"1017273","811-07257"
"1017273","811-21732"
"1017273","811-23015"
"1020278","811-06096"
"1027053","811-7123"
"1027053","811-22912"
"1027053","811-00524"
"1027053","811-5125"
"1027053","811-04813"
"1027053","811-7123"
"1013066","811-23123"
"1014823","811-7762"
"1014823","811-9092"
"1014823","811-21991"
"1014823","811-21732"
"1026144","811-22933"
"1026150","811-4750"
"1021991","811-08002"
"1026364","811-7527"
"1026221","811-05426"
"991221","811-22728"
"1008871","811-22394"
"1010025","811-22641"
"1011538","811-22842"
"1018362","811-21422"
"1012121","811-07959"
"1020805","811-22655"
"1020815","811-22540"
"1020329","811-22310"
"1012760","811-08234"
"1021921","811-5075"
"1021921","811-4603"
"1019133","811-05038"
"1019133","811-05037"
"1022015","811-22153"
"1025090","811-21597"
"1025090","811-4098"
"1025090","811-5445"
"1025090","811-7239"
"1026020","811-05426"
"1007646","811-00005"
"1007646","811-10371"
"1007646","811-02145"
"1007646","811-02871"
"1007646","811-05476"
"1007646","811-07988"
"1007646","811-03691"
"1007646","811-03942"
"1007646","811-06650"
"1007646","811-07538"
"1007646","811-05876"
"1007646","811-02924"
"1007646","811-07953"
"1007646","811-03752"
"1007646","811-06520"
"1007646","811-10183"
"1007646","811-05186"
"1007646","811-03364"
"1007646","811-10385"
"1007646","811-05141"
"1011305","811-05646"
"1013173","811-04984"
"1013173","811-08918"
"1013173","811-07257"
"1013173","811-05601"
"1013173","811-00834"
"1013173","811-07763"
"1013173","811-7852"
"1013173","811-03213"
"1013173","811-07428"
"1013173","811-08236"
"1013173","811-08261"
"1013173","811-21715"
"1013173","811-22613"
"1013173","811-22641"
"1013173","811-22906"
"1013173","811-03153"
"1013173","811-05186"
"1013173","811-08894"
"1013173","811-01236"
"1013173","811-06318"
"1013173","811-22811"
"1013173","811-07064"
"1013173","811-0269899"
"1013173","811-06312"
"1013173","811-08071"
"1013173","811-21751"
"1013173","811-21511"
"1011782","811-10263"
"1011782","811-7763"
"1011782","811-21732"
"1011782","811-8274"
"1011782","811-7912"
"1011782","811-21113"
"1011782","811-6400"
"1011782","811-8104"
"1011782","811-03651"
"1014604","811-21079"
"1014604","811-21895"
"1014604","811-22251"
"1014604","811-21666"
"1017416","814-00646"
"1017416","811-22481"
"1017416","811-22591"
"1019455","811-22959"
"1025595","811-22466"
"1025595","811-22516"
"1025595","811-22517"
"1025929","811-22525"
"1025912","811-09253"
"1025912","811-01716"
"1025912","811-03153"
"1025912","811-07763"
"1025912","811-01716"
"1025912","811-22915"
"1025912","811-07820"
"1025912","811-04984"
"1025526","811-22004"
"1025526","811-22438"
"1025526","811-08817"
"1025526","811-08895"
"1025526","811-21786"
"1025526","811-21553"
"1025526","811-22144"
"1025526","811-22051"
"1025526","811-07428"
"1025526","811-21938"
"1025526","811-10223"
"1025526","811-22025"
"1025526","811-08220"
"1025526","811-06352"
"1025526","811-08934"
"1025526","811-02514"
"1025526","811-07651"
"1025526","811-05773"
"1025526","811-02361"
"1025526","811-02565"
"1025526","811-05629"
"1025526","811-05410"
"1025526","811-09477"
"1009236","811-2123"
"1012323","811-07953"
"1012323","811-22959"
"1014960","811-05141"
"1014960","811-10385"
"1014960","811-22110"
"1014712","811-22680"
"1021292","811-04000"
"1024383","811-03153"
"1024383","811-05371"
"1024383","811-10263"
"1024383","811-22838"
"1026001","811-09253"
"1026001","811-07953"
"1026001","811-7238"
"1026001","811-06318"
"1026001","811-04878"
"1026001","811-07257"
"1026001","811-3213"
"1026001","811-03459"
"1026001","811-22127"
"1026001","811-07763"
"1026001","811-21779"
"1026001","811-04146"
"1026001","811-09255"
"1026001","811-21331"
"1026001","811-21507"
"1026001","811-21269"
"1026001","811-09689"
"1026001","811-22005"
"1026001","811-03738"
"1026001","811-10385"
"1026001","811-05141"
"1026001","811-08789"
"1026001","811-08941"
"1026001","811-22811"
"1026001","811-10183"
"1026001","811-3990"
"1026001","811-09491"
"1026001","811-07763"
"1023095","811-23109"
"1023095","811-23133"
"1023095","811-23134"
"1026695","811-22655"
"1025665","811-21765"
"1025665","811-21496"
"1025665","811-07572"
"1008384","811-3940"
"1007926","811-22298"
"996632","811-5583"
"996632","811-6135"
"996632","811-5914"
"996632","811-6336"
"996632","811-3143"
"996632","811-4984"
"996632","811-07953"
"996632","811-8894"
"996632","811-21779"
"996632","811-04146"
"996632","811-2224"
"996632","811-3990"
"996632","811-07238"
"996632","811-03213"
"996632","811-03738"
"996632","811-5629"
"996632","811-08090"
"1008864","811-10401"
"1009021","811-22447"
"1009139","811-22897"
"1010133","811-21719"
"1011029","811-21422"
"1013485","811-08542"
"994047","811-05010"
"994047","811-22497"
"1015238","811-5017"
"1015238","811-10431"
"1015238","811-21991"
"1015238","811-07257"
"1015238","811-04878"
"1015238","811-02224"
"1015238","811-07923"
"1015238","811-4279"
"1015238","811-09435"
"1015515","811-06400"
"1015605","811-05037"
"1013854","811-07102"
"1013854","811-07959"
"1015681","811-22576"
"1016443","811-21475"
"1016443","811-06520"
"1016443","811-07168"
"1016443","811-05371"
"1016443","811-10263"
"1018501","811-22110"
"1018528","811-07102"
"1018528","811-8234"
"1020268","811-22241"
"1020387","811-09571"
"1020387","811-21494"
"1020387","811-21579"
"1020387","811-21471"
"1020387","811-21407"
"1020387","811-22518"
"1020387","811-08333"
"1020387","811-09037"
"1020387","811-21333"
"1020387","811-07572"
"1020387","811-22781"
"1019335","811-21630"
"1019335","811-22611"
"1017979","811-08495"
"1021450","811-22701"
"1021450","811-22671"
"1023138","811-22655"
"1024645","811-06199"
"1023338","811-8932"
"1023338","811-8918"
"1023338","811-9253"
"1023338","811-9689"
"1023338","811-5038"
"1023338","811-3618"
"1023338","811-10183"
"1023338","811-22811"
"1023338","811-8941"
"1026360","811-22027"
"1026407","811-05518"
"1026407","811-07257"
"1026407","811-04878"
"1026407","811-21777"
"1026407","811-21732"
"1026407","811-08789"
"1026407","811-09903"
"1026407","811-08194"
"1026407","811-08764"
"1026407","811-21991"
"1026407","811-08894"
"1026407","811-00560"
"1026407","811-05186"
"1026407","811-03153"
"1026407","811-05141"
"1026407","811-05186"
"1026407","811-10385"
"1026407","811-10401"
"1026407","811-22781"
"1026407","811-22811"
"1026457","811-09253"
"1026457","811-07953"
"1026457","811-7238"
"1026457","811-06318"
"1026457","811-04878"
"1026457","811-07257"
"1026457","811-3213"
"1026457","811-03459"
"1026457","811-22127"
"1026457","811-07763"
"1026457","811-21779"
"1026457","811-04146"
"1026457","811-09255"
"1026457","811-21331"
"1026457","811-21507"
"1026457","811-21269"
"1026457","811-09689"
"1026457","811-22005"
"1026457","811-03738"
"1026457","811-10385"
"1026457","811-05141"
"1026457","811-08789"
"1026457","811-08941"
"1026457","811-22811"
"1026457","811-10183"
"1026457","811-3990"
"1026457","811-09491"
"1026457","811-07763"
"1025133","811-03599"
"1025133","811-07537"
"1025133","811-04875"
"1025133","811-08030"
"1025133","811-22532"
"1026562","811-07142"
"1026562","811-21866"
"1018530","811-03023"
"1025804","811-07043"
"1025804","811-04681"
"1025804","811-21478"
"1025804","811-04474"
"1025804","811-04098"
"1025804","811-04627"
"1025804","811-01530"
"1025804","811-05445"
"1025804","811-02368"
"1025804","811-07239"
"1025804","811-02652"
"1025804","811-06093"
"1025804","811-05972"
"1025804","811-05628"
"1025804","811-09005"
"1025804","811-02554"
"1025804","811-22114"
"1025804","811-01685"
"1025804","811-02687"
"1025804","811-05340"
"1025804","811-04570"
"1025804","811-06083"
"1025804","811-04571"
"1025804","811-04526"
"1025804","811-07803"
"1025804","811-03916"
"1025804","811-03919"
"1025804","811-07175"
"1025804","811-02968"
"1025804","811-05962"
"1025804","811-58431"
"1025804","811-01776"
"1025804","811-00121"
"1025804","811-07443"
"1025804","811-00834"
"1025804","811-01027"
"1025804","811-22619"
"1025305","811-23109"
"1025305","811-23133"
"1025305","811-23134"
"1025510","811-10385"
"1025510","811-22153"
"1018978","811-8894"
"1018978","811-2754"
"1018817","811-05430"
"1018817","811-09599"
"1018817","811-09819"
"1018817","811-07567"
"1018817","811-08837"
"1018817","811-05141"
"1018817","811-03459"
"1018817","811-10183"
"1018817","811-08090"
"1018817","811-04146"
"1018817","811-08839"
"1018817","811-21145"
"1018817","811-07953"
"1018817","811-10509"
"1018817","811-08361"
"1018817","811-04041"
"1018817","811-08257"
"1018817","811-07257"
"1018817","811-04878"
"1018817","811-09689"
"1018817","811-22705"
"1018817","811-22542"
"1018817","811-08941"
"1018817","811-21853"
"1018817","811-22838"
"1018817","811-21719"
"1018817","811-22480"
"1007509","811-05518"
"1007509","811-07257"
"1007509","811-04878"
"1007509","811-21777"
"1007509","811-21732"
"1007509","811-08789"
"1007509","811-09903"
"1007509","811-08194"
"1007509","811-08764"
"1007509","811-21991"
"1007509","811-08894"
"1007509","811-00560"
"1007509","811-05186"
"1007509","811-03153"
"1007509","811-05141"
"1007509","811-05186"
"1007509","811-10385"
"1007509","811-10401"
"1007509","811-22781"
"1007509","811-22811"
"1007573","811-21949"
"1007573","811-05482"
"1007573","811-00642"
"1007573","811-07507"
"1007573","811-01236"
"1007573","811-05689"
"1007573","811-05655"
"1007573","811-02671"
"1007573","811-03657"
"1007573","811-08382"
"1007573","811-05767"
"1007573","811-05002"
"1007573","811-06103"
"1007573","811-05076"
"1007573","811-05970"
"1007573","811-06073"
"1007573","811-03196"
"1007573","811-06671"
"1007573","811-06698"
"1007573","811-04670"
"1007573","811-04049"
"1007573","811-06071"
"1007573","811-02527"
"1007573","811-00042"
"1007573","811-03495"
"1007573","811-08606"
"1007573","811-05896"
"1007573","811-03632"
"1007573","811-05385"
"1007573","811-04257"
"1018569","811-22743"
"1019483","811-21770"
"1008344","811-22507"
"1023750","811-03153"
"1023750","811-07443"
"1023750","811-08228"
"1023750","811-01530"
"1023750","811-21586"
"1023750","811-21719"
"1023832","811-22668"
"1023832","811-22263"
"1023832","811-22986"
"1023852","811-03114"
"1023852","811-03010"
"1023852","811-03759"
"1023852","811-07319"
"1018534","811-21872"
"1018534","814-00710"
"1019769","811-4750"
"1023820","811-4984"
"1010482","811-22027"
"1008599","811-22549"
"1008599","811-05010"
"1014035","811-21237"
"1019023","811-01400"
"1019023","811-06453"
"1019023","811-07205"
"1019023","811-00215"
"1019023","811-00649"
"1019023","811-00790"
"1019023","811-01193"
"1019023","811-01352"
"1019023","811-01796"
"1019023","811-02105"
"1019023","811-02460"
"1019023","811-02546"
"1019023","811-02628"
"1019023","811-02676"
"1019023","811-02737"
"1019023","811-02741"
"1019023","811-02841"
"1019023","811-02861"
"1019023","811-02890"
"1019023","811-03221"
"1019023","811-03320"
"1019023","811-03329"
"1019023","811-03361"
"1019023","811-03455"
"1019023","811-03518"
"1019023","811-03583"
"1019023","811-03587"
"1019023","811-03723"
"1019023","811-03725"
"1019023","811-03737"
"1019023","811-03785"
"1019023","811-03855"
"1019023","811-04008"
"1019023","811-04085"
"1019023","811-04118"
"1019023","811-04707"
"1019023","811-05251"
"1019023","811-05511"
"1019023","811-05629"
"1019023","811-06397"
"1019023","811-06398"
"1019023","811-06452"
"1019023","811-06454"
"1019023","811-07139"
"1019023","811-05361"
"1022203","811-22509"
"1018310","811-23081"
"1018310","811-23116"
"1018310","811-23118"
"1022226","811-21719"
"1022226","811-05038"
"1022226","811-22613"
"1022226","811-07076"
"1022226","811-07917"
"1022226","811-22110"
"1022226","811-07257"
"1022226","811-08236"
"1022226","811-22781"
"1022226","811-22811"
"1022226","811-05601"
"1023074","811-03114"
"1023074","811-03010"
"1023074","811-03759"
"1023074","811-07319"
"1025359","811-21720"
"1025450","811-08194"
"1025837","811-22891"
"1012118","811-22509"
"1026013","811-09253"
"1026013","811-07953"
"1026013","811-7238"
"1026013","811-06318"
"1026013","811-04878"
"1026013","811-07257"
"1026013","811-3213"
"1026013","811-03459"
"1026013","811-22127"
"1026013","811-07763"
"1026013","811-21779"
"1026013","811-04146"
"1026013","811-09255"
"1026013","811-21331"
"1026013","811-21507"
"1026013","811-21269"
"1026013","811-09689"
"1026013","811-22005"
"1026013","811-03738"
"1026013","811-10385"
"1026013","811-05141"
"1026013","811-08789"
"1026013","811-08941"
"1026013","811-22811"
"1026013","811-10183"
"1026013","811-3990"
"1026013","811-09491"
"1026013","811-07763"
"1027078","811-7959"
"1007404","811-58433"
"1008054","811-22933"
"1008138","811-22920"
"995777","811-05037"
"1008231","811-22718"
"1009051","811-21934"
"1009051","811-22472"
"1009055","811-22701"
"1009055","811-22641"
"1009055","811-21720"
"1009055","811-21295"
"1009055","811-09253"
"1009055","811-01236"
"1009055","811-01716"
"1009177","814-01108"
"1009271","811-06722"
"1009271","811-22298"
"1012670","811-07959"
"1010813","811-03738"
"1010813","811-03364"
"1010813","811-10263"
"1010813","811-10183"
"1010813","811-08495"
"1010813","811-03459"
"1010813","811-07572"
"1010813","811-05186"
"1010813","811-03623"
"1010813","811-7238"
"1010813","811-4603"
"1010813","811-04556"
"1010813","811-5407"
"1010813","811-5349"
"1010813","811-08361"
"1010813","811-22781"
"1010813","811-8894"
"1010813","811-5075"
"1010813","811-07725"
"1010813","811-3015"
"1010813","811-03153"
"1010813","811-22701"
"1010813","811-08090"
"1010813","811-07953"
"1010813","811-22865"
"1010813","811-09477"
"1010813","811-10267"
"1012711","811-05037"
"1012051","811-00215"
"1012051","811-00649"
"1012051","811-00790"
"1012051","811-01193"
"1012051","811-01352"
"1012051","811-01400"
"1012051","811-01796"
"1012051","811-02105"
"1012051","811-02460"
"1012051","811-02546"
"1012051","811-02628"
"1012051","811-02676"
"1012051","811-02737"
"1012051","811-02741"
"1012051","811-02841"
"1012051","811-02861"
"1012051","811-02890"
"1012051","811-03010"
"1012051","811-03114"
"1012051","811-03221"
"1012051","811-03320"
"1012051","811-03329"
"1012051","811-03361"
"1012051","811-03455"
"1012051","811-03466"
"1012051","811-03518"
"1012051","811-03583"
"1012051","811-03587"
"1012051","811-03723"
"1012051","811-03725"
"1012051","811-03737"
"1012051","811-03759"
"1012051","811-03785"
"1012051","811-03855"
"1012051","811-04008"
"1012051","811-04085"
"1012051","811-04118"
"1012051","811-04707"
"1012051","811-04861"
"1012051","811-05361"
"1012051","811-05511"
"1012051","811-06397"
"1012051","811-06398"
"1012051","811-06452"
"1012051","811-06453"
"1012051","811-06454"
"1012051","811-07139"
"1012051","811-07205"
"1012051","811-07807"
"1012051","811-21667"
"1012051","811-22083"
"1012051","811-22796"
"1014796","811-8253"
"1014537","811-09221"
"1014537","811-22110"
"1014903","811-07528"
"1014583","811-07912"
"1013254","811-21417"
"1013254","811-06161"
"1013254","811-22167"
"1013254","811-09491"
"1013254","811-07257"
"1013254","811-08236"
"1013254","811-22127"
"1013254","811-22712"
"1015122","811-05426"
"1015587","811-05037"
"1015674","811-22576"
"1015683","811-22110"
"1010409","811-07820"
"1018897","811-22743"
"1021950","811-06563"
"1021950","811-03591"
"1021994","811-09815"
"1021994","811-07763"
"1021994","811-09645"
"1016203","811-22648"
"1019134","811-05037"
"1008464","811-22925"
"1010156","811-3940"
"1010156","811-08236"
"1010156","811-08764"
"1010156","811-21719"
"1013216","811-22447"
"1019909","811-06444"
"1011619","811-09101"
"1011619","811-05186"
"1011619","811-08565"
"1011619","811-08915"
"1011619","811-03891"
"1011619","811-04661"
"1011619","811-07215"
"1011619","811-09805"
"1011619","811-22632"
"1011619","811-22724"
"1022817","811-21475"
"1026771","811-22263"
"1026771","811-22700"
"1026771","811-22668"
"1024607","811-03221"
"1024607","811-04008"
"1027184","811-03599"
"1027184","811-07537"
"1027184","811-04875"
"1027184","811-08030"
"1027184","811-22532"
"1024032","811-21715"
"1026536","811-22153"
"1027253","811-21853"
"1026049","811-00642"
"1026055","811-08841"
"1026055","811-05983"
"1026055","811-06041"
"1024918","811-21417"
"1024918","811-06161"
"1024918","811-22167"
"1024918","811-09491"
"1024918","811-07257"
"1024918","811-08236"
"1024918","811-22127"
"1024918","811-22712"
"1008740","811-03023"
"1008740","811-22480"
"1008740","811-06318"
"1008740","811-03153"
"1008740","811-07257"
"1008740","811-04878"
"1008740","811-07989"
"1008740","811-04367"
"1008740","811-05371"
"1008740","811-09491"
"1008740","811-08274"
"1008740","811-02224"
"1008740","811-22811"
"1011447","811-22321"
"1015167","811-21237"
"1015942","811-22588"
"1015952","811-10401"
"1015952","811-22781"
"1015952","811-22641"
"1015952","811-07572"
"1015952","811-22509"
"1015952","811-22915"
"1015952","811-22906"
"1015952","811-58433"
"1015952","811-05518"
"1011834","811-21117"
"1011834","811-10527"
"1011834","811-10479"
"1011834","811-21195"
"1011834","811-21201"
"1011834","811-22500"
"1011834","811-21516"
"1011834","811-22859"
"1015886","811-23084"
"1010657","811-22338"
"1018704","811-07205"
"1018704","811-00649"
"1018704","811-02628"
"1018704","811-02676"
"1018704","811-02741"
"1018704","811-02861"
"1018704","811-02890"
"1018704","811-03221"
"1018704","811-03320"
"1018704","811-03361"
"1018704","811-03455"
"1018704","811-03518"
"1018704","811-03723"
"1018704","811-03725"
"1018704","811-03737"
"1018704","811-03785"
"1018704","811-04085"
"1018704","811-04707"
"1018704","811-04861"
"1018704","811-05361"
"1018704","811-06397"
"1018704","811-06398"
"1018704","811-06452"
"1018704","811-06453"
"1018704","811-06454"
"1018704","811-07139"
"1018704","811-07807"
"1018704","811-22083"
"1018704","811-02105"
"1018704","811-02460"
"1018704","811-02737"
"1018704","811-22796"
"1017673","811-08348"
"1023350","811-08542"
"1027052","811-7123"
"1027052","811-22912"
"1027052","811-00524"
"1027052","811-5125"
"1027052","811-04813"
"1027052","811-7123"
"1026807","811-22110"
"1026807","811-21853"
"1014360","811-05518"
"1017913","811-22110"
"1017944","811-05518"
"1017944","811-07257"
"1017944","811-04878"
"1017944","811-21777"
"1017944","811-21732"
"1017944","811-08789"
"1017944","811-09903"
"1017944","811-08194"
"1017944","811-08764"
"1017944","811-21991"
"1017944","811-08894"
"1017944","811-00560"
"1017944","811-05186"
"1017944","811-03153"
"1017944","811-05141"
"1017944","811-05186"
"1017944","811-10385"
"1017944","811-10401"
"1017944","811-22781"
"1017944","811-22811"
"1021317","811-22701"
"1021317","811-22671"
"1019032","811-02064"
"1019032","811-04556"
"1019032","811-21987"
"1021304","811-05309"
"1021304","811-08236"
"1021468","811-06161"
"1021468","811-21338"
"1021468","811-21989"
"1021468","811-21417"
"1021468","811-22167"
"1021468","811-21284"
"1021468","811-22712"
"1021468","811-22975"
"1021468","811-23039"
"1024764","811-22298"
"1008576","814-01069"
"1008619","814-01069"
"1008877","811-23055"
"1011626","811-21720"
"1012070","811-00215"
"1012070","811-00649"
"1012070","811-00790"
"1012070","811-01193"
"1012070","811-01352"
"1012070","811-01400"
"1012070","811-01796"
"1012070","811-02105"
"1012070","811-02460"
"1012070","811-02546"
"1012070","811-02628"
"1012070","811-02676"
"1012070","811-02737"
"1012070","811-02741"
"1012070","811-02841"
"1012070","811-02861"
"1012070","811-02890"
"1012070","811-03010"
"1012070","811-03114"
"1012070","811-03221"
"1012070","811-03320"
"1012070","811-03329"
"1012070","811-03361"
"1012070","811-03455"
"1012070","811-03466"
"1012070","811-03518"
"1012070","811-03583"
"1012070","811-03587"
"1012070","811-03723"
"1012070","811-03725"
"1012070","811-03737"
"1012070","811-03759"
"1012070","811-03785"
"1012070","811-03855"
"1012070","811-04008"
"1012070","811-04085"
"1012070","811-04118"
"1012070","811-04707"
"1012070","811-04861"
"1012070","811-05361"
"1012070","811-05511"
"1012070","811-06397"
"1012070","811-06398"
"1012070","811-06452"
"1012070","811-06453"
"1012070","811-06454"
"1012070","811-07139"
"1012070","811-07205"
"1012070","811-07807"
"1012070","811-21667"
"1012070","811-22083"
"1012070","811-22796"
"1014037","811-04708"
"1014037","811-03738"
"1014037","811-08789"
"1014037","811-07725"
"1014037","811-07238"
"1014037","811-22613"
"1014037","811-21965"
"1014037","811-04556"
"1014037","811-04419"
"1014037","811-08194"
"1011480","811-4581"
"1016882","811-05426"
"1020592","811-03967"
"1020592","811-06618"
"1020592","811-04325"
"1020592","811-03690"
"1022967","811-81103541"
"1022855","811-22429"
"1022148","811-22858"
"1018201","811-07242"
"1023065","811-81103541"
"1022517","811-7239"
"1022517","811-8234"
"1022517","811-22838"
"1022517","811-4676"
"1011450","811-08194"
"1012132","811-04556"
"1013554","811-03802"
"1013555","811-05426"
"1014378","811-3023"
"1016325","811-09813"
"1016325","811-10385"
"1016325","811-03153"
"1016325","811-8894"
"1016359","811-22655"
"1017922","811-5349"
"1018267","811-07257"
"1018896","811-04550"
"1018896","811-03833"
"1018896","811-22321"
"1022680","814-00736"
"1022680","814-00891"
"1022803","811-06444"
"1027206","811-5075"
"1027211","811-09913"
"1027211","811-01424"
"1027211","811-01540"
"1027211","811-02699"
"1027211","811-06463"
"1027211","811-05426"
"1027211","811-05686"
"1027211","811-03826"
"1027211","811-07890"
"1027211","811-05460"
"1027211","811-07452"
"1027211","811-02729"
"1027211","811-06590"
"1027211","811-05597"
"1027211","811-06591"
"1027211","811-07868"
"1027211","811-02090"
"1027211","811-07404"
"1027211","811-22043"
"1027211","811-02611"
"1027211","811-05769"
"1027211","811-06567"
"1027211","811-06362"
"1027211","811-07398"
"1027211","811-08743"
"1027211","811-05845"
"1027211","811-06471"
"1027211","811-06537"
"1027211","811-22793"
"1027211","811-22577"
"1027211","811-22957"
"1027225","811-21720"
"1027225","811-22964"
"1027225","811-22963"
"1027173","811-22648"
"1026239","811-4984"
"1013092","811-8194"
"1013321","811-07959"
"986789","811-22641"
"1019321","811-22933"
"1019379","811-8004"
"1019379","811-58433"
"1020977","811-22027"
"1021075","811-07870"
"1021075","811-09945"
"1020903","811-4603"
"1016197","811-07655"
"1016197","811-06400"
"1016197","811-5518"
"1016175","811-3023"
"1016269","811-22549"
"1017279","811-22172"
"1019760","811-10263"
"1019760","811-22559"
"1019767","811-21720"
"1019375","811-21079"
"1019375","811-21895"
"1019375","811-22251"
"1019375","811-21666"
"1019953","811-04852"
"1020087","811-21589"
"1020087","811-9054"
"1020087","811-7261"
"1020087","811-5012"
"1020087","811-8777"
"1020087","814-01102"
"1016999","811-3023"
"1019822","811-04878"
"1007784","811-9094"
"1009248","811-22842"
"1009553","811-07102"
"1009526","811-22437"
"1009526","811-21982"
"1009526","811-21681"
"1009526","811-21906"
"1009526","811-22584"
"1009526","811-21455"
"1009526","811-22715"
"1009526","811-01136"
"1009526","811-02753"
"1009526","811-22309"
"1009526","811-07572"
"1009526","811-04878"
"1009526","811-07923"
"1009526","811-22946"
"1009526","811-23057"
"1009526","814-01117"
"1010158","811-01436"
"1010158","811-01597"
"1010158","811-21662"
"1012018","811-21960"
"1012018","811-21992"
"1012018","814-00899"
"1012018","814-00897"
"1010351","811-04146"
"1012834","811-10401"
"1012918","811-21079"
"1012918","811-21895"
"1012918","811-22251"
"1012918","811-21666"
"1013271","811-5017"
"1013271","811-10431"
"1013271","811-21991"
"1013271","811-07257"
"1013271","811-04878"
"1013271","811-02224"
"1013271","811-07923"
"1013271","811-4279"
"1013271","811-09435"
"1008667","811-06260"
"1008667","811-07674"
"1008667","811-8234"
"1008667","811-07257"
"1008667","811-04878"
"1008667","811-10263"
"1008667","811-03153"
"1008667","811-09082"
"1008667","811-22588"
"1008667","811-06400"
"1018705","811-22027"
"1021115","811-22507"
"1023785","811-21720"
"1023785","811-22964"
"1023785","811-22963"
"1022784","811-05992"
"1022784","811-08002"
"1007195","811-03006"
"1007195","811-05979"
"1007195","811-01677"
"1007195","811-02485"
"1007195","811-00560"
"1007195","811-03999"
"1007195","811-04630"
"1007195","811-05968"
"1007195","811-03392"
"1007195","811-02402"
"1007195","811-04651"
"1007195","811-05079"
"1007195","811-08568"
"1007195","811-22586"
"1007195","811-22587"
"1007195","811-22441"
"1007195","811-04186"
"1007195","811-04173"
"1007195","811-21131"
"1007195","811-21202"
"1007195","811-21287"
"1007195","811-22675"
"1007195","811-21416"
"1007195","811-22056"
"1007195","811-05908"
"1007195","811-22733"
"1007195","811-22303"
"1007195","811-21779"
"1007195","811-21777"
"1007195","811-4079"
"1007549","811-07242"
"1007581","811-03462"
"995472","811-22680"
"997807","811-21872"
"978779","811-07953"
"978779","811-08918"
"978779","811-08894"
"978779","811-21552"
"978779","811-22605"
"978779","811-22349"
"1008013","811-23084"
"1011246","811-03153"
"1011246","811-07257"
"1011246","811-22135"
"1013839","811-3940"
"1013839","811-08236"
"1013839","811-08764"
"1013839","811-21719"
"1013903","811-22027"
"1013926","811-22861"
"1013926","811-22860"
"1013926","811-10083"
"1013877","811-07572"
"1013877","811-01944"
"1013877","811-22742"
"1015138","811-22920"
"1018026","811-00642"
"1019844","811-10401"
"1019844","811-22781"
"1019844","811-22641"
"1019844","811-07572"
"1019844","811-22509"
"1019844","811-22915"
"1019844","811-22906"
"1019844","811-58433"
"1019844","811-05518"
"1019934","811-22933"
"1019713","811-21891"
"1014647","811-06342"
"1014647","811-05770"
"1014647","811-04611"
"1014647","811-06094"
"1014647","811-06120"
"1014647","811-08076"
"1014647","811-22132"
"1014647","811-05075"
"1014647","811-04603"
"1014647","811-06652"
"1014647","811-22613"
"1000824","811-22680"
"1007735","811-8253"
"1007772","811-2114"
"1009751","811-03023"
"1012484","811-21422"
"1010779","811-21475"
"1010779","811-06520"
"1010779","811-07168"
"1010779","811-05371"
"1010779","811-10263"
"1012887","811-22172"
"970852","811-22525"
"1014780","811-22761"
"1014780","811-22870"
"1014780","811-23018"
"1015282","814-00794"
"1015282","814-01128"
"1022459","811-05037"
"1022744","811-06563"
"1023033","811-3153"
"1023033","811-5371"
"1023033","811-0321"
"1023304","811-21589"
"1023304","811-9054"
"1023304","811-7261"
"1023304","811-5012"
"1023304","811-8777"
"1023304","814-01102"
"1024853","811-21853"
"1008298","811-4052"
"1008298","811-4254"
"1008298","811-5497"
"1008298","811-5812"
"1008298","811-6110"
"1008298","811-6310"
"1008298","811-6444"
"1008298","811-6506"
"1008298","811-6629"
"1008298","811-6740"
"1008298","811-7362"
"1008298","811-7396"
"1008298","811-7686"
"1008298","811-7920"
"1008298","811-7994"
"1008298","811-8092"
"1008298","811-8709"
"1008298","811-8985"
"1008298","811-10407"
"1008298","811-21098"
"1008298","811-21128"
"1008298","811-21337"
"1008298","811-21343"
"1008298","811-21467"
"1008298","811-21609"
"1008298","811-22265"
"1008298","811-22294"
"1008298","811-22334"
"1008298","811-22338"
"1008298","811-22369"
"1008298","811-22444"
"1008298","811-22491"
"1008298","811-22546"
"1008298","811-22405"
"1008298","811-22693"
"1008298","811-22734"
"1008298","811-22805"
"1008298","811-22628"
"1008298","811-22836"
"1008298","811-22850"
"1008298","811-22910"
"1008298","811-22582"
"1008298","811-23096"
"1025930","811-21720"
"1025931","811-21872"
"1012473","811-22357"
"1012473","811-03231"
"1012473","811-03451"
"1012473","811-07238"
"1012473","811-03447"
"1012473","814-01060"
"1013742","811-08261"
"1016168","811-4982"
"1016182","811-08894"
"1016182","811-10041"
"1016182","811-22730"
"1016182","811-22613"
"1016229","811-05186"
"1016229","811-09721"
"1016229","811-04984"
"1016229","811-06318"
"1016229","811-22495"
"1016229","811-22613"
"1016229","811-07953"
"1016229","811-06722"
"1016229","811-10263"
"1016229","811-04676"
"1016229","811-08918"
"1016229","811-08894"
"1016229","811-21779"
"1016229","811-04146"
"1016229","811-03833"
"1016229","811-10183"
"1016229","811-03990"
"1016229","811-21335"
"1016229","811-10385"
"1016229","811-05141"
"1016229","811-07816"
"1016229","811-10379"
"1016229","811-21077"
"1016229","811-21188"
"1016229","811-21238"
"1016229","811-10555"
"1016229","811-21734"
"1016229","811-21311"
"1016229","811-22121"
"1016229","811-21374"
"1016229","811-21601"
"1016229","811-10377"
"1016229","811-21076"
"1016229","811-21187"
"1016229","811-10381"
"1016229","811-21078"
"1016229","811-21189"
"1016229","811-08216"
"1016229","811-03153"
"1016229","811-03447"
"1016229","811-07238"
"1016229","811-08941"
"1016229","811-04556"
"1016229","811-04419"
"1016229","811-08764"
"1016229","811-05028"
"1016229","811-08399"
"1016229","811-22250"
"1016229","811-22375"
"1016229","811-22376"
"1016229","811-05514"
"1016229","811-22673"
"1016229","811-22758"
"1016229","811-08090"
"1016229","811-22959"
"1016229","811-22865"
"1022261","811-0819"
"1022576","811-09997"
"1022576","811-07572"
"1022576","811-22811"
"1022576","811-06400"
"1022576","811-8764"
"1021461","811-10401"
"1021461","811-03651"
"1021461","811-22680"
"1023635","811-23128"
"1024178","811-04878"
"1008484","811-01976"
"1009601","811-21719"
"1008376","811-10183"
"1008376","811-05186"
"1008376","811-22127"
"1008376","811-04603"
"1008376","811-21991"
"1008376","811-09491"
"1008376","811-07238"
"1008376","811-04279"
"1008376","811-02993"
"1008376","811-03990"
"1013389","811-22454"
"1013389","811-22685"
"1013389","811-22527"
"1011408","811-04015"
"1011408","811-02258"
"1011408","811-21676"
"1011408","811-21735"
"1011408","811-21745"
"1011408","811-05038"
"1011408","811-05514"
"1011408","811-04878"
"1011408","811-09025"
"1011408","811-06400"
"1011408","811-10263"
"1011408","811-07257"
"1011408","811-05186"
"1011408","811-08918"
"1011408","811-21732"
"1011408","811-22375"
"1011408","811-23015"
"1011408","811-22781"
"1014663","811-3023"
"1014663","811-22208"
"1014688","811-21475"
"1013809","811-07257"
"1014927","811-21475"
"1014927","811-06520"
"1014927","811-07168"
"1014927","811-05371"
"1014927","811-10263"
"1017000","811-10401"
"1019790","811-10401"
"1018105","811-21552"
"1018105","811-22575"
"1018105","811-21295"
"1018105","811-21295"
"1019747","811-21591"
"1019747","811-3706"
"1019747","811-7820"
"1019747","811-4363"
"1019747","811-21861"
"1019747","811-6441"
"1019747","811-7822"
"1019747","811-4025"
"1019747","811-816"
"1019747","811-5447"
"1019747","811-8532"
"1019747","811-4165"
"1019747","811-5188"
"1019747","811-10155"
"1019747","811-6247"
"1019747","811-7572"
"1019747","811-3738"
"1019747","811-8319"
"1019747","811-7704"
"1019747","811-2224"
"1019747","811-3990"
"1019747","811-3213"
"1019747","811-22127"
"1019747","811-3364"
"1019747","811-10263"
"1019747","811-03459"
"1019747","811-21732"
"1019747","811-7238"
"1019864","811-05037"
"1019864","811-21079"
"1013335","811-07572"
"1013335","811-01944"
"1013335","811-22781"
"1013335","811-5075"
"1001476","811-10401"
"1020163","811-4676"
"1018284","811-5047"
"1018284","811-4626"
"1017887","811-22153"
"1022489","811-22655"
"1023882","811-01976"
"1026491","811-7685"
"1026491","811-21732"
"1027313","811-22808"
"1009347","811-22701"
"1009347","811-10401"
"1009347","811-07572"
"1009712","811-09607"
"1013154","811-06400"
"1016982","811-58433"
"1016982","811-05199"
"1019078","811-05037"
"1019078","811-21079"
"1006936","811-03153"
"1006936","811-02968"
"1006936","811-04627"
"1006936","811-21934"
"1006936","811-08236"
"1006936","811-04676"
"1006936","811-08941"
"1006936","811-22997"
"1019349","811-22298"
"1020356","811-22525"
"1023788","814-01080"
"1012397","811-22655"
"1013360","811-22549"
"1013702","811-7739"
"1017576","811-4550"
"1017576","811-03833"
"1018279","811-08090"
"1016915","811-10401"
"1016915","811-04556"
"1016915","811-03651"
"1016650","811-04087"
"1016650","811-22811"
"1016650","811-8270"
"1019923","811-04719"
"1020539","811-10401"
"1022294","811-22321"
"1024399","811-22930"
"1024537","811-04708"
"1024537","811-03738"
"1024537","811-08789"
"1024537","811-07725"
"1024537","811-07238"
"1024537","811-22613"
"1024537","811-21965"
"1024537","811-04556"
"1024537","811-04419"
"1024537","811-08194"
"1009383","811-22708"
"1009383","811-07257"
"1009383","811-05186"
"1009383","811-07572"
"1009383","811-01944"
"1009383","811-10263"
"1009383","811-03623"
"1011300","811-07959"
"1015620","811-09521"
"1015620","811-06563"
"1003779","811-22132"
"1003779","811-21636"
"1003779","811-21905"
"1003779","811-06142"
"1003779","811-06652"
"1018545","811-04984"
"1018545","811-06400"
"1019493","811-0551"
"1020561","811-21852"
"1020561","811-22127"
"1020561","811-4075"
"1021594","811-22447"
"1022217","811-10401"
"1021894","811-08002"
"1026627","811-22525"
"1013267","811-6569"
"1013267","811-8894"
"1013267","811-10385"
"1013267","811-05141"
"1013267","811-22800"
"1013267","811-08090"
"1013267","811-03459"
"1013267","811-05186"
"1013266","811-22172"
"1013556","811-22027"
"1013556","811-03153"
"1016426","811-03651"
"1016015","811-22978"
"1016015","811-22781"
"1016582","811-08542"
"1016314","811-09571"
"1016314","811-21494"
"1016314","811-21579"
"1016314","811-21471"
"1016314","811-21407"
"1016314","811-22518"
"1016314","811-08333"
"1016314","811-09037"
"1016314","811-21333"
"1016314","811-07572"
"1016314","811-22781"
"1017351","811-10325"
"1018811","811-03101"
"1018811","811-03334"
"1018811","811-03416"
"1018811","811-06563"
"1018811","811-09877"
"1018811","811-10045"
"1018811","811-03591"
"1018811","811-04000"
"1018811","811-22212"
"1019265","811-22534"
"1019418","811-7685"
"1019418","811-21732"
"1019591","811-10401"
"1010469","811-21719"
"1019804","811-227781"
"1021705","811-22655"
"1023146","811-04984"
"1023146","811-22127"
"1024001","811-22972"
"1008113","811-05037"
"1007741","811-3258"
"1007741","811-7436"
"1007741","811-6067"
"1007741","811-7440"
"1008077","811-22548"
"1008174","811-03364"
"1008225","811-22172"
"1006231","811-22338"
"1016432","811-22004"
"1016432","811-22438"
"1016432","811-21553"
"1016432","811-7428"
"1016432","811-22051"
"1016432","811-21786"
"1017319","811-10529"
"1018045","811-06563"
"1018045","811-03591"
"1018078","811-08004"
"1018064","811-22127"
"1018064","811-08104"
"1018064","811-04984"
"1018064","811-07168"
"1018064","811-03651"
"1018064","811-22613"
"1018064","811-05629"
"1018064","811-08416"
"1018064","811-08236"
"1018173","811-10571"
"1018061","811-22468"
"1018061","811-05141"
"1018061","811-07923"
"1017798","811-8270"
"1017798","811-10027"
"1017798","811-8073"
"1017798","811-02224"
"1016899","811-21965"
"1016899","811-21964"
"1016899","811-21963"
"1016899","811-22552"
"1016899","811-22358"
"1016899","811-07923"
"1009835","811-22235"
"1023890","811-2229"
"1023089","811-03802"
"1023089","811-04255"
"1023089","811-07572"
"1023089","811-03213"
"1023089","811-10401"
"1023089","811-08236"
"1023089","811-03153"
"1023089","811-03447"
"1023089","811-05186"
"1023089","811-21715"
"1023089","811-08894"
"1023089","811-22613"
"1023089","811-22396"
"1023089","811-08764"
"1023089","811-00582"
"1023089","811-21168"
"1023089","811-21167"
"1023089","811-21169"
"1023089","811-21421"
"1023089","811-22770"
"1023089","811-22069"
"1023089","811-22386"
"1023089","811-22476"
"1023089","811-22475"
"1023089","811-22474"
"1023089","811-22816"
"1023089","811-22815"
"1023089","811-22814"
"1023089","811-07257"
"1023089","811-03459"
"1023089","811-03618"
"1023089","811-03623"
"1023089","811-05601"
"1023089","811-03940"
"1023089","811-21991"
"1023708","811-00173"
"1023708","811-21732"
"1009359","811-03752"
"1009359","811-08918"
"1009359","811-21482"
"1009357","811-10529"
"1009657","811-04782"
"1011788","811-22549"
"1013129","811-00582"
"1014753","811-22440"
"1014753","811-212720"
"1014783","811-3153"
"1014783","811-8236"
"1013515","811-06161"
"1013515","811-21284"
"1013515","811-21338"
"1013515","811-21989"
"1013515","811-21417"
"1013515","811-03738"
"1013515","811-04058"
"1013515","811-04146"
"1013515","811-09253"
"1013515","811-10509"
"1013515","811-21779"
"1013515","811-22167"
"1013515","811-05186"
"1013515","811-06400"
"1013515","811-22975"
"1013515","811-10183"
"1013515","811-05749"
"1013515","811-22712"
"1013515","811-23039"
"1013515","811-03623"
"1016164","811-10529"
"1016297","811-22563"
"1016343","811-2123"
"1022519","811-4933"
"1025699","811-23084"
"1026067","811-21630"
"1026067","811-22611"
"1026908","811-06302"
"1026908","811-08287"
"1026908","811-21488"
"1026908","811-21677"
"1026908","811-21902"
"1026908","811-21668"
"1026908","811-09631"
"1026908","811-22392"
"1026908","811-22621"
"1026908","811-22455"
"1026908","811-22057"
"1026908","811-21948"
"1026908","811-21485"
"1026908","811-21326"
"1026908","811-10481"
"1026908","811-07154"
"1026908","811-05186"
"1026908","811-03153"
"1026908","811-03459"
"1026908","811-08059"
"1026908","811-22707"
"1026908","811-22780"
"1026908","811-22867"
"1026908","811-21482"
"1026908","811-07257"
"1026908","811-04878"
"1026908","811-22938"
"1026908","811-23097"
"1008026","811-06557"
"1012919","811-21079"
"1012919","811-21895"
"1012919","811-22251"
"1012919","811-21666"
"1012982","811-21719"
"1013602","811-08894"
"1013602","811-10041"
"1013602","811-09121"
"1013602","811-22730"
"1013602","811-22613"
"1017253","811-22668"
"1018036","811-08194"
"1018036","811-22175"
"1018036","811-22245"
"1023326","811-06520"
"1018001","811-10145"
"1022120","811-06686"
"1022120","811-21295"
"1022120","811-04893"
"1026810","811-21720"
"1026835","811-22118"
"1023833","811-8352"
"1023833","811-8056"
"1023833","811-3153"
"1008976","811-22906"
"1009268","811-22925"
"1010224","811-05992"
"1010247","811-08104"
"1010751","811-21720"
"1001700","811-22648"
"1010750","811-22356"
"1010802","811-3940"
"1010554","811-22680"
"1010554","811-03651"
"1010866","811-22549"
"1010866","811-08918"
"1012222","811-07102"
"1012222","811-8234"
"1012297","811-07102"
"1012354","811-01241"
"1012392","811-10401"
"1012977","811-22549"
"1013468","811-22747"
"1014603","811-08789"
"1014603","811-01879"
"1014603","811-07736"
"1015814","811-22298"
"1016385","811-9082"
"1016385","811-5037"
"1018385","811-04146"
"1020636","811-06722"
"1020636","811-6569"
"1020636","811-08004"
"1019074","811-21720"
"1019074","811-21853"
"1020721","811-08529"
"1020722","811-22602"
"1014346","811-23066"
"1023533","811-10625"
"1024589","811-21991"
"1025159","811-22648"
"1027175","811-05202"
"1007558","811-21475"
"1009410","811-09101"
"1009410","811-05186"
"1009410","811-08565"
"1009410","811-08915"
"1009410","811-03891"
"1009410","811-04661"
"1009410","811-07215"
"1009410","811-09805"
"1009410","811-22632"
"1009410","811-22724"
"1015316","811-22641"
"1012465","811-22819"
"1015376","811-22819"
"1015412","811-7762"
"1015412","811-9092"
"1015412","811-21991"
"1015412","811-21732"
"1015466","811-5514"
"1017523","811-08004"
"1017523","811-08690"
"1017523","811-04676"
"1020527","811-02265"
"1020527","811-02277"
"1020527","811-02278"
"1020527","811-01807"
"1020527","811-03835"
"1020527","811-05276"
"1020527","811-04471"
"1020527","811-07388"
"1020527","811-07702"
"1020527","811-03904"
"1020527","811-22965"
"1020527","811-05276"
"1022615","811-07142"
"1022615","811-21866"
"1022570","814-00995"
"1022570","814-01004"
"1020510","811-22588"
"1024966","811-06161"
"1024966","811-21284"
"1024966","811-21338"
"1024966","811-21989"
"1024966","811-21417"
"1024966","811-03738"
"1024966","811-04058"
"1024966","811-04146"
"1024966","811-09253"
"1024966","811-10509"
"1024966","811-21779"
"1024966","811-22167"
"1024966","811-05186"
"1024966","811-06400"
"1024966","811-22975"
"1024966","811-10183"
"1024966","811-05749"
"1024966","811-22712"
"1024966","811-23039"
"1024966","811-03623"
"1010137","811-22027"
"1010082","811-22588"
"1011828","811-09997"
"1011828","811-07572"
"1011828","811-22811"
"1011828","811-06400"
"1011828","811-8764"
"1011563","811-8194"
"1012341","811-1241"
"1013671","811-22538"
"991736","811-06342"
"991736","811-05770"
"991736","811-04611"
"991736","811-06094"
"991736","811-06120"
"991736","811-08076"
"991736","811-22132"
"991736","811-05075"
"991736","811-04603"
"991736","811-06652"
"991736","811-22613"
"1013567","811-06260"
"1013567","811-07674"
"1013567","811-8234"
"1013567","811-07257"
"1013567","811-04878"
"1013567","811-10263"
"1013567","811-03153"
"1013567","811-09082"
"1013567","811-22588"
"1013567","811-06400"
"1014541","811-07572"
"1014541","811-21082"
"1014541","811-21137"
"1014541","811-21242"
"1014541","811-03447"
"1014541","811-07572"
"1014541","811-01944"
"1014541","811-07572"
"1017464","811-21237"
"1021877","811-22110"
"1021932","811-07953"
"1021932","811-22959"
"1021939","811-06618"
"1021939","811-04325"
"1021939","811-07447"
"1021939","811-74551"
"1021939","811-03459"
"1021939","811-06318"
"1021939","811-22538"
"1021939","811-21732"
"1024267","811-10263"
"1025647","811-22466"
"1025647","811-22516"
"1025647","811-22517"
"1025668","811-08918"
"1025695","811-21779"
"1025695","811-21777"
"1025695","811-04146"
"1026237","811-3940"
"1026237","811-08941"
"1026237","811-21829"
"1013327","811-10263"
"1013327","811-7763"
"1013327","811-21732"
"1013327","811-8274"
"1013327","811-7912"
"1013327","811-21113"
"1013327","811-6400"
"1013327","811-8104"
"1013327","811-03651"
"993722","811-01400"
"993722","811-07205"
"993722","811-22083"
"993722","811-00215"
"993722","811-00649"
"993722","811-00790"
"993722","811-01193"
"993722","811-01352"
"993722","811-02546"
"993722","811-02628"
"993722","811-02676"
"993722","811-02737"
"993722","811-02741"
"993722","811-02841"
"993722","811-02861"
"993722","811-02890"
"993722","811-03010"
"993722","811-03114"
"993722","811-03221"
"993722","811-03320"
"993722","811-03329"
"993722","811-03361"
"993722","811-03455"
"993722","811-03466"
"993722","811-03518"
"993722","811-03583"
"993722","811-03587"
"993722","811-03723"
"993722","811-03725"
"993722","811-03737"
"993722","811-03759"
"993722","811-03785"
"993722","811-03855"
"993722","811-04008"
"993722","811-04085"
"993722","811-04118"
"993722","811-04707"
"993722","811-04861"
"993722","811-05361"
"993722","811-05511"
"993722","811-06397"
"993722","811-06398"
"993722","811-06452"
"993722","811-06453"
"993722","811-06454"
"993722","811-07139"
"993722","811-07807"
"993722","811-21667"
"993722","811-01796"
"993722","811-02105"
"993722","811-02460"
"993722","811-22796"
"1016992","811-10145"
"1017010","811-8894"
"1017010","811-2754"
"1018736","811-7572"
"1018736","811-1944"
"1018736","811-23029"
"1022170","811-04415"
"1009109","811-04984"
"1009109","811-21990"
"1009109","811-21732"
"1009109","811-08274"
"1009109","811-22338"
"1009109","811-22491"
"1009109","811-04325"
"1009109","811-21779"
"1009109","811-05186"
"1009109","811-03857"
"1027024","811-21488"
"1027024","811-08059"
"1027024","811-21677"
"1027024","811-21902"
"1027024","811-22621"
"1027024","811-22057"
"1027024","811-21485"
"1027024","811-03153"
"1026962","811-08495"
"1026962","811-22153"
"1009933","811-21779"
"1009933","811-21777"
"1009933","811-04146"
"1010632","811-22538"
"1014433","811-07959"
"1014615","811-22027"
"1014052","811-22437"
"1014052","811-21982"
"1014052","811-21681"
"1014052","811-21906"
"1014052","811-22584"
"1014052","811-21455"
"1014052","811-22715"
"1014052","811-01136"
"1014052","811-02753"
"1014052","811-22309"
"1014052","811-07572"
"1014052","811-04878"
"1014052","811-07923"
"1014052","811-22946"
"1014052","811-23057"
"1014052","814-01117"
"1016026","811-08234"
"1016132","811-22549"
"1016167","811-09253"
"1016167","811-07953"
"1016207","811-22732"
"1016663","811-22960"
"1016223","811-22549"
"1016114","811-21732"
"1016114","811-22710"
"1024048","811-05518"
"1025440","811-07873"
"1025440","811-07747"
"1025440","811-07755"
"1025440","811-07943"
"1025440","811-07751"
"1025440","811-05309"
"1025440","811-07687"
"1025440","811-07619"
"1025440","811-21979"
"1025440","811-22023"
"1025440","811-10197"
"1025440","811-10347"
"1025440","811-09161"
"1025440","811-5235"
"1025440","811-22272"
"1025440","811-07606"
"1025440","811-21152"
"1025440","811-07486"
"1025440","811-07484"
"1025440","811-06383"
"1025440","811-07616"
"1025440","811-09455"
"1025440","811-22274"
"1025440","811-09135"
"1025440","811-05238"
"1025440","811-22271"
"1025440","811-21211"
"1025440","811-07608"
"1025440","811-06385"
"1025440","811-06265"
"1025440","811-22273"
"1025440","811-06384"
"1025440","811-10255"
"1025440","811-10345"
"1025440","811-09297"
"1025440","811-22323"
"1025440","811-09475"
"1025440","811-06206"
"1025440","811-06091"
"1025440","811-05957"
"1025440","811-21449"
"1025440","811-05488"
"1025440","811-06040"
"1025440","811-05120"
"1025440","811-05809"
"1025440","811-06456"
"1025440","811-06621"
"1025440","811-07432"
"1025440","811-05570"
"1025440","811-06303"
"1025440","811-06240"
"1025440","811-22391"
"1025440","811-22425"
"1025440","811-22003"
"1025440","811-22329"
"1025440","811-22374"
"1025440","811-22058"
"1025440","811-06548"
"1025440","811-06622"
"1025440","811-06693"
"1025440","811-06623"
"1025440","811-06624"
"1025440","811-07056"
"1025440","811-07490"
"1025440","811-21215"
"1025440","811-05642"
"1025440","811-22752"
"1025440","811-22699"
"1025440","811-22658"
"1025440","811-22253"
"1025440","811-22779"
"1025440","811-07120"
"1025440","811-21293"
"1025440","811-22936"
"1025440","811-21212"
"1025440","811-22967"
"1025440","811-21809"
"1025440","811-22970"
"1025440","811-22988"
"1025440","811-22971"
"1025440","814-8333"
"1025440","811-7278"
"1025440","811-23051"
"1025440","811-23074"
"1025846","811-07873"
"1025846","811-07747"
"1025846","811-07755"
"1025846","811-07943"
"1025846","811-07751"
"1025846","811-05309"
"1025846","811-07687"
"1025846","811-07619"
"1025846","811-21979"
"1025846","811-22023"
"1025846","811-10197"
"1025846","811-10347"
"1025846","811-09161"
"1025846","811-5235"
"1025846","811-22272"
"1025846","811-07606"
"1025846","811-21152"
"1025846","811-07486"
"1025846","811-07484"
"1025846","811-06383"
"1025846","811-07616"
"1025846","811-09455"
"1025846","811-22274"
"1025846","811-09135"
"1025846","811-05238"
"1025846","811-22271"
"1025846","811-21211"
"1025846","811-07608"
"1025846","811-06385"
"1025846","811-06265"
"1025846","811-22273"
"1025846","811-06384"
"1025846","811-10255"
"1025846","811-10345"
"1025846","811-09297"
"1025846","811-22323"
"1025846","811-09475"
"1025846","811-06206"
"1025846","811-06091"
"1025846","811-05957"
"1025846","811-21449"
"1025846","811-05488"
"1025846","811-06040"
"1025846","811-05120"
"1025846","811-05809"
"1025846","811-06456"
"1025846","811-06621"
"1025846","811-07432"
"1025846","811-05570"
"1025846","811-06303"
"1025846","811-06240"
"1025846","811-22391"
"1025846","811-22425"
"1025846","811-22003"
"1025846","811-22329"
"1025846","811-22374"
"1025846","811-22058"
"1025846","811-06548"
"1025846","811-06622"
"1025846","811-06693"
"1025846","811-06623"
"1025846","811-06624"
"1025846","811-07056"
"1025846","811-07490"
"1025846","811-21215"
"1025846","811-05642"
"1025846","811-22752"
"1025846","811-22699"
"1025846","811-22658"
"1025846","811-22253"
"1025846","811-22779"
"1025846","811-07120"
"1025846","811-21293"
"1025846","811-22936"
"1025846","811-21212"
"1025846","811-22967"
"1025846","811-21809"
"1025846","811-22970"
"1025846","811-22988"
"1025846","811-22971"
"1025846","814-8333"
"1025846","811-7278"
"1025846","811-23051"
"1025846","811-23074"
"1026774","811-22842"
"1026551","811-07102"
"1026262","811-08234"
"1022218","811-10263"
"1022218","811-21779"
"1022218","811-03618"
"1022218","811-07917"
"1022218","811-04254"
"1022218","811-07257"
"1022218","811-05186"
"1022218","811-06310"
"1022218","811-06740"
"1022218","811-10407"
"1022218","811-04052"
"1022218","811-05812"
"1022218","811-21864"
"1022218","811-06318"
"1022218","811-04146"
"1022218","811-08274"
"1022218","811-09025"
"1022218","811-05141"
"1022218","811-04878"
"1022218","811-06110"
"1022218","811-02351"
"1022218","811-10603"
"1022218","811-21337"
"1022218","811-21343"
"1022218","811-21403"
"1022218","811-21467"
"1022218","811-21477"
"1022218","811-21609"
"1022218","811-22265"
"1022218","811-22294"
"1022218","811-22369"
"1022218","811-22444"
"1022218","811-22734"
"1022218","811-6506"
"1022218","811-6629"
"1022218","811-7362"
"1022218","811-7396"
"1022218","811-7686"
"1022218","811-7920"
"1022218","811-7994"
"1022218","811-8092"
"1022218","811-8709"
"1022218","811-8985"
"1022218","811-22334"
"1022218","811-06444"
"1022218","811-22338"
"1022218","811-5497"
"1026976","811-22446"
"1026976","811-22763"
"1026976","811-22764"
"1026953","811-21488"
"1026953","811-08059"
"1026953","811-21677"
"1026953","811-21902"
"1026953","811-22621"
"1026953","811-22057"
"1026953","811-21485"
"1026953","811-03153"
"1027178","811-21853"
"1027176","811-21531"
"1023101","811-21496"
"1007868","811-7123"
"1007868","811-22912"
"1007868","811-00524"
"1007868","811-5125"
"1007868","811-04813"
"1007868","811-7123"
"1007049","811-09253"
"1007049","811-58433"
"1007049","811-10401"
"1007049","811-22912"
"1007049","811-04984"
"1007049","811-05742"
"1009156","811-05962"
"1009156","811-01530"
"1009156","811-07852"
"1009156","811-08894"
"1010389","811-08236"
"1008772","811-22172"
"1008909","811-22698"
"1024155","811-06722"
"1024155","811-09235"
"1024155","811-22691"
"1024175","811-22549"
"1024112","811-05038"
"1024112","811-06260"
"1024112","811-08257"
"1024112","811-04041"
"1024112","811-21991"
"1024105","811-21113"
"1024762","811-165136"
"1008447","811-22925"
"1018137","811-0819"
"1012677","811-23137"
"1021957","811-21949"
"1021957","811-05482"
"1021957","811-00642"
"1021957","811-07507"
"1021957","811-01236"
"1021957","811-05689"
"1021957","811-05655"
"1021957","811-02671"
"1021957","811-03657"
"1021957","811-08382"
"1021957","811-05767"
"1021957","811-05002"
"1021957","811-06103"
"1021957","811-05076"
"1021957","811-05970"
"1021957","811-06073"
"1021957","811-03196"
"1021957","811-06671"
"1021957","811-06698"
"1021957","811-04670"
"1021957","811-04049"
"1021957","811-06071"
"1021957","811-02527"
"1021957","811-00042"
"1021957","811-03495"
"1021957","811-08606"
"1021957","811-05896"
"1021957","811-03632"
"1021957","811-05385"
"1021957","811-04257"
"1019199","811-22437"
"1019199","811-21982"
"1019199","811-21681"
"1019199","811-21906"
"1019199","811-22584"
"1019199","811-21455"
"1019199","811-22715"
"1019199","811-01136"
"1019199","811-02753"
"1019199","811-22309"
"1019199","811-07572"
"1019199","811-04878"
"1019199","811-07923"
"1019199","811-22946"
"1019199","811-23057"
"1019199","814-01117"
"1022606","811-08261"
"1022995","814-01190"
"1023246","811-22978"
"1023246","811-22781"
"1023375","811-22602"
"1023377","811-22920"
"1023622","811-22027"
"1023622","811-04084"
"1010420","811-09253"
"1011227","811-01436"
"1011227","811-01597"
"1011227","811-21662"
"1011113","811-22069"
"1011113","811-22386"
"1011113","811-22476"
"1011113","811-22475"
"1011113","811-22816"
"1011113","811-22815"
"1011113","811-22814"
"1011113","811-22474"
"1010518","811-03153"
"1010518","811-03213"
"1010518","811-04556"
"1010518","811-21720"
"1010518","811-03451"
"1010518","811-05371"
"1010518","811-07257"
"1010518","811-22612"
"1013819","811-22492"
"1013849","811-8117254"
"1013874","811-22488"
"1013874","811-22686"
"1014297","811-21719"
"1014306","811-22871"
"1019117","811-07959"
"1019795","811-22858"
"1020286","811-21465"
"1020286","811-06400"
"1020286","811-08817"
"1020286","811-07428"
"1020286","811-05629"
"1020286","811-04556"
"1020286","811-04419"
"1020286","811-10183"
"1020286","811-05514"
"1020286","811-08090"
"1020286","811-05430"
"1020286","811-09819"
"1020286","811-22542"
"1024197","811-08243"
"1024197","811-22201"
"1024197","811-09761"
"1024298","811-03153"
"1024298","811-05371"
"1019353","811-22894"
"1025552","811-22655"
"1009674","811-22708"
"1009674","811-21991"
"1026005","811-21720"
"1026005","811-21853"
"1026115","811-08049"
"1026189","811-21720"
"1026189","811-21853"
"1006519","811-22826"
"1006519","811-22827"
"1006519","811-22828"
"1006519","811-22829"
"1006519","811-22830"
"1006519","811-22831"
"1006519","811-22832"
"1006519","811-22833"
"1006519","811-22834"
"1006519","811-22835"
"1007567","811-22549"
"1007577","811-22549"
"1006662","811-8228"
"1006662","811-4015"
"1006662","811-8228"
"1006662","811-5038"
"1007659","811-8194"
"1007659","811-8894"
"1007659","811-21987"
"1008855","811-994"
"1009072","811-03023"
"1011127","811-21872"
"991332","811-10401"
"1014125","811-22454"
"1014125","811-22685"
"1014125","811-22527"
"1017703","811-80125803"
"1018261","811-22468"
"1018890","811-04809"
"1018890","811-22321"
"1018890","811-03153"
"1018890","811-03833"
"1022407","811-03153"
"1022407","811-07443"
"1022407","811-08228"
"1022407","811-01530"
"1022407","811-21586"
"1022407","811-21719"
"1022488","811-08495"
"1022488","811-22153"
"1022954","811-22680"
"1021307","811-22755"
"1023019","811-22132"
"1023019","811-21636"
"1023019","811-21905"
"1023019","811-06142"
"1023019","811-06652"
"1022943","811-08690"
"1022943","811-21714"
"1022943","811-02183"
"1022943","811-05531"
"1022943","811-21960"
"1022943","811-21992"
"1022943","811-22562"
"1022943","811-22845"
"1022943","811-08764"
"1022943","811-08894"
"1024387","811-04777"
"1024387","811-04775"
"1024387","811-02794"
"1024387","811-02594"
"1024387","811-02031"
"1024387","811-06102"
"1024387","811-03090"
"1024387","811-05262"
"1024387","811-02464"
"1024387","811-04492"
"1024387","811-07992"
"1024387","811-21780"
"1024387","811-03327"
"1024387","811-22033"
"1024387","811-04253"
"1024387","811-02032"
"1024387","811-00859"
"1024387","811-00203"
"1024387","811-04096"
"1024387","811-06174"
"1024387","811-08326"
"1024387","811-09537"
"1024387","811-05822"
"1024387","811-05078"
"1024387","811-05754"
"1024387","811-04992"
"1024387","811-05567"
"1024387","811-05440"
"1024387","811-05785"
"1024387","811-04975"
"1024387","811-04841"
"1024387","811-05912"
"1024387","811-07238"
"1024387","811-21991"
"1024387","811-21335"
"1024387","811-10385"
"1024387","811-21732"
"1024387","811-21744"
"1024387","811-07852"
"1024387","811-03738"
"1024387","811-04984"
"1024387","811-04556"
"1024387","811-04419"
"1024387","811-05186"
"1024387","811-07953"
"1024387","811-03364"
"1024387","811-08090"
"1024387","811-04146"
"1024387","811-10183"
"1024387","811-03618"
"1024387","811-05141"
"1024387","811-03990"
"1024387","811-08274"
"1024387","811-02224"
"1024387","811-09491"
"1024387","811-22127"
"1024387","811-08879"
"1024387","811-03732"
"1024387","811-03833"
"1024387","811-03213"
"1024387","811-08789"
"1024387","811-22838"
"1024387","811-22542"
"1024387","811-03459"
"1024387","811-07725"
"1024387","811-22781"
"1024729","811-22549"
"1026630","811-21749"
"1019226","811-05601"
"1026623","811-08542"
"1009326","811-22209"
"1009702","811-22562"
"1009702","811-22845"
"1014064","811-22897"
"1010027","811-81103541"
"1014068","811-81103541"
"1016077","811-08572"
"1017019","811-7123"
"1017019","811-6325"
"1017019","811-7704"
"1017019","811-08918"
"1017019","811-8894"
"1017019","811-09121"
"1017019","811-07572"
"1017019","811-08941"
"1017019","811-21864"
"1017019","811-22613"
"1017019","811-03364"
"1017019","811-10401"
"1017019","811-01944"
"1017019","811-00524"
"1017019","811-08673"
"1017019","811-09903"
"1017019","811-2192"
"1017019","811-3940"
"1017019","811-05202"
"1017019","811-5719"
"1017019","811-5883"
"1017019","811-7044"
"1017019","811-04813"
"1017019","811-09891"
"1017019","811-22668"
"1017019","811-09253"
"1017019","811-22153"
"1017019","811-23002"
"1019163","811-22713"
"1023322","811-22110"
"1021364","811-03833"
"1026494","811-05426"
"982682","811-05037"
"1008745","811-08104"
"1008747","811-22509"
"1010028","811-3153"
"1010028","811-8236"
"1010786","811-21720"
"1010855","811-03015"
"1010452","811-9821"
"1010129","811-22668"
"1015478","811-05514"
"1016249","811-22920"
"1017572","811-21853"
"1021763","811-04367"
"1021763","811-22172"
"1022367","811-09813"
"1022367","811-10385"
"1022367","811-03153"
"1022367","811-8894"
"1025313","811-21853"
"1025879","811-2870"
"1025879","811-2962"
"1025879","811-2754"
"1025879","811-2590"
"1010652","811-22525"
"1010652","811-07763"
"1012059","811-04984"
"1012059","811-06400"
"1013415","811-22897"
"1016416","811-21852"
"1016416","811-22127"
"1016416","811-4075"
"1015145","811-2258"
"1024846","811-7470"
"1025983","811-22891"
"1008257","811-06400"
"1008297","811-22858"
"1010113","811-21991"
"1010113","811-04556"
"1010113","811-04338"
"1010113","811-07470"
"1010113","811-22842"
"1010113","811-06400"
"1010143","811-21719"
"1012023","811-04087"
"1012023","811-22811"
"1008249","811-22406"
"1008249","811-22918"
"1025142","811-21779"
"1025142","811-21777"
"1025142","811-04146"
"1025142","811-3006"
"1025142","811-3999"
"1025142","811-2485"
"1025142","811-0560"
"1025142","811-5979"
"1025142","811-5968"
"1025142","811-3392"
"1025142","811-2402"
"1025142","811-4651"
"1025142","811-8568"
"1025142","811-4186"
"1025142","811-4173"
"1025142","811-05908"
"1025142","811-21131"
"1025142","811-21202"
"1025142","811-21287"
"1025142","811-21416"
"1025142","811-21328"
"1025142","811-23027"
"1022228","811-09913"
"1022228","811-01424"
"1022228","811-01540"
"1022228","811-02699"
"1022228","811-06463"
"1022228","811-05426"
"1022228","811-05686"
"1022228","811-03826"
"1022228","811-07890"
"1022228","811-05460"
"1022228","811-07452"
"1022228","811-02729"
"1022228","811-06590"
"1022228","811-05597"
"1022228","811-06591"
"1022228","811-07868"
"1022228","811-02090"
"1022228","811-07404"
"1022228","811-22043"
"1022228","811-02611"
"1022228","811-05769"
"1022228","811-06567"
"1022228","811-06362"
"1022228","811-07398"
"1022228","811-08743"
"1022228","811-05845"
"1022228","811-06471"
"1022228","811-06537"
"1022228","811-22793"
"1022228","811-22577"
"1022228","811-22957"
"1027066","811-22027"
"1027066","811-22648"
"1027101","811-22298"
"1007829","811-03258"
"1007829","811-07440"
"1007829","811-07436"
"1007829","811-06067"
"1007829","811-09195"
"1007829","811-07572"
"1007829","811-07912"
"1007829","811-04146"
"1007829","811-21779"
"1007829","811-05514"
"1007829","811-08495"
"1007829","811-03618"
"1007829","811-05141"
"1007829","811-21852"
"1007829","811-22127"
"1007829","811-03213"
"1007829","811-08894"
"1007829","811-22613"
"1007829","811-22733"
"1007829","811-21624"
"1007829","811-08090"
"1007829","811-09140"
"1008201","811-03967"
"1008201","811-04325"
"1008201","811-05037"
"1008201","811-07912"
"1008221","811-05518"
"1009729","811-81103541"
"1011429","811-04984"
"1011429","811-09603"
"1018152","811-22027"
"1019695","811-22321"
"1019695","811-0383301"
"1020109","811-9094"
"1021762","811-04367"
"1021762","811-22172"
"1023303","811-06520"
"1024304","811-22153"
"1024503","811-22549"
"1024683","811-22718"
"1016998","811-22485"
"1016998","811-22677"
"1022731","811-01090"
"1022731","811-08764"
"1013562","811-10183"
"1013562","811-10385"
"1013562","811-10509"
"1013562","811-21128"
"1013562","811-21467"
"1013562","811-22405"
"1013562","811-22546"
"1013562","811-22693"
"1013562","811-22805"
"1013562","811-05141"
"1013562","811-05186"
"1013562","811-06444"
"1013562","811-22811"
"1024466","811-22338"
"1024466","811-03015"
"1025561","811-07572"
"1025742","811-06719"
"1025742","811-05514"
"1007738","811-3258"
"1007738","811-7436"
"1007738","811-6067"
"1007738","811-7440"
"1007808","811-07820"
"1009564","811-06400"
"1009346","811-22263"
"1009346","811-22700"
"1009346","811-22668"
"1016194","811-8764"
"1016194","811-03153"
"1016194","811-21897"
"1020584","811-22708"
"1021953","811-06563"
"1021953","811-03591"
"1021796","811-08037"
"1021796","811-08821"
"1021796","811-08542"
"1021772","811-4017"
"1021772","811-8042"
"1021772","811-7141"
"1021772","811-08274"
"1021772","811-03015"
"1021772","811-09491"
"1021772","811-1"
"1022453","811-10625"
"1024261","811-08941"
"1024261","811-05186"
"1024261","811-03213"
"1024261","811-09521"
"1024261","811-04984"
"1022266","811-04438"
"1022266","811-06342"
"1022266","811-04611"
"1022266","811-08266"
"1022266","811-08050"
"1022266","811-06115"
"1022266","811-06024"
"1022266","811-06674"
"1025366","811-10103"
"1024851","811-22153"
"1024851","811-8764"
"1024572","811-06400"
"1026544","811-06400"
"1026574","811-22208"
"1025813","811-22487"
"1024275","811-10263"
"1024275","811-04254"
"1024275","811-06740"
"1024275","811-06310"
"1024275","811-03618"
"1024275","811-05186"
"1024275","811-07257"
"1024275","811-04878"
"1024275","811-06110"
"1024275","811-07917"
"1024275","811-10407"
"1024275","811-21864"
"1024275","811-04146"
"1024275","811-08274"
"1024275","811-09025"
"1024275","811-05141"
"1024275","811-02351"
"1024275","811-10603"
"1024275","811-21337"
"1024275","811-21343"
"1024275","811-21403"
"1024275","811-21467"
"1024275","811-21477"
"1024275","811-21609"
"1024275","811-21779"
"1024275","811-22265"
"1024275","811-22294"
"1024275","811-22334"
"1024275","811-22369"
"1024275","811-22444"
"1024275","811-22734"
"1024275","811-7396"
"1024275","811-7686"
"1024275","811-7920"
"1024275","811-7994"
"1024275","811-8092"
"1024275","811-8709"
"1024275","811-22338"
"1024280","811-04254"
"1024280","811-06740"
"1024280","811-06110"
"1024280","811-10407"
"1024280","811-22338"
"1024280","811-21864"
"1024280","811-05141"
"1024280","811-10603"
"1024280","811-21477"
"1024280","811-22265"
"1024280","811-22294"
"1024280","811-22444"
"1024280","811-22334"
"1024280","811-7994"
"1024280","811-8092"
"1024280","811-06310"
"1026972","811-05629"
"1026972","811-08319"
"1002337","811-22454"
"1002337","811-22685"
